<?xml version="1.0"?>
<question qtype="Q_EXPLAIN_GENERIC" id="VOLTAGE_INCOMPLETE_CIRCUIT_2_Q" module="FaultFinding" stype="QUESTION">
  <questionText>Why?</questionText>
  <referenceAnswers>
    <referenceAnswer category="BEST" id="answer246" fileID="VOLTAGE_INCOMPLETE_CIRCUIT_2_Q_ANS1">A battery uses a chemical reaction to maintain different electrical states at the terminals</referenceAnswer>
  </referenceAnswers>
  <studentAnswers>
    <studentAnswer count="1" answerMatch="answer246" raw_text="because there is a difference in electrial states between the two terminals" id="FaultFinding-VOLTAGE_INCOMPLETE_CIRCUIT_2_Q.sbj3-l1.qa218" accuracy="partially_correct_incomplete">
      <token status="ok" id="tok4322">because</token>
      <token status="ok" id="tok4323">there</token>
      <token status="ok" id="tok4324">is</token>
      <token status="ok" id="tok4325">a</token>
      <token status="ok" id="tok4326">difference</token>
      <token status="ok" id="tok4327">in</token>
      <token status="ok" id="tok4328" original="electrial">electrical</token>
      <token status="ok" id="tok4329">states</token>
      <token status="ok" id="tok4330">between</token>
      <token status="ok" id="tok4331">the</token>
      <token status="ok" id="tok4332">two</token>
      <token status="ok" id="tok4333">terminals</token>
    </studentAnswer>
    <studentAnswer count="1" answerMatch="answer246" raw_text="there is a difference between the electrical states of the two battery  terminals because they are not connected to each other" id="FaultFinding-VOLTAGE_INCOMPLETE_CIRCUIT_2_Q.sbj7-l1.qa206" accuracy="partially_correct_incomplete">
      <token status="ok" id="tok3608">there</token>
      <token status="ok" id="tok3609">is</token>
      <token status="ok" id="tok3610">a</token>
      <token status="ok" id="tok3611">difference</token>
      <token status="ok" id="tok3612">between</token>
      <token status="ok" id="tok3613">the</token>
      <token status="ok" id="tok3614">electrical</token>
      <token status="ok" id="tok3615">states</token>
      <token status="ok" id="tok3616">of</token>
      <token status="ok" id="tok3617">the</token>
      <token status="ok" id="tok3618">two</token>
      <token status="ok" id="tok3619">battery</token>
      <token status="ok" id="tok3620">terminals</token>
      <token status="ok" id="tok3621">because</token>
      <token status="ok" id="tok3622">they</token>
      <token status="ok" id="tok3623">are</token>
      <token status="ok" id="tok3624">not</token>
      <token status="ok" id="tok3625">connected</token>
      <token status="ok" id="tok3626">to</token>
      <token status="ok" id="tok3627">each</token>
      <token status="ok" id="tok3628">other</token>
    </studentAnswer>
    <studentAnswer count="1" answerMatch="answer246" raw_text="because the cheminal reaction of the volatge is there wther or not there is an incomplete circuit" id="FaultFinding-VOLTAGE_INCOMPLETE_CIRCUIT_2_Q.sbj8-l1.qa255" accuracy="correct">
      <token status="ok" id="tok5007">because</token>
      <token status="ok" id="tok5008">the</token>
      <token status="ok" id="tok5009" original="cheminal">chemical</token>
      <token status="ok" id="tok5010">reaction</token>
      <token status="ok" id="tok5011">of</token>
      <token status="ok" id="tok5012">the</token>
      <token status="ok" id="tok5013" original="volatge">voltage</token>
      <token status="ok" id="tok5014">is</token>
      <token status="ok" id="tok5015">there</token>
      <token status="ok" id="tok5016" original="wther">wether</token>
      <token status="ok" id="tok5017">or</token>
      <token status="ok" id="tok5018">not</token>
      <token status="ok" id="tok5019">there</token>
      <token status="ok" id="tok5020">is</token>
      <token status="ok" id="tok5021">an</token>
      <token status="ok" id="tok5022">incomplete</token>
      <token status="ok" id="tok5023">circuit</token>
    </studentAnswer>
    <studentAnswer count="1" answerMatch="answer246" raw_text="the battery will always have a voltage." id="FaultFinding-VOLTAGE_INCOMPLETE_CIRCUIT_2_Q.sbj9-l1.qa212" accuracy="partially_correct_incomplete">
      <token status="ok" id="tok4016">the</token>
      <token status="ok" id="tok4017">battery</token>
      <token status="ok" id="tok4018">will</token>
      <token status="ok" id="tok4019">always</token>
      <token status="ok" id="tok4020">have</token>
      <token status="ok" id="tok4021">a</token>
      <token status="ok" id="tok4022">voltage</token>
    </studentAnswer>
    <studentAnswer count="1" answerMatch="answer246" raw_text="the battery is a chemical reaction that does not rely on the circuit being complete or not." id="FaultFinding-VOLTAGE_INCOMPLETE_CIRCUIT_2_Q.sbj9-l1.qa213" accuracy="contradictory">
      <token status="ok" id="tok4036">the</token>
      <token status="ok" id="tok4037">battery</token>
      <token status="ok" id="tok4038">is</token>
      <token status="ok" id="tok4039">a</token>
      <token status="ok" id="tok4040">chemical</token>
      <token status="ok" id="tok4041">reaction</token>
      <token status="ok" id="tok4042">that</token>
      <token status="ok" id="tok4043">does</token>
      <token status="ok" id="tok4044">not</token>
      <token status="ok" id="tok4045">rely</token>
      <token status="ok" id="tok4046">on</token>
      <token status="ok" id="tok4047">the</token>
      <token status="ok" id="tok4048">circuit</token>
      <token status="ok" id="tok4049">being</token>
      <token status="ok" id="tok4050">complete</token>
      <token status="ok" id="tok4051">or</token>
      <token status="ok" id="tok4052">not</token>
    </studentAnswer>
    <studentAnswer count="1" raw_text="the terminals in the battery will have an electrical state and chemical reaction that will continuously flow." id="FaultFinding-VOLTAGE_INCOMPLETE_CIRCUIT_2_Q.sbj9-l1.qa214" accuracy="contradictory">
      <token status="ok" id="tok4092">the</token>
      <token status="ok" id="tok4093">terminals</token>
      <token status="ok" id="tok4094">in</token>
      <token status="ok" id="tok4095">the</token>
      <token status="ok" id="tok4096">battery</token>
      <token status="ok" id="tok4097">will</token>
      <token status="ok" id="tok4098">have</token>
      <token status="ok" id="tok4099">an</token>
      <token status="ok" id="tok4100">electrical</token>
      <token status="ok" id="tok4101">state</token>
      <token status="ok" id="tok4102">and</token>
      <token status="ok" id="tok4103">chemical</token>
      <token status="ok" id="tok4104">reaction</token>
      <token status="ok" id="tok4105">that</token>
      <token status="ok" id="tok4106">will</token>
      <token status="ok" id="tok4107">continuously</token>
      <token status="ok" id="tok4108">flow</token>
    </studentAnswer>
    <studentAnswer count="1" answerMatch="answer246" raw_text="because a battery is in a constant state of electrical charge" id="FaultFinding-VOLTAGE_INCOMPLETE_CIRCUIT_2_Q.sbj10-l1.qa243" accuracy="partially_correct_incomplete">
      <token status="ok" id="tok4663">because</token>
      <token status="ok" id="tok4664">a</token>
      <token status="ok" id="tok4665">battery</token>
      <token status="ok" id="tok4666">is</token>
      <token status="ok" id="tok4667">in</token>
      <token status="ok" id="tok4668">a</token>
      <token status="ok" id="tok4669">constant</token>
      <token status="ok" id="tok4670">state</token>
      <token status="ok" id="tok4671">of</token>
      <token status="ok" id="tok4672">electrical</token>
      <token status="ok" id="tok4673">charge</token>
    </studentAnswer>
    <studentAnswer count="1" answerMatch="answer246" raw_text="a battery is in a constant state of electricity" id="FaultFinding-VOLTAGE_INCOMPLETE_CIRCUIT_2_Q.sbj10-l1.qa244" accuracy="partially_correct_incomplete">
      <token status="ok" id="tok4694">a</token>
      <token status="ok" id="tok4695">battery</token>
      <token status="ok" id="tok4696">is</token>
      <token status="ok" id="tok4697">in</token>
      <token status="ok" id="tok4698">a</token>
      <token status="ok" id="tok4699">constant</token>
      <token status="ok" id="tok4700">state</token>
      <token status="ok" id="tok4701">of</token>
      <token status="ok" id="tok4702">electricity</token>
    </studentAnswer>
    <studentAnswer count="1" answerMatch="answer246" raw_text="because a battery always has a charge in its positive terminal" id="FaultFinding-VOLTAGE_INCOMPLETE_CIRCUIT_2_Q.sbj10-l1.qa245" accuracy="contradictory">
      <token status="ok" id="tok4730">because</token>
      <token status="ok" id="tok4731">a</token>
      <token status="ok" id="tok4732">battery</token>
      <token status="ok" id="tok4733">always</token>
      <token status="ok" id="tok4734">has</token>
      <token status="ok" id="tok4735">a</token>
      <token status="ok" id="tok4736">charge</token>
      <token status="ok" id="tok4737">in</token>
      <token status="ok" id="tok4738">its</token>
      <token status="ok" id="tok4739">positive</token>
      <token status="ok" id="tok4740">terminal</token>
    </studentAnswer>
    <studentAnswer count="1" raw_text="because the terminals are not connected" id="FaultFinding-VOLTAGE_INCOMPLETE_CIRCUIT_2_Q.sbj11-l1.qa233" accuracy="contradictory">
      <token status="ok" id="tok4071">because</token>
      <token status="ok" id="tok4072">the</token>
      <token status="ok" id="tok4073">terminals</token>
      <token status="ok" id="tok4074">are</token>
      <token status="ok" id="tok4075">not</token>
      <token status="ok" id="tok4076">connected</token>
    </studentAnswer>
    <studentAnswer count="1" raw_text="the positive terminal and negative terminal are not connected" id="FaultFinding-VOLTAGE_INCOMPLETE_CIRCUIT_2_Q.sbj11-l1.qa234" accuracy="contradictory">
      <token status="ok" id="tok4085">the</token>
      <token status="ok" id="tok4086">positive</token>
      <token status="ok" id="tok4087">terminal</token>
      <token status="ok" id="tok4088">and</token>
      <token status="ok" id="tok4089">negative</token>
      <token status="ok" id="tok4090">terminal</token>
      <token status="ok" id="tok4091">are</token>
      <token status="ok" id="tok4092">not</token>
      <token status="ok" id="tok4093">connected</token>
    </studentAnswer>
    <studentAnswer count="1" raw_text="the positive battery terminal is not connected to the negative battery terminal." id="FaultFinding-VOLTAGE_INCOMPLETE_CIRCUIT_2_Q.sbj11-l1.qa235" accuracy="contradictory">
      <token status="ok" id="tok4108">the</token>
      <token status="ok" id="tok4109">positive</token>
      <token status="ok" id="tok4110">battery</token>
      <token status="ok" id="tok4111">terminal</token>
      <token status="ok" id="tok4112">is</token>
      <token status="ok" id="tok4113">not</token>
      <token status="ok" id="tok4114">connected</token>
      <token status="ok" id="tok4115">to</token>
      <token status="ok" id="tok4116">the</token>
      <token status="ok" id="tok4117">negative</token>
      <token status="ok" id="tok4118">battery</token>
      <token status="ok" id="tok4119">terminal</token>
    </studentAnswer>
    <studentAnswer count="1" answerMatch="answer246" raw_text="The chemical reation still exists" id="FaultFinding-VOLTAGE_INCOMPLETE_CIRCUIT_2_Q.sbj12-l1.qa208" accuracy="partially_correct_incomplete">
      <token status="ok" id="tok3976">The</token>
      <token status="ok" id="tok3977">chemical</token>
      <token status="ok" id="tok3978" original="reation">reaction</token>
      <token status="ok" id="tok3979">still</token>
      <token status="ok" id="tok3980">exists</token>
    </studentAnswer>
    <studentAnswer count="1" answerMatch="answer246" raw_text="The battery uses the chemical reation to create voltage" id="FaultFinding-VOLTAGE_INCOMPLETE_CIRCUIT_2_Q.sbj12-l1.qa209" accuracy="correct">
      <token status="ok" id="tok3996">The</token>
      <token status="ok" id="tok3997">battery</token>
      <token status="ok" id="tok3998">uses</token>
      <token status="ok" id="tok3999">the</token>
      <token status="ok" id="tok4000">chemical</token>
      <token status="ok" id="tok4001" original="reation">reaction</token>
      <token status="ok" id="tok4002">to</token>
      <token status="ok" id="tok4003">create</token>
      <token status="ok" id="tok4004">voltage</token>
    </studentAnswer>
    <studentAnswer count="1" raw_text="there is no short circuit to the battery." id="FaultFinding-VOLTAGE_INCOMPLETE_CIRCUIT_2_Q.sbj13-l1.qa249" accuracy="contradictory">
      <token status="ok" id="tok4833">there</token>
      <token status="ok" id="tok4834">is</token>
      <token status="ok" id="tok4835">no</token>
      <token status="ok" id="tok4836">short</token>
      <token status="ok" id="tok4837">circuit</token>
      <token status="ok" id="tok4838">to</token>
      <token status="ok" id="tok4839">the</token>
      <token status="ok" id="tok4840">battery</token>
    </studentAnswer>
    <studentAnswer count="1" answerMatch="answer246" raw_text="the battery still holds the electrical charge if there is an incomplete circuit." id="FaultFinding-VOLTAGE_INCOMPLETE_CIRCUIT_2_Q.sbj13-l1.qa250" accuracy="partially_correct_incomplete">
      <token status="ok" id="tok4861">the</token>
      <token status="ok" id="tok4862">battery</token>
      <token status="ok" id="tok4863">still</token>
      <token status="ok" id="tok4864">holds</token>
      <token status="ok" id="tok4865">the</token>
      <token status="ok" id="tok4866">electrical</token>
      <token status="ok" id="tok4867">charge</token>
      <token status="ok" id="tok4868">if</token>
      <token status="ok" id="tok4869">there</token>
      <token status="ok" id="tok4870">is</token>
      <token status="ok" id="tok4871">an</token>
      <token status="ok" id="tok4872">incomplete</token>
      <token status="ok" id="tok4873">circuit</token>
    </studentAnswer>
    <studentAnswer count="1" answerMatch="answer246" raw_text="because the gap will not effect the voltage." id="FaultFinding-VOLTAGE_INCOMPLETE_CIRCUIT_2_Q.sbj14-l1.qa234" accuracy="partially_correct_incomplete">
      <token status="ok" id="tok4106">because</token>
      <token status="ok" id="tok4107">the</token>
      <token status="ok" id="tok4108">gap</token>
      <token status="ok" id="tok4109">will</token>
      <token status="ok" id="tok4110">not</token>
      <token status="ok" id="tok4111">effect</token>
      <token status="ok" id="tok4112">the</token>
      <token status="ok" id="tok4113">voltage</token>
    </studentAnswer>
    <studentAnswer count="1" answerMatch="answer246" raw_text="Because the chemical reaction is not effected by a gap." id="FaultFinding-VOLTAGE_INCOMPLETE_CIRCUIT_2_Q.sbj14-l1.qa235" accuracy="partially_correct_incomplete">
      <token status="ok" id="tok4126">Because</token>
      <token status="ok" id="tok4127">the</token>
      <token status="ok" id="tok4128">chemical</token>
      <token status="ok" id="tok4129">reaction</token>
      <token status="ok" id="tok4130">is</token>
      <token status="ok" id="tok4131">not</token>
      <token status="ok" id="tok4132">effected</token>
      <token status="ok" id="tok4133">by</token>
      <token status="ok" id="tok4134">a</token>
      <token status="ok" id="tok4135">gap</token>
    </studentAnswer>
    <studentAnswer count="1" answerMatch="answer246" raw_text="the terminals must have a difference in electrical states to have voltage" id="FaultFinding-VOLTAGE_INCOMPLETE_CIRCUIT_2_Q.sbj15-l1.qa258" accuracy="partially_correct_incomplete">
      <token status="ok" id="tok4955">the</token>
      <token status="ok" id="tok4956">terminals</token>
      <token status="ok" id="tok4957">must</token>
      <token status="ok" id="tok4958">have</token>
      <token status="ok" id="tok4959">a</token>
      <token status="ok" id="tok4960">difference</token>
      <token status="ok" id="tok4961">in</token>
      <token status="ok" id="tok4962">electrical</token>
      <token status="ok" id="tok4963">states</token>
      <token status="ok" id="tok4964">to</token>
      <token status="ok" id="tok4965">have</token>
      <token status="ok" id="tok4966">voltage</token>
    </studentAnswer>
    <studentAnswer count="1" answerMatch="answer246" raw_text="the difference in the electrical states between two terminals causes a chemical reaction" id="FaultFinding-VOLTAGE_INCOMPLETE_CIRCUIT_2_Q.sbj15-l1.qa259" accuracy="contradictory">
      <token status="ok" id="tok4995">the</token>
      <token status="ok" id="tok4996">difference</token>
      <token status="ok" id="tok4997">in</token>
      <token status="ok" id="tok4998">the</token>
      <token status="ok" id="tok4999">electrical</token>
      <token status="ok" id="tok5000">states</token>
      <token status="ok" id="tok5001">between</token>
      <token status="ok" id="tok5002">two</token>
      <token status="ok" id="tok5003">terminals</token>
      <token status="ok" id="tok5004">causes</token>
      <token status="ok" id="tok5005">a</token>
      <token status="ok" id="tok5006">chemical</token>
      <token status="ok" id="tok5007">reaction</token>
    </studentAnswer>
    <studentAnswer count="1" answerMatch="answer246" raw_text="There is always a difference in voltage between two battery terminals." id="FaultFinding-VOLTAGE_INCOMPLETE_CIRCUIT_2_Q.sbj18-l1.qa203" accuracy="partially_correct_incomplete">
      <token status="ok" id="tok3676">There</token>
      <token status="ok" id="tok3677">is</token>
      <token status="ok" id="tok3678">always</token>
      <token status="ok" id="tok3679">a</token>
      <token status="ok" id="tok3680">difference</token>
      <token status="ok" id="tok3681">in</token>
      <token status="ok" id="tok3682">voltage</token>
      <token status="ok" id="tok3683">between</token>
      <token status="ok" id="tok3684">two</token>
      <token status="ok" id="tok3685">battery</token>
      <token status="ok" id="tok3686">terminals</token>
    </studentAnswer>
    <studentAnswer count="1" raw_text="The gap causes a difference in electrical states." id="FaultFinding-VOLTAGE_INCOMPLETE_CIRCUIT_2_Q.sbj18-l1.qa204" accuracy="irrelevant">
      <token status="ok" id="tok3707">The</token>
      <token status="ok" id="tok3708">gap</token>
      <token status="ok" id="tok3709">causes</token>
      <token status="ok" id="tok3710">a</token>
      <token status="ok" id="tok3711">difference</token>
      <token status="ok" id="tok3712">in</token>
      <token status="ok" id="tok3713">electrical</token>
      <token status="ok" id="tok3714">states</token>
    </studentAnswer>
    <studentAnswer count="1" answerMatch="answer246" raw_text="The battery terminals have different electrical states." id="FaultFinding-VOLTAGE_INCOMPLETE_CIRCUIT_2_Q.sbj18-l1.qa205" accuracy="partially_correct_incomplete">
      <token status="ok" id="tok3724">The</token>
      <token status="ok" id="tok3725">battery</token>
      <token status="ok" id="tok3726">terminals</token>
      <token status="ok" id="tok3727">have</token>
      <token status="ok" id="tok3728">different</token>
      <token status="ok" id="tok3729">electrical</token>
      <token status="ok" id="tok3730">states</token>
    </studentAnswer>
    <studentAnswer count="1" answerMatch="answer246" raw_text="because the voltage doesnt change in the battery" id="FaultFinding-VOLTAGE_INCOMPLETE_CIRCUIT_2_Q.sbj19-l1.qa279" accuracy="contradictory">
      <token status="ok" id="tok5400">because</token>
      <token status="ok" id="tok5401">the</token>
      <token status="ok" id="tok5402">voltage</token>
      <token status="ok" id="tok5403a">does</token>
      <token status="pennTokenFragment" id="tok5403b" original="nt">n't</token>
      <token status="ok" id="tok5404">change</token>
      <token status="ok" id="tok5405">in</token>
      <token status="ok" id="tok5406">the</token>
      <token status="ok" id="tok5407">battery</token>
    </studentAnswer>
    <studentAnswer count="1" answerMatch="answer246" raw_text="because of the chemical in the battery" id="FaultFinding-VOLTAGE_INCOMPLETE_CIRCUIT_2_Q.sbj19-l1.qa280" accuracy="partially_correct_incomplete">
      <token status="ok" id="tok5418">because</token>
      <token status="ok" id="tok5419">of</token>
      <token status="ok" id="tok5420">the</token>
      <token status="ok" id="tok5421">chemical</token>
      <token status="ok" id="tok5422">in</token>
      <token status="ok" id="tok5423">the</token>
      <token status="ok" id="tok5424">battery</token>
    </studentAnswer>
    <studentAnswer count="1" answerMatch="answer246" raw_text="because of the chemical reaction in the battery" id="FaultFinding-VOLTAGE_INCOMPLETE_CIRCUIT_2_Q.sbj19-l1.qa281" accuracy="partially_correct_incomplete">
      <token status="ok" id="tok5443">because</token>
      <token status="ok" id="tok5444">of</token>
      <token status="ok" id="tok5445">the</token>
      <token status="ok" id="tok5446">chemical</token>
      <token status="ok" id="tok5447">reaction</token>
      <token status="ok" id="tok5448">in</token>
      <token status="ok" id="tok5449">the</token>
      <token status="ok" id="tok5450">battery</token>
    </studentAnswer>
    <studentAnswer count="1" raw_text="because they are in the same electrical state" id="FaultFinding-VOLTAGE_INCOMPLETE_CIRCUIT_2_Q.sbj22-l1.qa240" accuracy="contradictory">
      <token status="ok" id="tok4663">because</token>
      <token status="ok" id="tok4664">they</token>
      <token status="ok" id="tok4665">are</token>
      <token status="ok" id="tok4666">in</token>
      <token status="ok" id="tok4667">the</token>
      <token status="ok" id="tok4668">same</token>
      <token status="ok" id="tok4669">electrical</token>
      <token status="ok" id="tok4670">state</token>
    </studentAnswer>
    <studentAnswer count="1" raw_text="and they are in the same state" id="FaultFinding-VOLTAGE_INCOMPLETE_CIRCUIT_2_Q.sbj22-l1.qa241" accuracy="contradictory">
      <token status="ok" id="tok4679">and</token>
      <token status="ok" id="tok4680">they</token>
      <token status="ok" id="tok4681">are</token>
      <token status="ok" id="tok4682">in</token>
      <token status="ok" id="tok4683">the</token>
      <token status="ok" id="tok4684">same</token>
      <token status="ok" id="tok4685">state</token>
    </studentAnswer>
    <studentAnswer count="1" raw_text="l" id="FaultFinding-VOLTAGE_INCOMPLETE_CIRCUIT_2_Q.sbj22-l1.qa242" accuracy="non_domain">
      <token status="nonWord" id="tok4707">l</token>
    </studentAnswer>
    <studentAnswer count="1" answerMatch="answer246" raw_text="There is a difference in electrical states between two terminals." id="FaultFinding-VOLTAGE_INCOMPLETE_CIRCUIT_2_Q.sbj23-l1.qa208" accuracy="partially_correct_incomplete">
      <token status="ok" id="tok3795">There</token>
      <token status="ok" id="tok3796">is</token>
      <token status="ok" id="tok3797">a</token>
      <token status="ok" id="tok3798">difference</token>
      <token status="ok" id="tok3799">in</token>
      <token status="ok" id="tok3800">electrical</token>
      <token status="ok" id="tok3801">states</token>
      <token status="ok" id="tok3802">between</token>
      <token status="ok" id="tok3803">two</token>
      <token status="ok" id="tok3804">terminals</token>
    </studentAnswer>
    <studentAnswer count="1" raw_text="It is different from the battery." id="FaultFinding-VOLTAGE_INCOMPLETE_CIRCUIT_2_Q.sbj23-l1.qa209" accuracy="contradictory">
      <token status="ok" id="tok3820">It</token>
      <token status="ok" id="tok3821">is</token>
      <token status="ok" id="tok3822">different</token>
      <token status="ok" id="tok3823">from</token>
      <token status="ok" id="tok3824">the</token>
      <token status="ok" id="tok3825">battery</token>
    </studentAnswer>
    <studentAnswer count="1" answerMatch="answer246" raw_text="difference in electrical state" id="FaultFinding-VOLTAGE_INCOMPLETE_CIRCUIT_2_Q.sbj24-l1.qa255" accuracy="partially_correct_incomplete">
      <token status="ok" id="tok5247">difference</token>
      <token status="ok" id="tok5248">in</token>
      <token status="ok" id="tok5249">electrical</token>
      <token status="ok" id="tok5250">state</token>
    </studentAnswer>
    <studentAnswer count="1" raw_text="gap in terminal" id="FaultFinding-VOLTAGE_INCOMPLETE_CIRCUIT_2_Q.sbj24-l1.qa256" accuracy="contradictory">
      <token status="ok" id="tok5260">gap</token>
      <token status="ok" id="tok5261">in</token>
      <token status="ok" id="tok5262">terminal</token>
    </studentAnswer>
    <studentAnswer count="1" raw_text="because the voltage is the difference in electrical states between two terminals" id="FaultFinding-VOLTAGE_INCOMPLETE_CIRCUIT_2_Q.sbj26-l1.qa257" accuracy="irrelevant">
      <token status="ok" id="tok4693">because</token>
      <token status="ok" id="tok4694">the</token>
      <token status="ok" id="tok4695">voltage</token>
      <token status="ok" id="tok4696">is</token>
      <token status="ok" id="tok4697">the</token>
      <token status="ok" id="tok4698">difference</token>
      <token status="ok" id="tok4699">in</token>
      <token status="ok" id="tok4700">electrical</token>
      <token status="ok" id="tok4701">states</token>
      <token status="ok" id="tok4702">between</token>
      <token status="ok" id="tok4703">two</token>
      <token status="ok" id="tok4704">terminals</token>
    </studentAnswer>
    <studentAnswer count="1" answerMatch="answer246" raw_text="the terminal has an electrical state between terminals" id="FaultFinding-VOLTAGE_INCOMPLETE_CIRCUIT_2_Q.sbj26-l1.qa258" accuracy="partially_correct_incomplete">
      <token status="ok" id="tok4720">the</token>
      <token status="ok" id="tok4721">terminal</token>
      <token status="ok" id="tok4722">has</token>
      <token status="ok" id="tok4723">an</token>
      <token status="ok" id="tok4724">electrical</token>
      <token status="ok" id="tok4725">state</token>
      <token status="ok" id="tok4726">between</token>
      <token status="ok" id="tok4727">terminals</token>
    </studentAnswer>
    <studentAnswer count="1" answerMatch="answer246" raw_text="a chemical reaction between terminals" id="FaultFinding-VOLTAGE_INCOMPLETE_CIRCUIT_2_Q.sbj26-l1.qa259" accuracy="contradictory">
      <token status="ok" id="tok4758">a</token>
      <token status="ok" id="tok4759">chemical</token>
      <token status="ok" id="tok4760">reaction</token>
      <token status="ok" id="tok4761">between</token>
      <token status="ok" id="tok4762">terminals</token>
    </studentAnswer>
    <studentAnswer count="1" answerMatch="answer246" raw_text="because the battery has electricity and the gap does not" id="FaultFinding-VOLTAGE_INCOMPLETE_CIRCUIT_2_Q.sbj27-l1.qa235" accuracy="partially_correct_incomplete">
      <token status="ok" id="tok4472">because</token>
      <token status="ok" id="tok4473">the</token>
      <token status="ok" id="tok4474">battery</token>
      <token status="ok" id="tok4475">has</token>
      <token status="ok" id="tok4476">electricity</token>
      <token status="ok" id="tok4477">and</token>
      <token status="ok" id="tok4478">the</token>
      <token status="ok" id="tok4479">gap</token>
      <token status="ok" id="tok4480">does</token>
      <token status="ok" id="tok4481">not</token>
    </studentAnswer>
    <studentAnswer count="1" answerMatch="answer246" raw_text="the battery always has voltage" id="FaultFinding-VOLTAGE_INCOMPLETE_CIRCUIT_2_Q.sbj27-l1.qa236" accuracy="partially_correct_incomplete">
      <token status="ok" id="tok4502">the</token>
      <token status="ok" id="tok4503">battery</token>
      <token status="ok" id="tok4504">always</token>
      <token status="ok" id="tok4505">has</token>
      <token status="ok" id="tok4506">voltage</token>
    </studentAnswer>
    <studentAnswer count="1" raw_text="the terminals are not connected" id="FaultFinding-VOLTAGE_INCOMPLETE_CIRCUIT_2_Q.sbj28-l1.qa234" accuracy="contradictory">
      <token status="ok" id="tok4247">the</token>
      <token status="ok" id="tok4248">terminals</token>
      <token status="ok" id="tok4249">are</token>
      <token status="ok" id="tok4250">not</token>
      <token status="ok" id="tok4251">connected</token>
    </studentAnswer>
    <studentAnswer count="1" raw_text="there is a gap between terminals" id="FaultFinding-VOLTAGE_INCOMPLETE_CIRCUIT_2_Q.sbj28-l1.qa235" accuracy="contradictory">
      <token status="ok" id="tok4260">there</token>
      <token status="ok" id="tok4261">is</token>
      <token status="ok" id="tok4262">a</token>
      <token status="ok" id="tok4263">gap</token>
      <token status="ok" id="tok4264">between</token>
      <token status="ok" id="tok4265">terminals</token>
    </studentAnswer>
    <studentAnswer count="2" raw_text="a battery uses voltage" id="FaultFinding-VOLTAGE_INCOMPLETE_CIRCUIT_2_Q.sbj28-l1.qa236" accuracy="contradictory">
      <token status="ok" id="tok4280">a</token>
      <token status="ok" id="tok4281">battery</token>
      <token status="ok" id="tok4282">uses</token>
      <token status="ok" id="tok4283">voltage</token>
    </studentAnswer>
    <studentAnswer count="2" raw_text="dont know" id="FaultFinding-VOLTAGE_INCOMPLETE_CIRCUIT_2_Q.sbj29-l1.qa225" accuracy="non_domain">
      <token status="ok" id="tok3945a">do</token>
      <token status="pennTokenFragment" id="tok3945b" original="nt">n't</token>
      <token status="ok" id="tok3946">know</token>
    </studentAnswer>
    <studentAnswer count="1" raw_text="because there is no gap between the positive and negative terminal" id="FaultFinding-VOLTAGE_INCOMPLETE_CIRCUIT_2_Q.sbj29-l1.qa227" accuracy="contradictory">
      <token status="ok" id="tok3982">because</token>
      <token status="ok" id="tok3983">there</token>
      <token status="ok" id="tok3984">is</token>
      <token status="ok" id="tok3985">no</token>
      <token status="ok" id="tok3986">gap</token>
      <token status="ok" id="tok3987">between</token>
      <token status="ok" id="tok3988">the</token>
      <token status="ok" id="tok3989">positive</token>
      <token status="ok" id="tok3990">and</token>
      <token status="ok" id="tok3991">negative</token>
      <token status="ok" id="tok3992">terminal</token>
    </studentAnswer>
    <studentAnswer count="1" raw_text="the terminals used by the battery have no gap." id="FaultFinding-VOLTAGE_INCOMPLETE_CIRCUIT_2_Q.sbj29-l1.qa228" accuracy="contradictory">
      <token status="ok" id="tok4008">the</token>
      <token status="ok" id="tok4009">terminals</token>
      <token status="ok" id="tok4010">used</token>
      <token status="ok" id="tok4011">by</token>
      <token status="ok" id="tok4012">the</token>
      <token status="ok" id="tok4013">battery</token>
      <token status="ok" id="tok4014">have</token>
      <token status="ok" id="tok4015">no</token>
      <token status="ok" id="tok4016">gap</token>
    </studentAnswer>
    <studentAnswer count="1" answerMatch="answer246" raw_text="Because it is the difference of the electrical state between the two battery terminals" id="FaultFinding-VOLTAGE_INCOMPLETE_CIRCUIT_2_Q.sbj30-l1.qa221" accuracy="partially_correct_incomplete">
      <token status="ok" id="tok4256">Because</token>
      <token status="ok" id="tok4257">it</token>
      <token status="ok" id="tok4258">is</token>
      <token status="ok" id="tok4259">the</token>
      <token status="ok" id="tok4260">difference</token>
      <token status="ok" id="tok4261">of</token>
      <token status="ok" id="tok4262">the</token>
      <token status="ok" id="tok4263">electrical</token>
      <token status="ok" id="tok4264">state</token>
      <token status="ok" id="tok4265">between</token>
      <token status="ok" id="tok4266">the</token>
      <token status="ok" id="tok4267">two</token>
      <token status="ok" id="tok4268">battery</token>
      <token status="ok" id="tok4269">terminals</token>
    </studentAnswer>
    <studentAnswer count="1" answerMatch="answer246" raw_text="It is the difference of the electrical states caused by a chemical reaction between the two terminals of the battery." id="FaultFinding-VOLTAGE_INCOMPLETE_CIRCUIT_2_Q.sbj30-l1.qa223" accuracy="partially_correct_incomplete">
      <token status="ok" id="tok4314">It</token>
      <token status="ok" id="tok4315">is</token>
      <token status="ok" id="tok4316">the</token>
      <token status="ok" id="tok4317">difference</token>
      <token status="ok" id="tok4318">of</token>
      <token status="ok" id="tok4319">the</token>
      <token status="ok" id="tok4320">electrical</token>
      <token status="ok" id="tok4321">states</token>
      <token status="ok" id="tok4322">caused</token>
      <token status="ok" id="tok4323">by</token>
      <token status="ok" id="tok4324">a</token>
      <token status="ok" id="tok4325">chemical</token>
      <token status="ok" id="tok4326">reaction</token>
      <token status="ok" id="tok4327">between</token>
      <token status="ok" id="tok4328">the</token>
      <token status="ok" id="tok4329">two</token>
      <token status="ok" id="tok4330">terminals</token>
      <token status="ok" id="tok4331">of</token>
      <token status="ok" id="tok4332">the</token>
      <token status="ok" id="tok4333">battery</token>
    </studentAnswer>
    <studentAnswer count="1" answerMatch="answer246" raw_text="the electrical state difference between the battery&quot;s two terminals" id="FaultFinding-VOLTAGE_INCOMPLETE_CIRCUIT_2_Q.sbj31-l1.qa229" accuracy="partially_correct_incomplete">
      <token status="ok" id="tok4088">the</token>
      <token status="ok" id="tok4089">electrical</token>
      <token status="ok" id="tok4090">state</token>
      <token status="ok" id="tok4091">difference</token>
      <token status="ok" id="tok4092">between</token>
      <token status="ok" id="tok4093">the</token>
      <token status="ok" id="tok4094">battery</token>
      <token status="pennTokenFragment" id="tok4095">'s</token>
      <token status="ok" id="tok4096">two</token>
      <token status="ok" id="tok4097">terminals</token>
    </studentAnswer>
    <studentAnswer count="2" raw_text="i dont know" id="FaultFinding-VOLTAGE_INCOMPLETE_CIRCUIT_2_Q.sbj31-l1.qa230" accuracy="non_domain">
      <token status="ok" id="tok4121">i</token>
      <token status="ok" id="tok4122a">do</token>
      <token status="pennTokenFragment" id="tok4122b" original="nt">n't</token>
      <token status="ok" id="tok4123">know</token>
    </studentAnswer>
    <studentAnswer count="1" raw_text="because it has a positive terminal" id="FaultFinding-VOLTAGE_INCOMPLETE_CIRCUIT_2_Q.sbj33-l1.qa221" accuracy="contradictory">
      <token status="ok" id="tok4121">because</token>
      <token status="ok" id="tok4122">it</token>
      <token status="ok" id="tok4123">has</token>
      <token status="ok" id="tok4124">a</token>
      <token status="ok" id="tok4125">positive</token>
      <token status="ok" id="tok4126">terminal</token>
    </studentAnswer>
    <studentAnswer count="1" raw_text="tell answer" id="FaultFinding-VOLTAGE_INCOMPLETE_CIRCUIT_2_Q.sbj33-l1.qa222" accuracy="non_domain">
      <token status="ok" id="tok4134">tell</token>
      <token status="ok" id="tok4135">answer</token>
    </studentAnswer>
    <studentAnswer count="1" raw_text="The battery will have a different electrical state than the circuit" id="FaultFinding-VOLTAGE_INCOMPLETE_CIRCUIT_2_Q.sbj34-l1.qa210" accuracy="contradictory">
      <token status="ok" id="tok3646">The</token>
      <token status="ok" id="tok3647">battery</token>
      <token status="ok" id="tok3648">will</token>
      <token status="ok" id="tok3649">have</token>
      <token status="ok" id="tok3650">a</token>
      <token status="ok" id="tok3651">different</token>
      <token status="ok" id="tok3652">electrical</token>
      <token status="ok" id="tok3653">state</token>
      <token status="ok" id="tok3654">than</token>
      <token status="ok" id="tok3655">the</token>
      <token status="ok" id="tok3656">circuit</token>
    </studentAnswer>
    <studentAnswer count="1" raw_text="The difference in electrical state" id="FaultFinding-VOLTAGE_INCOMPLETE_CIRCUIT_2_Q.sbj34-l1.qa211" accuracy="contradictory">
      <token status="ok" id="tok3677">The</token>
      <token status="ok" id="tok3678">difference</token>
      <token status="ok" id="tok3679">in</token>
      <token status="ok" id="tok3680">electrical</token>
      <token status="ok" id="tok3681">state</token>
    </studentAnswer>
    <studentAnswer count="1" raw_text="The battery has a different electrical state than the incomplete circuit" id="FaultFinding-VOLTAGE_INCOMPLETE_CIRCUIT_2_Q.sbj34-l1.qa212" accuracy="contradictory">
      <token status="ok" id="tok3691">The</token>
      <token status="ok" id="tok3692">battery</token>
      <token status="ok" id="tok3693">has</token>
      <token status="ok" id="tok3694">a</token>
      <token status="ok" id="tok3695">different</token>
      <token status="ok" id="tok3696">electrical</token>
      <token status="ok" id="tok3697">state</token>
      <token status="ok" id="tok3698">than</token>
      <token status="ok" id="tok3699">the</token>
      <token status="ok" id="tok3700">incomplete</token>
      <token status="ok" id="tok3701">circuit</token>
    </studentAnswer>
    <studentAnswer count="1" raw_text="The battery uses the electrical state" id="FaultFinding-VOLTAGE_INCOMPLETE_CIRCUIT_2_Q.sbj34-l1.qa213" accuracy="contradictory">
      <token status="ok" id="tok3727">The</token>
      <token status="ok" id="tok3728">battery</token>
      <token status="ok" id="tok3729">uses</token>
      <token status="ok" id="tok3730">the</token>
      <token status="ok" id="tok3731">electrical</token>
      <token status="ok" id="tok3732">state</token>
    </studentAnswer>
    <studentAnswer count="1" answerMatch="answer246" raw_text="Battery will always have voltage." id="FaultFinding-VOLTAGE_INCOMPLETE_CIRCUIT_2_Q.sbj35-l1.qa234" accuracy="partially_correct_incomplete">
      <token status="ok" id="tok4461">Battery</token>
      <token status="ok" id="tok4462">will</token>
      <token status="ok" id="tok4463">always</token>
      <token status="ok" id="tok4464">have</token>
      <token status="ok" id="tok4465">voltage</token>
    </studentAnswer>
    <studentAnswer count="1" answerMatch="answer246" raw_text="The battery keeps a chemical reaction reaction." id="FaultFinding-VOLTAGE_INCOMPLETE_CIRCUIT_2_Q.sbj35-l1.qa235" accuracy="partially_correct_incomplete">
      <token status="ok" id="tok4479">The</token>
      <token status="ok" id="tok4480">battery</token>
      <token status="ok" id="tok4481">keeps</token>
      <token status="ok" id="tok4482">a</token>
      <token status="ok" id="tok4483">chemical</token>
      <token status="ok" id="tok4484">reaction</token>
      <token status="ok" id="tok4485">reaction</token>
    </studentAnswer>
    <studentAnswer count="1" answerMatch="answer246" raw_text="The battery uses a chemical reaction to maintain the voltage," id="FaultFinding-VOLTAGE_INCOMPLETE_CIRCUIT_2_Q.sbj35-l1.qa236" accuracy="contradictory">
      <token status="ok" id="tok4501">The</token>
      <token status="ok" id="tok4502">battery</token>
      <token status="ok" id="tok4503">uses</token>
      <token status="ok" id="tok4504">a</token>
      <token status="ok" id="tok4505">chemical</token>
      <token status="ok" id="tok4506">reaction</token>
      <token status="ok" id="tok4507">to</token>
      <token status="ok" id="tok4508">maintain</token>
      <token status="ok" id="tok4509">the</token>
      <token status="ok" id="tok4510a">voltage</token>
    </studentAnswer>
    <studentAnswer count="1" raw_text="there is always voltage even if there is a gap" id="FaultFinding-VOLTAGE_INCOMPLETE_CIRCUIT_2_Q.sbj36-l1.qa239" accuracy="irrelevant">
      <token status="ok" id="tok4571">there</token>
      <token status="ok" id="tok4572">is</token>
      <token status="ok" id="tok4573">always</token>
      <token status="ok" id="tok4574">voltage</token>
      <token status="ok" id="tok4575">even</token>
      <token status="ok" id="tok4576">if</token>
      <token status="ok" id="tok4577">there</token>
      <token status="ok" id="tok4578">is</token>
      <token status="ok" id="tok4579">a</token>
      <token status="ok" id="tok4580">gap</token>
    </studentAnswer>
    <studentAnswer count="1" raw_text="there is a chemical reaction between two terminals" id="FaultFinding-VOLTAGE_INCOMPLETE_CIRCUIT_2_Q.sbj36-l1.qa240" accuracy="contradictory">
      <token status="ok" id="tok4593">there</token>
      <token status="ok" id="tok4594">is</token>
      <token status="ok" id="tok4595">a</token>
      <token status="ok" id="tok4596">chemical</token>
      <token status="ok" id="tok4597">reaction</token>
      <token status="ok" id="tok4598">between</token>
      <token status="ok" id="tok4599">two</token>
      <token status="ok" id="tok4600">terminals</token>
    </studentAnswer>
    <studentAnswer count="1" raw_text="a terminal has an electrical state where theres a chemical reaction" id="FaultFinding-VOLTAGE_INCOMPLETE_CIRCUIT_2_Q.sbj36-l1.qa241" accuracy="contradictory">
      <token status="ok" id="tok4643">a</token>
      <token status="ok" id="tok4644">terminal</token>
      <token status="ok" id="tok4645">has</token>
      <token status="ok" id="tok4646">an</token>
      <token status="ok" id="tok4647">electrical</token>
      <token status="ok" id="tok4648">state</token>
      <token status="ok" id="tok4649">where</token>
      <token status="ok" id="tok4650a">there</token>
      <token status="pennTokenFragment" id="tok4650b" original="s">'s</token>
      <token status="ok" id="tok4651">a</token>
      <token status="ok" id="tok4652">chemical</token>
      <token status="ok" id="tok4653">reaction</token>
    </studentAnswer>
    <studentAnswer count="1" answerMatch="answer246" raw_text="because a battery always has voltage" id="FaultFinding-VOLTAGE_INCOMPLETE_CIRCUIT_2_Q.sbj37-l1.qa208" accuracy="partially_correct_incomplete">
      <token status="ok" id="tok3818">because</token>
      <token status="ok" id="tok3819">a</token>
      <token status="ok" id="tok3820">battery</token>
      <token status="ok" id="tok3821">always</token>
      <token status="ok" id="tok3822">has</token>
      <token status="ok" id="tok3823">voltage</token>
    </studentAnswer>
    <studentAnswer count="1" answerMatch="answer246" raw_text="because a battery has a chemical reaction that causes a voltage" id="FaultFinding-VOLTAGE_INCOMPLETE_CIRCUIT_2_Q.sbj37-l1.qa209" accuracy="partially_correct_incomplete">
      <token status="ok" id="tok3837">because</token>
      <token status="ok" id="tok3838">a</token>
      <token status="ok" id="tok3839">battery</token>
      <token status="ok" id="tok3840">has</token>
      <token status="ok" id="tok3841">a</token>
      <token status="ok" id="tok3842">chemical</token>
      <token status="ok" id="tok3843">reaction</token>
      <token status="ok" id="tok3844">that</token>
      <token status="ok" id="tok3845">causes</token>
      <token status="ok" id="tok3846">a</token>
      <token status="ok" id="tok3847">voltage</token>
    </studentAnswer>
    <studentAnswer count="1" answerMatch="answer246" raw_text="a batter uses a chemical reaction to create voltage" id="FaultFinding-VOLTAGE_INCOMPLETE_CIRCUIT_2_Q.sbj37-l1.qa210" accuracy="partially_correct_incomplete">
      <token status="ok" id="tok3863">a</token>
      <token status="ok" id="tok3864">batter</token>
      <token status="ok" id="tok3865">uses</token>
      <token status="ok" id="tok3866">a</token>
      <token status="ok" id="tok3867">chemical</token>
      <token status="ok" id="tok3868">reaction</token>
      <token status="ok" id="tok3869">to</token>
      <token status="ok" id="tok3870">create</token>
      <token status="ok" id="tok3871">voltage</token>
    </studentAnswer>
    <studentAnswer count="1" answerMatch="answer246" raw_text="the voltage of the battery depends on the chemical interaction inside the battery. It does not depend on components in a curcuit." id="FaultFinding-VOLTAGE_INCOMPLETE_CIRCUIT_2_Q.sbj38-l1.qa212" accuracy="partially_correct_incomplete">
      <token status="ok" id="tok4097">the</token>
      <token status="ok" id="tok4098">voltage</token>
      <token status="ok" id="tok4099">of</token>
      <token status="ok" id="tok4100">the</token>
      <token status="ok" id="tok4101">battery</token>
      <token status="ok" id="tok4102">depends</token>
      <token status="ok" id="tok4103">on</token>
      <token status="ok" id="tok4104">the</token>
      <token status="ok" id="tok4105">chemical</token>
      <token status="ok" id="tok4106">interaction</token>
      <token status="ok" id="tok4107">inside</token>
      <token status="ok" id="tok4108">the</token>
      <token status="ok" id="tok4109">battery</token>
      <token status="ok" id="tok4110">It</token>
      <token status="ok" id="tok4111">does</token>
      <token status="ok" id="tok4112">not</token>
      <token status="ok" id="tok4113">depend</token>
      <token status="ok" id="tok4114">on</token>
      <token status="ok" id="tok4115">components</token>
      <token status="ok" id="tok4116">in</token>
      <token status="ok" id="tok4117">a</token>
      <token status="ok" id="tok4118" original="curcuit">circuit</token>
    </studentAnswer>
    <studentAnswer count="1" answerMatch="answer246" raw_text="the voltage of a battery does not depend on the components in a curcuit." id="FaultFinding-VOLTAGE_INCOMPLETE_CIRCUIT_2_Q.sbj38-l1.qa213" accuracy="partially_correct_incomplete">
      <token status="ok" id="tok4139">the</token>
      <token status="ok" id="tok4140">voltage</token>
      <token status="ok" id="tok4141">of</token>
      <token status="ok" id="tok4142">a</token>
      <token status="ok" id="tok4143">battery</token>
      <token status="ok" id="tok4144">does</token>
      <token status="ok" id="tok4145">not</token>
      <token status="ok" id="tok4146">depend</token>
      <token status="ok" id="tok4147">on</token>
      <token status="ok" id="tok4148">the</token>
      <token status="ok" id="tok4149">components</token>
      <token status="ok" id="tok4150">in</token>
      <token status="ok" id="tok4151">a</token>
      <token status="ok" id="tok4152" original="curcuit">circuit</token>
    </studentAnswer>
    <studentAnswer count="1" answerMatch="answer246" raw_text="the voltage of the battery does not depend on the components in a curcuit. It depends on a chemical reaction." id="FaultFinding-VOLTAGE_INCOMPLETE_CIRCUIT_2_Q.sbj38-l1.qa214" accuracy="partially_correct_incomplete">
      <token status="ok" id="tok4166">the</token>
      <token status="ok" id="tok4167">voltage</token>
      <token status="ok" id="tok4168">of</token>
      <token status="ok" id="tok4169">the</token>
      <token status="ok" id="tok4170">battery</token>
      <token status="ok" id="tok4171">does</token>
      <token status="ok" id="tok4172">not</token>
      <token status="ok" id="tok4173">depend</token>
      <token status="ok" id="tok4174">on</token>
      <token status="ok" id="tok4175">the</token>
      <token status="ok" id="tok4176">components</token>
      <token status="ok" id="tok4177">in</token>
      <token status="ok" id="tok4178">a</token>
      <token status="ok" id="tok4179" original="curcuit">circuit</token>
      <token status="ok" id="tok4180">It</token>
      <token status="ok" id="tok4181">depends</token>
      <token status="ok" id="tok4182">on</token>
      <token status="ok" id="tok4183">a</token>
      <token status="ok" id="tok4184">chemical</token>
      <token status="ok" id="tok4185">reaction</token>
    </studentAnswer>
    <studentAnswer count="1" answerMatch="answer246" raw_text="becasuse it is electrically charged" id="FaultFinding-VOLTAGE_INCOMPLETE_CIRCUIT_2_Q.sbj39-l1.qa255" accuracy="partially_correct_incomplete">
      <token status="ok" id="tok5166" original="becasuse">because</token>
      <token status="ok" id="tok5167">it</token>
      <token status="ok" id="tok5168">is</token>
      <token status="ok" id="tok5169">electrically</token>
      <token status="ok" id="tok5170">charged</token>
    </studentAnswer>
    <studentAnswer count="1" answerMatch="answer246" raw_text="yes, because there is a chemical reaction" id="FaultFinding-VOLTAGE_INCOMPLETE_CIRCUIT_2_Q.sbj39-l1.qa256" accuracy="partially_correct_incomplete">
      <token status="ok" id="tok5183">yes</token>
      <token status="ok" id="tok5184">because</token>
      <token status="ok" id="tok5185">there</token>
      <token status="ok" id="tok5186">is</token>
      <token status="ok" id="tok5187">a</token>
      <token status="ok" id="tok5188">chemical</token>
      <token status="ok" id="tok5189">reaction</token>
    </studentAnswer>
    <studentAnswer count="1" answerMatch="answer246" raw_text="There is a chemical reaction." id="FaultFinding-VOLTAGE_INCOMPLETE_CIRCUIT_2_Q.sbj39-l1.qa257" accuracy="partially_correct_incomplete">
      <token status="ok" id="tok5204">There</token>
      <token status="ok" id="tok5205">is</token>
      <token status="ok" id="tok5206">a</token>
      <token status="ok" id="tok5207">chemical</token>
      <token status="ok" id="tok5208">reaction</token>
    </studentAnswer>
    <studentAnswer count="1" raw_text="circuit do not effect electrical state between terminals" id="FaultFinding-VOLTAGE_INCOMPLETE_CIRCUIT_2_Q.sbj40-l1.qa249" accuracy="contradictory">
      <token status="ok" id="tok4723">circuit</token>
      <token status="ok" id="tok4724">do</token>
      <token status="ok" id="tok4725">not</token>
      <token status="ok" id="tok4726" original="effect">affect</token>
      <token status="ok" id="tok4727">electrical</token>
      <token status="ok" id="tok4728">state</token>
      <token status="ok" id="tok4729">between</token>
      <token status="ok" id="tok4730">terminals</token>
    </studentAnswer>
    <studentAnswer count="1" raw_text="circuits do not effect the electrical state between two terminals." id="FaultFinding-VOLTAGE_INCOMPLETE_CIRCUIT_2_Q.sbj40-l1.qa250" accuracy="contradictory">
      <token status="ok" id="tok4753">circuits</token>
      <token status="ok" id="tok4754">do</token>
      <token status="ok" id="tok4755">not</token>
      <token status="ok" id="tok4756" original="effect">affect</token>
      <token status="ok" id="tok4757">the</token>
      <token status="ok" id="tok4758">electrical</token>
      <token status="ok" id="tok4759">state</token>
      <token status="ok" id="tok4760">between</token>
      <token status="ok" id="tok4761">two</token>
      <token status="ok" id="tok4762">terminals</token>
    </studentAnswer>
    <studentAnswer count="1" raw_text="an incomplete circuit would not effect the the electrical state between the terminals." id="FaultFinding-VOLTAGE_INCOMPLETE_CIRCUIT_2_Q.sbj40-l1.qa251" accuracy="contradictory">
      <token status="ok" id="tok4792">an</token>
      <token status="ok" id="tok4793">incomplete</token>
      <token status="ok" id="tok4794">circuit</token>
      <token status="ok" id="tok4795">would</token>
      <token status="ok" id="tok4796">not</token>
      <token status="ok" id="tok4797" original="effect">affect</token>
      <token status="ok" id="tok4798">the</token>
      <token status="ok" id="tok4799">the</token>
      <token status="ok" id="tok4800">electrical</token>
      <token status="ok" id="tok4801">state</token>
      <token status="ok" id="tok4802">between</token>
      <token status="ok" id="tok4803">the</token>
      <token status="ok" id="tok4804">terminals</token>
    </studentAnswer>
    <studentAnswer count="1" raw_text="the terminal&quot;s electrical state is not effected by the incomplete circuit." id="FaultFinding-VOLTAGE_INCOMPLETE_CIRCUIT_2_Q.sbj40-l1.qa252" accuracy="contradictory">
      <token status="ok" id="tok4834">the</token>
      <token status="ok" id="tok4835">terminal</token>
      <token status="pennTokenFragment" id="tok4836">'s</token>
      <token status="ok" id="tok4837">electrical</token>
      <token status="ok" id="tok4838">state</token>
      <token status="ok" id="tok4839">is</token>
      <token status="ok" id="tok4840">not</token>
      <token status="ok" id="tok4841" original="effected">affected</token>
      <token status="ok" id="tok4842">by</token>
      <token status="ok" id="tok4843">the</token>
      <token status="ok" id="tok4844">incomplete</token>
      <token status="ok" id="tok4845">circuit</token>
    </studentAnswer>
    <studentAnswer count="1" answerMatch="answer246" raw_text="There is still a voltage is the different terminals" id="FaultFinding-VOLTAGE_INCOMPLETE_CIRCUIT_2_Q.sbj42-l1.qa243" accuracy="partially_correct_incomplete">
      <token status="ok" id="tok4530">There</token>
      <token status="ok" id="tok4531">is</token>
      <token status="ok" id="tok4532">still</token>
      <token status="ok" id="tok4533">a</token>
      <token status="ok" id="tok4534">voltage</token>
      <token status="ok" id="tok4535">is</token>
      <token status="ok" id="tok4536">the</token>
      <token status="ok" id="tok4537">different</token>
      <token status="ok" id="tok4538">terminals</token>
    </studentAnswer>
    <studentAnswer count="1" raw_text="The terminal is still connected to an electrical state of the battery" id="FaultFinding-VOLTAGE_INCOMPLETE_CIRCUIT_2_Q.sbj42-l1.qa244" accuracy="contradictory">
      <token status="ok" id="tok4547">The</token>
      <token status="ok" id="tok4548">terminal</token>
      <token status="ok" id="tok4549">is</token>
      <token status="ok" id="tok4550">still</token>
      <token status="ok" id="tok4551">connected</token>
      <token status="ok" id="tok4552">to</token>
      <token status="ok" id="tok4553">an</token>
      <token status="ok" id="tok4554">electrical</token>
      <token status="ok" id="tok4555">state</token>
      <token status="ok" id="tok4556">of</token>
      <token status="ok" id="tok4557">the</token>
      <token status="ok" id="tok4558">battery</token>
    </studentAnswer>
    <studentAnswer count="1" answerMatch="answer246" raw_text="it always has the same voltage due to a chemical reaction inside of it" id="FaultFinding-VOLTAGE_INCOMPLETE_CIRCUIT_2_Q.sbj43-l1.qa225" accuracy="partially_correct_incomplete">
      <token status="ok" id="tok4204">it</token>
      <token status="ok" id="tok4205">always</token>
      <token status="ok" id="tok4206">has</token>
      <token status="ok" id="tok4207">the</token>
      <token status="ok" id="tok4208">same</token>
      <token status="ok" id="tok4209">voltage</token>
      <token status="ok" id="tok4210">due</token>
      <token status="ok" id="tok4211">to</token>
      <token status="ok" id="tok4212">a</token>
      <token status="ok" id="tok4213">chemical</token>
      <token status="ok" id="tok4214">reaction</token>
      <token status="ok" id="tok4215">inside</token>
      <token status="ok" id="tok4216">of</token>
      <token status="ok" id="tok4217">it</token>
    </studentAnswer>
    <studentAnswer count="1" answerMatch="answer246" raw_text="a battery is always in the same electrical state. it has a chemical reaction inside of it." id="FaultFinding-VOLTAGE_INCOMPLETE_CIRCUIT_2_Q.sbj43-l1.qa226" accuracy="contradictory">
      <token status="ok" id="tok4252">a</token>
      <token status="ok" id="tok4253">battery</token>
      <token status="ok" id="tok4254">is</token>
      <token status="ok" id="tok4255">always</token>
      <token status="ok" id="tok4256">in</token>
      <token status="ok" id="tok4257">the</token>
      <token status="ok" id="tok4258">same</token>
      <token status="ok" id="tok4259">electrical</token>
      <token status="ok" id="tok4260">state</token>
      <token status="ok" id="tok4261">it</token>
      <token status="ok" id="tok4262">has</token>
      <token status="ok" id="tok4263">a</token>
      <token status="ok" id="tok4264">chemical</token>
      <token status="ok" id="tok4265">reaction</token>
      <token status="ok" id="tok4266">inside</token>
      <token status="ok" id="tok4267">of</token>
      <token status="ok" id="tok4268">it</token>
    </studentAnswer>
    <studentAnswer count="1" answerMatch="answer246" raw_text="because the battery has its own electrical state within given by the lead" id="FaultFinding-VOLTAGE_INCOMPLETE_CIRCUIT_2_Q.sbj45-l1.qa218" accuracy="contradictory">
      <token status="ok" id="tok3908">because</token>
      <token status="ok" id="tok3909">the</token>
      <token status="ok" id="tok3910">battery</token>
      <token status="ok" id="tok3911">has</token>
      <token status="ok" id="tok3912">its</token>
      <token status="ok" id="tok3913">own</token>
      <token status="ok" id="tok3914">electrical</token>
      <token status="ok" id="tok3915">state</token>
      <token status="ok" id="tok3916">within</token>
      <token status="ok" id="tok3917">given</token>
      <token status="ok" id="tok3918">by</token>
      <token status="ok" id="tok3919">the</token>
      <token status="ok" id="tok3920">lead</token>
    </studentAnswer>
    <studentAnswer count="1" answerMatch="answer246" raw_text="the battery has its own chemical reaction" id="FaultFinding-VOLTAGE_INCOMPLETE_CIRCUIT_2_Q.sbj45-l1.qa220" accuracy="partially_correct_incomplete">
      <token status="ok" id="tok3965">the</token>
      <token status="ok" id="tok3966">battery</token>
      <token status="ok" id="tok3967">has</token>
      <token status="ok" id="tok3968">its</token>
      <token status="ok" id="tok3969">own</token>
      <token status="ok" id="tok3970">chemical</token>
      <token status="ok" id="tok3971">reaction</token>
    </studentAnswer>
    <studentAnswer count="1" raw_text="because terminals are seperate" id="FaultFinding-VOLTAGE_INCOMPLETE_CIRCUIT_2_Q.sbj46-l1.qa237" accuracy="contradictory">
      <token status="ok" id="tok4426">because</token>
      <token status="ok" id="tok4427">terminals</token>
      <token status="ok" id="tok4428">are</token>
      <token status="ok" id="tok4429" original="seperate">separate</token>
    </studentAnswer>
    <studentAnswer count="1" raw_text="not connected" id="FaultFinding-VOLTAGE_INCOMPLETE_CIRCUIT_2_Q.sbj46-l1.qa238" accuracy="contradictory">
      <token status="ok" id="tok4438">not</token>
      <token status="ok" id="tok4439">connected</token>
    </studentAnswer>
    <studentAnswer count="1" raw_text="battery uses charge" id="FaultFinding-VOLTAGE_INCOMPLETE_CIRCUIT_2_Q.sbj46-l1.qa239" accuracy="contradictory">
      <token status="ok" id="tok4454">battery</token>
      <token status="ok" id="tok4455">uses</token>
      <token status="ok" id="tok4456">charge</token>
    </studentAnswer>
    <studentAnswer count="1" raw_text="because a batter will always have a voltage even if it is 0" id="FaultFinding-VOLTAGE_INCOMPLETE_CIRCUIT_2_Q.sbj47-l1.qa250" accuracy="contradictory">
      <token status="ok" id="tok4847">because</token>
      <token status="ok" id="tok4848">a</token>
      <token status="ok" id="tok4849">batter</token>
      <token status="ok" id="tok4850">will</token>
      <token status="ok" id="tok4851">always</token>
      <token status="ok" id="tok4852">have</token>
      <token status="ok" id="tok4853">a</token>
      <token status="ok" id="tok4854">voltage</token>
      <token status="ok" id="tok4855">even</token>
      <token status="ok" id="tok4856">if</token>
      <token status="ok" id="tok4857">it</token>
      <token status="ok" id="tok4858">is</token>
      <token status="numerical" id="tok4859">0</token>
    </studentAnswer>
    <studentAnswer count="1" raw_text="because a battery will always have a voltage even if it is 0" id="FaultFinding-VOLTAGE_INCOMPLETE_CIRCUIT_2_Q.sbj47-l1.qa251" accuracy="contradictory">
      <token status="ok" id="tok4880">because</token>
      <token status="ok" id="tok4881">a</token>
      <token status="ok" id="tok4882">battery</token>
      <token status="ok" id="tok4883">will</token>
      <token status="ok" id="tok4884">always</token>
      <token status="ok" id="tok4885">have</token>
      <token status="ok" id="tok4886">a</token>
      <token status="ok" id="tok4887">voltage</token>
      <token status="ok" id="tok4888">even</token>
      <token status="ok" id="tok4889">if</token>
      <token status="ok" id="tok4890">it</token>
      <token status="ok" id="tok4891">is</token>
      <token status="numerical" id="tok4892">0</token>
    </studentAnswer>
    <studentAnswer count="1" raw_text="because a battery always has a chemical reaction, positive or negative" id="FaultFinding-VOLTAGE_INCOMPLETE_CIRCUIT_2_Q.sbj47-l1.qa252" accuracy="contradictory">
      <token status="ok" id="tok4906">because</token>
      <token status="ok" id="tok4907">a</token>
      <token status="ok" id="tok4908">battery</token>
      <token status="ok" id="tok4909">always</token>
      <token status="ok" id="tok4910">has</token>
      <token status="ok" id="tok4911">a</token>
      <token status="ok" id="tok4912">chemical</token>
      <token status="ok" id="tok4913">reaction</token>
      <token status="ok" id="tok4914">positive</token>
      <token status="ok" id="tok4915">or</token>
      <token status="ok" id="tok4916">negative</token>
    </studentAnswer>
    <studentAnswer count="1" answerMatch="answer246" raw_text="because a chemical reaction inside the battery keeps the positive and negative terminals at different electrical states at all times." id="FaultFinding-VOLTAGE_INCOMPLETE_CIRCUIT_2_Q.sbj48-l1.qa209" accuracy="correct">
      <token status="ok" id="tok4106">because</token>
      <token status="ok" id="tok4107">a</token>
      <token status="ok" id="tok4108">chemical</token>
      <token status="ok" id="tok4109">reaction</token>
      <token status="ok" id="tok4110">inside</token>
      <token status="ok" id="tok4111">the</token>
      <token status="ok" id="tok4112">battery</token>
      <token status="ok" id="tok4113">keeps</token>
      <token status="ok" id="tok4114">the</token>
      <token status="ok" id="tok4115">positive</token>
      <token status="ok" id="tok4116">and</token>
      <token status="ok" id="tok4117">negative</token>
      <token status="ok" id="tok4118">terminals</token>
      <token status="ok" id="tok4119">at</token>
      <token status="ok" id="tok4120">different</token>
      <token status="ok" id="tok4121">electrical</token>
      <token status="ok" id="tok4122">states</token>
      <token status="ok" id="tok4123">at</token>
      <token status="ok" id="tok4124">all</token>
      <token status="ok" id="tok4125">times</token>
    </studentAnswer>
    <studentAnswer count="1" answerMatch="answer246" raw_text="A battery will always have a voltage because the electrical states of the positive and negative terminals are always different." id="FaultFinding-VOLTAGE_INCOMPLETE_CIRCUIT_2_Q.sbj48-l1.qa210" accuracy="irrelevant">
      <token status="ok" id="tok4146">A</token>
      <token status="ok" id="tok4147">battery</token>
      <token status="ok" id="tok4148">will</token>
      <token status="ok" id="tok4149">always</token>
      <token status="ok" id="tok4150">have</token>
      <token status="ok" id="tok4151">a</token>
      <token status="ok" id="tok4152">voltage</token>
      <token status="ok" id="tok4153">because</token>
      <token status="ok" id="tok4154">the</token>
      <token status="ok" id="tok4155">electrical</token>
      <token status="ok" id="tok4156">states</token>
      <token status="ok" id="tok4157">of</token>
      <token status="ok" id="tok4158">the</token>
      <token status="ok" id="tok4159">positive</token>
      <token status="ok" id="tok4160">and</token>
      <token status="ok" id="tok4161">negative</token>
      <token status="ok" id="tok4162">terminals</token>
      <token status="ok" id="tok4163">are</token>
      <token status="ok" id="tok4164">always</token>
      <token status="ok" id="tok4165">different</token>
    </studentAnswer>
    <studentAnswer count="1" answerMatch="answer246" raw_text="A chemical reaction inside the battery makes the electrical states of the positive and negative terminals different at all times." id="FaultFinding-VOLTAGE_INCOMPLETE_CIRCUIT_2_Q.sbj48-l1.qa211" accuracy="correct">
      <token status="ok" id="tok4184">A</token>
      <token status="ok" id="tok4185">chemical</token>
      <token status="ok" id="tok4186">reaction</token>
      <token status="ok" id="tok4187">inside</token>
      <token status="ok" id="tok4188">the</token>
      <token status="ok" id="tok4189">battery</token>
      <token status="ok" id="tok4190">makes</token>
      <token status="ok" id="tok4191">the</token>
      <token status="ok" id="tok4192">electrical</token>
      <token status="ok" id="tok4193">states</token>
      <token status="ok" id="tok4194">of</token>
      <token status="ok" id="tok4195">the</token>
      <token status="ok" id="tok4196">positive</token>
      <token status="ok" id="tok4197">and</token>
      <token status="ok" id="tok4198">negative</token>
      <token status="ok" id="tok4199">terminals</token>
      <token status="ok" id="tok4200">different</token>
      <token status="ok" id="tok4201">at</token>
      <token status="ok" id="tok4202">all</token>
      <token status="ok" id="tok4203">times</token>
    </studentAnswer>
    <studentAnswer count="1" answerMatch="answer246" raw_text="The two terminals of a battery will always have different electrical states due to a chemical reaction inside the battery" id="FaultFinding-VOLTAGE_INCOMPLETE_CIRCUIT_2_Q.sbj48-l1.qa212" accuracy="correct">
      <token status="ok" id="tok4221">The</token>
      <token status="ok" id="tok4222">two</token>
      <token status="ok" id="tok4223">terminals</token>
      <token status="ok" id="tok4224">of</token>
      <token status="ok" id="tok4225">a</token>
      <token status="ok" id="tok4226">battery</token>
      <token status="ok" id="tok4227">will</token>
      <token status="ok" id="tok4228">always</token>
      <token status="ok" id="tok4229">have</token>
      <token status="ok" id="tok4230">different</token>
      <token status="ok" id="tok4231">electrical</token>
      <token status="ok" id="tok4232">states</token>
      <token status="ok" id="tok4233">due</token>
      <token status="ok" id="tok4234">to</token>
      <token status="ok" id="tok4235">a</token>
      <token status="ok" id="tok4236">chemical</token>
      <token status="ok" id="tok4237">reaction</token>
      <token status="ok" id="tok4238">inside</token>
      <token status="ok" id="tok4239">the</token>
      <token status="ok" id="tok4240">battery</token>
    </studentAnswer>
    <studentAnswer count="1" raw_text="The voltage does not change." id="FaultFinding-VOLTAGE_INCOMPLETE_CIRCUIT_2_Q.sbjb1-l1.qa186" accuracy="irrelevant">
      <token status="ok" id="tok3826">The</token>
      <token status="ok" id="tok3827">voltage</token>
      <token status="ok" id="tok3828">does</token>
      <token status="ok" id="tok3829">not</token>
      <token status="ok" id="tok3830">change</token>
    </studentAnswer>
    <studentAnswer count="1" raw_text="Because it will still be connected to one of the terminals" id="FaultFinding-VOLTAGE_INCOMPLETE_CIRCUIT_2_Q.sbjb2-l1.qa190" accuracy="contradictory">
      <token status="ok" id="tok3659">Because</token>
      <token status="ok" id="tok3660">it</token>
      <token status="ok" id="tok3661">will</token>
      <token status="ok" id="tok3662">still</token>
      <token status="ok" id="tok3663">be</token>
      <token status="ok" id="tok3664">connected</token>
      <token status="ok" id="tok3665">to</token>
      <token status="ok" id="tok3666">one</token>
      <token status="ok" id="tok3667">of</token>
      <token status="ok" id="tok3668">the</token>
      <token status="ok" id="tok3669">terminals</token>
    </studentAnswer>
    <studentAnswer count="1" raw_text="because the gap creates a difference in electrical states" id="FaultFinding-VOLTAGE_INCOMPLETE_CIRCUIT_2_Q.sbjb4-l1.qa181" accuracy="contradictory">
      <token status="ok" id="tok3610">because</token>
      <token status="ok" id="tok3611">the</token>
      <token status="ok" id="tok3612">gap</token>
      <token status="ok" id="tok3613">creates</token>
      <token status="ok" id="tok3614">a</token>
      <token status="ok" id="tok3615">difference</token>
      <token status="ok" id="tok3616">in</token>
      <token status="ok" id="tok3617">electrical</token>
      <token status="ok" id="tok3618">states</token>
    </studentAnswer>
    <studentAnswer count="1" answerMatch="answer246" raw_text="the voltage of a battery is the result of chemical reactions within the battery" id="FaultFinding-VOLTAGE_INCOMPLETE_CIRCUIT_2_Q.sbjb5-l1.qa189" accuracy="partially_correct_incomplete">
      <token status="ok" id="tok3838">the</token>
      <token status="ok" id="tok3839">voltage</token>
      <token status="ok" id="tok3840">of</token>
      <token status="ok" id="tok3841">a</token>
      <token status="ok" id="tok3842">battery</token>
      <token status="ok" id="tok3843">is</token>
      <token status="ok" id="tok3844">the</token>
      <token status="ok" id="tok3845">result</token>
      <token status="ok" id="tok3846">of</token>
      <token status="ok" id="tok3847">chemical</token>
      <token status="ok" id="tok3848">reactions</token>
      <token status="ok" id="tok3849">within</token>
      <token status="ok" id="tok3850">the</token>
      <token status="ok" id="tok3851">battery</token>
    </studentAnswer>
    <studentAnswer count="1" raw_text="Because it has one regardless of the circuit" id="FaultFinding-VOLTAGE_INCOMPLETE_CIRCUIT_2_Q.sbjb6-l1.qa182" accuracy="irrelevant">
      <token status="ok" id="tok3637">Because</token>
      <token status="ok" id="tok3638">it</token>
      <token status="ok" id="tok3639">has</token>
      <token status="ok" id="tok3640">one</token>
      <token status="ok" id="tok3641">regardless</token>
      <token status="ok" id="tok3642">of</token>
      <token status="ok" id="tok3643">the</token>
      <token status="ok" id="tok3644">circuit</token>
    </studentAnswer>
    <studentAnswer count="1" answerMatch="answer246" raw_text="battery always has voltage" id="FaultFinding-VOLTAGE_INCOMPLETE_CIRCUIT_2_Q.sbjb7-l1.qa179" accuracy="partially_correct_incomplete">
      <token status="ok" id="tok3565">battery</token>
      <token status="ok" id="tok3566">always</token>
      <token status="ok" id="tok3567">has</token>
      <token status="ok" id="tok3568">voltage</token>
    </studentAnswer>
    <studentAnswer count="1" answerMatch="answer246" raw_text="Because there is a difference between the electrical states of the two terminals." id="FaultFinding-VOLTAGE_INCOMPLETE_CIRCUIT_2_Q.sbjb9-l1.qa195" accuracy="partially_correct_incomplete">
      <token status="ok" id="tok3872">Because</token>
      <token status="ok" id="tok3873">there</token>
      <token status="ok" id="tok3874">is</token>
      <token status="ok" id="tok3875">a</token>
      <token status="ok" id="tok3876">difference</token>
      <token status="ok" id="tok3877">between</token>
      <token status="ok" id="tok3878">the</token>
      <token status="ok" id="tok3879">electrical</token>
      <token status="ok" id="tok3880">states</token>
      <token status="ok" id="tok3881">of</token>
      <token status="ok" id="tok3882">the</token>
      <token status="ok" id="tok3883">two</token>
      <token status="ok" id="tok3884">terminals</token>
    </studentAnswer>
    <studentAnswer count="1" answerMatch="answer246" raw_text="because there is still a difference in electrical states.  One side could have a positive connection and the other could have a negative connection" id="FaultFinding-VOLTAGE_INCOMPLETE_CIRCUIT_2_Q.sbjb10-l1.qa179" accuracy="contradictory">
      <token status="ok" id="tok3596">because</token>
      <token status="ok" id="tok3597">there</token>
      <token status="ok" id="tok3598">is</token>
      <token status="ok" id="tok3599">still</token>
      <token status="ok" id="tok3600">a</token>
      <token status="ok" id="tok3601">difference</token>
      <token status="ok" id="tok3602">in</token>
      <token status="ok" id="tok3603">electrical</token>
      <token status="ok" id="tok3604">states</token>
      <token status="ok" id="tok3605">One</token>
      <token status="ok" id="tok3606">side</token>
      <token status="ok" id="tok3607">could</token>
      <token status="ok" id="tok3608">have</token>
      <token status="ok" id="tok3609">a</token>
      <token status="ok" id="tok3610">positive</token>
      <token status="ok" id="tok3611">connection</token>
      <token status="ok" id="tok3612">and</token>
      <token status="ok" id="tok3613">the</token>
      <token status="ok" id="tok3614">other</token>
      <token status="ok" id="tok3615">could</token>
      <token status="ok" id="tok3616">have</token>
      <token status="ok" id="tok3617">a</token>
      <token status="ok" id="tok3618">negative</token>
      <token status="ok" id="tok3619">connection</token>
    </studentAnswer>
    <studentAnswer count="1" answerMatch="answer246" raw_text="Because the terminals are not in a closed path, so you are giving the voltage of the battery itself" id="FaultFinding-VOLTAGE_INCOMPLETE_CIRCUIT_2_Q.sbjb11-l1.qa185" accuracy="partially_correct_incomplete">
      <token status="ok" id="tok3735">Because</token>
      <token status="ok" id="tok3736">the</token>
      <token status="ok" id="tok3737">terminals</token>
      <token status="ok" id="tok3738">are</token>
      <token status="ok" id="tok3739">not</token>
      <token status="ok" id="tok3740">in</token>
      <token status="ok" id="tok3741">a</token>
      <token status="ok" id="tok3742">closed</token>
      <token status="ok" id="tok3743">path</token>
      <token status="ok" id="tok3744">so</token>
      <token status="ok" id="tok3745">you</token>
      <token status="ok" id="tok3746">are</token>
      <token status="ok" id="tok3747">giving</token>
      <token status="ok" id="tok3748">the</token>
      <token status="ok" id="tok3749">voltage</token>
      <token status="ok" id="tok3750">of</token>
      <token status="ok" id="tok3751">the</token>
      <token status="ok" id="tok3752">battery</token>
      <token status="ok" id="tok3753">itself</token>
    </studentAnswer>
    <studentAnswer count="1" answerMatch="answer246" raw_text="because the battery always has a voltage unless it&quot;s dead" id="FaultFinding-VOLTAGE_INCOMPLETE_CIRCUIT_2_Q.sbjb12-l1.qa185" accuracy="partially_correct_incomplete">
      <token status="ok" id="tok3646">because</token>
      <token status="ok" id="tok3647">the</token>
      <token status="ok" id="tok3648">battery</token>
      <token status="ok" id="tok3649">always</token>
      <token status="ok" id="tok3650">has</token>
      <token status="ok" id="tok3651">a</token>
      <token status="ok" id="tok3652">voltage</token>
      <token status="ok" id="tok3653">unless</token>
      <token status="ok" id="tok3654">it</token>
      <token status="pennTokenFragment" id="tok3655">'s</token>
      <token status="ok" id="tok3656">dead</token>
    </studentAnswer>
    <studentAnswer count="1" answerMatch="answer246" raw_text="Because it has two electrial states within itself." id="FaultFinding-VOLTAGE_INCOMPLETE_CIRCUIT_2_Q.sbjb13-l1.qa181" accuracy="partially_correct_incomplete">
      <token status="ok" id="tok3667">Because</token>
      <token status="ok" id="tok3668">it</token>
      <token status="ok" id="tok3669">has</token>
      <token status="ok" id="tok3670">two</token>
      <token status="ok" id="tok3671" original="electrial">electrical</token>
      <token status="ok" id="tok3672">states</token>
      <token status="ok" id="tok3673">within</token>
      <token status="ok" id="tok3674">itself</token>
    </studentAnswer>
    <studentAnswer count="1" answerMatch="answer246" raw_text="because they aren&quot;t connected" id="FaultFinding-VOLTAGE_INCOMPLETE_CIRCUIT_2_Q.sbjb15-l1.qa181" accuracy="partially_correct_incomplete">
      <token status="ok" id="tok3587">because</token>
      <token status="ok" id="tok3588">they</token>
      <token status="ok" id="tok3589">are</token>
      <token status="pennTokenFragment" id="tok3590">n't</token>
      <token status="ok" id="tok3591">connected</token>
    </studentAnswer>
    <studentAnswer count="1" raw_text="battery will always have a voltage" id="FaultFinding-VOLTAGE_INCOMPLETE_CIRCUIT_2_Q.sbjb16-l1.qa181" accuracy="contradictory">
      <token status="ok" id="tok3685">battery</token>
      <token status="ok" id="tok3686">will</token>
      <token status="ok" id="tok3687">always</token>
      <token status="ok" id="tok3688">have</token>
      <token status="ok" id="tok3689">a</token>
      <token status="ok" id="tok3690">voltage</token>
    </studentAnswer>
    <studentAnswer count="1" raw_text="There will be a difference in measured electrical states" id="FaultFinding-VOLTAGE_INCOMPLETE_CIRCUIT_2_Q.sbjb17-l1.qa183" accuracy="contradictory">
      <token status="ok" id="tok3710">There</token>
      <token status="ok" id="tok3711">will</token>
      <token status="ok" id="tok3712">be</token>
      <token status="ok" id="tok3713">a</token>
      <token status="ok" id="tok3714">difference</token>
      <token status="ok" id="tok3715">in</token>
      <token status="ok" id="tok3716">measured</token>
      <token status="ok" id="tok3717">electrical</token>
      <token status="ok" id="tok3718">states</token>
    </studentAnswer>
    <studentAnswer count="1" raw_text="because" id="FaultFinding-VOLTAGE_INCOMPLETE_CIRCUIT_2_Q.sbjb18-l1.qa192" accuracy="non_domain">
      <token status="ok" id="tok3700">because</token>
    </studentAnswer>
    <studentAnswer count="1" answerMatch="answer246" raw_text="a gap in the circuit does not affect the voltage of the battery." id="FaultFinding-VOLTAGE_INCOMPLETE_CIRCUIT_2_Q.sbjb19-l1.qa184" accuracy="partially_correct_incomplete">
      <token status="ok" id="tok3707">a</token>
      <token status="ok" id="tok3708">gap</token>
      <token status="ok" id="tok3709">in</token>
      <token status="ok" id="tok3710">the</token>
      <token status="ok" id="tok3711">circuit</token>
      <token status="ok" id="tok3712">does</token>
      <token status="ok" id="tok3713">not</token>
      <token status="ok" id="tok3714">affect</token>
      <token status="ok" id="tok3715">the</token>
      <token status="ok" id="tok3716">voltage</token>
      <token status="ok" id="tok3717">of</token>
      <token status="ok" id="tok3718">the</token>
      <token status="ok" id="tok3719">battery</token>
    </studentAnswer>
    <studentAnswer count="1" raw_text="An incomplete circuit does not affect voltage." id="FaultFinding-VOLTAGE_INCOMPLETE_CIRCUIT_2_Q.sbjb20-l1.qa192" accuracy="contradictory">
      <token status="ok" id="tok3832">An</token>
      <token status="ok" id="tok3833">incomplete</token>
      <token status="ok" id="tok3834">circuit</token>
      <token status="ok" id="tok3835">does</token>
      <token status="ok" id="tok3836">not</token>
      <token status="ok" id="tok3837">affect</token>
      <token status="ok" id="tok3838">voltage</token>
    </studentAnswer>
    <studentAnswer count="1" raw_text="it can be 0" id="FaultFinding-VOLTAGE_INCOMPLETE_CIRCUIT_2_Q.sbjb21-l1.qa180" accuracy="contradictory">
      <token status="ok" id="tok3486">it</token>
      <token status="ok" id="tok3487">can</token>
      <token status="ok" id="tok3488">be</token>
      <token status="numerical" id="tok3489">0</token>
    </studentAnswer>
    <studentAnswer count="1" raw_text="a battery always has voltage unless it is damaged" id="FaultFinding-VOLTAGE_INCOMPLETE_CIRCUIT_2_Q.sbjb22-l1.qa190" accuracy="irrelevant">
      <token status="ok" id="tok3737">a</token>
      <token status="ok" id="tok3738">battery</token>
      <token status="ok" id="tok3739">always</token>
      <token status="ok" id="tok3740">has</token>
      <token status="ok" id="tok3741">voltage</token>
      <token status="ok" id="tok3742">unless</token>
      <token status="ok" id="tok3743">it</token>
      <token status="ok" id="tok3744">is</token>
      <token status="ok" id="tok3745">damaged</token>
    </studentAnswer>
    <studentAnswer count="1" raw_text="circuit has nothing to do with the batteries voltage" id="FaultFinding-VOLTAGE_INCOMPLETE_CIRCUIT_2_Q.sbjb24-l1.qa187" accuracy="contradictory">
      <token status="ok" id="tok3552">circuit</token>
      <token status="ok" id="tok3553">has</token>
      <token status="ok" id="tok3554">nothing</token>
      <token status="ok" id="tok3555">to</token>
      <token status="ok" id="tok3556">do</token>
      <token status="ok" id="tok3557">with</token>
      <token status="ok" id="tok3558">the</token>
      <token status="ok" id="tok3559">batteries</token>
      <token status="ok" id="tok3560">voltage</token>
    </studentAnswer>
    <studentAnswer count="1" raw_text="Well, it will have a voltage of zero, if that&quot;s what you are asking." id="FaultFinding-VOLTAGE_INCOMPLETE_CIRCUIT_2_Q.sbjb25-l1.qa184" accuracy="contradictory">
      <token status="ok" id="tok3678">Well</token>
      <token status="ok" id="tok3679">it</token>
      <token status="ok" id="tok3680">will</token>
      <token status="ok" id="tok3681">have</token>
      <token status="ok" id="tok3682">a</token>
      <token status="ok" id="tok3683">voltage</token>
      <token status="ok" id="tok3684">of</token>
      <token status="ok" id="tok3685">zero</token>
      <token status="ok" id="tok3686">if</token>
      <token status="ok" id="tok3687">that</token>
      <token status="pennTokenFragment" id="tok3688">'s</token>
      <token status="ok" id="tok3689">what</token>
      <token status="ok" id="tok3690">you</token>
      <token status="ok" id="tok3691">are</token>
      <token status="ok" id="tok3692">asking</token>
    </studentAnswer>
    <studentAnswer count="1" answerMatch="answer246" raw_text="The battery&quot;s voltage comes from a chemical reaction that takes place within the battery itself." id="FaultFinding-VOLTAGE_INCOMPLETE_CIRCUIT_2_Q.sbjb26-l1.qa180" accuracy="partially_correct_incomplete">
      <token status="ok" id="tok3706">The</token>
      <token status="ok" id="tok3707">battery</token>
      <token status="pennTokenFragment" id="tok3708">'s</token>
      <token status="ok" id="tok3709">voltage</token>
      <token status="ok" id="tok3710">comes</token>
      <token status="ok" id="tok3711">from</token>
      <token status="ok" id="tok3712">a</token>
      <token status="ok" id="tok3713">chemical</token>
      <token status="ok" id="tok3714">reaction</token>
      <token status="ok" id="tok3715">that</token>
      <token status="ok" id="tok3716">takes</token>
      <token status="ok" id="tok3717">place</token>
      <token status="ok" id="tok3718">within</token>
      <token status="ok" id="tok3719">the</token>
      <token status="ok" id="tok3720">battery</token>
      <token status="ok" id="tok3721">itself</token>
    </studentAnswer>
    <studentAnswer count="1" answerMatch="answer246" raw_text="because the electrical states between the two battery terminals will be different no matter what" id="FaultFinding-VOLTAGE_INCOMPLETE_CIRCUIT_2_Q.sbjb27-l1.qa179" accuracy="partially_correct_incomplete">
      <token status="ok" id="tok3650">because</token>
      <token status="ok" id="tok3651">the</token>
      <token status="ok" id="tok3652">electrical</token>
      <token status="ok" id="tok3653">states</token>
      <token status="ok" id="tok3654">between</token>
      <token status="ok" id="tok3655">the</token>
      <token status="ok" id="tok3656">two</token>
      <token status="ok" id="tok3657">battery</token>
      <token status="ok" id="tok3658">terminals</token>
      <token status="ok" id="tok3659">will</token>
      <token status="ok" id="tok3660">be</token>
      <token status="ok" id="tok3661">different</token>
      <token status="ok" id="tok3662">no</token>
      <token status="ok" id="tok3663">matter</token>
      <token status="ok" id="tok3664">what</token>
    </studentAnswer>
    <studentAnswer count="1" raw_text="there is a gap" id="FaultFinding-VOLTAGE_INCOMPLETE_CIRCUIT_2_Q.sbjb28-l1.qa184" accuracy="contradictory">
      <token status="ok" id="tok3556">there</token>
      <token status="ok" id="tok3557">is</token>
      <token status="ok" id="tok3558">a</token>
      <token status="ok" id="tok3559">gap</token>
    </studentAnswer>
    <studentAnswer count="1" answerMatch="answer246" raw_text="beacause the two terminals still have an electrical state" id="FaultFinding-VOLTAGE_INCOMPLETE_CIRCUIT_2_Q.sbjb29-l1.qa183" accuracy="partially_correct_incomplete">
      <token status="ok" id="tok3739" original="beacause">because</token>
      <token status="ok" id="tok3740">the</token>
      <token status="ok" id="tok3741">two</token>
      <token status="ok" id="tok3742">terminals</token>
      <token status="ok" id="tok3743">still</token>
      <token status="ok" id="tok3744">have</token>
      <token status="ok" id="tok3745">an</token>
      <token status="ok" id="tok3746">electrical</token>
      <token status="ok" id="tok3747">state</token>
    </studentAnswer>
    <studentAnswer count="1" answerMatch="answer246" raw_text="the battery always has a voltage because there is a positive terminal and there is a negative terminal." id="FaultFinding-VOLTAGE_INCOMPLETE_CIRCUIT_2_Q.sbjb30-l1.qa186" accuracy="contradictory">
      <token status="ok" id="tok3905">the</token>
      <token status="ok" id="tok3906">battery</token>
      <token status="ok" id="tok3907">always</token>
      <token status="ok" id="tok3908">has</token>
      <token status="ok" id="tok3909">a</token>
      <token status="ok" id="tok3910">voltage</token>
      <token status="ok" id="tok3911">because</token>
      <token status="ok" id="tok3912">there</token>
      <token status="ok" id="tok3913">is</token>
      <token status="ok" id="tok3914">a</token>
      <token status="ok" id="tok3915">positive</token>
      <token status="ok" id="tok3916">terminal</token>
      <token status="ok" id="tok3917">and</token>
      <token status="ok" id="tok3918">there</token>
      <token status="ok" id="tok3919">is</token>
      <token status="ok" id="tok3920">a</token>
      <token status="ok" id="tok3921">negative</token>
      <token status="ok" id="tok3922">terminal</token>
    </studentAnswer>
    <studentAnswer count="1" raw_text="Because it is measuring the difference in electrical states between two terminals." id="FaultFinding-VOLTAGE_INCOMPLETE_CIRCUIT_2_Q.sbjb32-l1.qa183" accuracy="partially_correct_incomplete">
      <token status="ok" id="tok3682">Because</token>
      <token status="ok" id="tok3683">it</token>
      <token status="ok" id="tok3684">is</token>
      <token status="ok" id="tok3685">measuring</token>
      <token status="ok" id="tok3686">the</token>
      <token status="ok" id="tok3687">difference</token>
      <token status="ok" id="tok3688">in</token>
      <token status="ok" id="tok3689">electrical</token>
      <token status="ok" id="tok3690">states</token>
      <token status="ok" id="tok3691">between</token>
      <token status="ok" id="tok3692">two</token>
      <token status="ok" id="tok3693">terminals</token>
    </studentAnswer>
    <studentAnswer count="1" answerMatch="answer246" raw_text="Because the battery contains chemicals that differe in electrical states." id="FaultFinding-VOLTAGE_INCOMPLETE_CIRCUIT_2_Q.sbjb34-l1.qa179" accuracy="contradictory">
      <token status="ok" id="tok3687">Because</token>
      <token status="ok" id="tok3688">the</token>
      <token status="ok" id="tok3689">battery</token>
      <token status="ok" id="tok3690">contains</token>
      <token status="ok" id="tok3691">chemicals</token>
      <token status="ok" id="tok3692">that</token>
      <token status="ok" id="tok3693" original="differe">differ</token>
      <token status="ok" id="tok3694">in</token>
      <token status="ok" id="tok3695">electrical</token>
      <token status="ok" id="tok3696">states</token>
    </studentAnswer>
    <studentAnswer count="1" answerMatch="answer246" raw_text="the voltage stays the same within the battery" id="FaultFinding-VOLTAGE_INCOMPLETE_CIRCUIT_2_Q.sbjb36-l1.qa179" accuracy="contradictory">
      <token status="ok" id="tok3813">the</token>
      <token status="ok" id="tok3814">voltage</token>
      <token status="ok" id="tok3815">stays</token>
      <token status="ok" id="tok3816">the</token>
      <token status="ok" id="tok3817">same</token>
      <token status="ok" id="tok3818">within</token>
      <token status="ok" id="tok3819">the</token>
      <token status="ok" id="tok3820">battery</token>
    </studentAnswer>
    <studentAnswer count="1" raw_text="I don&quot;t know" id="FaultFinding-VOLTAGE_INCOMPLETE_CIRCUIT_2_Q.sbjb37-l1.qa179" accuracy="non_domain">
      <token status="ok" id="tok3615">I</token>
      <token status="ok" id="tok3616">do</token>
      <token status="pennTokenFragment" id="tok3617">n't</token>
      <token status="ok" id="tok3618">know</token>
    </studentAnswer>
    <studentAnswer count="1" answerMatch="answer246" raw_text="Because the two terminals will always have different electrical states." id="FaultFinding-VOLTAGE_INCOMPLETE_CIRCUIT_2_Q.sbjb38-l1.qa180" accuracy="partially_correct_incomplete">
      <token status="ok" id="tok3572">Because</token>
      <token status="ok" id="tok3573">the</token>
      <token status="ok" id="tok3574">two</token>
      <token status="ok" id="tok3575">terminals</token>
      <token status="ok" id="tok3576">will</token>
      <token status="ok" id="tok3577">always</token>
      <token status="ok" id="tok3578">have</token>
      <token status="ok" id="tok3579">different</token>
      <token status="ok" id="tok3580">electrical</token>
      <token status="ok" id="tok3581">states</token>
    </studentAnswer>
    <studentAnswer count="1" answerMatch="answer246" raw_text="because voltage is the difference in electrical states between two terminals." id="FaultFinding-VOLTAGE_INCOMPLETE_CIRCUIT_2_Q.sbjb39-l1.qa182" accuracy="partially_correct_incomplete">
      <token status="ok" id="tok3719">because</token>
      <token status="ok" id="tok3720">voltage</token>
      <token status="ok" id="tok3721">is</token>
      <token status="ok" id="tok3722">the</token>
      <token status="ok" id="tok3723">difference</token>
      <token status="ok" id="tok3724">in</token>
      <token status="ok" id="tok3725">electrical</token>
      <token status="ok" id="tok3726">states</token>
      <token status="ok" id="tok3727">between</token>
      <token status="ok" id="tok3728">two</token>
      <token status="ok" id="tok3729">terminals</token>
    </studentAnswer>
    <studentAnswer count="1" answerMatch="answer246" raw_text="because the battery has its own chemical reacion between the positive and negative tterminals it contains" id="FaultFinding-VOLTAGE_INCOMPLETE_CIRCUIT_2_Q.sbjb42-l1.qa182" accuracy="partially_correct_incomplete">
      <token status="ok" id="tok3689">because</token>
      <token status="ok" id="tok3690">the</token>
      <token status="ok" id="tok3691">battery</token>
      <token status="ok" id="tok3692">has</token>
      <token status="ok" id="tok3693">its</token>
      <token status="ok" id="tok3694">own</token>
      <token status="ok" id="tok3695">chemical</token>
      <token status="ok" id="tok3696" original="reacion">reaction</token>
      <token status="ok" id="tok3697">between</token>
      <token status="ok" id="tok3698">the</token>
      <token status="ok" id="tok3699">positive</token>
      <token status="ok" id="tok3700">and</token>
      <token status="ok" id="tok3701">negative</token>
      <token status="ok" id="tok3702" original="tterminals">terminals</token>
      <token status="ok" id="tok3703">it</token>
      <token status="ok" id="tok3704">contains</token>
    </studentAnswer>
  </studentAnswers>
</question>
