<?xml version="1.0"?>
<question qtype="Q_EXPLAIN_SPECIFIC" id="VOLTAGE_GAP_EXPLAIN_WHY3" module="FaultFinding" stype="EVALUATE">
  <questionText>Explain why you got a voltage reading of 1.5 for terminal 3 and the positive terminal.</questionText>
  <referenceAnswers>
    <referenceAnswer category="BEST" id="answer162" fileID="VOLTAGE_GAP_EXPLAIN_WHY3_ANS1">Terminal 3 and the positive terminal are separated by the gap</referenceAnswer>
    <referenceAnswer category="BEST" id="answer163" fileID="VOLTAGE_GAP_EXPLAIN_WHY3_ANS2">Terminal 3 and the positive terminal are not connected</referenceAnswer>
    <referenceAnswer category="MINIMAL" id="answer164" fileID="VOLTAGE_GAP_EXPLAIN_WHY3_ANS3">terminal 3 is connected to the negative battery terminal</referenceAnswer>
    <referenceAnswer category="MINIMAL" id="answer165" fileID="VOLTAGE_GAP_EXPLAIN_WHY3_ANS4">terminal 3 is not separated from the negative battery terminal</referenceAnswer>
    <referenceAnswer category="MINIMAL" id="answer165.NEW" fileID="NONE">Terminal 3 and the positive battery terminal are in different electrical states</referenceAnswer>
  </referenceAnswers>
  <studentAnswers>
    <studentAnswer count="1" answerMatch="answer162" raw_text="positive battery terminal is separated by a gap from terminal 3" id="FaultFinding-VOLTAGE_GAP_EXPLAIN_WHY3.sbj3-l1.qa166" accuracy="correct">
      <token status="ok" id="tok3064">positive</token>
      <token status="ok" id="tok3065">battery</token>
      <token status="ok" id="tok3066">terminal</token>
      <token status="ok" id="tok3067">is</token>
      <token status="ok" id="tok3068">separated</token>
      <token status="ok" id="tok3069">by</token>
      <token status="ok" id="tok3070">a</token>
      <token status="ok" id="tok3071">gap</token>
      <token status="ok" id="tok3072">from</token>
      <token status="ok" id="tok3073">terminal</token>
      <token status="numerical" id="tok3074">3</token>
    </studentAnswer>
    <studentAnswer count="1" answerMatch="answer162" raw_text="there is a gap between terminal 3 and the positive terminal" id="FaultFinding-VOLTAGE_GAP_EXPLAIN_WHY3.sbj7-l1.qa158" accuracy="correct">
      <token status="ok" id="tok2560">there</token>
      <token status="ok" id="tok2561">is</token>
      <token status="ok" id="tok2562">a</token>
      <token status="ok" id="tok2563">gap</token>
      <token status="ok" id="tok2564">between</token>
      <token status="ok" id="tok2565">terminal</token>
      <token status="numerical" id="tok2566">3</token>
      <token status="ok" id="tok2567">and</token>
      <token status="ok" id="tok2568">the</token>
      <token status="ok" id="tok2569">positive</token>
      <token status="ok" id="tok2570">terminal</token>
    </studentAnswer>
    <studentAnswer count="8" answerMatch="answer162" raw_text="The positive battery terminal is seperated by a gap from terminal 3" id="FaultFinding-VOLTAGE_GAP_EXPLAIN_WHY3.sbj8-l1.qa187" accuracy="correct">
      <token status="ok" id="tok3230">The</token>
      <token status="ok" id="tok3231">positive</token>
      <token status="ok" id="tok3232">battery</token>
      <token status="ok" id="tok3233">terminal</token>
      <token status="ok" id="tok3234">is</token>
      <token status="ok" id="tok3235" original="seperated">separated</token>
      <token status="ok" id="tok3236">by</token>
      <token status="ok" id="tok3237">a</token>
      <token status="ok" id="tok3238">gap</token>
      <token status="ok" id="tok3239">from</token>
      <token status="ok" id="tok3240">terminal</token>
      <token status="numerical" id="tok3241">3</token>
    </studentAnswer>
    <studentAnswer count="9" answerMatch="answer162" raw_text="the positive battery terminal is seperated by a gap from terminal 3." id="FaultFinding-VOLTAGE_GAP_EXPLAIN_WHY3.sbj9-l1.qa159" accuracy="correct">
      <token status="ok" id="tok2746">the</token>
      <token status="ok" id="tok2747">positive</token>
      <token status="ok" id="tok2748">battery</token>
      <token status="ok" id="tok2749">terminal</token>
      <token status="ok" id="tok2750">is</token>
      <token status="ok" id="tok2751" original="seperated">separated</token>
      <token status="ok" id="tok2752">by</token>
      <token status="ok" id="tok2753">a</token>
      <token status="ok" id="tok2754">gap</token>
      <token status="ok" id="tok2755">from</token>
      <token status="ok" id="tok2756">terminal</token>
      <token status="numerical" id="tok2757">3</token>
    </studentAnswer>
    <studentAnswer count="1" answerMatch="answer162" raw_text="the positive battery terminal is separarted by a gap from terminal 3." id="FaultFinding-VOLTAGE_GAP_EXPLAIN_WHY3.sbj11-l1.qa187" accuracy="correct">
      <token status="ok" id="tok3055">the</token>
      <token status="ok" id="tok3056">positive</token>
      <token status="ok" id="tok3057">battery</token>
      <token status="ok" id="tok3058">terminal</token>
      <token status="ok" id="tok3059">is</token>
      <token status="ok" id="tok3060" original="separarted">separated</token>
      <token status="ok" id="tok3061">by</token>
      <token status="ok" id="tok3062">a</token>
      <token status="ok" id="tok3063">gap</token>
      <token status="ok" id="tok3064">from</token>
      <token status="ok" id="tok3065">terminal</token>
      <token status="numerical" id="tok3066">3</token>
    </studentAnswer>
    <studentAnswer count="12" answerMatch="answer162" raw_text="The positive battery terminal is separated by a gap from terminal 3" id="FaultFinding-VOLTAGE_GAP_EXPLAIN_WHY3.sbj12-l1.qa156" accuracy="correct">
      <token status="ok" id="tok2732">The</token>
      <token status="ok" id="tok2733">positive</token>
      <token status="ok" id="tok2734">battery</token>
      <token status="ok" id="tok2735">terminal</token>
      <token status="ok" id="tok2736">is</token>
      <token status="ok" id="tok2737">separated</token>
      <token status="ok" id="tok2738">by</token>
      <token status="ok" id="tok2739">a</token>
      <token status="ok" id="tok2740">gap</token>
      <token status="ok" id="tok2741">from</token>
      <token status="ok" id="tok2742">terminal</token>
      <token status="numerical" id="tok2743">3</token>
    </studentAnswer>
    <studentAnswer count="13" answerMatch="answer162" raw_text="the positive battery terminal is separated by a gap from terminal 3." id="FaultFinding-VOLTAGE_GAP_EXPLAIN_WHY3.sbj13-l1.qa185" accuracy="correct">
      <token status="ok" id="tok3213">the</token>
      <token status="ok" id="tok3214">positive</token>
      <token status="ok" id="tok3215">battery</token>
      <token status="ok" id="tok3216">terminal</token>
      <token status="ok" id="tok3217">is</token>
      <token status="ok" id="tok3218">separated</token>
      <token status="ok" id="tok3219">by</token>
      <token status="ok" id="tok3220">a</token>
      <token status="ok" id="tok3221">gap</token>
      <token status="ok" id="tok3222">from</token>
      <token status="ok" id="tok3223">terminal</token>
      <token status="numerical" id="tok3224">3</token>
    </studentAnswer>
    <studentAnswer count="1" answerMatch="answer162" raw_text="because the positive battery terminal is seperated by a gap from terminal 3" id="FaultFinding-VOLTAGE_GAP_EXPLAIN_WHY3.sbj15-l1.qa197" accuracy="correct">
      <token status="ok" id="tok3435">because</token>
      <token status="ok" id="tok3436">the</token>
      <token status="ok" id="tok3437">positive</token>
      <token status="ok" id="tok3438">battery</token>
      <token status="ok" id="tok3439">terminal</token>
      <token status="ok" id="tok3440">is</token>
      <token status="ok" id="tok3441" original="seperated">separated</token>
      <token status="ok" id="tok3442">by</token>
      <token status="ok" id="tok3443">a</token>
      <token status="ok" id="tok3444">gap</token>
      <token status="ok" id="tok3445">from</token>
      <token status="ok" id="tok3446">terminal</token>
      <token status="numerical" id="tok3447">3</token>
    </studentAnswer>
    <studentAnswer count="1" answerMatch="answer163" raw_text="Terminal 3 is not connected to the positive battery terminal." id="FaultFinding-VOLTAGE_GAP_EXPLAIN_WHY3.sbj18-l1.qa159" accuracy="correct">
      <token status="ok" id="tok2703">Terminal</token>
      <token status="numerical" id="tok2704">3</token>
      <token status="ok" id="tok2705">is</token>
      <token status="ok" id="tok2706">not</token>
      <token status="ok" id="tok2707">connected</token>
      <token status="ok" id="tok2708">to</token>
      <token status="ok" id="tok2709">the</token>
      <token status="ok" id="tok2710">positive</token>
      <token status="ok" id="tok2711">battery</token>
      <token status="ok" id="tok2712">terminal</token>
    </studentAnswer>
    <studentAnswer count="1" answerMatch="answer162" raw_text="the positive batter terminal is seperated by a gap from terminal 3" id="FaultFinding-VOLTAGE_GAP_EXPLAIN_WHY3.sbj19-l1.qa206" accuracy="correct">
      <token status="ok" id="tok3612">the</token>
      <token status="ok" id="tok3613">positive</token>
      <token status="ok" id="tok3614">batter</token>
      <token status="ok" id="tok3615">terminal</token>
      <token status="ok" id="tok3616">is</token>
      <token status="ok" id="tok3617" original="seperated">separated</token>
      <token status="ok" id="tok3618">by</token>
      <token status="ok" id="tok3619">a</token>
      <token status="ok" id="tok3620">gap</token>
      <token status="ok" id="tok3621">from</token>
      <token status="ok" id="tok3622">terminal</token>
      <token status="numerical" id="tok3623">3</token>
    </studentAnswer>
    <studentAnswer count="1" answerMatch="answer162" raw_text="the positive battery terminal is separaed by a gap from terminal 3" id="FaultFinding-VOLTAGE_GAP_EXPLAIN_WHY3.sbj22-l1.qa181" accuracy="correct">
      <token status="ok" id="tok3213">the</token>
      <token status="ok" id="tok3214">positive</token>
      <token status="ok" id="tok3215">battery</token>
      <token status="ok" id="tok3216">terminal</token>
      <token status="ok" id="tok3217">is</token>
      <token status="ok" id="tok3218" original="separaed">separated</token>
      <token status="ok" id="tok3219">by</token>
      <token status="ok" id="tok3220">a</token>
      <token status="ok" id="tok3221">gap</token>
      <token status="ok" id="tok3222">from</token>
      <token status="ok" id="tok3223">terminal</token>
      <token status="numerical" id="tok3224">3</token>
    </studentAnswer>
    <studentAnswer count="1" raw_text="same answer as above" id="FaultFinding-VOLTAGE_GAP_EXPLAIN_WHY3.sbj24-l1.qa177" accuracy="non_domain">
      <token status="ok" id="tok3075">same</token>
      <token status="ok" id="tok3076">answer</token>
      <token status="ok" id="tok3077">as</token>
      <token status="ok" id="tok3078">above</token>
    </studentAnswer>
    <studentAnswer count="1" raw_text="sorry but thats all i got and if thats wrong, then i dont know the answer" id="FaultFinding-VOLTAGE_GAP_EXPLAIN_WHY3.sbj24-l1.qa178" accuracy="non_domain">
      <token status="ok" id="tok3089">sorry</token>
      <token status="ok" id="tok3090">but</token>
      <token status="ok" id="tok3091a">that</token>
      <token status="pennTokenFragment" id="tok3091b" original="s">'s</token>
      <token status="ok" id="tok3092">all</token>
      <token status="ok" id="tok3093">i</token>
      <token status="ok" id="tok3094">got</token>
      <token status="ok" id="tok3095">and</token>
      <token status="ok" id="tok3096">if</token>
      <token status="ok" id="tok3097a">that</token>
      <token status="pennTokenFragment" id="tok3097b" original="s">'s</token>
      <token status="ok" id="tok3098">wrong</token>
      <token status="ok" id="tok3099">then</token>
      <token status="ok" id="tok3100">i</token>
      <token status="ok" id="tok3101a">do</token>
      <token status="pennTokenFragment" id="tok3101b" original="nt">n't</token>
      <token status="ok" id="tok3102">know</token>
      <token status="ok" id="tok3103">the</token>
      <token status="ok" id="tok3104">answer</token>
    </studentAnswer>
    <studentAnswer count="1" answerMatch="answer162" raw_text="the positive terminal is seperated by a gap from terminal 3" id="FaultFinding-VOLTAGE_GAP_EXPLAIN_WHY3.sbj26-l1.qa192" accuracy="correct">
      <token status="ok" id="tok3066">the</token>
      <token status="ok" id="tok3067">positive</token>
      <token status="ok" id="tok3068">terminal</token>
      <token status="ok" id="tok3069">is</token>
      <token status="ok" id="tok3070" original="seperated">separated</token>
      <token status="ok" id="tok3071">by</token>
      <token status="ok" id="tok3072">a</token>
      <token status="ok" id="tok3073">gap</token>
      <token status="ok" id="tok3074">from</token>
      <token status="ok" id="tok3075">terminal</token>
      <token status="numerical" id="tok3076">3</token>
    </studentAnswer>
    <studentAnswer count="1" answerMatch="answer162" raw_text="the positive battery terminal s separated by a gap from terminal 3" id="FaultFinding-VOLTAGE_GAP_EXPLAIN_WHY3.sbj29-l1.qa174" accuracy="correct">
      <token status="ok" id="tok2850">the</token>
      <token status="ok" id="tok2851">positive</token>
      <token status="ok" id="tok2852">battery</token>
      <token status="ok" id="tok2853">terminal</token>
      <token status="ok" id="tok2854" original="s">is</token>
      <token status="ok" id="tok2855">separated</token>
      <token status="ok" id="tok2856">by</token>
      <token status="ok" id="tok2857">a</token>
      <token status="ok" id="tok2858">gap</token>
      <token status="ok" id="tok2859">from</token>
      <token status="ok" id="tok2860">terminal</token>
      <token status="numerical" id="tok2861">3</token>
    </studentAnswer>
    <studentAnswer count="1" raw_text="The positive battery terminal is separated by a gap from terminal 1. and germinal 3 is connected to the negative battery termina" id="FaultFinding-VOLTAGE_GAP_EXPLAIN_WHY3.sbj31-l1.qa170" accuracy="correct">
      <token status="ok" id="tok2734">The</token>
      <token status="ok" id="tok2735">positive</token>
      <token status="ok" id="tok2736">battery</token>
      <token status="ok" id="tok2737">terminal</token>
      <token status="ok" id="tok2738">is</token>
      <token status="ok" id="tok2739">separated</token>
      <token status="ok" id="tok2740">by</token>
      <token status="ok" id="tok2741">a</token>
      <token status="ok" id="tok2742">gap</token>
      <token status="ok" id="tok2743">from</token>
      <token status="ok" id="tok2744">terminal</token>
      <token status="numerical" id="tok2745">1</token>
      <token status="ok" id="tok2746">and</token>
      <token status="ok" id="tok2747" original="germinal">terminal</token>
      <token status="numerical" id="tok2748">3</token>
      <token status="ok" id="tok2749">is</token>
      <token status="ok" id="tok2750">connected</token>
      <token status="ok" id="tok2751">to</token>
      <token status="ok" id="tok2752">the</token>
      <token status="ok" id="tok2753">negative</token>
      <token status="ok" id="tok2754">battery</token>
      <token status="ok" id="tok2755" original="termina">terminal</token>
    </studentAnswer>
    <studentAnswer count="1" answerMatch="answer164" raw_text="terminal 3 is connected to the negative battery terminal" id="FaultFinding-VOLTAGE_GAP_EXPLAIN_WHY3.sbj31-l1.qa171" accuracy="correct">
      <token status="ok" id="tok2775">terminal</token>
      <token status="numerical" id="tok2776">3</token>
      <token status="ok" id="tok2777">is</token>
      <token status="ok" id="tok2778">connected</token>
      <token status="ok" id="tok2779">to</token>
      <token status="ok" id="tok2780">the</token>
      <token status="ok" id="tok2781">negative</token>
      <token status="ok" id="tok2782">battery</token>
      <token status="ok" id="tok2783">terminal</token>
    </studentAnswer>
    <studentAnswer count="1" answerMatch="answer162" raw_text="There is a gap between the positive terminal and terminal 3" id="FaultFinding-VOLTAGE_GAP_EXPLAIN_WHY3.sbj34-l1.qa157" accuracy="correct">
      <token status="ok" id="tok2497">There</token>
      <token status="ok" id="tok2498">is</token>
      <token status="ok" id="tok2499">a</token>
      <token status="ok" id="tok2500">gap</token>
      <token status="ok" id="tok2501">between</token>
      <token status="ok" id="tok2502">the</token>
      <token status="ok" id="tok2503">positive</token>
      <token status="ok" id="tok2504">terminal</token>
      <token status="ok" id="tok2505">and</token>
      <token status="ok" id="tok2506">terminal</token>
      <token status="numerical" id="tok2507">3</token>
    </studentAnswer>
    <studentAnswer count="1" raw_text="There was no gap between terminal 3 and the positive terminal." id="FaultFinding-VOLTAGE_GAP_EXPLAIN_WHY3.sbj35-l1.qa172" accuracy="contradictory">
      <token status="ok" id="tok3030">There</token>
      <token status="ok" id="tok3031">was</token>
      <token status="ok" id="tok3032">no</token>
      <token status="ok" id="tok3033">gap</token>
      <token status="ok" id="tok3034">between</token>
      <token status="ok" id="tok3035">terminal</token>
      <token status="numerical" id="tok3036">3</token>
      <token status="ok" id="tok3037">and</token>
      <token status="ok" id="tok3038">the</token>
      <token status="ok" id="tok3039">positive</token>
      <token status="ok" id="tok3040">terminal</token>
    </studentAnswer>
    <studentAnswer count="1" raw_text="Terminal 2 had a 0.00 V." id="FaultFinding-VOLTAGE_GAP_EXPLAIN_WHY3.sbj35-l1.qa173" accuracy="irrelevant">
      <token status="ok" id="tok3054">Terminal</token>
      <token status="numerical" id="tok3055">2</token>
      <token status="ok" id="tok3056">had</token>
      <token status="ok" id="tok3057">a</token>
      <token status="numerical" id="tok3058">0.00</token>
      <token status="numerical" id="tok3059">V</token>
    </studentAnswer>
    <studentAnswer count="1" answerMatch="answer162" raw_text="There was a gap between terminal 3 and the positive terminal." id="FaultFinding-VOLTAGE_GAP_EXPLAIN_WHY3.sbj35-l1.qa174" accuracy="correct">
      <token status="ok" id="tok3071">There</token>
      <token status="ok" id="tok3072">was</token>
      <token status="ok" id="tok3073">a</token>
      <token status="ok" id="tok3074">gap</token>
      <token status="ok" id="tok3075">between</token>
      <token status="ok" id="tok3076">terminal</token>
      <token status="numerical" id="tok3077">3</token>
      <token status="ok" id="tok3078">and</token>
      <token status="ok" id="tok3079">the</token>
      <token status="ok" id="tok3080">positive</token>
      <token status="ok" id="tok3081">terminal</token>
    </studentAnswer>
    <studentAnswer count="1" answerMatch="answer163" raw_text="terminal 3 and the positie terminal are not connected." id="FaultFinding-VOLTAGE_GAP_EXPLAIN_WHY3.sbj40-l1.qa186" accuracy="correct">
      <token status="ok" id="tok3249">terminal</token>
      <token status="numerical" id="tok3250">3</token>
      <token status="ok" id="tok3251">and</token>
      <token status="ok" id="tok3252">the</token>
      <token status="ok" id="tok3253" original="positie">positive</token>
      <token status="ok" id="tok3254">terminal</token>
      <token status="ok" id="tok3255">are</token>
      <token status="ok" id="tok3256">not</token>
      <token status="ok" id="tok3257">connected</token>
    </studentAnswer>
    <studentAnswer count="1" raw_text="positive and negative is seperate" id="FaultFinding-VOLTAGE_GAP_EXPLAIN_WHY3.sbj46-l1.qa177" accuracy="irrelevant">
      <token status="ok" id="tok2935">positive</token>
      <token status="ok" id="tok2936">and</token>
      <token status="ok" id="tok2937">negative</token>
      <token status="ok" id="tok2938">is</token>
      <token status="ok" id="tok2939" original="seperate">separate</token>
    </studentAnswer>
    <studentAnswer count="1" raw_text="positive battery seperated by gap from terminal 1" id="FaultFinding-VOLTAGE_GAP_EXPLAIN_WHY3.sbj46-l1.qa178" accuracy="irrelevant">
      <token status="ok" id="tok2951">positive</token>
      <token status="ok" id="tok2952">battery</token>
      <token status="ok" id="tok2953" original="seperated">separated</token>
      <token status="ok" id="tok2954">by</token>
      <token status="ok" id="tok2955">gap</token>
      <token status="ok" id="tok2956">from</token>
      <token status="ok" id="tok2957">terminal</token>
      <token status="numerical" id="tok2958">1</token>
    </studentAnswer>
    <studentAnswer count="1" raw_text="positive is seperated from negative!" id="FaultFinding-VOLTAGE_GAP_EXPLAIN_WHY3.sbj46-l1.qa179" accuracy="irrelevant">
      <token status="ok" id="tok2985">positive</token>
      <token status="ok" id="tok2986">is</token>
      <token status="ok" id="tok2987" original="seperated">separated</token>
      <token status="ok" id="tok2988">from</token>
      <token status="ok" id="tok2989">negative</token>
    </studentAnswer>
    <studentAnswer count="1" answerMatch="answer163" raw_text="Because terminal 3 is not connected to the positive terminal" id="FaultFinding-VOLTAGE_GAP_EXPLAIN_WHY3.sbj47-l1.qa190" accuracy="correct">
      <token status="ok" id="tok3379">Because</token>
      <token status="ok" id="tok3380">terminal</token>
      <token status="numerical" id="tok3381">3</token>
      <token status="ok" id="tok3382">is</token>
      <token status="ok" id="tok3383">not</token>
      <token status="ok" id="tok3384">connected</token>
      <token status="ok" id="tok3385">to</token>
      <token status="ok" id="tok3386">the</token>
      <token status="ok" id="tok3387">positive</token>
      <token status="ok" id="tok3388">terminal</token>
    </studentAnswer>
    <studentAnswer count="1" answerMatch="answer162" raw_text="because the positive terminal is separated by a gap from terminal 3" id="FaultFinding-VOLTAGE_GAP_EXPLAIN_WHY3.sbj48-l1.qa159" accuracy="correct">
      <token status="ok" id="tok2915">because</token>
      <token status="ok" id="tok2916">the</token>
      <token status="ok" id="tok2917">positive</token>
      <token status="ok" id="tok2918">terminal</token>
      <token status="ok" id="tok2919">is</token>
      <token status="ok" id="tok2920">separated</token>
      <token status="ok" id="tok2921">by</token>
      <token status="ok" id="tok2922">a</token>
      <token status="ok" id="tok2923">gap</token>
      <token status="ok" id="tok2924">from</token>
      <token status="ok" id="tok2925">terminal</token>
      <token status="numerical" id="tok2926">3</token>
    </studentAnswer>
    <studentAnswer count="1" answerMatch="answer162" raw_text="There&quot;s a gap." id="FaultFinding-VOLTAGE_GAP_EXPLAIN_WHY3.sbjb7-l1.qa137" accuracy="partially_correct_incomplete">
      <token status="ok" id="tok2515">There</token>
      <token status="pennTokenFragment" id="tok2516">'s</token>
      <token status="ok" id="tok2517">a</token>
      <token status="ok" id="tok2518">gap</token>
    </studentAnswer>
    <studentAnswer count="1" raw_text="for the same reason as 1" id="FaultFinding-VOLTAGE_GAP_EXPLAIN_WHY3.sbjb10-l1.qa137" accuracy="contradictory">
      <token status="ok" id="tok2471">for</token>
      <token status="ok" id="tok2472">the</token>
      <token status="ok" id="tok2473">same</token>
      <token status="ok" id="tok2474">reason</token>
      <token status="ok" id="tok2475">as</token>
      <token status="numerical" id="tok2476">1</token>
    </studentAnswer>
    <studentAnswer count="1" answerMatch="answer162" raw_text="gap between 3 and positive battery" id="FaultFinding-VOLTAGE_GAP_EXPLAIN_WHY3.sbjb15-l1.qa139" accuracy="correct">
      <token status="ok" id="tok2517">gap</token>
      <token status="ok" id="tok2518">between</token>
      <token status="numerical" id="tok2519">3</token>
      <token status="ok" id="tok2520">and</token>
      <token status="ok" id="tok2521">positive</token>
      <token status="ok" id="tok2522">battery</token>
    </studentAnswer>
    <studentAnswer count="1" answerMatch="answer162" raw_text="it was seperated by a gap from terminal 3" id="FaultFinding-VOLTAGE_GAP_EXPLAIN_WHY3.sbjb16-l1.qa139" accuracy="correct">
      <token status="ok" id="tok2568">it</token>
      <token status="ok" id="tok2569">was</token>
      <token status="ok" id="tok2570" original="seperated">separated</token>
      <token status="ok" id="tok2571">by</token>
      <token status="ok" id="tok2572">a</token>
      <token status="ok" id="tok2573">gap</token>
      <token status="ok" id="tok2574">from</token>
      <token status="ok" id="tok2575">terminal</token>
      <token status="numerical" id="tok2576">3</token>
    </studentAnswer>
    <studentAnswer count="1" raw_text="i dont know" id="FaultFinding-VOLTAGE_GAP_EXPLAIN_WHY3.sbjb18-l1.qa149" accuracy="non_domain">
      <token status="ok" id="tok2648">i</token>
      <token status="ok" id="tok2649a">do</token>
      <token status="pennTokenFragment" id="tok2649b" original="nt">n't</token>
      <token status="ok" id="tok2650">know</token>
    </studentAnswer>
    <studentAnswer count="1" answerMatch="answer162" raw_text="the positve battery terminal is separated by a gap from terminal 3" id="FaultFinding-VOLTAGE_GAP_EXPLAIN_WHY3.sbjb22-l1.qa148" accuracy="correct">
      <token status="ok" id="tok2604">the</token>
      <token status="ok" id="tok2605" original="positve">positive</token>
      <token status="ok" id="tok2606">battery</token>
      <token status="ok" id="tok2607">terminal</token>
      <token status="ok" id="tok2608">is</token>
      <token status="ok" id="tok2609">separated</token>
      <token status="ok" id="tok2610">by</token>
      <token status="ok" id="tok2611">a</token>
      <token status="ok" id="tok2612">gap</token>
      <token status="ok" id="tok2613">from</token>
      <token status="ok" id="tok2614">terminal</token>
      <token status="numerical" id="tok2615">3</token>
    </studentAnswer>
    <studentAnswer count="1" answerMatch="answer162" raw_text="The positive battery terminal is separated by a gap from terminal 1." id="FaultFinding-VOLTAGE_GAP_EXPLAIN_WHY3.sbjb24-l1.qa145" accuracy="contradictory">
      <token status="ok" id="tok2540">The</token>
      <token status="ok" id="tok2541">positive</token>
      <token status="ok" id="tok2542">battery</token>
      <token status="ok" id="tok2543">terminal</token>
      <token status="ok" id="tok2544">is</token>
      <token status="ok" id="tok2545">separated</token>
      <token status="ok" id="tok2546">by</token>
      <token status="ok" id="tok2547">a</token>
      <token status="ok" id="tok2548">gap</token>
      <token status="ok" id="tok2549">from</token>
      <token status="ok" id="tok2550">terminal</token>
      <token status="numerical" id="tok2551">1</token>
    </studentAnswer>
    <studentAnswer count="1" raw_text="BECAUSE. IT WAS ATTACHED TO THE POSITIVE TERMINAL." id="FaultFinding-VOLTAGE_GAP_EXPLAIN_WHY3.sbjb25-l1.qa142" accuracy="contradictory">
      <token status="ok" id="tok2572+" original="BECAUSE.">BECAUSE</token>
      <token status="ok" id="tok2573">IT</token>
      <token status="ok" id="tok2574">WAS</token>
      <token status="ok" id="tok2575">ATTACHED</token>
      <token status="ok" id="tok2576">TO</token>
      <token status="ok" id="tok2577">THE</token>
      <token status="ok" id="tok2578">POSITIVE</token>
      <token status="ok" id="tok2579">TERMINAL</token>
    </studentAnswer>
    <studentAnswer count="1" answerMatch="answer162" raw_text="The positive terminal is seperated by a gap from terminal 3." id="FaultFinding-VOLTAGE_GAP_EXPLAIN_WHY3.sbjb26-l1.qa138" accuracy="correct">
      <token status="ok" id="tok2574">The</token>
      <token status="ok" id="tok2575">positive</token>
      <token status="ok" id="tok2576">terminal</token>
      <token status="ok" id="tok2577">is</token>
      <token status="ok" id="tok2578" original="seperated">separated</token>
      <token status="ok" id="tok2579">by</token>
      <token status="ok" id="tok2580">a</token>
      <token status="ok" id="tok2581">gap</token>
      <token status="ok" id="tok2582">from</token>
      <token status="ok" id="tok2583">terminal</token>
      <token status="numerical" id="tok2584">3</token>
    </studentAnswer>
    <studentAnswer count="1" answerMatch="answer162" raw_text="gap between terminal 3 and positive battery terminal" id="FaultFinding-VOLTAGE_GAP_EXPLAIN_WHY3.sbjb28-l1.qa142" accuracy="correct">
      <token status="ok" id="tok2463">gap</token>
      <token status="ok" id="tok2464">between</token>
      <token status="ok" id="tok2465">terminal</token>
      <token status="numerical" id="tok2466">3</token>
      <token status="ok" id="tok2467">and</token>
      <token status="ok" id="tok2468">positive</token>
      <token status="ok" id="tok2469">battery</token>
      <token status="ok" id="tok2470">terminal</token>
    </studentAnswer>
    <studentAnswer count="1" answerMatch="answer162" raw_text="The positive battery terminal is separated bya gap from terminal 3." id="FaultFinding-VOLTAGE_GAP_EXPLAIN_WHY3.sbjb34-l1.qa137" accuracy="correct">
      <token status="ok" id="tok2514">The</token>
      <token status="ok" id="tok2515">positive</token>
      <token status="ok" id="tok2516">battery</token>
      <token status="ok" id="tok2517">terminal</token>
      <token status="ok" id="tok2518">is</token>
      <token status="ok" id="tok2519">separated</token>
      <token status="ok" id="tok2520a">by</token>
      <token status="ok" id="tok2520b">a</token>
      <token status="ok" id="tok2521">gap</token>
      <token status="ok" id="tok2522">from</token>
      <token status="ok" id="tok2523">terminal</token>
      <token status="numerical" id="tok2524">3</token>
    </studentAnswer>
    <studentAnswer count="1" raw_text="Because there are not gaps in the system from  the - to the bulb then from there  to terminal 3 and the + of the battery." id="FaultFinding-VOLTAGE_GAP_EXPLAIN_WHY3.sbjb35-l1.qa138" accuracy="contradictory">
      <token status="ok" id="tok2612">Because</token>
      <token status="ok" id="tok2613">there</token>
      <token status="ok" id="tok2614">are</token>
      <token status="ok" id="tok2615">not</token>
      <token status="ok" id="tok2616">gaps</token>
      <token status="ok" id="tok2617">in</token>
      <token status="ok" id="tok2618">the</token>
      <token status="ok" id="tok2619">system</token>
      <token status="ok" id="tok2620">from</token>
      <token status="ok" id="tok2621">the</token>
      <token status="ok" id="punc440">-</token>
      <token status="ok" id="tok2622">to</token>
      <token status="ok" id="tok2623">the</token>
      <token status="ok" id="tok2624">bulb</token>
      <token status="ok" id="tok2625">then</token>
      <token status="ok" id="tok2626">from</token>
      <token status="ok" id="tok2627">there</token>
      <token status="ok" id="tok2628">to</token>
      <token status="ok" id="tok2629">terminal</token>
      <token status="numerical" id="tok2630">3</token>
      <token status="ok" id="tok2631">and</token>
      <token status="ok" id="tok2632">the</token>
      <token status="ok" id="tok2633">+</token>
      <token status="ok" id="tok2634">of</token>
      <token status="ok" id="tok2635">the</token>
      <token status="ok" id="tok2636">battery</token>
    </studentAnswer>
    <studentAnswer count="1" answerMatch="answer164" raw_text="Terminal 3 was connected to the negative terminal" id="FaultFinding-VOLTAGE_GAP_EXPLAIN_WHY3.sbjb38-l1.qa138" accuracy="correct">
      <token status="ok" id="tok2482">Terminal</token>
      <token status="numerical" id="tok2483">3</token>
      <token status="ok" id="tok2484">was</token>
      <token status="ok" id="tok2485">connected</token>
      <token status="ok" id="tok2486">to</token>
      <token status="ok" id="tok2487">the</token>
      <token status="ok" id="tok2488">negative</token>
      <token status="ok" id="tok2489">terminal</token>
    </studentAnswer>
    <studentAnswer count="1" raw_text="The positive battery terminal is separated by a gap from terminal 2." id="FaultFinding-VOLTAGE_GAP_EXPLAIN_WHY3.sbjb42-l1.qa140" accuracy="irrelevant">
      <token status="ok" id="tok2555">The</token>
      <token status="ok" id="tok2556">positive</token>
      <token status="ok" id="tok2557">battery</token>
      <token status="ok" id="tok2558">terminal</token>
      <token status="ok" id="tok2559">is</token>
      <token status="ok" id="tok2560">separated</token>
      <token status="ok" id="tok2561">by</token>
      <token status="ok" id="tok2562">a</token>
      <token status="ok" id="tok2563">gap</token>
      <token status="ok" id="tok2564">from</token>
      <token status="ok" id="tok2565">terminal</token>
      <token status="numerical" id="tok2566">2</token>
    </studentAnswer>
  </studentAnswers>
</question>
