<?xml version="1.0"?>
<question qtype="Q_EXPLAIN_SPECIFIC" id="BURNED_BULB_PARALLEL_EXPLAIN_Q1" module="SwitchesBulbsParallel" stype="PREDICT">
  <questionText>Explain your reasoning.</questionText>
  <referenceAnswers>
    <referenceAnswer category="BEST" id="answer348" fileID="BURNED_BULB_PARALLEL_EXPLAIN_Q1_ANS1">bulbs B and C are still in closed paths with the battery</referenceAnswer>
    <referenceAnswer category="GOOD" id="answer349" fileID="BURNED_BULB_PARALLEL_EXPLAIN_Q1_ANS1_OLD">If bulb A burns out, bulbs B and C are still in a closed path</referenceAnswer>
    <referenceAnswer category="GOOD" id="answer351" fileID="BURNED_BULB_PARALLEL_EXPLAIN_Q1_ANS2">each bulb is in its own path</referenceAnswer>
  </referenceAnswers>
  <studentAnswers>
    <studentAnswer count="1" answerMatch="answer348" raw_text="because bulb b and c still are contained within a closed path of the battery" id="SwitchesBulbsParallel-BURNED_BULB_PARALLEL_EXPLAIN_Q1.sbj3-l2.qa82" accuracy="correct">
      <token status="ok" id="tok1520">because</token>
      <token status="ok" id="tok1521">bulb</token>
      <token status="ok" id="tok1522">b</token>
      <token status="ok" id="tok1523">and</token>
      <token status="ok" id="tok1524">c</token>
      <token status="ok" id="tok1525">still</token>
      <token status="ok" id="tok1526">are</token>
      <token status="ok" id="tok1527">contained</token>
      <token status="ok" id="tok1528">within</token>
      <token status="ok" id="tok1529">a</token>
      <token status="ok" id="tok1530">closed</token>
      <token status="ok" id="tok1531">path</token>
      <token status="ok" id="tok1532">of</token>
      <token status="ok" id="tok1533">the</token>
      <token status="ok" id="tok1534">battery</token>
    </studentAnswer>
    <studentAnswer count="1" answerMatch="answer348" raw_text="there is still a closed path that contains the battery, bulb b, and bulb c" id="SwitchesBulbsParallel-BURNED_BULB_PARALLEL_EXPLAIN_Q1.sbj7-l2.qa85" accuracy="correct">
      <token status="ok" id="tok1616">there</token>
      <token status="ok" id="tok1617">is</token>
      <token status="ok" id="tok1618">still</token>
      <token status="ok" id="tok1619">a</token>
      <token status="ok" id="tok1620">closed</token>
      <token status="ok" id="tok1621">path</token>
      <token status="ok" id="tok1622">that</token>
      <token status="ok" id="tok1623">contains</token>
      <token status="ok" id="tok1624">the</token>
      <token status="ok" id="tok1625">battery</token>
      <token status="ok" id="tok1626">bulb</token>
      <token status="ok" id="tok1627">b</token>
      <token status="ok" id="tok1628">and</token>
      <token status="ok" id="tok1629">bulb</token>
      <token status="ok" id="tok1630">c</token>
    </studentAnswer>
    <studentAnswer count="1" answerMatch="answer351" raw_text="they are in different path" id="SwitchesBulbsParallel-BURNED_BULB_PARALLEL_EXPLAIN_Q1.sbj8-l2.qa88" accuracy="correct">
      <token status="ok" id="tok1745">they</token>
      <token status="ok" id="tok1746">are</token>
      <token status="ok" id="tok1747">in</token>
      <token status="ok" id="tok1748">different</token>
      <token status="ok" id="tok1749">path</token>
    </studentAnswer>
    <studentAnswer count="1" answerMatch="answer348" raw_text="b and c will be in their own closed paths with the battery." id="SwitchesBulbsParallel-BURNED_BULB_PARALLEL_EXPLAIN_Q1.sbj9-l2.qa84" accuracy="correct">
      <token status="ok" id="tok1524">b</token>
      <token status="ok" id="tok1525">and</token>
      <token status="ok" id="tok1526">c</token>
      <token status="ok" id="tok1527">will</token>
      <token status="ok" id="tok1528">be</token>
      <token status="ok" id="tok1529">in</token>
      <token status="ok" id="tok1530">their</token>
      <token status="ok" id="tok1531">own</token>
      <token status="ok" id="tok1532">closed</token>
      <token status="ok" id="tok1533">paths</token>
      <token status="ok" id="tok1534">with</token>
      <token status="ok" id="tok1535">the</token>
      <token status="ok" id="tok1536">battery</token>
    </studentAnswer>
    <studentAnswer count="1" answerMatch="answer348" raw_text="bulb b will be in a closed path. bulb c will be in a closed path." id="SwitchesBulbsParallel-BURNED_BULB_PARALLEL_EXPLAIN_Q1.sbj9-l2.qa85" accuracy="correct">
      <token status="ok" id="tok1568">bulb</token>
      <token status="ok" id="tok1569">b</token>
      <token status="ok" id="tok1570">will</token>
      <token status="ok" id="tok1571">be</token>
      <token status="ok" id="tok1572">in</token>
      <token status="ok" id="tok1573">a</token>
      <token status="ok" id="tok1574">closed</token>
      <token status="ok" id="tok1575">path</token>
      <token status="ok" id="tok1576">bulb</token>
      <token status="ok" id="tok1577">c</token>
      <token status="ok" id="tok1578">will</token>
      <token status="ok" id="tok1579">be</token>
      <token status="ok" id="tok1580">in</token>
      <token status="ok" id="tok1581">a</token>
      <token status="ok" id="tok1582">closed</token>
      <token status="ok" id="tok1583">path</token>
    </studentAnswer>
    <studentAnswer count="1" answerMatch="answer348" raw_text="bulbs b and c are on a closed path with the battery" id="SwitchesBulbsParallel-BURNED_BULB_PARALLEL_EXPLAIN_Q1.sbj10-l2.qa90" accuracy="correct">
      <token status="ok" id="tok1759">bulbs</token>
      <token status="ok" id="tok1760">b</token>
      <token status="ok" id="tok1761">and</token>
      <token status="ok" id="tok1762">c</token>
      <token status="ok" id="tok1763">are</token>
      <token status="ok" id="tok1764">on</token>
      <token status="ok" id="tok1765">a</token>
      <token status="ok" id="tok1766">closed</token>
      <token status="ok" id="tok1767">path</token>
      <token status="ok" id="tok1768">with</token>
      <token status="ok" id="tok1769">the</token>
      <token status="ok" id="tok1770">battery</token>
    </studentAnswer>
    <studentAnswer count="1" answerMatch="answer348" raw_text="bulb b and bulb b are still in a closed path with the battery." id="SwitchesBulbsParallel-BURNED_BULB_PARALLEL_EXPLAIN_Q1.sbj11-l2.qa85" accuracy="correct">
      <token status="ok" id="tok1644">bulb</token>
      <token status="ok" id="tok1645">b</token>
      <token status="ok" id="tok1646">and</token>
      <token status="ok" id="tok1647">bulb</token>
      <token status="ok" id="tok1648">b</token>
      <token status="ok" id="tok1649">are</token>
      <token status="ok" id="tok1650">still</token>
      <token status="ok" id="tok1651">in</token>
      <token status="ok" id="tok1652">a</token>
      <token status="ok" id="tok1653">closed</token>
      <token status="ok" id="tok1654">path</token>
      <token status="ok" id="tok1655">with</token>
      <token status="ok" id="tok1656">the</token>
      <token status="ok" id="tok1657">battery</token>
    </studentAnswer>
    <studentAnswer count="1" answerMatch="answer348" raw_text="Bulbs B and C will still be on closed paths with the battery" id="SwitchesBulbsParallel-BURNED_BULB_PARALLEL_EXPLAIN_Q1.sbj12-l2.qa91" accuracy="correct">
      <token status="ok" id="tok1707">Bulbs</token>
      <token status="ok" id="tok1708">B</token>
      <token status="ok" id="tok1709">and</token>
      <token status="ok" id="tok1710">C</token>
      <token status="ok" id="tok1711">will</token>
      <token status="ok" id="tok1712">still</token>
      <token status="ok" id="tok1713">be</token>
      <token status="ok" id="tok1714">on</token>
      <token status="ok" id="tok1715">closed</token>
      <token status="ok" id="tok1716">paths</token>
      <token status="ok" id="tok1717">with</token>
      <token status="ok" id="tok1718">the</token>
      <token status="ok" id="tok1719">battery</token>
    </studentAnswer>
    <studentAnswer count="1" answerMatch="answer351" raw_text="Bulb A is not contained in the same path as bulb B and C." id="SwitchesBulbsParallel-BURNED_BULB_PARALLEL_EXPLAIN_Q1.sbj14-l2.qa89" accuracy="correct">
      <token status="ok" id="tok1674">Bulb</token>
      <token status="ok" id="tok1675">A</token>
      <token status="ok" id="tok1676">is</token>
      <token status="ok" id="tok1677">not</token>
      <token status="ok" id="tok1678">contained</token>
      <token status="ok" id="tok1679">in</token>
      <token status="ok" id="tok1680">the</token>
      <token status="ok" id="tok1681">same</token>
      <token status="ok" id="tok1682">path</token>
      <token status="ok" id="tok1683">as</token>
      <token status="ok" id="tok1684">bulb</token>
      <token status="ok" id="tok1685">B</token>
      <token status="ok" id="tok1686">and</token>
      <token status="ok" id="tok1687">C</token>
    </studentAnswer>
    <studentAnswer count="1" answerMatch="answer351" raw_text="Bulb A is not in the same path as Bulb B and Bulb C." id="SwitchesBulbsParallel-BURNED_BULB_PARALLEL_EXPLAIN_Q1.sbj14-l2.qa90" accuracy="correct">
      <token status="ok" id="tok1701">Bulb</token>
      <token status="ok" id="tok1702">A</token>
      <token status="ok" id="tok1703">is</token>
      <token status="ok" id="tok1704">not</token>
      <token status="ok" id="tok1705">in</token>
      <token status="ok" id="tok1706">the</token>
      <token status="ok" id="tok1707">same</token>
      <token status="ok" id="tok1708">path</token>
      <token status="ok" id="tok1709">as</token>
      <token status="ok" id="tok1710">Bulb</token>
      <token status="ok" id="tok1711">B</token>
      <token status="ok" id="tok1712">and</token>
      <token status="ok" id="tok1713">Bulb</token>
      <token status="ok" id="tok1714">C</token>
    </studentAnswer>
    <studentAnswer count="1" answerMatch="answer348" raw_text="Bulb B and bulb C are still in closed paths." id="SwitchesBulbsParallel-BURNED_BULB_PARALLEL_EXPLAIN_Q1.sbj14-l2.qa91" accuracy="partially_correct_incomplete">
      <token status="ok" id="tok1732">Bulb</token>
      <token status="ok" id="tok1733">B</token>
      <token status="ok" id="tok1734">and</token>
      <token status="ok" id="tok1735">bulb</token>
      <token status="ok" id="tok1736">C</token>
      <token status="ok" id="tok1737">are</token>
      <token status="ok" id="tok1738">still</token>
      <token status="ok" id="tok1739">in</token>
      <token status="ok" id="tok1740">closed</token>
      <token status="ok" id="tok1741">paths</token>
    </studentAnswer>
    <studentAnswer count="1" answerMatch="answer348" raw_text="because the circuits will be closed" id="SwitchesBulbsParallel-BURNED_BULB_PARALLEL_EXPLAIN_Q1.sbj15-l2.qa103" accuracy="contradictory">
      <token status="ok" id="tok2099">because</token>
      <token status="ok" id="tok2100">the</token>
      <token status="ok" id="tok2101">circuits</token>
      <token status="ok" id="tok2102">will</token>
      <token status="ok" id="tok2103">be</token>
      <token status="ok" id="tok2104">closed</token>
    </studentAnswer>
    <studentAnswer count="1" raw_text="the terminal will be cloesd" id="SwitchesBulbsParallel-BURNED_BULB_PARALLEL_EXPLAIN_Q1.sbj15-l2.qa104" accuracy="contradictory">
      <token status="ok" id="tok2137">the</token>
      <token status="ok" id="tok2138">terminal</token>
      <token status="ok" id="tok2139">will</token>
      <token status="ok" id="tok2140">be</token>
      <token status="ok" id="tok2141" original="cloesd">closed</token>
    </studentAnswer>
    <studentAnswer count="1" answerMatch="answer351" raw_text="Bulb a is in a separate path" id="SwitchesBulbsParallel-BURNED_BULB_PARALLEL_EXPLAIN_Q1.sbj18-l2.qa83" accuracy="correct">
      <token status="ok" id="tok1618">Bulb</token>
      <token status="ok" id="tok1619">a</token>
      <token status="ok" id="tok1620">is</token>
      <token status="ok" id="tok1621">in</token>
      <token status="ok" id="tok1622">a</token>
      <token status="ok" id="tok1623">separate</token>
      <token status="ok" id="tok1624">path</token>
    </studentAnswer>
    <studentAnswer count="1" answerMatch="answer349" raw_text="the switch and the bulb are contained in the same path" id="SwitchesBulbsParallel-BURNED_BULB_PARALLEL_EXPLAIN_Q1.sbj19-l2.qa107" accuracy="contradictory">
      <token status="ok" id="tok2245">the</token>
      <token status="ok" id="tok2246">switch</token>
      <token status="ok" id="tok2247">and</token>
      <token status="ok" id="tok2248">the</token>
      <token status="ok" id="tok2249">bulb</token>
      <token status="ok" id="tok2250">are</token>
      <token status="ok" id="tok2251">contained</token>
      <token status="ok" id="tok2252">in</token>
      <token status="ok" id="tok2253">the</token>
      <token status="ok" id="tok2254">same</token>
      <token status="ok" id="tok2255">path</token>
    </studentAnswer>
    <studentAnswer count="1" answerMatch="answer349" raw_text="bulb A and the switch are contained in the same path" id="SwitchesBulbsParallel-BURNED_BULB_PARALLEL_EXPLAIN_Q1.sbj19-l2.qa108" accuracy="contradictory">
      <token status="ok" id="tok2269">bulb</token>
      <token status="ok" id="tok2270">A</token>
      <token status="ok" id="tok2271">and</token>
      <token status="ok" id="tok2272">the</token>
      <token status="ok" id="tok2273">switch</token>
      <token status="ok" id="tok2274">are</token>
      <token status="ok" id="tok2275">contained</token>
      <token status="ok" id="tok2276">in</token>
      <token status="ok" id="tok2277">the</token>
      <token status="ok" id="tok2278">same</token>
      <token status="ok" id="tok2279">path</token>
    </studentAnswer>
    <studentAnswer count="1" answerMatch="answer351" raw_text="they are in a closed path" id="SwitchesBulbsParallel-BURNED_BULB_PARALLEL_EXPLAIN_Q1.sbj22-l2.qa89" accuracy="partially_correct_incomplete">
      <token status="ok" id="tok1697">they</token>
      <token status="ok" id="tok1698">are</token>
      <token status="ok" id="tok1699">in</token>
      <token status="ok" id="tok1700">a</token>
      <token status="ok" id="tok1701">closed</token>
      <token status="ok" id="tok1702">path</token>
    </studentAnswer>
    <studentAnswer count="1" answerMatch="answer348" raw_text="There is still a closed path that contains the battery, Bulb B, and Bulb C." id="SwitchesBulbsParallel-BURNED_BULB_PARALLEL_EXPLAIN_Q1.sbj23-l2.qa89" accuracy="correct">
      <token status="ok" id="tok1658">There</token>
      <token status="ok" id="tok1659">is</token>
      <token status="ok" id="tok1660">still</token>
      <token status="ok" id="tok1661">a</token>
      <token status="ok" id="tok1662">closed</token>
      <token status="ok" id="tok1663">path</token>
      <token status="ok" id="tok1664">that</token>
      <token status="ok" id="tok1665">contains</token>
      <token status="ok" id="tok1666">the</token>
      <token status="ok" id="tok1667">battery</token>
      <token status="ok" id="tok1668">Bulb</token>
      <token status="ok" id="tok1669">B</token>
      <token status="ok" id="tok1670">and</token>
      <token status="ok" id="tok1671">Bulb</token>
      <token status="ok" id="tok1672">C</token>
    </studentAnswer>
    <studentAnswer count="1" answerMatch="answer348" raw_text="Bulb B and C are in a different path" id="SwitchesBulbsParallel-BURNED_BULB_PARALLEL_EXPLAIN_Q1.sbj24-l2.qa85" accuracy="correct">
      <token status="ok" id="tok1585">Bulb</token>
      <token status="ok" id="tok1586">B</token>
      <token status="ok" id="tok1587">and</token>
      <token status="ok" id="tok1588">C</token>
      <token status="ok" id="tok1589">are</token>
      <token status="ok" id="tok1590">in</token>
      <token status="ok" id="tok1591">a</token>
      <token status="ok" id="tok1592">different</token>
      <token status="ok" id="tok1593">path</token>
    </studentAnswer>
    <studentAnswer count="1" answerMatch="answer351" raw_text="bulb a creates a gap" id="SwitchesBulbsParallel-BURNED_BULB_PARALLEL_EXPLAIN_Q1.sbj26-l2.qa90" accuracy="partially_correct_incomplete">
      <token status="ok" id="tok1759">bulb</token>
      <token status="ok" id="tok1760">a</token>
      <token status="ok" id="tok1761">creates</token>
      <token status="ok" id="tok1762">a</token>
      <token status="ok" id="tok1763">gap</token>
    </studentAnswer>
    <studentAnswer count="1" answerMatch="answer348" raw_text="bulbs b and c remain in a closed path with the battery" id="SwitchesBulbsParallel-BURNED_BULB_PARALLEL_EXPLAIN_Q1.sbj28-l2.qa89" accuracy="correct">
      <token status="ok" id="tok1679">bulbs</token>
      <token status="ok" id="tok1680">b</token>
      <token status="ok" id="tok1681">and</token>
      <token status="ok" id="tok1682">c</token>
      <token status="ok" id="tok1683">remain</token>
      <token status="ok" id="tok1684">in</token>
      <token status="ok" id="tok1685">a</token>
      <token status="ok" id="tok1686">closed</token>
      <token status="ok" id="tok1687">path</token>
      <token status="ok" id="tok1688">with</token>
      <token status="ok" id="tok1689">the</token>
      <token status="ok" id="tok1690">battery</token>
    </studentAnswer>
    <studentAnswer count="1" answerMatch="answer348" raw_text="closed path" id="SwitchesBulbsParallel-BURNED_BULB_PARALLEL_EXPLAIN_Q1.sbj28-l2.qa90" accuracy="partially_correct_incomplete">
      <token status="ok" id="tok1711">closed</token>
      <token status="ok" id="tok1712">path</token>
    </studentAnswer>
    <studentAnswer count="1" answerMatch="answer351" raw_text="bulbs b and c are not in a closed path with bulb a" id="SwitchesBulbsParallel-BURNED_BULB_PARALLEL_EXPLAIN_Q1.sbj29-l2.qa94" accuracy="contradictory">
      <token status="ok" id="tok1890">bulbs</token>
      <token status="ok" id="tok1891">b</token>
      <token status="ok" id="tok1892">and</token>
      <token status="ok" id="tok1893">c</token>
      <token status="ok" id="tok1894">are</token>
      <token status="ok" id="tok1895">not</token>
      <token status="ok" id="tok1896">in</token>
      <token status="ok" id="tok1897">a</token>
      <token status="ok" id="tok1898">closed</token>
      <token status="ok" id="tok1899">path</token>
      <token status="ok" id="tok1900">with</token>
      <token status="ok" id="tok1901">bulb</token>
      <token status="ok" id="tok1902">a</token>
    </studentAnswer>
    <studentAnswer count="1" answerMatch="answer348" raw_text="Bulb B and C are on different closed paths containing the battery" id="SwitchesBulbsParallel-BURNED_BULB_PARALLEL_EXPLAIN_Q1.sbj30-l2.qa95" accuracy="correct">
      <token status="ok" id="tok2026">Bulb</token>
      <token status="ok" id="tok2027">B</token>
      <token status="ok" id="tok2028">and</token>
      <token status="ok" id="tok2029">C</token>
      <token status="ok" id="tok2030">are</token>
      <token status="ok" id="tok2031">on</token>
      <token status="ok" id="tok2032">different</token>
      <token status="ok" id="tok2033">closed</token>
      <token status="ok" id="tok2034">paths</token>
      <token status="ok" id="tok2035">containing</token>
      <token status="ok" id="tok2036">the</token>
      <token status="ok" id="tok2037">battery</token>
    </studentAnswer>
    <studentAnswer count="1" raw_text="b and c are parallel to a" id="SwitchesBulbsParallel-BURNED_BULB_PARALLEL_EXPLAIN_Q1.sbj31-l2.qa97" accuracy="correct">
      <token status="ok" id="tok1854">b</token>
      <token status="ok" id="tok1855">and</token>
      <token status="ok" id="tok1856">c</token>
      <token status="ok" id="tok1857">are</token>
      <token status="ok" id="tok1858">parallel</token>
      <token status="ok" id="tok1859">to</token>
      <token status="ok" id="tok1860">a</token>
    </studentAnswer>
    <studentAnswer count="1" raw_text="b and c are in a closed path with the battery" id="SwitchesBulbsParallel-BURNED_BULB_PARALLEL_EXPLAIN_Q1.sbj31-l2.qa98" accuracy="partially_correct_incomplete">
      <token status="ok" id="tok1885">b</token>
      <token status="ok" id="tok1886">and</token>
      <token status="ok" id="tok1887">c</token>
      <token status="ok" id="tok1888">are</token>
      <token status="ok" id="tok1889">in</token>
      <token status="ok" id="tok1890">a</token>
      <token status="ok" id="tok1891">closed</token>
      <token status="ok" id="tok1892">path</token>
      <token status="ok" id="tok1893">with</token>
      <token status="ok" id="tok1894">the</token>
      <token status="ok" id="tok1895">battery</token>
    </studentAnswer>
    <studentAnswer count="1" answerMatch="answer351" raw_text="bulbs B and C are in different paths that do not contain bulb A" id="SwitchesBulbsParallel-BURNED_BULB_PARALLEL_EXPLAIN_Q1.sbj33-l2.qa93" accuracy="correct">
      <token status="ok" id="tok1696">bulbs</token>
      <token status="ok" id="tok1697">B</token>
      <token status="ok" id="tok1698">and</token>
      <token status="ok" id="tok1699">C</token>
      <token status="ok" id="tok1700">are</token>
      <token status="ok" id="tok1701">in</token>
      <token status="ok" id="tok1702">different</token>
      <token status="ok" id="tok1703">paths</token>
      <token status="ok" id="tok1704">that</token>
      <token status="ok" id="tok1705">do</token>
      <token status="ok" id="tok1706">not</token>
      <token status="ok" id="tok1707">contain</token>
      <token status="ok" id="tok1708">bulb</token>
      <token status="ok" id="tok1709">A</token>
    </studentAnswer>
    <studentAnswer count="1" answerMatch="answer348" raw_text="Bulb B and C are still contained in a path with the battery" id="SwitchesBulbsParallel-BURNED_BULB_PARALLEL_EXPLAIN_Q1.sbj34-l2.qa95" accuracy="partially_correct_incomplete">
      <token status="ok" id="tok1738">Bulb</token>
      <token status="ok" id="tok1739">B</token>
      <token status="ok" id="tok1740">and</token>
      <token status="ok" id="tok1741">C</token>
      <token status="ok" id="tok1742">are</token>
      <token status="ok" id="tok1743">still</token>
      <token status="ok" id="tok1744">contained</token>
      <token status="ok" id="tok1745">in</token>
      <token status="ok" id="tok1746">a</token>
      <token status="ok" id="tok1747">path</token>
      <token status="ok" id="tok1748">with</token>
      <token status="ok" id="tok1749">the</token>
      <token status="ok" id="tok1750">battery</token>
    </studentAnswer>
    <studentAnswer count="1" answerMatch="answer348" raw_text="Bulb a is not in the same path as bulb b and c. there will be no gaps with bulb b and c" id="SwitchesBulbsParallel-BURNED_BULB_PARALLEL_EXPLAIN_Q1.sbj35-l2.qa93" accuracy="correct">
      <token status="ok" id="tok1791">Bulb</token>
      <token status="ok" id="tok1792">a</token>
      <token status="ok" id="tok1793">is</token>
      <token status="ok" id="tok1794">not</token>
      <token status="ok" id="tok1795">in</token>
      <token status="ok" id="tok1796">the</token>
      <token status="ok" id="tok1797">same</token>
      <token status="ok" id="tok1798">path</token>
      <token status="ok" id="tok1799">as</token>
      <token status="ok" id="tok1800">bulb</token>
      <token status="ok" id="tok1801">b</token>
      <token status="ok" id="tok1802">and</token>
      <token status="ok" id="tok1803a">c</token>
      <token status="ok" id="tok1804">there</token>
      <token status="ok" id="tok1805">will</token>
      <token status="ok" id="tok1806">be</token>
      <token status="ok" id="tok1807">no</token>
      <token status="ok" id="tok1808">gaps</token>
      <token status="ok" id="tok1809">with</token>
      <token status="ok" id="tok1810">bulb</token>
      <token status="ok" id="tok1811">b</token>
      <token status="ok" id="tok1812">and</token>
      <token status="ok" id="tok1813">c</token>
    </studentAnswer>
    <studentAnswer count="1" answerMatch="answer349" raw_text="Bulb a will not create a gap for bulb b and c" id="SwitchesBulbsParallel-BURNED_BULB_PARALLEL_EXPLAIN_Q1.sbj35-l2.qa94" accuracy="partially_correct_incomplete">
      <token status="ok" id="tok1831">Bulb</token>
      <token status="ok" id="tok1832">a</token>
      <token status="ok" id="tok1833">will</token>
      <token status="ok" id="tok1834">not</token>
      <token status="ok" id="tok1835">create</token>
      <token status="ok" id="tok1836">a</token>
      <token status="ok" id="tok1837">gap</token>
      <token status="ok" id="tok1838">for</token>
      <token status="ok" id="tok1839">bulb</token>
      <token status="ok" id="tok1840">b</token>
      <token status="ok" id="tok1841">and</token>
      <token status="ok" id="tok1842">c</token>
    </studentAnswer>
    <studentAnswer count="1" answerMatch="answer348" raw_text="there is still a closed path to the battery for bulbs b and c" id="SwitchesBulbsParallel-BURNED_BULB_PARALLEL_EXPLAIN_Q1.sbj36-l2.qa85" accuracy="correct">
      <token status="ok" id="tok1587">there</token>
      <token status="ok" id="tok1588">is</token>
      <token status="ok" id="tok1589">still</token>
      <token status="ok" id="tok1590">a</token>
      <token status="ok" id="tok1591">closed</token>
      <token status="ok" id="tok1592">path</token>
      <token status="ok" id="tok1593">to</token>
      <token status="ok" id="tok1594">the</token>
      <token status="ok" id="tok1595">battery</token>
      <token status="ok" id="tok1596">for</token>
      <token status="ok" id="tok1597">bulbs</token>
      <token status="ok" id="tok1598">b</token>
      <token status="ok" id="tok1599">and</token>
      <token status="ok" id="tok1600">c</token>
    </studentAnswer>
    <studentAnswer count="1" answerMatch="answer349" raw_text="there is still a closed path" id="SwitchesBulbsParallel-BURNED_BULB_PARALLEL_EXPLAIN_Q1.sbj36-l2.qa86" accuracy="partially_correct_incomplete">
      <token status="ok" id="tok1621">there</token>
      <token status="ok" id="tok1622">is</token>
      <token status="ok" id="tok1623">still</token>
      <token status="ok" id="tok1624">a</token>
      <token status="ok" id="tok1625">closed</token>
      <token status="ok" id="tok1626">path</token>
    </studentAnswer>
    <studentAnswer count="1" answerMatch="answer348" raw_text="because bulb b and bulb c are in seperate paths from bulb a" id="SwitchesBulbsParallel-BURNED_BULB_PARALLEL_EXPLAIN_Q1.sbj37-l2.qa85" accuracy="correct">
      <token status="ok" id="tok1730">because</token>
      <token status="ok" id="tok1731">bulb</token>
      <token status="ok" id="tok1732">b</token>
      <token status="ok" id="tok1733">and</token>
      <token status="ok" id="tok1734">bulb</token>
      <token status="ok" id="tok1735">c</token>
      <token status="ok" id="tok1736">are</token>
      <token status="ok" id="tok1737">in</token>
      <token status="ok" id="tok1738" original="seperate">separate</token>
      <token status="ok" id="tok1739">paths</token>
      <token status="ok" id="tok1740">from</token>
      <token status="ok" id="tok1741">bulb</token>
      <token status="ok" id="tok1742">a</token>
    </studentAnswer>
    <studentAnswer count="1" answerMatch="answer349" raw_text="if bulb a burns out it does not make a gap in the closed path for bulb b or c." id="SwitchesBulbsParallel-BURNED_BULB_PARALLEL_EXPLAIN_Q1.sbj38-l2.qa83" accuracy="correct">
      <token status="ok" id="tok1676">if</token>
      <token status="ok" id="tok1677">bulb</token>
      <token status="ok" id="tok1678">a</token>
      <token status="ok" id="tok1679">burns</token>
      <token status="ok" id="tok1680">out</token>
      <token status="ok" id="tok1681">it</token>
      <token status="ok" id="tok1682">does</token>
      <token status="ok" id="tok1683">not</token>
      <token status="ok" id="tok1684">make</token>
      <token status="ok" id="tok1685">a</token>
      <token status="ok" id="tok1686">gap</token>
      <token status="ok" id="tok1687">in</token>
      <token status="ok" id="tok1688">the</token>
      <token status="ok" id="tok1689">closed</token>
      <token status="ok" id="tok1690">path</token>
      <token status="ok" id="tok1691">for</token>
      <token status="ok" id="tok1692">bulb</token>
      <token status="ok" id="tok1693">b</token>
      <token status="ok" id="tok1694">or</token>
      <token status="ok" id="tok1695">c</token>
    </studentAnswer>
    <studentAnswer count="1" answerMatch="answer348" raw_text="Bulb B and C are still contained in closed paths with the battery" id="SwitchesBulbsParallel-BURNED_BULB_PARALLEL_EXPLAIN_Q1.sbj39-l2.qa101" accuracy="correct">
      <token status="ok" id="tok1939">Bulb</token>
      <token status="ok" id="tok1940">B</token>
      <token status="ok" id="tok1941">and</token>
      <token status="ok" id="tok1942">C</token>
      <token status="ok" id="tok1943">are</token>
      <token status="ok" id="tok1944">still</token>
      <token status="ok" id="tok1945">contained</token>
      <token status="ok" id="tok1946">in</token>
      <token status="ok" id="tok1947">closed</token>
      <token status="ok" id="tok1948">paths</token>
      <token status="ok" id="tok1949">with</token>
      <token status="ok" id="tok1950">the</token>
      <token status="ok" id="tok1951">battery</token>
    </studentAnswer>
    <studentAnswer count="1" answerMatch="answer348" raw_text="bulb b and c are still in a closed path with the battery." id="SwitchesBulbsParallel-BURNED_BULB_PARALLEL_EXPLAIN_Q1.sbj40-l2.qa97" accuracy="correct">
      <token status="ok" id="tok1970">bulb</token>
      <token status="ok" id="tok1971">b</token>
      <token status="ok" id="tok1972">and</token>
      <token status="ok" id="tok1973">c</token>
      <token status="ok" id="tok1974">are</token>
      <token status="ok" id="tok1975">still</token>
      <token status="ok" id="tok1976">in</token>
      <token status="ok" id="tok1977">a</token>
      <token status="ok" id="tok1978">closed</token>
      <token status="ok" id="tok1979">path</token>
      <token status="ok" id="tok1980">with</token>
      <token status="ok" id="tok1981">the</token>
      <token status="ok" id="tok1982">battery</token>
    </studentAnswer>
    <studentAnswer count="1" answerMatch="answer348" raw_text="there is still a closed path that contains the battery and bulb b and bulb c" id="SwitchesBulbsParallel-BURNED_BULB_PARALLEL_EXPLAIN_Q1.sbj42-l2.qa89" accuracy="correct">
      <token status="ok" id="tok1618">there</token>
      <token status="ok" id="tok1619">is</token>
      <token status="ok" id="tok1620">still</token>
      <token status="ok" id="tok1621">a</token>
      <token status="ok" id="tok1622">closed</token>
      <token status="ok" id="tok1623">path</token>
      <token status="ok" id="tok1624">that</token>
      <token status="ok" id="tok1625">contains</token>
      <token status="ok" id="tok1626">the</token>
      <token status="ok" id="tok1627">battery</token>
      <token status="ok" id="tok1628">and</token>
      <token status="ok" id="tok1629">bulb</token>
      <token status="ok" id="tok1630">b</token>
      <token status="ok" id="tok1631">and</token>
      <token status="ok" id="tok1632">bulb</token>
      <token status="ok" id="tok1633">c</token>
    </studentAnswer>
    <studentAnswer count="1" answerMatch="answer348" raw_text="there are still complete paths to the battery for B and C" id="SwitchesBulbsParallel-BURNED_BULB_PARALLEL_EXPLAIN_Q1.sbj43-l2.qa87" accuracy="contradictory">
      <token status="ok" id="tok1698">there</token>
      <token status="ok" id="tok1699">are</token>
      <token status="ok" id="tok1700">still</token>
      <token status="ok" id="tok1701">complete</token>
      <token status="ok" id="tok1702">paths</token>
      <token status="ok" id="tok1703">to</token>
      <token status="ok" id="tok1704">the</token>
      <token status="ok" id="tok1705">battery</token>
      <token status="ok" id="tok1706">for</token>
      <token status="ok" id="tok1707">B</token>
      <token status="ok" id="tok1708">and</token>
      <token status="ok" id="tok1709">C</token>
    </studentAnswer>
    <studentAnswer count="1" answerMatch="answer348" raw_text="b and c are both parts of complete circuts to the battery" id="SwitchesBulbsParallel-BURNED_BULB_PARALLEL_EXPLAIN_Q1.sbj43-l2.qa88" accuracy="correct">
      <token status="ok" id="tok1730">b</token>
      <token status="ok" id="tok1731">and</token>
      <token status="ok" id="tok1732">c</token>
      <token status="ok" id="tok1733">are</token>
      <token status="ok" id="tok1734">both</token>
      <token status="ok" id="tok1735">parts</token>
      <token status="ok" id="tok1736">of</token>
      <token status="ok" id="tok1737">complete</token>
      <token status="ok" id="tok1738" original="circuts">circuits</token>
      <token status="ok" id="tok1739">to</token>
      <token status="ok" id="tok1740">the</token>
      <token status="ok" id="tok1741">battery</token>
    </studentAnswer>
    <studentAnswer count="1" answerMatch="answer348" raw_text="bulb B and C both still are on a closed path with the battery" id="SwitchesBulbsParallel-BURNED_BULB_PARALLEL_EXPLAIN_Q1.sbj45-l2.qa85" accuracy="correct">
      <token status="ok" id="tok1571">bulb</token>
      <token status="ok" id="tok1572">B</token>
      <token status="ok" id="tok1573">and</token>
      <token status="ok" id="tok1574">C</token>
      <token status="ok" id="tok1575">both</token>
      <token status="ok" id="tok1576">still</token>
      <token status="ok" id="tok1577">are</token>
      <token status="ok" id="tok1578">on</token>
      <token status="ok" id="tok1579">a</token>
      <token status="ok" id="tok1580">closed</token>
      <token status="ok" id="tok1581">path</token>
      <token status="ok" id="tok1582">with</token>
      <token status="ok" id="tok1583">the</token>
      <token status="ok" id="tok1584">battery</token>
    </studentAnswer>
    <studentAnswer count="1" answerMatch="answer349" raw_text="bulb b and c are on a closed path to the battery" id="SwitchesBulbsParallel-BURNED_BULB_PARALLEL_EXPLAIN_Q1.sbj46-l2.qa97" accuracy="partially_correct_incomplete">
      <token status="ok" id="tok1992">bulb</token>
      <token status="ok" id="tok1993">b</token>
      <token status="ok" id="tok1994">and</token>
      <token status="ok" id="tok1995">c</token>
      <token status="ok" id="tok1996">are</token>
      <token status="ok" id="tok1997">on</token>
      <token status="ok" id="tok1998">a</token>
      <token status="ok" id="tok1999">closed</token>
      <token status="ok" id="tok2000">path</token>
      <token status="ok" id="tok2001">to</token>
      <token status="ok" id="tok2002">the</token>
      <token status="ok" id="tok2003">battery</token>
    </studentAnswer>
    <studentAnswer count="1" answerMatch="answer348" raw_text="bulbs b and c are on the ame path as the battery" id="SwitchesBulbsParallel-BURNED_BULB_PARALLEL_EXPLAIN_Q1.sbj46-l2.qa98" accuracy="partially_correct_incomplete">
      <token status="ok" id="tok2038">bulbs</token>
      <token status="ok" id="tok2039">b</token>
      <token status="ok" id="tok2040">and</token>
      <token status="ok" id="tok2041">c</token>
      <token status="ok" id="tok2042">are</token>
      <token status="ok" id="tok2043">on</token>
      <token status="ok" id="tok2044">the</token>
      <token status="ok" id="tok2045" original="ame">same</token>
      <token status="ok" id="tok2046">path</token>
      <token status="ok" id="tok2047">as</token>
      <token status="ok" id="tok2048">the</token>
      <token status="ok" id="tok2049">battery</token>
    </studentAnswer>
    <studentAnswer count="1" answerMatch="answer351" raw_text="All the bulbs are on different closed paths connected to the battery." id="SwitchesBulbsParallel-BURNED_BULB_PARALLEL_EXPLAIN_Q1.sbjb1-l2.qa77" accuracy="correct">
      <token status="ok" id="tok1578">All</token>
      <token status="ok" id="tok1579">the</token>
      <token status="ok" id="tok1580">bulbs</token>
      <token status="ok" id="tok1581">are</token>
      <token status="ok" id="tok1582">on</token>
      <token status="ok" id="tok1583">different</token>
      <token status="ok" id="tok1584">closed</token>
      <token status="ok" id="tok1585">paths</token>
      <token status="ok" id="tok1586">connected</token>
      <token status="ok" id="tok1587">to</token>
      <token status="ok" id="tok1588">the</token>
      <token status="ok" id="tok1589">battery</token>
    </studentAnswer>
    <studentAnswer count="1" answerMatch="answer348" raw_text="They are still in path with the battery." id="SwitchesBulbsParallel-BURNED_BULB_PARALLEL_EXPLAIN_Q1.sbjb2-l2.qa78" accuracy="correct">
      <token status="ok" id="tok1547">They</token>
      <token status="ok" id="tok1548">are</token>
      <token status="ok" id="tok1549">still</token>
      <token status="ok" id="tok1550">in</token>
      <token status="ok" id="tok1551">path</token>
      <token status="ok" id="tok1552">with</token>
      <token status="ok" id="tok1553">the</token>
      <token status="ok" id="tok1554">battery</token>
    </studentAnswer>
    <studentAnswer count="1" raw_text="they will get damaged in the process" id="SwitchesBulbsParallel-BURNED_BULB_PARALLEL_EXPLAIN_Q1.sbjb3-l2.qa80" accuracy="contradictory">
      <token status="ok" id="tok1577">they</token>
      <token status="ok" id="tok1578">will</token>
      <token status="ok" id="tok1579">get</token>
      <token status="ok" id="tok1580">damaged</token>
      <token status="ok" id="tok1581">in</token>
      <token status="ok" id="tok1582">the</token>
      <token status="ok" id="tok1583">process</token>
    </studentAnswer>
    <studentAnswer count="1" answerMatch="answer348" raw_text="B and C are on different closed paths connected to the battery" id="SwitchesBulbsParallel-BURNED_BULB_PARALLEL_EXPLAIN_Q1.sbjb4-l2.qa76" accuracy="correct">
      <token status="ok" id="tok1569">B</token>
      <token status="ok" id="tok1570">and</token>
      <token status="ok" id="tok1571">C</token>
      <token status="ok" id="tok1572">are</token>
      <token status="ok" id="tok1573">on</token>
      <token status="ok" id="tok1574">different</token>
      <token status="ok" id="tok1575">closed</token>
      <token status="ok" id="tok1576">paths</token>
      <token status="ok" id="tok1577">connected</token>
      <token status="ok" id="tok1578">to</token>
      <token status="ok" id="tok1579">the</token>
      <token status="ok" id="tok1580">battery</token>
    </studentAnswer>
    <studentAnswer count="1" answerMatch="answer348" raw_text="bulbs B and C are still on closed paths containing the battery." id="SwitchesBulbsParallel-BURNED_BULB_PARALLEL_EXPLAIN_Q1.sbjb5-l2.qa76" accuracy="correct">
      <token status="ok" id="tok1591">bulbs</token>
      <token status="ok" id="tok1592">B</token>
      <token status="ok" id="tok1593">and</token>
      <token status="ok" id="tok1594">C</token>
      <token status="ok" id="tok1595">are</token>
      <token status="ok" id="tok1596">still</token>
      <token status="ok" id="tok1597">on</token>
      <token status="ok" id="tok1598">closed</token>
      <token status="ok" id="tok1599">paths</token>
      <token status="ok" id="tok1600">containing</token>
      <token status="ok" id="tok1601">the</token>
      <token status="ok" id="tok1602">battery</token>
    </studentAnswer>
    <studentAnswer count="1" answerMatch="answer348" raw_text="They still have their on closed paths" id="SwitchesBulbsParallel-BURNED_BULB_PARALLEL_EXPLAIN_Q1.sbjb7-l2.qa77" accuracy="correct">
      <token status="ok" id="tok1506">They</token>
      <token status="ok" id="tok1507">still</token>
      <token status="ok" id="tok1508">have</token>
      <token status="ok" id="tok1509">their</token>
      <token status="ok" id="tok1510">on</token>
      <token status="ok" id="tok1511">closed</token>
      <token status="ok" id="tok1512">paths</token>
    </studentAnswer>
    <studentAnswer count="1" answerMatch="answer348" raw_text="Bulbs B an C will still be contained in a closed path to the battery." id="SwitchesBulbsParallel-BURNED_BULB_PARALLEL_EXPLAIN_Q1.sbjb9-l2.qa77" accuracy="correct">
      <token status="ok" id="tok1580">Bulbs</token>
      <token status="ok" id="tok1581">B</token>
      <token status="ok" id="tok1582">an</token>
      <token status="ok" id="tok1583">C</token>
      <token status="ok" id="tok1584">will</token>
      <token status="ok" id="tok1585">still</token>
      <token status="ok" id="tok1586">be</token>
      <token status="ok" id="tok1587">contained</token>
      <token status="ok" id="tok1588">in</token>
      <token status="ok" id="tok1589">a</token>
      <token status="ok" id="tok1590">closed</token>
      <token status="ok" id="tok1591">path</token>
      <token status="ok" id="tok1592">to</token>
      <token status="ok" id="tok1593">the</token>
      <token status="ok" id="tok1594">battery</token>
    </studentAnswer>
    <studentAnswer count="1" answerMatch="answer348" raw_text="Bulbs B and C are in seprate closed paths that contain both the bulb and the battery" id="SwitchesBulbsParallel-BURNED_BULB_PARALLEL_EXPLAIN_Q1.sbjb11-l2.qa76" accuracy="correct">
      <token status="ok" id="tok1614">Bulbs</token>
      <token status="ok" id="tok1615">B</token>
      <token status="ok" id="tok1616">and</token>
      <token status="ok" id="tok1617">C</token>
      <token status="ok" id="tok1618">are</token>
      <token status="ok" id="tok1619">in</token>
      <token status="ok" id="tok1620" original="seprate">separate</token>
      <token status="ok" id="tok1621">closed</token>
      <token status="ok" id="tok1622">paths</token>
      <token status="ok" id="tok1623">that</token>
      <token status="ok" id="tok1624">contain</token>
      <token status="ok" id="tok1625">both</token>
      <token status="ok" id="tok1626">the</token>
      <token status="ok" id="tok1627">bulb</token>
      <token status="ok" id="tok1628">and</token>
      <token status="ok" id="tok1629">the</token>
      <token status="ok" id="tok1630">battery</token>
    </studentAnswer>
    <studentAnswer count="1" answerMatch="answer348" raw_text="bulb b and bulb c would still be in a closed path with the battery" id="SwitchesBulbsParallel-BURNED_BULB_PARALLEL_EXPLAIN_Q1.sbjb12-l2.qa76" accuracy="correct">
      <token status="ok" id="tok1556">bulb</token>
      <token status="ok" id="tok1557">b</token>
      <token status="ok" id="tok1558">and</token>
      <token status="ok" id="tok1559">bulb</token>
      <token status="ok" id="tok1560">c</token>
      <token status="ok" id="tok1561">would</token>
      <token status="ok" id="tok1562">still</token>
      <token status="ok" id="tok1563">be</token>
      <token status="ok" id="tok1564">in</token>
      <token status="ok" id="tok1565">a</token>
      <token status="ok" id="tok1566">closed</token>
      <token status="ok" id="tok1567">path</token>
      <token status="ok" id="tok1568">with</token>
      <token status="ok" id="tok1569">the</token>
      <token status="ok" id="tok1570">battery</token>
    </studentAnswer>
    <studentAnswer count="1" answerMatch="answer348" raw_text="There is still a closed path containing bulb B and C with the battery." id="SwitchesBulbsParallel-BURNED_BULB_PARALLEL_EXPLAIN_Q1.sbjb13-l2.qa76" accuracy="correct">
      <token status="ok" id="tok1570">There</token>
      <token status="ok" id="tok1571">is</token>
      <token status="ok" id="tok1572">still</token>
      <token status="ok" id="tok1573">a</token>
      <token status="ok" id="tok1574">closed</token>
      <token status="ok" id="tok1575">path</token>
      <token status="ok" id="tok1576">containing</token>
      <token status="ok" id="tok1577">bulb</token>
      <token status="ok" id="tok1578">B</token>
      <token status="ok" id="tok1579">and</token>
      <token status="ok" id="tok1580">C</token>
      <token status="ok" id="tok1581">with</token>
      <token status="ok" id="tok1582">the</token>
      <token status="ok" id="tok1583">battery</token>
    </studentAnswer>
    <studentAnswer count="1" raw_text="because it creates a gap bewtween the battery and the other paths" id="SwitchesBulbsParallel-BURNED_BULB_PARALLEL_EXPLAIN_Q1.sbjb15-l2.qa77" accuracy="contradictory">
      <token status="ok" id="tok1481">because</token>
      <token status="ok" id="tok1482">it</token>
      <token status="ok" id="tok1483">creates</token>
      <token status="ok" id="tok1484">a</token>
      <token status="ok" id="tok1485">gap</token>
      <token status="ok" id="tok1486" original="bewtween">between</token>
      <token status="ok" id="tok1487">the</token>
      <token status="ok" id="tok1488">battery</token>
      <token status="ok" id="tok1489">and</token>
      <token status="ok" id="tok1490">the</token>
      <token status="ok" id="tok1491">other</token>
      <token status="ok" id="tok1492">paths</token>
    </studentAnswer>
    <studentAnswer count="1" answerMatch="answer351" raw_text="they are in seperate paths, so they won&quot;t be affected" id="SwitchesBulbsParallel-BURNED_BULB_PARALLEL_EXPLAIN_Q1.sbjb16-l2.qa77" accuracy="correct">
      <token status="ok" id="tok1515">they</token>
      <token status="ok" id="tok1516">are</token>
      <token status="ok" id="tok1517">in</token>
      <token status="ok" id="tok1518" original="seperate">separate</token>
      <token status="ok" id="tok1519">paths</token>
      <token status="ok" id="tok1520">so</token>
      <token status="ok" id="tok1521">they</token>
      <token status="stem" id="tok1522">wo</token>
      <token status="pennTokenFragment" id="tok1523">n't</token>
      <token status="ok" id="tok1524">be</token>
      <token status="ok" id="tok1525">affected</token>
    </studentAnswer>
    <studentAnswer count="1" answerMatch="answer349" raw_text="there is still a path closed for bulb b and c" id="SwitchesBulbsParallel-BURNED_BULB_PARALLEL_EXPLAIN_Q1.sbjb17-l2.qa77" accuracy="correct">
      <token status="ok" id="tok1555">there</token>
      <token status="ok" id="tok1556">is</token>
      <token status="ok" id="tok1557">still</token>
      <token status="ok" id="tok1558">a</token>
      <token status="ok" id="tok1559">path</token>
      <token status="ok" id="tok1560">closed</token>
      <token status="ok" id="tok1561">for</token>
      <token status="ok" id="tok1562">bulb</token>
      <token status="ok" id="tok1563">b</token>
      <token status="ok" id="tok1564">and</token>
      <token status="ok" id="tok1565">c</token>
    </studentAnswer>
    <studentAnswer count="1" raw_text="because" id="SwitchesBulbsParallel-BURNED_BULB_PARALLEL_EXPLAIN_Q1.sbjb18-l2.qa76" accuracy="non_domain">
      <token status="ok" id="tok1467">because</token>
    </studentAnswer>
    <studentAnswer count="1" answerMatch="answer349" raw_text="because bulb a is not in the same path as bulb b and c" id="SwitchesBulbsParallel-BURNED_BULB_PARALLEL_EXPLAIN_Q1.sbjb19-l2.qa76" accuracy="correct">
      <token status="ok" id="tok1515">because</token>
      <token status="ok" id="tok1516">bulb</token>
      <token status="ok" id="tok1517">a</token>
      <token status="ok" id="tok1518">is</token>
      <token status="ok" id="tok1519">not</token>
      <token status="ok" id="tok1520">in</token>
      <token status="ok" id="tok1521">the</token>
      <token status="ok" id="tok1522">same</token>
      <token status="ok" id="tok1523">path</token>
      <token status="ok" id="tok1524">as</token>
      <token status="ok" id="tok1525">bulb</token>
      <token status="ok" id="tok1526">b</token>
      <token status="ok" id="tok1527">and</token>
      <token status="ok" id="tok1528">c</token>
    </studentAnswer>
    <studentAnswer count="1" answerMatch="answer351" raw_text="When one bulb goes out the rest go out." id="SwitchesBulbsParallel-BURNED_BULB_PARALLEL_EXPLAIN_Q1.sbjb20-l2.qa76" accuracy="contradictory">
      <token status="ok" id="tok1565">When</token>
      <token status="ok" id="tok1566">one</token>
      <token status="ok" id="tok1567">bulb</token>
      <token status="ok" id="tok1568">goes</token>
      <token status="ok" id="tok1569">out</token>
      <token status="ok" id="tok1570">the</token>
      <token status="ok" id="tok1571">rest</token>
      <token status="ok" id="tok1572">go</token>
      <token status="ok" id="tok1573">out</token>
    </studentAnswer>
    <studentAnswer count="1" answerMatch="answer348" raw_text="they are on their own clsosed circuits" id="SwitchesBulbsParallel-BURNED_BULB_PARALLEL_EXPLAIN_Q1.sbjb21-l2.qa76" accuracy="contradictory">
      <token status="ok" id="tok1479">they</token>
      <token status="ok" id="tok1480">are</token>
      <token status="ok" id="tok1481">on</token>
      <token status="ok" id="tok1482">their</token>
      <token status="ok" id="tok1483">own</token>
      <token status="ok" id="tok1484" original="clsosed">closed</token>
      <token status="ok" id="tok1485">circuits</token>
    </studentAnswer>
    <studentAnswer count="1" answerMatch="answer351" raw_text="my b, they will be on, not in the same path" id="SwitchesBulbsParallel-BURNED_BULB_PARALLEL_EXPLAIN_Q1.sbjb22-l2.qa76" accuracy="correct">
      <token status="ok" id="tok1489">my</token>
      <token status="ok" id="tok1490">b</token>
      <token status="ok" id="tok1491">they</token>
      <token status="ok" id="tok1492">will</token>
      <token status="ok" id="tok1493">be</token>
      <token status="ok" id="tok1494">on</token>
      <token status="ok" id="tok1495">not</token>
      <token status="ok" id="tok1496">in</token>
      <token status="ok" id="tok1497">the</token>
      <token status="ok" id="tok1498">same</token>
      <token status="ok" id="tok1499">path</token>
    </studentAnswer>
    <studentAnswer count="1" answerMatch="answer351" raw_text="b and c are on different paths" id="SwitchesBulbsParallel-BURNED_BULB_PARALLEL_EXPLAIN_Q1.sbjb24-l2.qa80" accuracy="correct">
      <token status="ok" id="tok1526">b</token>
      <token status="ok" id="tok1527">and</token>
      <token status="ok" id="tok1528">c</token>
      <token status="ok" id="tok1529">are</token>
      <token status="ok" id="tok1530">on</token>
      <token status="ok" id="tok1531">different</token>
      <token status="ok" id="tok1532">paths</token>
    </studentAnswer>
    <studentAnswer count="1" answerMatch="answer351" raw_text="B and C are not in the same circuit as A." id="SwitchesBulbsParallel-BURNED_BULB_PARALLEL_EXPLAIN_Q1.sbjb25-l2.qa77" accuracy="contradictory">
      <token status="ok" id="tok1522">B</token>
      <token status="ok" id="tok1523">and</token>
      <token status="ok" id="tok1524">C</token>
      <token status="ok" id="tok1525">are</token>
      <token status="ok" id="tok1526">not</token>
      <token status="ok" id="tok1527">in</token>
      <token status="ok" id="tok1528">the</token>
      <token status="ok" id="tok1529">same</token>
      <token status="ok" id="tok1530">circuit</token>
      <token status="ok" id="tok1531">as</token>
      <token status="ok" id="tok1532">A</token>
    </studentAnswer>
    <studentAnswer count="1" answerMatch="answer348" raw_text="Bulbs B and C will still be on their own completed circuts." id="SwitchesBulbsParallel-BURNED_BULB_PARALLEL_EXPLAIN_Q1.sbjb26-l2.qa76" accuracy="correct">
      <token status="ok" id="tok1556">Bulbs</token>
      <token status="ok" id="tok1557">B</token>
      <token status="ok" id="tok1558">and</token>
      <token status="ok" id="tok1559">C</token>
      <token status="ok" id="tok1560">will</token>
      <token status="ok" id="tok1561">still</token>
      <token status="ok" id="tok1562">be</token>
      <token status="ok" id="tok1563">on</token>
      <token status="ok" id="tok1564">their</token>
      <token status="ok" id="tok1565">own</token>
      <token status="ok" id="tok1566">completed</token>
      <token status="ok" id="tok1567" original="circuts">circuits</token>
    </studentAnswer>
    <studentAnswer count="1" answerMatch="answer349" raw_text="bulbs B and C still are contained in closed circuits" id="SwitchesBulbsParallel-BURNED_BULB_PARALLEL_EXPLAIN_Q1.sbjb27-l2.qa76" accuracy="contradictory">
      <token status="ok" id="tok1567">bulbs</token>
      <token status="ok" id="tok1568">B</token>
      <token status="ok" id="tok1569">and</token>
      <token status="ok" id="tok1570">C</token>
      <token status="ok" id="tok1571">still</token>
      <token status="ok" id="tok1572">are</token>
      <token status="ok" id="tok1573">contained</token>
      <token status="ok" id="tok1574">in</token>
      <token status="ok" id="tok1575">closed</token>
      <token status="ok" id="tok1576">circuits</token>
    </studentAnswer>
    <studentAnswer count="1" answerMatch="answer351" raw_text="There are closed paths that don&quot;t include bulb A" id="SwitchesBulbsParallel-BURNED_BULB_PARALLEL_EXPLAIN_Q1.sbjb28-l2.qa76" accuracy="partially_correct_incomplete">
      <token status="ok" id="tok1548">There</token>
      <token status="ok" id="tok1549">are</token>
      <token status="ok" id="tok1550">closed</token>
      <token status="ok" id="tok1551">paths</token>
      <token status="ok" id="tok1552">that</token>
      <token status="ok" id="tok1553">do</token>
      <token status="pennTokenFragment" id="tok1554">n't</token>
      <token status="ok" id="tok1555">include</token>
      <token status="ok" id="tok1556">bulb</token>
      <token status="ok" id="tok1557">A</token>
    </studentAnswer>
    <studentAnswer count="1" answerMatch="answer351" raw_text="because each bulb has its own complete path" id="SwitchesBulbsParallel-BURNED_BULB_PARALLEL_EXPLAIN_Q1.sbjb29-l2.qa77" accuracy="contradictory">
      <token status="ok" id="tok1530">because</token>
      <token status="ok" id="tok1531">each</token>
      <token status="ok" id="tok1532">bulb</token>
      <token status="ok" id="tok1533">has</token>
      <token status="ok" id="tok1534">its</token>
      <token status="ok" id="tok1535">own</token>
      <token status="ok" id="tok1536">complete</token>
      <token status="ok" id="tok1537">path</token>
    </studentAnswer>
    <studentAnswer count="1" answerMatch="answer348" raw_text="because they will still be in a closed path with the battery" id="SwitchesBulbsParallel-BURNED_BULB_PARALLEL_EXPLAIN_Q1.sbjb31-l2.qa76" accuracy="correct">
      <token status="ok" id="tok1575">because</token>
      <token status="ok" id="tok1576">they</token>
      <token status="ok" id="tok1577">will</token>
      <token status="ok" id="tok1578">still</token>
      <token status="ok" id="tok1579">be</token>
      <token status="ok" id="tok1580">in</token>
      <token status="ok" id="tok1581">a</token>
      <token status="ok" id="tok1582">closed</token>
      <token status="ok" id="tok1583">path</token>
      <token status="ok" id="tok1584">with</token>
      <token status="ok" id="tok1585">the</token>
      <token status="ok" id="tok1586">battery</token>
    </studentAnswer>
    <studentAnswer count="1" raw_text="Because it is not on the same path" id="SwitchesBulbsParallel-BURNED_BULB_PARALLEL_EXPLAIN_Q1.sbjb32-l2.qa76" accuracy="partially_correct_incomplete">
      <token status="ok" id="tok1501">Because</token>
      <token status="ok" id="tok1502">it</token>
      <token status="ok" id="tok1503">is</token>
      <token status="ok" id="tok1504">not</token>
      <token status="ok" id="tok1505">on</token>
      <token status="ok" id="tok1506">the</token>
      <token status="ok" id="tok1507">same</token>
      <token status="ok" id="tok1508">path</token>
    </studentAnswer>
    <studentAnswer count="1" answerMatch="answer348" raw_text="Bulb B and bulb C are still in closed circuits." id="SwitchesBulbsParallel-BURNED_BULB_PARALLEL_EXPLAIN_Q1.sbjb34-l2.qa77" accuracy="contradictory">
      <token status="ok" id="tok1579">Bulb</token>
      <token status="ok" id="tok1580">B</token>
      <token status="ok" id="tok1581">and</token>
      <token status="ok" id="tok1582">bulb</token>
      <token status="ok" id="tok1583">C</token>
      <token status="ok" id="tok1584">are</token>
      <token status="ok" id="tok1585">still</token>
      <token status="ok" id="tok1586">in</token>
      <token status="ok" id="tok1587">closed</token>
      <token status="ok" id="tok1588">circuits</token>
    </studentAnswer>
    <studentAnswer count="1" answerMatch="answer348" raw_text="Becuase there are still 2 closed paths for the battery to send volts through." id="SwitchesBulbsParallel-BURNED_BULB_PARALLEL_EXPLAIN_Q1.sbjb35-l2.qa78" accuracy="partially_correct_incomplete">
      <token status="ok" id="tok1572" original="Becuase">Because</token>
      <token status="ok" id="tok1573">there</token>
      <token status="ok" id="tok1574">are</token>
      <token status="ok" id="tok1575">still</token>
      <token status="numerical" id="tok1576">2</token>
      <token status="ok" id="tok1577">closed</token>
      <token status="ok" id="tok1578">paths</token>
      <token status="ok" id="tok1579">for</token>
      <token status="ok" id="tok1580">the</token>
      <token status="ok" id="tok1581">battery</token>
      <token status="ok" id="tok1582">to</token>
      <token status="ok" id="tok1583">send</token>
      <token status="ok" id="tok1584">volts</token>
      <token status="ok" id="tok1585">through</token>
    </studentAnswer>
    <studentAnswer count="1" answerMatch="answer349" raw_text="even if A burns out there are still closed paths for b and c" id="SwitchesBulbsParallel-BURNED_BULB_PARALLEL_EXPLAIN_Q1.sbjb36-l2.qa76" accuracy="correct">
      <token status="ok" id="tok1512">even</token>
      <token status="ok" id="tok1513">if</token>
      <token status="ok" id="tok1514">A</token>
      <token status="ok" id="tok1515">burns</token>
      <token status="ok" id="tok1516">out</token>
      <token status="ok" id="tok1517">there</token>
      <token status="ok" id="tok1518">are</token>
      <token status="ok" id="tok1519">still</token>
      <token status="ok" id="tok1520">closed</token>
      <token status="ok" id="tok1521">paths</token>
      <token status="ok" id="tok1522">for</token>
      <token status="ok" id="tok1523">b</token>
      <token status="ok" id="tok1524">and</token>
      <token status="ok" id="tok1525">c</token>
    </studentAnswer>
    <studentAnswer count="1" answerMatch="answer351" raw_text="Bulbs A and B have their own paths." id="SwitchesBulbsParallel-BURNED_BULB_PARALLEL_EXPLAIN_Q1.sbjb38-l2.qa76" accuracy="correct">
      <token status="ok" id="tok1568">Bulbs</token>
      <token status="ok" id="tok1569">A</token>
      <token status="ok" id="tok1570">and</token>
      <token status="ok" id="tok1571">B</token>
      <token status="ok" id="tok1572">have</token>
      <token status="ok" id="tok1573">their</token>
      <token status="ok" id="tok1574">own</token>
      <token status="ok" id="tok1575">paths</token>
    </studentAnswer>
    <studentAnswer count="1" answerMatch="answer351" raw_text="bulb A is not in the same pathway as bulbs B and C." id="SwitchesBulbsParallel-BURNED_BULB_PARALLEL_EXPLAIN_Q1.sbjb39-l2.qa76" accuracy="correct">
      <token status="ok" id="tok1559">bulb</token>
      <token status="ok" id="tok1560">A</token>
      <token status="ok" id="tok1561">is</token>
      <token status="ok" id="tok1562">not</token>
      <token status="ok" id="tok1563">in</token>
      <token status="ok" id="tok1564">the</token>
      <token status="ok" id="tok1565">same</token>
      <token status="ok" id="tok1566">pathway</token>
      <token status="ok" id="tok1567">as</token>
      <token status="ok" id="tok1568">bulbs</token>
      <token status="ok" id="tok1569">B</token>
      <token status="ok" id="tok1570">and</token>
      <token status="ok" id="tok1571">C</token>
    </studentAnswer>
    <studentAnswer count="1" answerMatch="answer349" raw_text="They still have a direct closed path" id="SwitchesBulbsParallel-BURNED_BULB_PARALLEL_EXPLAIN_Q1.sbjb40-l2.qa76" accuracy="correct">
      <token status="ok" id="tok1515">They</token>
      <token status="ok" id="tok1516">still</token>
      <token status="ok" id="tok1517">have</token>
      <token status="ok" id="tok1518">a</token>
      <token status="ok" id="tok1519">direct</token>
      <token status="ok" id="tok1520">closed</token>
      <token status="ok" id="tok1521">path</token>
    </studentAnswer>
    <studentAnswer count="1" answerMatch="answer349" raw_text="Bulbs B and C are not on the same line as bulb A." id="SwitchesBulbsParallel-BURNED_BULB_PARALLEL_EXPLAIN_Q1.sbjb41-l2.qa77" accuracy="contradictory">
      <token status="ok" id="tok1651">Bulbs</token>
      <token status="ok" id="tok1652">B</token>
      <token status="ok" id="tok1653">and</token>
      <token status="ok" id="tok1654">C</token>
      <token status="ok" id="tok1655">are</token>
      <token status="ok" id="tok1656">not</token>
      <token status="ok" id="tok1657">on</token>
      <token status="ok" id="tok1658">the</token>
      <token status="ok" id="tok1659">same</token>
      <token status="ok" id="tok1660">line</token>
      <token status="ok" id="tok1661">as</token>
      <token status="ok" id="tok1662">bulb</token>
      <token status="ok" id="tok1663">A</token>
    </studentAnswer>
    <studentAnswer count="1" answerMatch="answer351" raw_text="bulb A is not contained in the same circuit as bulbs B and C" id="SwitchesBulbsParallel-BURNED_BULB_PARALLEL_EXPLAIN_Q1.sbjb42-l2.qa76" accuracy="contradictory">
      <token status="ok" id="tok1547">bulb</token>
      <token status="ok" id="tok1548">A</token>
      <token status="ok" id="tok1549">is</token>
      <token status="ok" id="tok1550">not</token>
      <token status="ok" id="tok1551">contained</token>
      <token status="ok" id="tok1552">in</token>
      <token status="ok" id="tok1553">the</token>
      <token status="ok" id="tok1554">same</token>
      <token status="ok" id="tok1555">circuit</token>
      <token status="ok" id="tok1556">as</token>
      <token status="ok" id="tok1557">bulbs</token>
      <token status="ok" id="tok1558">B</token>
      <token status="ok" id="tok1559">and</token>
      <token status="ok" id="tok1560">C</token>
    </studentAnswer>
  </studentAnswers>
</question>
