<?xml version="1.0"?>
<question qtype="Q_EXPLAIN_SPECIFIC" id="HYBRID_BURNED_OUT_WHY_Q2" module="SwitchesBulbsParallel" stype="EVALUATE">
  <questionText>Why do both bulbs A and B stay on when bulb C is burned out?</questionText>
  <referenceAnswers>
    <referenceAnswer category="BEST" id="answer396" fileID="HYBRID_BURNED_OUT_WHY_Q2_ANS1">If C burns out then A and B are still in a closed path with the battery</referenceAnswer>
    <referenceAnswer category="GOOD" id="answer397" fileID="HYBRID_BURNED_OUT_WHY_Q2_ANS1_OLD">There is a closed path with A and B that C is not in.</referenceAnswer>
    <referenceAnswer category="GOOD" id="answer398" fileID="HYBRID_BURNED_OUT_WHY_Q2_ANS1A">If C is damaged, A and B are still in a closed path</referenceAnswer>
    <referenceAnswer category="GOOD" id="answer400" fileID="HYBRID_BURNED_OUT_WHY_Q2_ANS2">A and B have their own path</referenceAnswer>
    <referenceAnswer category="MINIMAL" id="answer401" fileID="HYBRID_BURNED_OUT_WHY_Q2_ANS3">There is still a closed path</referenceAnswer>
  </referenceAnswers>
  <studentAnswers>
    <studentAnswer count="1" answerMatch="answer396" raw_text="because bulb a and b are still contained within a closed path with the battery" id="SwitchesBulbsParallel-HYBRID_BURNED_OUT_WHY_Q2.sbj3-l2.qa108" accuracy="correct">
      <token status="ok" id="tok2089">because</token>
      <token status="ok" id="tok2090">bulb</token>
      <token status="ok" id="tok2091">a</token>
      <token status="ok" id="tok2092">and</token>
      <token status="ok" id="tok2093">b</token>
      <token status="ok" id="tok2094">are</token>
      <token status="ok" id="tok2095">still</token>
      <token status="ok" id="tok2096">contained</token>
      <token status="ok" id="tok2097">within</token>
      <token status="ok" id="tok2098">a</token>
      <token status="ok" id="tok2099">closed</token>
      <token status="ok" id="tok2100">path</token>
      <token status="ok" id="tok2101">with</token>
      <token status="ok" id="tok2102">the</token>
      <token status="ok" id="tok2103">battery</token>
    </studentAnswer>
    <studentAnswer count="1" answerMatch="answer396" raw_text="there is a closed path that contains the battery, bulb b, and bulb a" id="SwitchesBulbsParallel-HYBRID_BURNED_OUT_WHY_Q2.sbj7-l2.qa112" accuracy="correct">
      <token status="ok" id="tok2194">there</token>
      <token status="ok" id="tok2195">is</token>
      <token status="ok" id="tok2196">a</token>
      <token status="ok" id="tok2197">closed</token>
      <token status="ok" id="tok2198">path</token>
      <token status="ok" id="tok2199">that</token>
      <token status="ok" id="tok2200">contains</token>
      <token status="ok" id="tok2201">the</token>
      <token status="ok" id="tok2202">battery</token>
      <token status="ok" id="tok2203">bulb</token>
      <token status="ok" id="tok2204">b</token>
      <token status="ok" id="tok2205">and</token>
      <token status="ok" id="tok2206">bulb</token>
      <token status="ok" id="tok2207">a</token>
    </studentAnswer>
    <studentAnswer count="1" answerMatch="answer396" raw_text="because they are both still contained in a closed path with the battery" id="SwitchesBulbsParallel-HYBRID_BURNED_OUT_WHY_Q2.sbj8-l2.qa122" accuracy="correct">
      <token status="ok" id="tok2524">because</token>
      <token status="ok" id="tok2525">they</token>
      <token status="ok" id="tok2526">are</token>
      <token status="ok" id="tok2527">both</token>
      <token status="ok" id="tok2528">still</token>
      <token status="ok" id="tok2529">contained</token>
      <token status="ok" id="tok2530">in</token>
      <token status="ok" id="tok2531">a</token>
      <token status="ok" id="tok2532">closed</token>
      <token status="ok" id="tok2533">path</token>
      <token status="ok" id="tok2534">with</token>
      <token status="ok" id="tok2535">the</token>
      <token status="ok" id="tok2536">battery</token>
    </studentAnswer>
    <studentAnswer count="1" answerMatch="answer396" raw_text="bulbs a and b are still contained in a closed path with the battery." id="SwitchesBulbsParallel-HYBRID_BURNED_OUT_WHY_Q2.sbj9-l2.qa113" accuracy="correct">
      <token status="ok" id="tok2207">bulbs</token>
      <token status="ok" id="tok2208">a</token>
      <token status="ok" id="tok2209">and</token>
      <token status="ok" id="tok2210">b</token>
      <token status="ok" id="tok2211">are</token>
      <token status="ok" id="tok2212">still</token>
      <token status="ok" id="tok2213">contained</token>
      <token status="ok" id="tok2214">in</token>
      <token status="ok" id="tok2215">a</token>
      <token status="ok" id="tok2216">closed</token>
      <token status="ok" id="tok2217">path</token>
      <token status="ok" id="tok2218">with</token>
      <token status="ok" id="tok2219">the</token>
      <token status="ok" id="tok2220">battery</token>
    </studentAnswer>
    <studentAnswer count="1" answerMatch="answer396" raw_text="because bulbs a and b are in a closed path with the battery" id="SwitchesBulbsParallel-HYBRID_BURNED_OUT_WHY_Q2.sbj10-l2.qa118" accuracy="correct">
      <token status="ok" id="tok2392">because</token>
      <token status="ok" id="tok2393">bulbs</token>
      <token status="ok" id="tok2394">a</token>
      <token status="ok" id="tok2395">and</token>
      <token status="ok" id="tok2396">b</token>
      <token status="ok" id="tok2397">are</token>
      <token status="ok" id="tok2398">in</token>
      <token status="ok" id="tok2399">a</token>
      <token status="ok" id="tok2400">closed</token>
      <token status="ok" id="tok2401">path</token>
      <token status="ok" id="tok2402">with</token>
      <token status="ok" id="tok2403">the</token>
      <token status="ok" id="tok2404">battery</token>
    </studentAnswer>
    <studentAnswer count="1" answerMatch="answer396" raw_text="If bulb C is damaged, then bulb B and bulb A are still contained in a closed path with the battery." id="SwitchesBulbsParallel-HYBRID_BURNED_OUT_WHY_Q2.sbj12-l2.qa124" accuracy="correct">
      <token status="ok" id="tok2386">If</token>
      <token status="ok" id="tok2387">bulb</token>
      <token status="ok" id="tok2388">C</token>
      <token status="ok" id="tok2389">is</token>
      <token status="ok" id="tok2390">damaged</token>
      <token status="ok" id="tok2391">then</token>
      <token status="ok" id="tok2392">bulb</token>
      <token status="ok" id="tok2393">B</token>
      <token status="ok" id="tok2394">and</token>
      <token status="ok" id="tok2395">bulb</token>
      <token status="ok" id="tok2396">A</token>
      <token status="ok" id="tok2397">are</token>
      <token status="ok" id="tok2398">still</token>
      <token status="ok" id="tok2399">contained</token>
      <token status="ok" id="tok2400">in</token>
      <token status="ok" id="tok2401">a</token>
      <token status="ok" id="tok2402">closed</token>
      <token status="ok" id="tok2403">path</token>
      <token status="ok" id="tok2404">with</token>
      <token status="ok" id="tok2405">the</token>
      <token status="ok" id="tok2406">battery</token>
    </studentAnswer>
    <studentAnswer count="1" answerMatch="answer400" raw_text="bulb c is not in the same path of bulb a and b." id="SwitchesBulbsParallel-HYBRID_BURNED_OUT_WHY_Q2.sbj13-l2.qa124" accuracy="correct">
      <token status="ok" id="tok2571">bulb</token>
      <token status="ok" id="tok2572">c</token>
      <token status="ok" id="tok2573">is</token>
      <token status="ok" id="tok2574">not</token>
      <token status="ok" id="tok2575">in</token>
      <token status="ok" id="tok2576">the</token>
      <token status="ok" id="tok2577">same</token>
      <token status="ok" id="tok2578">path</token>
      <token status="ok" id="tok2579">of</token>
      <token status="ok" id="tok2580">bulb</token>
      <token status="ok" id="tok2581">a</token>
      <token status="ok" id="tok2582">and</token>
      <token status="ok" id="tok2583">b</token>
    </studentAnswer>
    <studentAnswer count="2" raw_text="i dont know." id="SwitchesBulbsParallel-HYBRID_BURNED_OUT_WHY_Q2.sbj13-l2.qa125" accuracy="non_domain">
      <token status="ok" id="tok2620">i</token>
      <token status="ok" id="tok2621a">do</token>
      <token status="pennTokenFragment" id="tok2621b" original="nt">n't</token>
      <token status="ok" id="tok2622">know</token>
    </studentAnswer>
    <studentAnswer count="1" answerMatch="answer396" raw_text="bulb c is not in the same path of the battery." id="SwitchesBulbsParallel-HYBRID_BURNED_OUT_WHY_Q2.sbj13-l2.qa126" accuracy="partially_correct_incomplete">
      <token status="ok" id="tok2633">bulb</token>
      <token status="ok" id="tok2634">c</token>
      <token status="ok" id="tok2635">is</token>
      <token status="ok" id="tok2636">not</token>
      <token status="ok" id="tok2637">in</token>
      <token status="ok" id="tok2638">the</token>
      <token status="ok" id="tok2639">same</token>
      <token status="ok" id="tok2640">path</token>
      <token status="ok" id="tok2641">of</token>
      <token status="ok" id="tok2642">the</token>
      <token status="ok" id="tok2643">battery</token>
    </studentAnswer>
    <studentAnswer count="1" raw_text="i don&quot;t know." id="SwitchesBulbsParallel-HYBRID_BURNED_OUT_WHY_Q2.sbj13-l2.qa128" accuracy="non_domain">
      <token status="ok" id="tok2667">i</token>
      <token status="ok" id="tok2668">do</token>
      <token status="pennTokenFragment" id="tok2669">n't</token>
      <token status="ok" id="tok2670">know</token>
    </studentAnswer>
    <studentAnswer count="1" answerMatch="answer398" raw_text="bulb B and bulb A stay on a closed path." id="SwitchesBulbsParallel-HYBRID_BURNED_OUT_WHY_Q2.sbj14-l2.qa120" accuracy="correct">
      <token status="ok" id="tok2339">bulb</token>
      <token status="ok" id="tok2340">B</token>
      <token status="ok" id="tok2341">and</token>
      <token status="ok" id="tok2342">bulb</token>
      <token status="ok" id="tok2343">A</token>
      <token status="ok" id="tok2344">stay</token>
      <token status="ok" id="tok2345">on</token>
      <token status="ok" id="tok2346">a</token>
      <token status="ok" id="tok2347">closed</token>
      <token status="ok" id="tok2348">path</token>
    </studentAnswer>
    <studentAnswer count="1" answerMatch="answer398" raw_text="Bulb B and Bulb A are on closed paths." id="SwitchesBulbsParallel-HYBRID_BURNED_OUT_WHY_Q2.sbj14-l2.qa121" accuracy="correct">
      <token status="ok" id="tok2369">Bulb</token>
      <token status="ok" id="tok2370">B</token>
      <token status="ok" id="tok2371">and</token>
      <token status="ok" id="tok2372">Bulb</token>
      <token status="ok" id="tok2373">A</token>
      <token status="ok" id="tok2374">are</token>
      <token status="ok" id="tok2375">on</token>
      <token status="ok" id="tok2376">closed</token>
      <token status="ok" id="tok2377">paths</token>
    </studentAnswer>
    <studentAnswer count="1" raw_text="the bulb in burned out" id="SwitchesBulbsParallel-HYBRID_BURNED_OUT_WHY_Q2.sbj15-l2.qa140" accuracy="irrelevant">
      <token status="ok" id="tok3016">the</token>
      <token status="ok" id="tok3017">bulb</token>
      <token status="ok" id="tok3018">in</token>
      <token status="ok" id="tok3019">burned</token>
      <token status="ok" id="tok3020">out</token>
    </studentAnswer>
    <studentAnswer count="1" raw_text="becaudse the terminica;l circuit bulb sidshfklopc" id="SwitchesBulbsParallel-HYBRID_BURNED_OUT_WHY_Q2.sbj15-l2.qa141" accuracy="non_domain">
      <token status="ok" id="tok3034" original="becaudse">because</token>
      <token status="ok" id="tok3035">the</token>
      <token status="nonWord" id="tok3036">terminica</token>
      <token status="nonWord" id="tok3037">;</token>
      <token status="nonWord" id="tok3038">l</token>
      <token status="ok" id="tok3039">circuit</token>
      <token status="ok" id="tok3040">bulb</token>
      <token status="nonWord" id="tok3041">sidshfklopc</token>
    </studentAnswer>
    <studentAnswer count="1" answerMatch="answer396" raw_text="bulbs a and b are still in a closed path with the battery" id="SwitchesBulbsParallel-HYBRID_BURNED_OUT_WHY_Q2.sbj18-l2.qa111" accuracy="correct">
      <token status="ok" id="tok2207">bulbs</token>
      <token status="ok" id="tok2208">a</token>
      <token status="ok" id="tok2209">and</token>
      <token status="ok" id="tok2210">b</token>
      <token status="ok" id="tok2211">are</token>
      <token status="ok" id="tok2212">still</token>
      <token status="ok" id="tok2213">in</token>
      <token status="ok" id="tok2214">a</token>
      <token status="ok" id="tok2215">closed</token>
      <token status="ok" id="tok2216">path</token>
      <token status="ok" id="tok2217">with</token>
      <token status="ok" id="tok2218">the</token>
      <token status="ok" id="tok2219">battery</token>
    </studentAnswer>
    <studentAnswer count="1" answerMatch="answer398" raw_text="if C is damaged, the bulb A and B ae contained in a closed path" id="SwitchesBulbsParallel-HYBRID_BURNED_OUT_WHY_Q2.sbj19-l2.qa138" accuracy="correct">
      <token status="ok" id="tok2955">if</token>
      <token status="ok" id="tok2956">C</token>
      <token status="ok" id="tok2957">is</token>
      <token status="ok" id="tok2958">damaged</token>
      <token status="ok" id="tok2959">the</token>
      <token status="ok" id="tok2960">bulb</token>
      <token status="ok" id="tok2961">A</token>
      <token status="ok" id="tok2962">and</token>
      <token status="ok" id="tok2963">B</token>
      <token status="ok" id="tok2964" original="ae">are</token>
      <token status="ok" id="tok2965">contained</token>
      <token status="ok" id="tok2966">in</token>
      <token status="ok" id="tok2967">a</token>
      <token status="ok" id="tok2968">closed</token>
      <token status="ok" id="tok2969">path</token>
    </studentAnswer>
    <studentAnswer count="1" answerMatch="answer401" raw_text="battter is contained in a closed path" id="SwitchesBulbsParallel-HYBRID_BURNED_OUT_WHY_Q2.sbj19-l2.qa140" accuracy="partially_correct_incomplete">
      <token status="ok" id="tok3026" original="battter">battery</token>
      <token status="ok" id="tok3027">is</token>
      <token status="ok" id="tok3028">contained</token>
      <token status="ok" id="tok3029">in</token>
      <token status="ok" id="tok3030">a</token>
      <token status="ok" id="tok3031">closed</token>
      <token status="ok" id="tok3032">path</token>
    </studentAnswer>
    <studentAnswer count="1" answerMatch="answer401" raw_text="the battery is contained in a closed path" id="SwitchesBulbsParallel-HYBRID_BURNED_OUT_WHY_Q2.sbj19-l2.qa141" accuracy="partially_correct_incomplete">
      <token status="ok" id="tok3060">the</token>
      <token status="ok" id="tok3061">battery</token>
      <token status="ok" id="tok3062">is</token>
      <token status="ok" id="tok3063">contained</token>
      <token status="ok" id="tok3064">in</token>
      <token status="ok" id="tok3065">a</token>
      <token status="ok" id="tok3066">closed</token>
      <token status="ok" id="tok3067">path</token>
    </studentAnswer>
    <studentAnswer count="4" raw_text="l" id="SwitchesBulbsParallel-HYBRID_BURNED_OUT_WHY_Q2.sbj22-l2.qa124" accuracy="non_domain">
      <token status="nonWord" id="tok2549">l</token>
    </studentAnswer>
    <studentAnswer count="1" answerMatch="answer396" raw_text="Bulb A and Bulb C are contained in a closed path with the battery." id="SwitchesBulbsParallel-HYBRID_BURNED_OUT_WHY_Q2.sbj23-l2.qa117" accuracy="contradictory">
      <token status="ok" id="tok2279">Bulb</token>
      <token status="ok" id="tok2280">A</token>
      <token status="ok" id="tok2281">and</token>
      <token status="ok" id="tok2282">Bulb</token>
      <token status="ok" id="tok2283">C</token>
      <token status="ok" id="tok2284">are</token>
      <token status="ok" id="tok2285">contained</token>
      <token status="ok" id="tok2286">in</token>
      <token status="ok" id="tok2287">a</token>
      <token status="ok" id="tok2288">closed</token>
      <token status="ok" id="tok2289">path</token>
      <token status="ok" id="tok2290">with</token>
      <token status="ok" id="tok2291">the</token>
      <token status="ok" id="tok2292">battery</token>
    </studentAnswer>
    <studentAnswer count="1" answerMatch="answer396" raw_text="Bulb A and Bulb B are contained in a closed path with the battery." id="SwitchesBulbsParallel-HYBRID_BURNED_OUT_WHY_Q2.sbj23-l2.qa118" accuracy="correct">
      <token status="ok" id="tok2320">Bulb</token>
      <token status="ok" id="tok2321">A</token>
      <token status="ok" id="tok2322">and</token>
      <token status="ok" id="tok2323">Bulb</token>
      <token status="ok" id="tok2324">B</token>
      <token status="ok" id="tok2325">are</token>
      <token status="ok" id="tok2326">contained</token>
      <token status="ok" id="tok2327">in</token>
      <token status="ok" id="tok2328">a</token>
      <token status="ok" id="tok2329">closed</token>
      <token status="ok" id="tok2330">path</token>
      <token status="ok" id="tok2331">with</token>
      <token status="ok" id="tok2332">the</token>
      <token status="ok" id="tok2333">battery</token>
    </studentAnswer>
    <studentAnswer count="1" answerMatch="answer400" raw_text="bulb c is in an independent path" id="SwitchesBulbsParallel-HYBRID_BURNED_OUT_WHY_Q2.sbj24-l2.qa114" accuracy="correct">
      <token status="ok" id="tok2165">bulb</token>
      <token status="ok" id="tok2166">c</token>
      <token status="ok" id="tok2167">is</token>
      <token status="ok" id="tok2168">in</token>
      <token status="ok" id="tok2169">an</token>
      <token status="ok" id="tok2170">independent</token>
      <token status="ok" id="tok2171">path</token>
    </studentAnswer>
    <studentAnswer count="1" raw_text="how so?" id="SwitchesBulbsParallel-HYBRID_BURNED_OUT_WHY_Q2.sbj26-l2.qa130" accuracy="non_domain">
      <token status="ok" id="tok2678">how</token>
      <token status="ok" id="tok2679">so</token>
    </studentAnswer>
    <studentAnswer count="1" raw_text="no i do not want to" id="SwitchesBulbsParallel-HYBRID_BURNED_OUT_WHY_Q2.sbj26-l2.qa131" accuracy="non_domain">
      <token status="ok" id="tok2694">no</token>
      <token status="ok" id="tok2695">i</token>
      <token status="ok" id="tok2696">do</token>
      <token status="ok" id="tok2697">not</token>
      <token status="ok" id="tok2698">want</token>
      <token status="ok" id="tok2699">to</token>
    </studentAnswer>
    <studentAnswer count="2" raw_text="no" id="SwitchesBulbsParallel-HYBRID_BURNED_OUT_WHY_Q2.sbj26-l2.qa132" accuracy="non_domain">
      <token status="ok" id="tok2714">no</token>
    </studentAnswer>
    <studentAnswer count="1" raw_text="bulb c is contained in a closed path" id="SwitchesBulbsParallel-HYBRID_BURNED_OUT_WHY_Q2.sbj26-l2.qa134" accuracy="contradictory">
      <token status="ok" id="tok2744">bulb</token>
      <token status="ok" id="tok2745">c</token>
      <token status="ok" id="tok2746">is</token>
      <token status="ok" id="tok2747">contained</token>
      <token status="ok" id="tok2748">in</token>
      <token status="ok" id="tok2749">a</token>
      <token status="ok" id="tok2750">closed</token>
      <token status="ok" id="tok2751">path</token>
    </studentAnswer>
    <studentAnswer count="1" answerMatch="answer397" raw_text="because bulb c is not included in the closed path" id="SwitchesBulbsParallel-HYBRID_BURNED_OUT_WHY_Q2.sbj27-l2.qa125" accuracy="partially_correct_incomplete">
      <token status="ok" id="tok2507">because</token>
      <token status="ok" id="tok2508">bulb</token>
      <token status="ok" id="tok2509">c</token>
      <token status="ok" id="tok2510">is</token>
      <token status="ok" id="tok2511">not</token>
      <token status="ok" id="tok2512">included</token>
      <token status="ok" id="tok2513">in</token>
      <token status="ok" id="tok2514">the</token>
      <token status="ok" id="tok2515">closed</token>
      <token status="ok" id="tok2516">path</token>
    </studentAnswer>
    <studentAnswer count="1" answerMatch="answer400" raw_text="bulb c is contained in it&quot;s own closed path" id="SwitchesBulbsParallel-HYBRID_BURNED_OUT_WHY_Q2.sbj27-l2.qa127" accuracy="correct">
      <token status="ok" id="tok2558">bulb</token>
      <token status="ok" id="tok2559">c</token>
      <token status="ok" id="tok2560">is</token>
      <token status="ok" id="tok2561">contained</token>
      <token status="ok" id="tok2562">in</token>
      <token status="ok" id="tok2563+" original="it's">its</token>
      <token status="ok" id="tok2565">own</token>
      <token status="ok" id="tok2566">closed</token>
      <token status="ok" id="tok2567">path</token>
    </studentAnswer>
    <studentAnswer count="1" answerMatch="answer401" raw_text="closed path" id="SwitchesBulbsParallel-HYBRID_BURNED_OUT_WHY_Q2.sbj28-l2.qa119" accuracy="correct">
      <token status="ok" id="tok2305">closed</token>
      <token status="ok" id="tok2306">path</token>
    </studentAnswer>
    <studentAnswer count="1" answerMatch="answer398" raw_text="bulbs a and b are contained ina  closed path with the battery" id="SwitchesBulbsParallel-HYBRID_BURNED_OUT_WHY_Q2.sbj29-l2.qa124" accuracy="correct">
      <token status="ok" id="tok2574">bulbs</token>
      <token status="ok" id="tok2575">a</token>
      <token status="ok" id="tok2576">and</token>
      <token status="ok" id="tok2577">b</token>
      <token status="ok" id="tok2578">are</token>
      <token status="ok" id="tok2579">contained</token>
      <token status="ok" id="tok2580a">in</token>
      <token status="ok" id="tok2580b">a</token>
      <token status="ok" id="tok2581">closed</token>
      <token status="ok" id="tok2582">path</token>
      <token status="ok" id="tok2583">with</token>
      <token status="ok" id="tok2584">the</token>
      <token status="ok" id="tok2585">battery</token>
    </studentAnswer>
    <studentAnswer count="1" answerMatch="answer396" raw_text="A and B are on a closed path with the battery" id="SwitchesBulbsParallel-HYBRID_BURNED_OUT_WHY_Q2.sbj30-l2.qa123" accuracy="correct">
      <token status="ok" id="tok2600">A</token>
      <token status="ok" id="tok2601">and</token>
      <token status="ok" id="tok2602">B</token>
      <token status="ok" id="tok2603">are</token>
      <token status="ok" id="tok2604">on</token>
      <token status="ok" id="tok2605">a</token>
      <token status="ok" id="tok2606">closed</token>
      <token status="ok" id="tok2607">path</token>
      <token status="ok" id="tok2608">with</token>
      <token status="ok" id="tok2609">the</token>
      <token status="ok" id="tok2610">battery</token>
    </studentAnswer>
    <studentAnswer count="1" raw_text="If bulb C is damaged, then bulb A and bulb B are still contained in a closed path with the battery." id="SwitchesBulbsParallel-HYBRID_BURNED_OUT_WHY_Q2.sbj31-l2.qa124" accuracy="correct">
      <token status="ok" id="tok2427">If</token>
      <token status="ok" id="tok2428">bulb</token>
      <token status="ok" id="tok2429">C</token>
      <token status="ok" id="tok2430">is</token>
      <token status="ok" id="tok2431">damaged</token>
      <token status="ok" id="tok2432">then</token>
      <token status="ok" id="tok2433">bulb</token>
      <token status="ok" id="tok2434">A</token>
      <token status="ok" id="tok2435">and</token>
      <token status="ok" id="tok2436">bulb</token>
      <token status="ok" id="tok2437">B</token>
      <token status="ok" id="tok2438">are</token>
      <token status="ok" id="tok2439">still</token>
      <token status="ok" id="tok2440">contained</token>
      <token status="ok" id="tok2441">in</token>
      <token status="ok" id="tok2442">a</token>
      <token status="ok" id="tok2443">closed</token>
      <token status="ok" id="tok2444">path</token>
      <token status="ok" id="tok2445">with</token>
      <token status="ok" id="tok2446">the</token>
      <token status="ok" id="tok2447">battery</token>
    </studentAnswer>
    <studentAnswer count="1" answerMatch="answer396" raw_text="bulb C is not in the same closed path as the battery" id="SwitchesBulbsParallel-HYBRID_BURNED_OUT_WHY_Q2.sbj33-l2.qa121" accuracy="partially_correct_incomplete">
      <token status="ok" id="tok2314">bulb</token>
      <token status="ok" id="tok2315">C</token>
      <token status="ok" id="tok2316">is</token>
      <token status="ok" id="tok2317">not</token>
      <token status="ok" id="tok2318">in</token>
      <token status="ok" id="tok2319">the</token>
      <token status="ok" id="tok2320">same</token>
      <token status="ok" id="tok2321">closed</token>
      <token status="ok" id="tok2322">path</token>
      <token status="ok" id="tok2323">as</token>
      <token status="ok" id="tok2324">the</token>
      <token status="ok" id="tok2325">battery</token>
    </studentAnswer>
    <studentAnswer count="1" raw_text="tell  answer" id="SwitchesBulbsParallel-HYBRID_BURNED_OUT_WHY_Q2.sbj33-l2.qa122" accuracy="non_domain">
      <token status="ok" id="tok2343">tell</token>
      <token status="ok" id="tok2344">answer</token>
    </studentAnswer>
    <studentAnswer count="1" answerMatch="answer396" raw_text="Bulb A and B are still contained in a closed path with the battery." id="SwitchesBulbsParallel-HYBRID_BURNED_OUT_WHY_Q2.sbj34-l2.qa125" accuracy="correct">
      <token status="ok" id="tok2453">Bulb</token>
      <token status="ok" id="tok2454">A</token>
      <token status="ok" id="tok2455">and</token>
      <token status="ok" id="tok2456">B</token>
      <token status="ok" id="tok2457">are</token>
      <token status="ok" id="tok2458">still</token>
      <token status="ok" id="tok2459">contained</token>
      <token status="ok" id="tok2460">in</token>
      <token status="ok" id="tok2461">a</token>
      <token status="ok" id="tok2462">closed</token>
      <token status="ok" id="tok2463">path</token>
      <token status="ok" id="tok2464">with</token>
      <token status="ok" id="tok2465">the</token>
      <token status="ok" id="tok2466">battery</token>
    </studentAnswer>
    <studentAnswer count="1" answerMatch="answer398" raw_text="bulb c does not create a gap in the path for bulb b and a" id="SwitchesBulbsParallel-HYBRID_BURNED_OUT_WHY_Q2.sbj35-l2.qa124" accuracy="correct">
      <token status="ok" id="tok2535">bulb</token>
      <token status="ok" id="tok2536">c</token>
      <token status="ok" id="tok2537">does</token>
      <token status="ok" id="tok2538">not</token>
      <token status="ok" id="tok2539">create</token>
      <token status="ok" id="tok2540">a</token>
      <token status="ok" id="tok2541">gap</token>
      <token status="ok" id="tok2542">in</token>
      <token status="ok" id="tok2543">the</token>
      <token status="ok" id="tok2544">path</token>
      <token status="ok" id="tok2545">for</token>
      <token status="ok" id="tok2546">bulb</token>
      <token status="ok" id="tok2547">b</token>
      <token status="ok" id="tok2548">and</token>
      <token status="ok" id="tok2549">a</token>
    </studentAnswer>
    <studentAnswer count="1" answerMatch="answer401" raw_text="bulb c does not create a gap" id="SwitchesBulbsParallel-HYBRID_BURNED_OUT_WHY_Q2.sbj35-l2.qa125" accuracy="partially_correct_incomplete">
      <token status="ok" id="tok2562">bulb</token>
      <token status="ok" id="tok2563">c</token>
      <token status="ok" id="tok2564">does</token>
      <token status="ok" id="tok2565">not</token>
      <token status="ok" id="tok2566">create</token>
      <token status="ok" id="tok2567">a</token>
      <token status="ok" id="tok2568">gap</token>
    </studentAnswer>
    <studentAnswer count="1" answerMatch="answer396" raw_text="If bulb c is damaged, bulb a and bulb b are still contained in a closed path with the battery" id="SwitchesBulbsParallel-HYBRID_BURNED_OUT_WHY_Q2.sbj35-l2.qa126" accuracy="correct">
      <token status="ok" id="tok2581">If</token>
      <token status="ok" id="tok2582">bulb</token>
      <token status="ok" id="tok2583">c</token>
      <token status="ok" id="tok2584">is</token>
      <token status="ok" id="tok2585">damaged</token>
      <token status="ok" id="tok2586">bulb</token>
      <token status="ok" id="tok2587">a</token>
      <token status="ok" id="tok2588">and</token>
      <token status="ok" id="tok2589">bulb</token>
      <token status="ok" id="tok2590">b</token>
      <token status="ok" id="tok2591">are</token>
      <token status="ok" id="tok2592">still</token>
      <token status="ok" id="tok2593">contained</token>
      <token status="ok" id="tok2594">in</token>
      <token status="ok" id="tok2595">a</token>
      <token status="ok" id="tok2596">closed</token>
      <token status="ok" id="tok2597">path</token>
      <token status="ok" id="tok2598">with</token>
      <token status="ok" id="tok2599">the</token>
      <token status="ok" id="tok2600">battery</token>
    </studentAnswer>
    <studentAnswer count="1" answerMatch="answer396" raw_text="if bulb c is damaged, then bulb a and b are contained in a closed path with the battery" id="SwitchesBulbsParallel-HYBRID_BURNED_OUT_WHY_Q2.sbj36-l2.qa116" accuracy="correct">
      <token status="ok" id="tok2229">if</token>
      <token status="ok" id="tok2230">bulb</token>
      <token status="ok" id="tok2231">c</token>
      <token status="ok" id="tok2232">is</token>
      <token status="ok" id="tok2233">damaged</token>
      <token status="ok" id="tok2234">then</token>
      <token status="ok" id="tok2235">bulb</token>
      <token status="ok" id="tok2236">a</token>
      <token status="ok" id="tok2237">and</token>
      <token status="ok" id="tok2238">b</token>
      <token status="ok" id="tok2239">are</token>
      <token status="ok" id="tok2240">contained</token>
      <token status="ok" id="tok2241">in</token>
      <token status="ok" id="tok2242">a</token>
      <token status="ok" id="tok2243">closed</token>
      <token status="ok" id="tok2244">path</token>
      <token status="ok" id="tok2245">with</token>
      <token status="ok" id="tok2246">the</token>
      <token status="ok" id="tok2247">battery</token>
    </studentAnswer>
    <studentAnswer count="1" answerMatch="answer396" raw_text="if bulb C is damaged, bulb A and bulb B are still in a closed path with the battery." id="SwitchesBulbsParallel-HYBRID_BURNED_OUT_WHY_Q2.sbj38-l2.qa115" accuracy="correct">
      <token status="ok" id="tok2511">if</token>
      <token status="ok" id="tok2512">bulb</token>
      <token status="ok" id="tok2513">C</token>
      <token status="ok" id="tok2514">is</token>
      <token status="ok" id="tok2515">damaged</token>
      <token status="ok" id="tok2516">bulb</token>
      <token status="ok" id="tok2517">A</token>
      <token status="ok" id="tok2518">and</token>
      <token status="ok" id="tok2519">bulb</token>
      <token status="ok" id="tok2520">B</token>
      <token status="ok" id="tok2521">are</token>
      <token status="ok" id="tok2522">still</token>
      <token status="ok" id="tok2523">in</token>
      <token status="ok" id="tok2524">a</token>
      <token status="ok" id="tok2525">closed</token>
      <token status="ok" id="tok2526">path</token>
      <token status="ok" id="tok2527">with</token>
      <token status="ok" id="tok2528">the</token>
      <token status="ok" id="tok2529">battery</token>
    </studentAnswer>
    <studentAnswer count="2" answerMatch="answer396" raw_text="Bulbs A and B are contained in a closed path with the battery" id="SwitchesBulbsParallel-HYBRID_BURNED_OUT_WHY_Q2.sbj39-l2.qa134" accuracy="correct">
      <token status="ok" id="tok2680">Bulbs</token>
      <token status="ok" id="tok2681">A</token>
      <token status="ok" id="tok2682">and</token>
      <token status="ok" id="tok2683">B</token>
      <token status="ok" id="tok2684">are</token>
      <token status="ok" id="tok2685">contained</token>
      <token status="ok" id="tok2686">in</token>
      <token status="ok" id="tok2687">a</token>
      <token status="ok" id="tok2688">closed</token>
      <token status="ok" id="tok2689">path</token>
      <token status="ok" id="tok2690">with</token>
      <token status="ok" id="tok2691">the</token>
      <token status="ok" id="tok2692">battery</token>
    </studentAnswer>
    <studentAnswer count="1" answerMatch="answer398" raw_text="bulb c does not affect the path of a and b." id="SwitchesBulbsParallel-HYBRID_BURNED_OUT_WHY_Q2.sbj40-l2.qa125" accuracy="partially_correct_incomplete">
      <token status="ok" id="tok2556">bulb</token>
      <token status="ok" id="tok2557">c</token>
      <token status="ok" id="tok2558">does</token>
      <token status="ok" id="tok2559">not</token>
      <token status="ok" id="tok2560">affect</token>
      <token status="ok" id="tok2561">the</token>
      <token status="ok" id="tok2562">path</token>
      <token status="ok" id="tok2563">of</token>
      <token status="ok" id="tok2564">a</token>
      <token status="ok" id="tok2565">and</token>
      <token status="ok" id="tok2566">b</token>
    </studentAnswer>
    <studentAnswer count="1" raw_text="i give up." id="SwitchesBulbsParallel-HYBRID_BURNED_OUT_WHY_Q2.sbj40-l2.qa126" accuracy="non_domain">
      <token status="ok" id="tok2596">i</token>
      <token status="ok" id="tok2597">give</token>
      <token status="ok" id="tok2598">up</token>
    </studentAnswer>
    <studentAnswer count="1" answerMatch="answer396" raw_text="there is a closed path that contains the battery and bulb a and bulb b" id="SwitchesBulbsParallel-HYBRID_BURNED_OUT_WHY_Q2.sbj42-l2.qa115" accuracy="correct">
      <token status="ok" id="tok2191">there</token>
      <token status="ok" id="tok2192">is</token>
      <token status="ok" id="tok2193">a</token>
      <token status="ok" id="tok2194">closed</token>
      <token status="ok" id="tok2195">path</token>
      <token status="ok" id="tok2196">that</token>
      <token status="ok" id="tok2197">contains</token>
      <token status="ok" id="tok2198">the</token>
      <token status="ok" id="tok2199">battery</token>
      <token status="ok" id="tok2200">and</token>
      <token status="ok" id="tok2201">bulb</token>
      <token status="ok" id="tok2202">a</token>
      <token status="ok" id="tok2203">and</token>
      <token status="ok" id="tok2204">bulb</token>
      <token status="ok" id="tok2205">b</token>
    </studentAnswer>
    <studentAnswer count="1" answerMatch="answer398" raw_text="there is still a complete path for bulb a and b" id="SwitchesBulbsParallel-HYBRID_BURNED_OUT_WHY_Q2.sbj43-l2.qa123" accuracy="contradictory">
      <token status="ok" id="tok2634">there</token>
      <token status="ok" id="tok2635">is</token>
      <token status="ok" id="tok2636">still</token>
      <token status="ok" id="tok2637">a</token>
      <token status="ok" id="tok2638">complete</token>
      <token status="ok" id="tok2639">path</token>
      <token status="ok" id="tok2640">for</token>
      <token status="ok" id="tok2641">bulb</token>
      <token status="ok" id="tok2642">a</token>
      <token status="ok" id="tok2643">and</token>
      <token status="ok" id="tok2644">b</token>
    </studentAnswer>
    <studentAnswer count="1" answerMatch="answer396" raw_text="bulb a and c are still contained in closed paths with the battery" id="SwitchesBulbsParallel-HYBRID_BURNED_OUT_WHY_Q2.sbj43-l2.qa124" accuracy="contradictory">
      <token status="ok" id="tok2675">bulb</token>
      <token status="ok" id="tok2676">a</token>
      <token status="ok" id="tok2677">and</token>
      <token status="ok" id="tok2678">c</token>
      <token status="ok" id="tok2679">are</token>
      <token status="ok" id="tok2680">still</token>
      <token status="ok" id="tok2681">contained</token>
      <token status="ok" id="tok2682">in</token>
      <token status="ok" id="tok2683">closed</token>
      <token status="ok" id="tok2684">paths</token>
      <token status="ok" id="tok2685">with</token>
      <token status="ok" id="tok2686">the</token>
      <token status="ok" id="tok2687">battery</token>
    </studentAnswer>
    <studentAnswer count="1" answerMatch="answer396" raw_text="bulb a and b are still contained in a closed path with the battery" id="SwitchesBulbsParallel-HYBRID_BURNED_OUT_WHY_Q2.sbj43-l2.qa125" accuracy="correct">
      <token status="ok" id="tok2715">bulb</token>
      <token status="ok" id="tok2716">a</token>
      <token status="ok" id="tok2717">and</token>
      <token status="ok" id="tok2718">b</token>
      <token status="ok" id="tok2719">are</token>
      <token status="ok" id="tok2720">still</token>
      <token status="ok" id="tok2721">contained</token>
      <token status="ok" id="tok2722">in</token>
      <token status="ok" id="tok2723">a</token>
      <token status="ok" id="tok2724">closed</token>
      <token status="ok" id="tok2725">path</token>
      <token status="ok" id="tok2726">with</token>
      <token status="ok" id="tok2727">the</token>
      <token status="ok" id="tok2728">battery</token>
    </studentAnswer>
    <studentAnswer count="2" answerMatch="answer396" raw_text="they are still in a closed path with the battery" id="SwitchesBulbsParallel-HYBRID_BURNED_OUT_WHY_Q2.sbj45-l2.qa112" accuracy="correct">
      <token status="ok" id="tok2172">they</token>
      <token status="ok" id="tok2173">are</token>
      <token status="ok" id="tok2174">still</token>
      <token status="ok" id="tok2175">in</token>
      <token status="ok" id="tok2176">a</token>
      <token status="ok" id="tok2177">closed</token>
      <token status="ok" id="tok2178">path</token>
      <token status="ok" id="tok2179">with</token>
      <token status="ok" id="tok2180">the</token>
      <token status="ok" id="tok2181">battery</token>
    </studentAnswer>
    <studentAnswer count="1" answerMatch="answer396" raw_text="Bulb A and bulb b are still contained in closed paths with the battery" id="SwitchesBulbsParallel-HYBRID_BURNED_OUT_WHY_Q2.sbj46-l2.qa129" accuracy="correct">
      <token status="ok" id="tok2765">Bulb</token>
      <token status="ok" id="tok2766">A</token>
      <token status="ok" id="tok2767">and</token>
      <token status="ok" id="tok2768">bulb</token>
      <token status="ok" id="tok2769">b</token>
      <token status="ok" id="tok2770">are</token>
      <token status="ok" id="tok2771">still</token>
      <token status="ok" id="tok2772">contained</token>
      <token status="ok" id="tok2773">in</token>
      <token status="ok" id="tok2774">closed</token>
      <token status="ok" id="tok2775">paths</token>
      <token status="ok" id="tok2776">with</token>
      <token status="ok" id="tok2777">the</token>
      <token status="ok" id="tok2778">battery</token>
    </studentAnswer>
    <studentAnswer count="1" answerMatch="answer396" raw_text="bulbs A and B are still connected to the closed circuit containing the battery" id="SwitchesBulbsParallel-HYBRID_BURNED_OUT_WHY_Q2.sbj47-l2.qa125" accuracy="contradictory">
      <token status="ok" id="tok2601">bulbs</token>
      <token status="ok" id="tok2602">A</token>
      <token status="ok" id="tok2603">and</token>
      <token status="ok" id="tok2604">B</token>
      <token status="ok" id="tok2605">are</token>
      <token status="ok" id="tok2606">still</token>
      <token status="ok" id="tok2607">connected</token>
      <token status="ok" id="tok2608">to</token>
      <token status="ok" id="tok2609">the</token>
      <token status="ok" id="tok2610">closed</token>
      <token status="ok" id="tok2611">circuit</token>
      <token status="ok" id="tok2612">containing</token>
      <token status="ok" id="tok2613">the</token>
      <token status="ok" id="tok2614">battery</token>
    </studentAnswer>
    <studentAnswer count="1" answerMatch="answer396" raw_text="bulbs A and B are still connected to the closed path containing the battery" id="SwitchesBulbsParallel-HYBRID_BURNED_OUT_WHY_Q2.sbj47-l2.qa126" accuracy="correct">
      <token status="ok" id="tok2647">bulbs</token>
      <token status="ok" id="tok2648">A</token>
      <token status="ok" id="tok2649">and</token>
      <token status="ok" id="tok2650">B</token>
      <token status="ok" id="tok2651">are</token>
      <token status="ok" id="tok2652">still</token>
      <token status="ok" id="tok2653">connected</token>
      <token status="ok" id="tok2654">to</token>
      <token status="ok" id="tok2655">the</token>
      <token status="ok" id="tok2656">closed</token>
      <token status="ok" id="tok2657">path</token>
      <token status="ok" id="tok2658">containing</token>
      <token status="ok" id="tok2659">the</token>
      <token status="ok" id="tok2660">battery</token>
    </studentAnswer>
    <studentAnswer count="1" answerMatch="answer396" raw_text="bulbs A and B are still connected to the battery" id="SwitchesBulbsParallel-HYBRID_BURNED_OUT_WHY_Q2.sbj47-l2.qa127" accuracy="correct">
      <token status="ok" id="tok2701">bulbs</token>
      <token status="ok" id="tok2702">A</token>
      <token status="ok" id="tok2703">and</token>
      <token status="ok" id="tok2704">B</token>
      <token status="ok" id="tok2705">are</token>
      <token status="ok" id="tok2706">still</token>
      <token status="ok" id="tok2707">connected</token>
      <token status="ok" id="tok2708">to</token>
      <token status="ok" id="tok2709">the</token>
      <token status="ok" id="tok2710">battery</token>
    </studentAnswer>
    <studentAnswer count="1" answerMatch="answer396" raw_text="because bulbs a and b are still contained in a closed path with the battery." id="SwitchesBulbsParallel-HYBRID_BURNED_OUT_WHY_Q2.sbj48-l2.qa116" accuracy="correct">
      <token status="ok" id="tok2324">because</token>
      <token status="ok" id="tok2325">bulbs</token>
      <token status="ok" id="tok2326">a</token>
      <token status="ok" id="tok2327">and</token>
      <token status="ok" id="tok2328">b</token>
      <token status="ok" id="tok2329">are</token>
      <token status="ok" id="tok2330">still</token>
      <token status="ok" id="tok2331">contained</token>
      <token status="ok" id="tok2332">in</token>
      <token status="ok" id="tok2333">a</token>
      <token status="ok" id="tok2334">closed</token>
      <token status="ok" id="tok2335">path</token>
      <token status="ok" id="tok2336">with</token>
      <token status="ok" id="tok2337">the</token>
      <token status="ok" id="tok2338">battery</token>
    </studentAnswer>
    <studentAnswer count="1" answerMatch="answer396" raw_text="they are still on a close path as teh battery" id="SwitchesBulbsParallel-HYBRID_BURNED_OUT_WHY_Q2.sbjb3-l2.qa106" accuracy="correct">
      <token status="ok" id="tok2213">they</token>
      <token status="ok" id="tok2214">are</token>
      <token status="ok" id="tok2215">still</token>
      <token status="ok" id="tok2216">on</token>
      <token status="ok" id="tok2217">a</token>
      <token status="ok" id="tok2218">close</token>
      <token status="ok" id="tok2219">path</token>
      <token status="ok" id="tok2220">as</token>
      <token status="ok" id="tok2221" original="teh">the</token>
      <token status="ok" id="tok2222">battery</token>
    </studentAnswer>
    <studentAnswer count="1" answerMatch="answer396" raw_text="they are on their own closed path with the battery" id="SwitchesBulbsParallel-HYBRID_BURNED_OUT_WHY_Q2.sbjb4-l2.qa102" accuracy="contradictory">
      <token status="ok" id="tok2198">they</token>
      <token status="ok" id="tok2199">are</token>
      <token status="ok" id="tok2200">on</token>
      <token status="ok" id="tok2201">their</token>
      <token status="ok" id="tok2202">own</token>
      <token status="ok" id="tok2203">closed</token>
      <token status="ok" id="tok2204">path</token>
      <token status="ok" id="tok2205">with</token>
      <token status="ok" id="tok2206">the</token>
      <token status="ok" id="tok2207">battery</token>
    </studentAnswer>
    <studentAnswer count="1" answerMatch="answer396" raw_text="bulbs a and b are still contained on a closed path with the battery" id="SwitchesBulbsParallel-HYBRID_BURNED_OUT_WHY_Q2.sbjb5-l2.qa102" accuracy="correct">
      <token status="ok" id="tok2271">bulbs</token>
      <token status="ok" id="tok2272">a</token>
      <token status="ok" id="tok2273">and</token>
      <token status="ok" id="tok2274">b</token>
      <token status="ok" id="tok2275">are</token>
      <token status="ok" id="tok2276">still</token>
      <token status="ok" id="tok2277">contained</token>
      <token status="ok" id="tok2278">on</token>
      <token status="ok" id="tok2279">a</token>
      <token status="ok" id="tok2280">closed</token>
      <token status="ok" id="tok2281">path</token>
      <token status="ok" id="tok2282">with</token>
      <token status="ok" id="tok2283">the</token>
      <token status="ok" id="tok2284">battery</token>
    </studentAnswer>
    <studentAnswer count="1" answerMatch="answer398" raw_text="Because they remain in a closed circuit" id="SwitchesBulbsParallel-HYBRID_BURNED_OUT_WHY_Q2.sbjb6-l2.qa102" accuracy="contradictory">
      <token status="ok" id="tok2131">Because</token>
      <token status="ok" id="tok2132">they</token>
      <token status="ok" id="tok2133">remain</token>
      <token status="ok" id="tok2134">in</token>
      <token status="ok" id="tok2135">a</token>
      <token status="ok" id="tok2136">closed</token>
      <token status="ok" id="tok2137">circuit</token>
    </studentAnswer>
    <studentAnswer count="1" answerMatch="answer400" raw_text="They have a seperate closed path with the battery" id="SwitchesBulbsParallel-HYBRID_BURNED_OUT_WHY_Q2.sbjb7-l2.qa103" accuracy="correct">
      <token status="ok" id="tok2123">They</token>
      <token status="ok" id="tok2124">have</token>
      <token status="ok" id="tok2125">a</token>
      <token status="ok" id="tok2126" original="seperate">separate</token>
      <token status="ok" id="tok2127">closed</token>
      <token status="ok" id="tok2128">path</token>
      <token status="ok" id="tok2129">with</token>
      <token status="ok" id="tok2130">the</token>
      <token status="ok" id="tok2131">battery</token>
    </studentAnswer>
    <studentAnswer count="1" answerMatch="answer396" raw_text="Bulbs A and B stay on because they are still contained within a closed path with a battery" id="SwitchesBulbsParallel-HYBRID_BURNED_OUT_WHY_Q2.sbjb11-l2.qa102" accuracy="correct">
      <token status="ok" id="tok2270">Bulbs</token>
      <token status="ok" id="tok2271">A</token>
      <token status="ok" id="tok2272">and</token>
      <token status="ok" id="tok2273">B</token>
      <token status="ok" id="tok2274">stay</token>
      <token status="ok" id="tok2275">on</token>
      <token status="ok" id="tok2276">because</token>
      <token status="ok" id="tok2277">they</token>
      <token status="ok" id="tok2278">are</token>
      <token status="ok" id="tok2279">still</token>
      <token status="ok" id="tok2280">contained</token>
      <token status="ok" id="tok2281">within</token>
      <token status="ok" id="tok2282">a</token>
      <token status="ok" id="tok2283">closed</token>
      <token status="ok" id="tok2284">path</token>
      <token status="ok" id="tok2285">with</token>
      <token status="ok" id="tok2286">a</token>
      <token status="ok" id="tok2287">battery</token>
    </studentAnswer>
    <studentAnswer count="1" answerMatch="answer396" raw_text="If bulb C is damaged, there is still a closed path with the battery." id="SwitchesBulbsParallel-HYBRID_BURNED_OUT_WHY_Q2.sbjb13-l2.qa102" accuracy="correct">
      <token status="ok" id="tok2211">If</token>
      <token status="ok" id="tok2212">bulb</token>
      <token status="ok" id="tok2213">C</token>
      <token status="ok" id="tok2214">is</token>
      <token status="ok" id="tok2215">damaged</token>
      <token status="ok" id="tok2216">there</token>
      <token status="ok" id="tok2217">is</token>
      <token status="ok" id="tok2218">still</token>
      <token status="ok" id="tok2219">a</token>
      <token status="ok" id="tok2220">closed</token>
      <token status="ok" id="tok2221">path</token>
      <token status="ok" id="tok2222">with</token>
      <token status="ok" id="tok2223">the</token>
      <token status="ok" id="tok2224">battery</token>
    </studentAnswer>
    <studentAnswer count="1" answerMatch="answer396" raw_text="because A and B still connected to battery" id="SwitchesBulbsParallel-HYBRID_BURNED_OUT_WHY_Q2.sbjb15-l2.qa103" accuracy="partially_correct_incomplete">
      <token status="ok" id="tok2079">because</token>
      <token status="ok" id="tok2080">A</token>
      <token status="ok" id="tok2081">and</token>
      <token status="ok" id="tok2082">B</token>
      <token status="ok" id="tok2083">still</token>
      <token status="ok" id="tok2084">connected</token>
      <token status="ok" id="tok2085">to</token>
      <token status="ok" id="tok2086">battery</token>
    </studentAnswer>
    <studentAnswer count="1" answerMatch="answer400" raw_text="there is still a closed path for bulb A and B" id="SwitchesBulbsParallel-HYBRID_BURNED_OUT_WHY_Q2.sbjb17-l2.qa104" accuracy="correct">
      <token status="ok" id="tok2191">there</token>
      <token status="ok" id="tok2192">is</token>
      <token status="ok" id="tok2193">still</token>
      <token status="ok" id="tok2194">a</token>
      <token status="ok" id="tok2195">closed</token>
      <token status="ok" id="tok2196">path</token>
      <token status="ok" id="tok2197">for</token>
      <token status="ok" id="tok2198">bulb</token>
      <token status="ok" id="tok2199">A</token>
      <token status="ok" id="tok2200">and</token>
      <token status="ok" id="tok2201">B</token>
    </studentAnswer>
    <studentAnswer count="1" answerMatch="answer396" raw_text="A and B are still in a closed pathway with the battery" id="SwitchesBulbsParallel-HYBRID_BURNED_OUT_WHY_Q2.sbjb18-l2.qa102" accuracy="correct">
      <token status="ok" id="tok2064">A</token>
      <token status="ok" id="tok2065">and</token>
      <token status="ok" id="tok2066">B</token>
      <token status="ok" id="tok2067">are</token>
      <token status="ok" id="tok2068">still</token>
      <token status="ok" id="tok2069">in</token>
      <token status="ok" id="tok2070">a</token>
      <token status="ok" id="tok2071">closed</token>
      <token status="ok" id="tok2072">pathway</token>
      <token status="ok" id="tok2073">with</token>
      <token status="ok" id="tok2074">the</token>
      <token status="ok" id="tok2075">battery</token>
    </studentAnswer>
    <studentAnswer count="1" answerMatch="answer397" raw_text="because bulb c is not in the same ppath" id="SwitchesBulbsParallel-HYBRID_BURNED_OUT_WHY_Q2.sbjb19-l2.qa102" accuracy="correct">
      <token status="ok" id="tok2169">because</token>
      <token status="ok" id="tok2170">bulb</token>
      <token status="ok" id="tok2171">c</token>
      <token status="ok" id="tok2172">is</token>
      <token status="ok" id="tok2173">not</token>
      <token status="ok" id="tok2174">in</token>
      <token status="ok" id="tok2175">the</token>
      <token status="ok" id="tok2176">same</token>
      <token status="ok" id="tok2177" original="ppath">path</token>
    </studentAnswer>
    <studentAnswer count="1" answerMatch="answer398" raw_text="Bulb A and Bulb C are still in a contained path." id="SwitchesBulbsParallel-HYBRID_BURNED_OUT_WHY_Q2.sbjb20-l2.qa102" accuracy="correct">
      <token status="ok" id="tok2183">Bulb</token>
      <token status="ok" id="tok2184">A</token>
      <token status="ok" id="tok2185">and</token>
      <token status="ok" id="tok2186">Bulb</token>
      <token status="ok" id="tok2187">C</token>
      <token status="ok" id="tok2188">are</token>
      <token status="ok" id="tok2189">still</token>
      <token status="ok" id="tok2190">in</token>
      <token status="ok" id="tok2191">a</token>
      <token status="ok" id="tok2192">contained</token>
      <token status="ok" id="tok2193">path</token>
    </studentAnswer>
    <studentAnswer count="1" answerMatch="answer398" raw_text="they are on seperate closed circuits with the battery" id="SwitchesBulbsParallel-HYBRID_BURNED_OUT_WHY_Q2.sbjb21-l2.qa102" accuracy="contradictory">
      <token status="ok" id="tok2051">they</token>
      <token status="ok" id="tok2052">are</token>
      <token status="ok" id="tok2053">on</token>
      <token status="ok" id="tok2054" original="seperate">separate</token>
      <token status="ok" id="tok2055">closed</token>
      <token status="ok" id="tok2056">circuits</token>
      <token status="ok" id="tok2057">with</token>
      <token status="ok" id="tok2058">the</token>
      <token status="ok" id="tok2059">battery</token>
    </studentAnswer>
    <studentAnswer count="1" answerMatch="answer400" raw_text="not contained insa me path" id="SwitchesBulbsParallel-HYBRID_BURNED_OUT_WHY_Q2.sbjb22-l2.qa102" accuracy="correct">
      <token status="ok" id="tok2062">not</token>
      <token status="ok" id="tok2063">contained</token>
      <token status="ok" id="tok2064+a">in</token>
      <token status="ok" id="tok2064+b">same</token>
      <token status="ok" id="tok2066">path</token>
    </studentAnswer>
    <studentAnswer count="1" answerMatch="answer400" raw_text="SEPARATE PATHS" id="SwitchesBulbsParallel-HYBRID_BURNED_OUT_WHY_Q2.sbjb24-l2.qa106" accuracy="partially_correct_incomplete">
      <token status="ok" id="tok2127">SEPARATE</token>
      <token status="ok" id="tok2128">PATHS</token>
    </studentAnswer>
    <studentAnswer count="1" answerMatch="answer400" raw_text="They are in separate paths." id="SwitchesBulbsParallel-HYBRID_BURNED_OUT_WHY_Q2.sbjb25-l2.qa103" accuracy="contradictory">
      <token status="ok" id="tok2138">They</token>
      <token status="ok" id="tok2139">are</token>
      <token status="ok" id="tok2140">in</token>
      <token status="ok" id="tok2141">separate</token>
      <token status="ok" id="tok2142">paths</token>
    </studentAnswer>
    <studentAnswer count="1" answerMatch="answer396" raw_text="A and B are still contained in a closed path with the battery." id="SwitchesBulbsParallel-HYBRID_BURNED_OUT_WHY_Q2.sbjb26-l2.qa102" accuracy="correct">
      <token status="ok" id="tok2184">A</token>
      <token status="ok" id="tok2185">and</token>
      <token status="ok" id="tok2186">B</token>
      <token status="ok" id="tok2187">are</token>
      <token status="ok" id="tok2188">still</token>
      <token status="ok" id="tok2189">contained</token>
      <token status="ok" id="tok2190">in</token>
      <token status="ok" id="tok2191">a</token>
      <token status="ok" id="tok2192">closed</token>
      <token status="ok" id="tok2193">path</token>
      <token status="ok" id="tok2194">with</token>
      <token status="ok" id="tok2195">the</token>
      <token status="ok" id="tok2196">battery</token>
    </studentAnswer>
    <studentAnswer count="1" answerMatch="answer396" raw_text="they are still contained in a closed circuit with the battery" id="SwitchesBulbsParallel-HYBRID_BURNED_OUT_WHY_Q2.sbjb27-l2.qa102" accuracy="contradictory">
      <token status="ok" id="tok2190">they</token>
      <token status="ok" id="tok2191">are</token>
      <token status="ok" id="tok2192">still</token>
      <token status="ok" id="tok2193">contained</token>
      <token status="ok" id="tok2194">in</token>
      <token status="ok" id="tok2195">a</token>
      <token status="ok" id="tok2196">closed</token>
      <token status="ok" id="tok2197">circuit</token>
      <token status="ok" id="tok2198">with</token>
      <token status="ok" id="tok2199">the</token>
      <token status="ok" id="tok2200">battery</token>
    </studentAnswer>
    <studentAnswer count="1" answerMatch="answer398" raw_text="Bulbs A and B are on a different closed path" id="SwitchesBulbsParallel-HYBRID_BURNED_OUT_WHY_Q2.sbjb28-l2.qa102" accuracy="correct">
      <token status="ok" id="tok2144">Bulbs</token>
      <token status="ok" id="tok2145">A</token>
      <token status="ok" id="tok2146">and</token>
      <token status="ok" id="tok2147">B</token>
      <token status="ok" id="tok2148">are</token>
      <token status="ok" id="tok2149">on</token>
      <token status="ok" id="tok2150">a</token>
      <token status="ok" id="tok2151">different</token>
      <token status="ok" id="tok2152">closed</token>
      <token status="ok" id="tok2153">path</token>
    </studentAnswer>
    <studentAnswer count="1" answerMatch="answer397" raw_text="because they are on a closed path that is not interrupted by C" id="SwitchesBulbsParallel-HYBRID_BURNED_OUT_WHY_Q2.sbjb29-l2.qa103" accuracy="correct">
      <token status="ok" id="tok2149">because</token>
      <token status="ok" id="tok2150">they</token>
      <token status="ok" id="tok2151">are</token>
      <token status="ok" id="tok2152">on</token>
      <token status="ok" id="tok2153">a</token>
      <token status="ok" id="tok2154">closed</token>
      <token status="ok" id="tok2155">path</token>
      <token status="ok" id="tok2156">that</token>
      <token status="ok" id="tok2157">is</token>
      <token status="ok" id="tok2158">not</token>
      <token status="ok" id="tok2159">interrupted</token>
      <token status="ok" id="tok2160">by</token>
      <token status="ok" id="tok2161">C</token>
    </studentAnswer>
    <studentAnswer count="1" answerMatch="answer396" raw_text="bulbs a and b are still contained in closed paths with the battery." id="SwitchesBulbsParallel-HYBRID_BURNED_OUT_WHY_Q2.sbjb30-l2.qa102" accuracy="correct">
      <token status="ok" id="tok2282">bulbs</token>
      <token status="ok" id="tok2283">a</token>
      <token status="ok" id="tok2284">and</token>
      <token status="ok" id="tok2285">b</token>
      <token status="ok" id="tok2286">are</token>
      <token status="ok" id="tok2287">still</token>
      <token status="ok" id="tok2288">contained</token>
      <token status="ok" id="tok2289">in</token>
      <token status="ok" id="tok2290">closed</token>
      <token status="ok" id="tok2291">paths</token>
      <token status="ok" id="tok2292">with</token>
      <token status="ok" id="tok2293">the</token>
      <token status="ok" id="tok2294">battery</token>
    </studentAnswer>
    <studentAnswer count="1" answerMatch="answer397" raw_text="because bulb a and b are not contained in a closed path with bulb c" id="SwitchesBulbsParallel-HYBRID_BURNED_OUT_WHY_Q2.sbjb31-l2.qa102" accuracy="correct">
      <token status="ok" id="tok2227">because</token>
      <token status="ok" id="tok2228">bulb</token>
      <token status="ok" id="tok2229">a</token>
      <token status="ok" id="tok2230">and</token>
      <token status="ok" id="tok2231">b</token>
      <token status="ok" id="tok2232">are</token>
      <token status="ok" id="tok2233">not</token>
      <token status="ok" id="tok2234">contained</token>
      <token status="ok" id="tok2235">in</token>
      <token status="ok" id="tok2236">a</token>
      <token status="ok" id="tok2237">closed</token>
      <token status="ok" id="tok2238">path</token>
      <token status="ok" id="tok2239">with</token>
      <token status="ok" id="tok2240">bulb</token>
      <token status="ok" id="tok2241">c</token>
    </studentAnswer>
    <studentAnswer count="1" raw_text="they were on a closed pat" id="SwitchesBulbsParallel-HYBRID_BURNED_OUT_WHY_Q2.sbjb32-l2.qa102" accuracy="correct">
      <token status="ok" id="tok2088">they</token>
      <token status="ok" id="tok2089">were</token>
      <token status="ok" id="tok2090">on</token>
      <token status="ok" id="tok2091">a</token>
      <token status="ok" id="tok2092">closed</token>
      <token status="ok" id="tok2093">pat</token>
    </studentAnswer>
    <studentAnswer count="1" answerMatch="answer396" raw_text="Bulb B and bulb A were still contained in a closed path with the battery." id="SwitchesBulbsParallel-HYBRID_BURNED_OUT_WHY_Q2.sbjb34-l2.qa103" accuracy="correct">
      <token status="ok" id="tok2218">Bulb</token>
      <token status="ok" id="tok2219">B</token>
      <token status="ok" id="tok2220">and</token>
      <token status="ok" id="tok2221">bulb</token>
      <token status="ok" id="tok2222">A</token>
      <token status="ok" id="tok2223">were</token>
      <token status="ok" id="tok2224">still</token>
      <token status="ok" id="tok2225">contained</token>
      <token status="ok" id="tok2226">in</token>
      <token status="ok" id="tok2227">a</token>
      <token status="ok" id="tok2228">closed</token>
      <token status="ok" id="tok2229">path</token>
      <token status="ok" id="tok2230">with</token>
      <token status="ok" id="tok2231">the</token>
      <token status="ok" id="tok2232">battery</token>
    </studentAnswer>
    <studentAnswer count="1" answerMatch="answer397" raw_text="Because bulb C is on it&quot;s own pathway seperate from A and B with the battery" id="SwitchesBulbsParallel-HYBRID_BURNED_OUT_WHY_Q2.sbjb35-l2.qa104" accuracy="correct">
      <token status="ok" id="tok2218">Because</token>
      <token status="ok" id="tok2219">bulb</token>
      <token status="ok" id="tok2220">C</token>
      <token status="ok" id="tok2221">is</token>
      <token status="ok" id="tok2222">on</token>
      <token status="ok" id="tok2223+" original="it's">its</token>
      <token status="ok" id="tok2225">own</token>
      <token status="ok" id="tok2226">pathway</token>
      <token status="ok" id="tok2227" original="seperate">separate</token>
      <token status="ok" id="tok2228">from</token>
      <token status="ok" id="tok2229">A</token>
      <token status="ok" id="tok2230">and</token>
      <token status="ok" id="tok2231">B</token>
      <token status="ok" id="tok2232">with</token>
      <token status="ok" id="tok2233">the</token>
      <token status="ok" id="tok2234">battery</token>
    </studentAnswer>
    <studentAnswer count="1" answerMatch="answer398" raw_text="because bulb c doesnt effect the other closed paths" id="SwitchesBulbsParallel-HYBRID_BURNED_OUT_WHY_Q2.sbjb36-l2.qa102" accuracy="partially_correct_incomplete">
      <token status="ok" id="tok2139">because</token>
      <token status="ok" id="tok2140">bulb</token>
      <token status="ok" id="tok2141">c</token>
      <token status="ok" id="tok2142a">does</token>
      <token status="pennTokenFragment" id="tok2142b" original="nt">n't</token>
      <token status="ok" id="tok2143" original="effect">affect</token>
      <token status="ok" id="tok2144">the</token>
      <token status="ok" id="tok2145">other</token>
      <token status="ok" id="tok2146">closed</token>
      <token status="ok" id="tok2147">paths</token>
    </studentAnswer>
    <studentAnswer count="1" answerMatch="answer398" raw_text="They are contained in a close pathway" id="SwitchesBulbsParallel-HYBRID_BURNED_OUT_WHY_Q2.sbjb37-l2.qa103" accuracy="correct">
      <token status="ok" id="tok2137">They</token>
      <token status="ok" id="tok2138">are</token>
      <token status="ok" id="tok2139">contained</token>
      <token status="ok" id="tok2140">in</token>
      <token status="ok" id="tok2141">a</token>
      <token status="ok" id="tok2142">close</token>
      <token status="ok" id="tok2143">pathway</token>
    </studentAnswer>
    <studentAnswer count="1" answerMatch="answer400" raw_text="Because Bulb C is not contained on the path of the other bulbs" id="SwitchesBulbsParallel-HYBRID_BURNED_OUT_WHY_Q2.sbjb38-l2.qa102" accuracy="correct">
      <token status="ok" id="tok2225">Because</token>
      <token status="ok" id="tok2226">Bulb</token>
      <token status="ok" id="tok2227">C</token>
      <token status="ok" id="tok2228">is</token>
      <token status="ok" id="tok2229">not</token>
      <token status="ok" id="tok2230">contained</token>
      <token status="ok" id="tok2231">on</token>
      <token status="ok" id="tok2232">the</token>
      <token status="ok" id="tok2233">path</token>
      <token status="ok" id="tok2234">of</token>
      <token status="ok" id="tok2235">the</token>
      <token status="ok" id="tok2236">other</token>
      <token status="ok" id="tok2237">bulbs</token>
    </studentAnswer>
    <studentAnswer count="1" answerMatch="answer396" raw_text="they still are contained in a closed path with the battery" id="SwitchesBulbsParallel-HYBRID_BURNED_OUT_WHY_Q2.sbjb40-l2.qa102" accuracy="correct">
      <token status="ok" id="tok2122">they</token>
      <token status="ok" id="tok2123">still</token>
      <token status="ok" id="tok2124">are</token>
      <token status="ok" id="tok2125">contained</token>
      <token status="ok" id="tok2126">in</token>
      <token status="ok" id="tok2127">a</token>
      <token status="ok" id="tok2128">closed</token>
      <token status="ok" id="tok2129">path</token>
      <token status="ok" id="tok2130">with</token>
      <token status="ok" id="tok2131">the</token>
      <token status="ok" id="tok2132">battery</token>
    </studentAnswer>
    <studentAnswer count="1" answerMatch="answer396" raw_text="Through bulb A, bulb B is still contained in a closed path to the battery." id="SwitchesBulbsParallel-HYBRID_BURNED_OUT_WHY_Q2.sbjb41-l2.qa103" accuracy="correct">
      <token status="ok" id="tok2350">Through</token>
      <token status="ok" id="tok2351">bulb</token>
      <token status="ok" id="tok2352">A</token>
      <token status="ok" id="tok2353">bulb</token>
      <token status="ok" id="tok2354">B</token>
      <token status="ok" id="tok2355">is</token>
      <token status="ok" id="tok2356">still</token>
      <token status="ok" id="tok2357">contained</token>
      <token status="ok" id="tok2358">in</token>
      <token status="ok" id="tok2359">a</token>
      <token status="ok" id="tok2360">closed</token>
      <token status="ok" id="tok2361">path</token>
      <token status="ok" id="tok2362">to</token>
      <token status="ok" id="tok2363">the</token>
      <token status="ok" id="tok2364">battery</token>
    </studentAnswer>
    <studentAnswer count="1" answerMatch="answer396" raw_text="Bulbs B and A are still contained on a closed path with the battery" id="SwitchesBulbsParallel-HYBRID_BURNED_OUT_WHY_Q2.sbjb42-l2.qa102" accuracy="correct">
      <token status="ok" id="tok2166">Bulbs</token>
      <token status="ok" id="tok2167">B</token>
      <token status="ok" id="tok2168">and</token>
      <token status="ok" id="tok2169">A</token>
      <token status="ok" id="tok2170">are</token>
      <token status="ok" id="tok2171">still</token>
      <token status="ok" id="tok2172">contained</token>
      <token status="ok" id="tok2173">on</token>
      <token status="ok" id="tok2174">a</token>
      <token status="ok" id="tok2175">closed</token>
      <token status="ok" id="tok2176">path</token>
      <token status="ok" id="tok2177">with</token>
      <token status="ok" id="tok2178">the</token>
      <token status="ok" id="tok2179">battery</token>
    </studentAnswer>
  </studentAnswers>
</question>
