<?xml version="1.0"?>
<question qtype="Q_EXPLAIN_GENERIC" id="SWITCH_TABLE_EXPLAIN_Q3" module="SwitchesBulbsParallel" stype="EVALUATE">
  <questionText>Under what circumstances will a switch affect a bulb?</questionText>
  <referenceAnswers>
    <referenceAnswer category="BEST" id="answer325" fileID="SWITCH_TABLE_EXPLAIN_Q3_ANS1">When the switch and the bulb are contained in the same path</referenceAnswer>
  </referenceAnswers>
  <studentAnswers>
    <studentAnswer count="1" answerMatch="answer325" raw_text="if the switch and bulb are contained in the same path, the switch will affect the bulb." id="SwitchesBulbsParallel-SWITCH_TABLE_EXPLAIN_Q3.sbj7-l2.qa60" accuracy="correct">
      <token status="ok" id="tok1142">if</token>
      <token status="ok" id="tok1143">the</token>
      <token status="ok" id="tok1144">switch</token>
      <token status="ok" id="tok1145">and</token>
      <token status="ok" id="tok1146">bulb</token>
      <token status="ok" id="tok1147">are</token>
      <token status="ok" id="tok1148">contained</token>
      <token status="ok" id="tok1149">in</token>
      <token status="ok" id="tok1150">the</token>
      <token status="ok" id="tok1151">same</token>
      <token status="ok" id="tok1152">path</token>
      <token status="ok" id="tok1153">the</token>
      <token status="ok" id="tok1154">switch</token>
      <token status="ok" id="tok1155">will</token>
      <token status="ok" id="tok1156">affect</token>
      <token status="ok" id="tok1157">the</token>
      <token status="ok" id="tok1158">bulb</token>
    </studentAnswer>
    <studentAnswer count="1" answerMatch="answer325" raw_text="if the bulb is in the path of an open switch" id="SwitchesBulbsParallel-SWITCH_TABLE_EXPLAIN_Q3.sbj8-l2.qa66" accuracy="correct">
      <token status="ok" id="tok1368">if</token>
      <token status="ok" id="tok1369">the</token>
      <token status="ok" id="tok1370">bulb</token>
      <token status="ok" id="tok1371">is</token>
      <token status="ok" id="tok1372">in</token>
      <token status="ok" id="tok1373">the</token>
      <token status="ok" id="tok1374">path</token>
      <token status="ok" id="tok1375">of</token>
      <token status="ok" id="tok1376">an</token>
      <token status="ok" id="tok1377">open</token>
      <token status="ok" id="tok1378">switch</token>
    </studentAnswer>
    <studentAnswer count="1" answerMatch="answer325" raw_text="if the switch is open in a path with the battery and bulb." id="SwitchesBulbsParallel-SWITCH_TABLE_EXPLAIN_Q3.sbj9-l2.qa61" accuracy="correct">
      <token status="ok" id="tok1107">if</token>
      <token status="ok" id="tok1108">the</token>
      <token status="ok" id="tok1109">switch</token>
      <token status="ok" id="tok1110">is</token>
      <token status="ok" id="tok1111">open</token>
      <token status="ok" id="tok1112">in</token>
      <token status="ok" id="tok1113">a</token>
      <token status="ok" id="tok1114">path</token>
      <token status="ok" id="tok1115">with</token>
      <token status="ok" id="tok1116">the</token>
      <token status="ok" id="tok1117">battery</token>
      <token status="ok" id="tok1118">and</token>
      <token status="ok" id="tok1119">bulb</token>
    </studentAnswer>
    <studentAnswer count="1" answerMatch="answer325" raw_text="when the switch is on a closed path with the bulb" id="SwitchesBulbsParallel-SWITCH_TABLE_EXPLAIN_Q3.sbj10-l2.qa64" accuracy="correct">
      <token status="ok" id="tok1234">when</token>
      <token status="ok" id="tok1235">the</token>
      <token status="ok" id="tok1236">switch</token>
      <token status="ok" id="tok1237">is</token>
      <token status="ok" id="tok1238">on</token>
      <token status="ok" id="tok1239">a</token>
      <token status="ok" id="tok1240">closed</token>
      <token status="ok" id="tok1241">path</token>
      <token status="ok" id="tok1242">with</token>
      <token status="ok" id="tok1243">the</token>
      <token status="ok" id="tok1244">bulb</token>
    </studentAnswer>
    <studentAnswer count="1" answerMatch="answer325" raw_text="if the switch and the bulb are on the same path." id="SwitchesBulbsParallel-SWITCH_TABLE_EXPLAIN_Q3.sbj11-l2.qa62" accuracy="correct">
      <token status="ok" id="tok1205">if</token>
      <token status="ok" id="tok1206">the</token>
      <token status="ok" id="tok1207">switch</token>
      <token status="ok" id="tok1208">and</token>
      <token status="ok" id="tok1209">the</token>
      <token status="ok" id="tok1210">bulb</token>
      <token status="ok" id="tok1211">are</token>
      <token status="ok" id="tok1212">on</token>
      <token status="ok" id="tok1213">the</token>
      <token status="ok" id="tok1214">same</token>
      <token status="ok" id="tok1215">path</token>
    </studentAnswer>
    <studentAnswer count="1" answerMatch="answer325" raw_text="If the swith is contained in the same path as the bulb" id="SwitchesBulbsParallel-SWITCH_TABLE_EXPLAIN_Q3.sbj12-l2.qa65" accuracy="correct">
      <token status="ok" id="tok1236">If</token>
      <token status="ok" id="tok1237">the</token>
      <token status="ok" id="tok1238" original="swith">switch</token>
      <token status="ok" id="tok1239">is</token>
      <token status="ok" id="tok1240">contained</token>
      <token status="ok" id="tok1241">in</token>
      <token status="ok" id="tok1242">the</token>
      <token status="ok" id="tok1243">same</token>
      <token status="ok" id="tok1244">path</token>
      <token status="ok" id="tok1245">as</token>
      <token status="ok" id="tok1246">the</token>
      <token status="ok" id="tok1247">bulb</token>
    </studentAnswer>
    <studentAnswer count="1" answerMatch="answer325" raw_text="the switch is in the same path as the bulb" id="SwitchesBulbsParallel-SWITCH_TABLE_EXPLAIN_Q3.sbj12-l2.qa66" accuracy="correct">
      <token status="ok" id="tok1265">the</token>
      <token status="ok" id="tok1266">switch</token>
      <token status="ok" id="tok1267">is</token>
      <token status="ok" id="tok1268">in</token>
      <token status="ok" id="tok1269">the</token>
      <token status="ok" id="tok1270">same</token>
      <token status="ok" id="tok1271">path</token>
      <token status="ok" id="tok1272">as</token>
      <token status="ok" id="tok1273">the</token>
      <token status="ok" id="tok1274">bulb</token>
    </studentAnswer>
    <studentAnswer count="1" answerMatch="answer325" raw_text="the switch is in a path with the bulb" id="SwitchesBulbsParallel-SWITCH_TABLE_EXPLAIN_Q3.sbj12-l2.qa67" accuracy="correct">
      <token status="ok" id="tok1292">the</token>
      <token status="ok" id="tok1293">switch</token>
      <token status="ok" id="tok1294">is</token>
      <token status="ok" id="tok1295">in</token>
      <token status="ok" id="tok1296">a</token>
      <token status="ok" id="tok1297">path</token>
      <token status="ok" id="tok1298">with</token>
      <token status="ok" id="tok1299">the</token>
      <token status="ok" id="tok1300">bulb</token>
    </studentAnswer>
    <studentAnswer count="1" answerMatch="answer325" raw_text="if the bulb and the switch are contained in the same path. then the switch affects the bulb." id="SwitchesBulbsParallel-SWITCH_TABLE_EXPLAIN_Q3.sbj13-l2.qa71" accuracy="correct">
      <token status="ok" id="tok1485">if</token>
      <token status="ok" id="tok1486">the</token>
      <token status="ok" id="tok1487">bulb</token>
      <token status="ok" id="tok1488">and</token>
      <token status="ok" id="tok1489">the</token>
      <token status="ok" id="tok1490">switch</token>
      <token status="ok" id="tok1491">are</token>
      <token status="ok" id="tok1492">contained</token>
      <token status="ok" id="tok1493">in</token>
      <token status="ok" id="tok1494">the</token>
      <token status="ok" id="tok1495">same</token>
      <token status="ok" id="tok1496">path</token>
      <token status="ok" id="tok1497">then</token>
      <token status="ok" id="tok1498">the</token>
      <token status="ok" id="tok1499">switch</token>
      <token status="ok" id="tok1500">affects</token>
      <token status="ok" id="tok1501">the</token>
      <token status="ok" id="tok1502">bulb</token>
    </studentAnswer>
    <studentAnswer count="2" answerMatch="answer325" raw_text="If it is in the same path as the bulb." id="SwitchesBulbsParallel-SWITCH_TABLE_EXPLAIN_Q3.sbj14-l2.qa64" accuracy="correct">
      <token status="ok" id="tok1255">If</token>
      <token status="ok" id="tok1256">it</token>
      <token status="ok" id="tok1257">is</token>
      <token status="ok" id="tok1258">in</token>
      <token status="ok" id="tok1259">the</token>
      <token status="ok" id="tok1260">same</token>
      <token status="ok" id="tok1261">path</token>
      <token status="ok" id="tok1262">as</token>
      <token status="ok" id="tok1263">the</token>
      <token status="ok" id="tok1264">bulb</token>
    </studentAnswer>
    <studentAnswer count="1" answerMatch="answer325" raw_text="If the switch and the bulb are in the same path." id="SwitchesBulbsParallel-SWITCH_TABLE_EXPLAIN_Q3.sbj14-l2.qa65" accuracy="correct">
      <token status="ok" id="tok1282">If</token>
      <token status="ok" id="tok1283">the</token>
      <token status="ok" id="tok1284">switch</token>
      <token status="ok" id="tok1285">and</token>
      <token status="ok" id="tok1286">the</token>
      <token status="ok" id="tok1287">bulb</token>
      <token status="ok" id="tok1288">are</token>
      <token status="ok" id="tok1289">in</token>
      <token status="ok" id="tok1290">the</token>
      <token status="ok" id="tok1291">same</token>
      <token status="ok" id="tok1292">path</token>
    </studentAnswer>
    <studentAnswer count="1" raw_text="when the switch is closed" id="SwitchesBulbsParallel-SWITCH_TABLE_EXPLAIN_Q3.sbj15-l2.qa70" accuracy="contradictory">
      <token status="ok" id="tok1411">when</token>
      <token status="ok" id="tok1412">the</token>
      <token status="ok" id="tok1413">switch</token>
      <token status="ok" id="tok1414">is</token>
      <token status="ok" id="tok1415">closed</token>
    </studentAnswer>
    <studentAnswer count="1" raw_text="when the path is open" id="SwitchesBulbsParallel-SWITCH_TABLE_EXPLAIN_Q3.sbj15-l2.qa71" accuracy="contradictory">
      <token status="ok" id="tok1428">when</token>
      <token status="ok" id="tok1429">the</token>
      <token status="ok" id="tok1430">path</token>
      <token status="ok" id="tok1431">is</token>
      <token status="ok" id="tok1432">open</token>
    </studentAnswer>
    <studentAnswer count="1" answerMatch="answer325" raw_text="the switch is contained in a closed path" id="SwitchesBulbsParallel-SWITCH_TABLE_EXPLAIN_Q3.sbj15-l2.qa72" accuracy="partially_correct_incomplete">
      <token status="ok" id="tok1449">the</token>
      <token status="ok" id="tok1450">switch</token>
      <token status="ok" id="tok1451">is</token>
      <token status="ok" id="tok1452">contained</token>
      <token status="ok" id="tok1453">in</token>
      <token status="ok" id="tok1454">a</token>
      <token status="ok" id="tok1455">closed</token>
      <token status="ok" id="tok1456">path</token>
    </studentAnswer>
    <studentAnswer count="1" answerMatch="answer325" raw_text="when it is open" id="SwitchesBulbsParallel-SWITCH_TABLE_EXPLAIN_Q3.sbj19-l2.qa81" accuracy="partially_correct_incomplete">
      <token status="ok" id="tok1759">when</token>
      <token status="ok" id="tok1760">it</token>
      <token status="ok" id="tok1761">is</token>
      <token status="ok" id="tok1762">open</token>
    </studentAnswer>
    <studentAnswer count="1" raw_text="when there is a open path" id="SwitchesBulbsParallel-SWITCH_TABLE_EXPLAIN_Q3.sbj19-l2.qa83" accuracy="contradictory">
      <token status="ok" id="tok1797">when</token>
      <token status="ok" id="tok1798">there</token>
      <token status="ok" id="tok1799">is</token>
      <token status="ok" id="tok1800">a</token>
      <token status="ok" id="tok1801">open</token>
      <token status="ok" id="tok1802">path</token>
    </studentAnswer>
    <studentAnswer count="1" answerMatch="answer325" raw_text="when the switch is the in a closed path with the bulb" id="SwitchesBulbsParallel-SWITCH_TABLE_EXPLAIN_Q3.sbj22-l2.qa66" accuracy="correct">
      <token status="ok" id="tok1304">when</token>
      <token status="ok" id="tok1305">the</token>
      <token status="ok" id="tok1306">switch</token>
      <token status="ok" id="tok1307">is</token>
      <token status="ok" id="tok1308">the</token>
      <token status="ok" id="tok1309">in</token>
      <token status="ok" id="tok1310">a</token>
      <token status="ok" id="tok1311">closed</token>
      <token status="ok" id="tok1312">path</token>
      <token status="ok" id="tok1313">with</token>
      <token status="ok" id="tok1314">the</token>
      <token status="ok" id="tok1315">bulb</token>
    </studentAnswer>
    <studentAnswer count="1" raw_text="l" id="SwitchesBulbsParallel-SWITCH_TABLE_EXPLAIN_Q3.sbj22-l2.qa67" accuracy="non_domain">
      <token status="nonWord" id="tok1326">l</token>
    </studentAnswer>
    <studentAnswer count="1" answerMatch="answer325" raw_text="When the switch is in the same papth as the bulb." id="SwitchesBulbsParallel-SWITCH_TABLE_EXPLAIN_Q3.sbj23-l2.qa67" accuracy="correct">
      <token status="ok" id="tok1271">When</token>
      <token status="ok" id="tok1272">the</token>
      <token status="ok" id="tok1273">switch</token>
      <token status="ok" id="tok1274">is</token>
      <token status="ok" id="tok1275">in</token>
      <token status="ok" id="tok1276">the</token>
      <token status="ok" id="tok1277">same</token>
      <token status="ok" id="tok1278" original="papth">path</token>
      <token status="ok" id="tok1279">as</token>
      <token status="ok" id="tok1280">the</token>
      <token status="ok" id="tok1281">bulb</token>
    </studentAnswer>
    <studentAnswer count="1" answerMatch="answer325" raw_text="When the switch is in the path of the bulb." id="SwitchesBulbsParallel-SWITCH_TABLE_EXPLAIN_Q3.sbj23-l2.qa68" accuracy="correct">
      <token status="ok" id="tok1299">When</token>
      <token status="ok" id="tok1300">the</token>
      <token status="ok" id="tok1301">switch</token>
      <token status="ok" id="tok1302">is</token>
      <token status="ok" id="tok1303">in</token>
      <token status="ok" id="tok1304">the</token>
      <token status="ok" id="tok1305">path</token>
      <token status="ok" id="tok1306">of</token>
      <token status="ok" id="tok1307">the</token>
      <token status="ok" id="tok1308">bulb</token>
    </studentAnswer>
    <studentAnswer count="1" answerMatch="answer325" raw_text="if the bulb and switch are contained in the same path" id="SwitchesBulbsParallel-SWITCH_TABLE_EXPLAIN_Q3.sbj24-l2.qa63" accuracy="correct">
      <token status="ok" id="tok1216">if</token>
      <token status="ok" id="tok1217">the</token>
      <token status="ok" id="tok1218">bulb</token>
      <token status="ok" id="tok1219">and</token>
      <token status="ok" id="tok1220">switch</token>
      <token status="ok" id="tok1221">are</token>
      <token status="ok" id="tok1222">contained</token>
      <token status="ok" id="tok1223">in</token>
      <token status="ok" id="tok1224">the</token>
      <token status="ok" id="tok1225">same</token>
      <token status="ok" id="tok1226">path</token>
    </studentAnswer>
    <studentAnswer count="1" answerMatch="answer325" raw_text="if the switch is in a closed path with the batter and bulb" id="SwitchesBulbsParallel-SWITCH_TABLE_EXPLAIN_Q3.sbj26-l2.qa64" accuracy="correct">
      <token status="ok" id="tok1324">if</token>
      <token status="ok" id="tok1325">the</token>
      <token status="ok" id="tok1326">switch</token>
      <token status="ok" id="tok1327">is</token>
      <token status="ok" id="tok1328">in</token>
      <token status="ok" id="tok1329">a</token>
      <token status="ok" id="tok1330">closed</token>
      <token status="ok" id="tok1331">path</token>
      <token status="ok" id="tok1332">with</token>
      <token status="ok" id="tok1333">the</token>
      <token status="ok" id="tok1334" original="batter">battery</token>
      <token status="ok" id="tok1335">and</token>
      <token status="ok" id="tok1336">bulb</token>
    </studentAnswer>
    <studentAnswer count="1" answerMatch="answer325" raw_text="if a switch is contained in a closed path with the bulb" id="SwitchesBulbsParallel-SWITCH_TABLE_EXPLAIN_Q3.sbj27-l2.qa67" accuracy="correct">
      <token status="ok" id="tok1328">if</token>
      <token status="ok" id="tok1329">a</token>
      <token status="ok" id="tok1330">switch</token>
      <token status="ok" id="tok1331">is</token>
      <token status="ok" id="tok1332">contained</token>
      <token status="ok" id="tok1333">in</token>
      <token status="ok" id="tok1334">a</token>
      <token status="ok" id="tok1335">closed</token>
      <token status="ok" id="tok1336">path</token>
      <token status="ok" id="tok1337">with</token>
      <token status="ok" id="tok1338">the</token>
      <token status="ok" id="tok1339">bulb</token>
    </studentAnswer>
    <studentAnswer count="1" answerMatch="answer325" raw_text="when it is in the same path as the battery" id="SwitchesBulbsParallel-SWITCH_TABLE_EXPLAIN_Q3.sbj28-l2.qa63" accuracy="partially_correct_incomplete">
      <token status="ok" id="tok1193">when</token>
      <token status="ok" id="tok1194">it</token>
      <token status="ok" id="tok1195">is</token>
      <token status="ok" id="tok1196">in</token>
      <token status="ok" id="tok1197">the</token>
      <token status="ok" id="tok1198">same</token>
      <token status="ok" id="tok1199">path</token>
      <token status="ok" id="tok1200">as</token>
      <token status="ok" id="tok1201">the</token>
      <token status="ok" id="tok1202">battery</token>
    </studentAnswer>
    <studentAnswer count="1" answerMatch="answer325" raw_text="closed path with battery" id="SwitchesBulbsParallel-SWITCH_TABLE_EXPLAIN_Q3.sbj28-l2.qa64" accuracy="partially_correct_incomplete">
      <token status="ok" id="tok1220">closed</token>
      <token status="ok" id="tok1221">path</token>
      <token status="ok" id="tok1222">with</token>
      <token status="ok" id="tok1223">battery</token>
    </studentAnswer>
    <studentAnswer count="1" answerMatch="answer325" raw_text="bulb, battery, and switch are in closed path" id="SwitchesBulbsParallel-SWITCH_TABLE_EXPLAIN_Q3.sbj28-l2.qa65" accuracy="partially_correct_incomplete">
      <token status="ok" id="tok1242">bulb</token>
      <token status="ok" id="tok1243">battery</token>
      <token status="ok" id="tok1244">and</token>
      <token status="ok" id="tok1245">switch</token>
      <token status="ok" id="tok1246">are</token>
      <token status="ok" id="tok1247">in</token>
      <token status="ok" id="tok1248">closed</token>
      <token status="ok" id="tok1249">path</token>
    </studentAnswer>
    <studentAnswer count="1" answerMatch="answer325" raw_text="if switch and bulb are contained in the same closed path" id="SwitchesBulbsParallel-SWITCH_TABLE_EXPLAIN_Q3.sbj29-l2.qa68" accuracy="correct">
      <token status="ok" id="tok1422">if</token>
      <token status="ok" id="tok1423">switch</token>
      <token status="ok" id="tok1424">and</token>
      <token status="ok" id="tok1425">bulb</token>
      <token status="ok" id="tok1426">are</token>
      <token status="ok" id="tok1427">contained</token>
      <token status="ok" id="tok1428">in</token>
      <token status="ok" id="tok1429">the</token>
      <token status="ok" id="tok1430">same</token>
      <token status="ok" id="tok1431">closed</token>
      <token status="ok" id="tok1432">path</token>
    </studentAnswer>
    <studentAnswer count="1" answerMatch="answer325" raw_text="If the bulb and the swtich are contained in the same path, then the switch affects the bulb." id="SwitchesBulbsParallel-SWITCH_TABLE_EXPLAIN_Q3.sbj30-l2.qa72" accuracy="correct">
      <token status="ok" id="tok1609">If</token>
      <token status="ok" id="tok1610">the</token>
      <token status="ok" id="tok1611">bulb</token>
      <token status="ok" id="tok1612">and</token>
      <token status="ok" id="tok1613">the</token>
      <token status="ok" id="tok1614" original="swtich">switch</token>
      <token status="ok" id="tok1615">are</token>
      <token status="ok" id="tok1616">contained</token>
      <token status="ok" id="tok1617">in</token>
      <token status="ok" id="tok1618">the</token>
      <token status="ok" id="tok1619">same</token>
      <token status="ok" id="tok1620">path</token>
      <token status="ok" id="tok1621">then</token>
      <token status="ok" id="tok1622">the</token>
      <token status="ok" id="tok1623">switch</token>
      <token status="ok" id="tok1624">affects</token>
      <token status="ok" id="tok1625">the</token>
      <token status="ok" id="tok1626">bulb</token>
    </studentAnswer>
    <studentAnswer count="1" raw_text="when the switch is opened" id="SwitchesBulbsParallel-SWITCH_TABLE_EXPLAIN_Q3.sbj31-l2.qa70" accuracy="partially_correct_incomplete">
      <token status="ok" id="tok1366">when</token>
      <token status="ok" id="tok1367">the</token>
      <token status="ok" id="tok1368">switch</token>
      <token status="ok" id="tok1369">is</token>
      <token status="ok" id="tok1370">opened</token>
    </studentAnswer>
    <studentAnswer count="1" raw_text="the open switch will open the path" id="SwitchesBulbsParallel-SWITCH_TABLE_EXPLAIN_Q3.sbj31-l2.qa71" accuracy="partially_correct_incomplete">
      <token status="ok" id="tok1383">the</token>
      <token status="ok" id="tok1384">open</token>
      <token status="ok" id="tok1385">switch</token>
      <token status="ok" id="tok1386">will</token>
      <token status="ok" id="tok1387">open</token>
      <token status="ok" id="tok1388">the</token>
      <token status="ok" id="tok1389">path</token>
    </studentAnswer>
    <studentAnswer count="1" raw_text="opened path" id="SwitchesBulbsParallel-SWITCH_TABLE_EXPLAIN_Q3.sbj31-l2.qa72" accuracy="partially_correct_incomplete">
      <token status="ok" id="tok1406">opened</token>
      <token status="ok" id="tok1407">path</token>
    </studentAnswer>
    <studentAnswer count="1" answerMatch="answer325" raw_text="when the swith and bulb are in the same path as the battery" id="SwitchesBulbsParallel-SWITCH_TABLE_EXPLAIN_Q3.sbj33-l2.qa71" accuracy="correct">
      <token status="ok" id="tok1300">when</token>
      <token status="ok" id="tok1301">the</token>
      <token status="ok" id="tok1302" original="swith">switch</token>
      <token status="ok" id="tok1303">and</token>
      <token status="ok" id="tok1304">bulb</token>
      <token status="ok" id="tok1305">are</token>
      <token status="ok" id="tok1306">in</token>
      <token status="ok" id="tok1307">the</token>
      <token status="ok" id="tok1308">same</token>
      <token status="ok" id="tok1309">path</token>
      <token status="ok" id="tok1310">as</token>
      <token status="ok" id="tok1311">the</token>
      <token status="ok" id="tok1312">battery</token>
    </studentAnswer>
    <studentAnswer count="1" raw_text="tell answer" id="SwitchesBulbsParallel-SWITCH_TABLE_EXPLAIN_Q3.sbj33-l2.qa72" accuracy="non_domain">
      <token status="ok" id="tok1330">tell</token>
      <token status="ok" id="tok1331">answer</token>
    </studentAnswer>
    <studentAnswer count="1" answerMatch="answer325" raw_text="If the switch is in the same path" id="SwitchesBulbsParallel-SWITCH_TABLE_EXPLAIN_Q3.sbj34-l2.qa70" accuracy="correct">
      <token status="ok" id="tok1305">If</token>
      <token status="ok" id="tok1306">the</token>
      <token status="ok" id="tok1307">switch</token>
      <token status="ok" id="tok1308">is</token>
      <token status="ok" id="tok1309">in</token>
      <token status="ok" id="tok1310">the</token>
      <token status="ok" id="tok1311">same</token>
      <token status="ok" id="tok1312">path</token>
    </studentAnswer>
    <studentAnswer count="1" answerMatch="answer325" raw_text="If the switch is contained in the same path with the Bulb" id="SwitchesBulbsParallel-SWITCH_TABLE_EXPLAIN_Q3.sbj34-l2.qa71" accuracy="correct">
      <token status="ok" id="tok1323">If</token>
      <token status="ok" id="tok1324">the</token>
      <token status="ok" id="tok1325">switch</token>
      <token status="ok" id="tok1326">is</token>
      <token status="ok" id="tok1327">contained</token>
      <token status="ok" id="tok1328">in</token>
      <token status="ok" id="tok1329">the</token>
      <token status="ok" id="tok1330">same</token>
      <token status="ok" id="tok1331">path</token>
      <token status="ok" id="tok1332">with</token>
      <token status="ok" id="tok1333">the</token>
      <token status="ok" id="tok1334">Bulb</token>
    </studentAnswer>
    <studentAnswer count="1" answerMatch="answer325" raw_text="if it is open" id="SwitchesBulbsParallel-SWITCH_TABLE_EXPLAIN_Q3.sbj35-l2.qa68" accuracy="partially_correct_incomplete">
      <token status="ok" id="tok1297">if</token>
      <token status="ok" id="tok1298">it</token>
      <token status="ok" id="tok1299">is</token>
      <token status="ok" id="tok1300">open</token>
    </studentAnswer>
    <studentAnswer count="1" raw_text="If it is open and there is no longer a bulb in a closed path with a battery." id="SwitchesBulbsParallel-SWITCH_TABLE_EXPLAIN_Q3.sbj35-l2.qa69" accuracy="contradictory">
      <token status="ok" id="tok1313">If</token>
      <token status="ok" id="tok1314">it</token>
      <token status="ok" id="tok1315">is</token>
      <token status="ok" id="tok1316">open</token>
      <token status="ok" id="tok1317">and</token>
      <token status="ok" id="tok1318">there</token>
      <token status="ok" id="tok1319">is</token>
      <token status="ok" id="tok1320">no</token>
      <token status="ok" id="tok1321">longer</token>
      <token status="ok" id="tok1322">a</token>
      <token status="ok" id="tok1323">bulb</token>
      <token status="ok" id="tok1324">in</token>
      <token status="ok" id="tok1325">a</token>
      <token status="ok" id="tok1326">closed</token>
      <token status="ok" id="tok1327">path</token>
      <token status="ok" id="tok1328">with</token>
      <token status="ok" id="tok1329">a</token>
      <token status="ok" id="tok1330">battery</token>
    </studentAnswer>
    <studentAnswer count="1" answerMatch="answer325" raw_text="the switch will affect a bulb if it is on the same path as the bulb" id="SwitchesBulbsParallel-SWITCH_TABLE_EXPLAIN_Q3.sbj36-l2.qa61" accuracy="correct">
      <token status="ok" id="tok1106">the</token>
      <token status="ok" id="tok1107">switch</token>
      <token status="ok" id="tok1108">will</token>
      <token status="ok" id="tok1109">affect</token>
      <token status="ok" id="tok1110">a</token>
      <token status="ok" id="tok1111">bulb</token>
      <token status="ok" id="tok1112">if</token>
      <token status="ok" id="tok1113">it</token>
      <token status="ok" id="tok1114">is</token>
      <token status="ok" id="tok1115">on</token>
      <token status="ok" id="tok1116">the</token>
      <token status="ok" id="tok1117">same</token>
      <token status="ok" id="tok1118">path</token>
      <token status="ok" id="tok1119">as</token>
      <token status="ok" id="tok1120">the</token>
      <token status="ok" id="tok1121">bulb</token>
    </studentAnswer>
    <studentAnswer count="1" answerMatch="answer325" raw_text="if it is in the same closed path" id="SwitchesBulbsParallel-SWITCH_TABLE_EXPLAIN_Q3.sbj37-l2.qa63" accuracy="correct">
      <token status="ok" id="tok1338">if</token>
      <token status="ok" id="tok1339">it</token>
      <token status="ok" id="tok1340">is</token>
      <token status="ok" id="tok1341">in</token>
      <token status="ok" id="tok1342">the</token>
      <token status="ok" id="tok1343">same</token>
      <token status="ok" id="tok1344">closed</token>
      <token status="ok" id="tok1345">path</token>
    </studentAnswer>
    <studentAnswer count="1" answerMatch="answer325" raw_text="if the bulb is contained in a closed path with a switch" id="SwitchesBulbsParallel-SWITCH_TABLE_EXPLAIN_Q3.sbj37-l2.qa64" accuracy="correct">
      <token status="ok" id="tok1356">if</token>
      <token status="ok" id="tok1357">the</token>
      <token status="ok" id="tok1358">bulb</token>
      <token status="ok" id="tok1359">is</token>
      <token status="ok" id="tok1360">contained</token>
      <token status="ok" id="tok1361">in</token>
      <token status="ok" id="tok1362">a</token>
      <token status="ok" id="tok1363">closed</token>
      <token status="ok" id="tok1364">path</token>
      <token status="ok" id="tok1365">with</token>
      <token status="ok" id="tok1366">a</token>
      <token status="ok" id="tok1367">switch</token>
    </studentAnswer>
    <studentAnswer count="1" answerMatch="answer325" raw_text="if a bulb is in a closed circuit with a battery and a switch the switch will affect the bulb." id="SwitchesBulbsParallel-SWITCH_TABLE_EXPLAIN_Q3.sbj38-l2.qa58" accuracy="contradictory">
      <token status="ok" id="tok1146">if</token>
      <token status="ok" id="tok1147">a</token>
      <token status="ok" id="tok1148">bulb</token>
      <token status="ok" id="tok1149">is</token>
      <token status="ok" id="tok1150">in</token>
      <token status="ok" id="tok1151">a</token>
      <token status="ok" id="tok1152">closed</token>
      <token status="ok" id="tok1153">circuit</token>
      <token status="ok" id="tok1154">with</token>
      <token status="ok" id="tok1155">a</token>
      <token status="ok" id="tok1156">battery</token>
      <token status="ok" id="tok1157">and</token>
      <token status="ok" id="tok1158">a</token>
      <token status="ok" id="tok1159">switch</token>
      <token status="ok" id="tok1160">the</token>
      <token status="ok" id="tok1161">switch</token>
      <token status="ok" id="tok1162">will</token>
      <token status="ok" id="tok1163">affect</token>
      <token status="ok" id="tok1164">the</token>
      <token status="ok" id="tok1165">bulb</token>
    </studentAnswer>
    <studentAnswer count="1" answerMatch="answer325" raw_text="when they are contained in the same path of a battery" id="SwitchesBulbsParallel-SWITCH_TABLE_EXPLAIN_Q3.sbj39-l2.qa77" accuracy="correct">
      <token status="ok" id="tok1513">when</token>
      <token status="ok" id="tok1514">they</token>
      <token status="ok" id="tok1515">are</token>
      <token status="ok" id="tok1516">contained</token>
      <token status="ok" id="tok1517">in</token>
      <token status="ok" id="tok1518">the</token>
      <token status="ok" id="tok1519">same</token>
      <token status="ok" id="tok1520">path</token>
      <token status="ok" id="tok1521">of</token>
      <token status="ok" id="tok1522">a</token>
      <token status="ok" id="tok1523">battery</token>
    </studentAnswer>
    <studentAnswer count="1" answerMatch="answer325" raw_text="if a bulb and a switch are contained in the same closed path, the switch affects the bulb." id="SwitchesBulbsParallel-SWITCH_TABLE_EXPLAIN_Q3.sbj40-l2.qa71" accuracy="correct">
      <token status="ok" id="tok1434">if</token>
      <token status="ok" id="tok1435">a</token>
      <token status="ok" id="tok1436">bulb</token>
      <token status="ok" id="tok1437">and</token>
      <token status="ok" id="tok1438">a</token>
      <token status="ok" id="tok1439">switch</token>
      <token status="ok" id="tok1440">are</token>
      <token status="ok" id="tok1441">contained</token>
      <token status="ok" id="tok1442">in</token>
      <token status="ok" id="tok1443">the</token>
      <token status="ok" id="tok1444">same</token>
      <token status="ok" id="tok1445">closed</token>
      <token status="ok" id="tok1446">path</token>
      <token status="ok" id="tok1447">the</token>
      <token status="ok" id="tok1448">switch</token>
      <token status="ok" id="tok1449">affects</token>
      <token status="ok" id="tok1450">the</token>
      <token status="ok" id="tok1451">bulb</token>
    </studentAnswer>
    <studentAnswer count="1" answerMatch="answer325" raw_text="if the bulb and the switch are contained by a closed path then the switch affects the bulb." id="SwitchesBulbsParallel-SWITCH_TABLE_EXPLAIN_Q3.sbj40-l2.qa72" accuracy="correct">
      <token status="ok" id="tok1474">if</token>
      <token status="ok" id="tok1475">the</token>
      <token status="ok" id="tok1476">bulb</token>
      <token status="ok" id="tok1477">and</token>
      <token status="ok" id="tok1478">the</token>
      <token status="ok" id="tok1479">switch</token>
      <token status="ok" id="tok1480">are</token>
      <token status="ok" id="tok1481">contained</token>
      <token status="ok" id="tok1482">by</token>
      <token status="ok" id="tok1483">a</token>
      <token status="ok" id="tok1484">closed</token>
      <token status="ok" id="tok1485">path</token>
      <token status="ok" id="tok1486">then</token>
      <token status="ok" id="tok1487">the</token>
      <token status="ok" id="tok1488">switch</token>
      <token status="ok" id="tok1489">affects</token>
      <token status="ok" id="tok1490">the</token>
      <token status="ok" id="tok1491">bulb</token>
    </studentAnswer>
    <studentAnswer count="1" answerMatch="answer325" raw_text="the path is closed only when the switch is closed" id="SwitchesBulbsParallel-SWITCH_TABLE_EXPLAIN_Q3.sbj42-l2.qa65" accuracy="partially_correct_incomplete">
      <token status="ok" id="tok1181">the</token>
      <token status="ok" id="tok1182">path</token>
      <token status="ok" id="tok1183">is</token>
      <token status="ok" id="tok1184">closed</token>
      <token status="ok" id="tok1185">only</token>
      <token status="ok" id="tok1186">when</token>
      <token status="ok" id="tok1187">the</token>
      <token status="ok" id="tok1188">switch</token>
      <token status="ok" id="tok1189">is</token>
      <token status="ok" id="tok1190">closed</token>
    </studentAnswer>
    <studentAnswer count="1" answerMatch="answer325" raw_text="the bulb will be affected by whether or not the switch is open or closed" id="SwitchesBulbsParallel-SWITCH_TABLE_EXPLAIN_Q3.sbj42-l2.qa66" accuracy="partially_correct_incomplete">
      <token status="ok" id="tok1199">the</token>
      <token status="ok" id="tok1200">bulb</token>
      <token status="ok" id="tok1201">will</token>
      <token status="ok" id="tok1202">be</token>
      <token status="ok" id="tok1203">affected</token>
      <token status="ok" id="tok1204">by</token>
      <token status="ok" id="tok1205">whether</token>
      <token status="ok" id="tok1206">or</token>
      <token status="ok" id="tok1207">not</token>
      <token status="ok" id="tok1208">the</token>
      <token status="ok" id="tok1209">switch</token>
      <token status="ok" id="tok1210">is</token>
      <token status="ok" id="tok1211">open</token>
      <token status="ok" id="tok1212">or</token>
      <token status="ok" id="tok1213">closed</token>
    </studentAnswer>
    <studentAnswer count="1" answerMatch="answer325" raw_text="if the switch is open, the path will not be closed and the bulb will be affected" id="SwitchesBulbsParallel-SWITCH_TABLE_EXPLAIN_Q3.sbj42-l2.qa67" accuracy="correct">
      <token status="ok" id="tok1231">if</token>
      <token status="ok" id="tok1232">the</token>
      <token status="ok" id="tok1233">switch</token>
      <token status="ok" id="tok1234">is</token>
      <token status="ok" id="tok1235">open</token>
      <token status="ok" id="tok1236">the</token>
      <token status="ok" id="tok1237">path</token>
      <token status="ok" id="tok1238">will</token>
      <token status="ok" id="tok1239">not</token>
      <token status="ok" id="tok1240">be</token>
      <token status="ok" id="tok1241">closed</token>
      <token status="ok" id="tok1242">and</token>
      <token status="ok" id="tok1243">the</token>
      <token status="ok" id="tok1244">bulb</token>
      <token status="ok" id="tok1245">will</token>
      <token status="ok" id="tok1246">be</token>
      <token status="ok" id="tok1247">affected</token>
    </studentAnswer>
    <studentAnswer count="1" answerMatch="answer325" raw_text="if it leaves a gap in the path with the battery" id="SwitchesBulbsParallel-SWITCH_TABLE_EXPLAIN_Q3.sbj43-l2.qa60" accuracy="partially_correct_incomplete">
      <token status="ok" id="tok1105">if</token>
      <token status="ok" id="tok1106">it</token>
      <token status="ok" id="tok1107">leaves</token>
      <token status="ok" id="tok1108">a</token>
      <token status="ok" id="tok1109">gap</token>
      <token status="ok" id="tok1110">in</token>
      <token status="ok" id="tok1111">the</token>
      <token status="ok" id="tok1112">path</token>
      <token status="ok" id="tok1113">with</token>
      <token status="ok" id="tok1114">the</token>
      <token status="ok" id="tok1115">battery</token>
    </studentAnswer>
    <studentAnswer count="2" answerMatch="answer325" raw_text="it creates a gap in the path" id="SwitchesBulbsParallel-SWITCH_TABLE_EXPLAIN_Q3.sbj43-l2.qa61" accuracy="partially_correct_incomplete">
      <token status="ok" id="tok1123">it</token>
      <token status="ok" id="tok1124">creates</token>
      <token status="ok" id="tok1125">a</token>
      <token status="ok" id="tok1126">gap</token>
      <token status="ok" id="tok1127">in</token>
      <token status="ok" id="tok1128">the</token>
      <token status="ok" id="tok1129">path</token>
    </studentAnswer>
    <studentAnswer count="1" answerMatch="answer325" raw_text="an open switch contained in the path will leave a gap" id="SwitchesBulbsParallel-SWITCH_TABLE_EXPLAIN_Q3.sbj43-l2.qa62" accuracy="partially_correct_incomplete">
      <token status="ok" id="tok1146">an</token>
      <token status="ok" id="tok1147">open</token>
      <token status="ok" id="tok1148">switch</token>
      <token status="ok" id="tok1149">contained</token>
      <token status="ok" id="tok1150">in</token>
      <token status="ok" id="tok1151">the</token>
      <token status="ok" id="tok1152">path</token>
      <token status="ok" id="tok1153">will</token>
      <token status="ok" id="tok1154">leave</token>
      <token status="ok" id="tok1155">a</token>
      <token status="ok" id="tok1156">gap</token>
    </studentAnswer>
    <studentAnswer count="1" answerMatch="answer325" raw_text="when the switch and the bulb are on the same path" id="SwitchesBulbsParallel-SWITCH_TABLE_EXPLAIN_Q3.sbj45-l2.qa62" accuracy="correct">
      <token status="ok" id="tok1177">when</token>
      <token status="ok" id="tok1178">the</token>
      <token status="ok" id="tok1179">switch</token>
      <token status="ok" id="tok1180">and</token>
      <token status="ok" id="tok1181">the</token>
      <token status="ok" id="tok1182">bulb</token>
      <token status="ok" id="tok1183">are</token>
      <token status="ok" id="tok1184">on</token>
      <token status="ok" id="tok1185">the</token>
      <token status="ok" id="tok1186">same</token>
      <token status="ok" id="tok1187">path</token>
    </studentAnswer>
    <studentAnswer count="1" answerMatch="answer325" raw_text="a switch will effect a bulb if it in the closed path to the battery" id="SwitchesBulbsParallel-SWITCH_TABLE_EXPLAIN_Q3.sbj46-l2.qa70" accuracy="partially_correct_incomplete">
      <token status="ok" id="tok1431">a</token>
      <token status="ok" id="tok1432">switch</token>
      <token status="ok" id="tok1433">will</token>
      <token status="ok" id="tok1434" original="effect">affect</token>
      <token status="ok" id="tok1435">a</token>
      <token status="ok" id="tok1436">bulb</token>
      <token status="ok" id="tok1437">if</token>
      <token status="ok" id="tok1438">it</token>
      <token status="ok" id="tok1439">in</token>
      <token status="ok" id="tok1440">the</token>
      <token status="ok" id="tok1441">closed</token>
      <token status="ok" id="tok1442">path</token>
      <token status="ok" id="tok1443">to</token>
      <token status="ok" id="tok1444">the</token>
      <token status="ok" id="tok1445">battery</token>
    </studentAnswer>
    <studentAnswer count="1" answerMatch="answer325" raw_text="path that the bulb and switch are in connects to battery" id="SwitchesBulbsParallel-SWITCH_TABLE_EXPLAIN_Q3.sbj46-l2.qa72" accuracy="correct">
      <token status="ok" id="tok1495">path</token>
      <token status="ok" id="tok1496">that</token>
      <token status="ok" id="tok1497">the</token>
      <token status="ok" id="tok1498">bulb</token>
      <token status="ok" id="tok1499">and</token>
      <token status="ok" id="tok1500">switch</token>
      <token status="ok" id="tok1501">are</token>
      <token status="ok" id="tok1502">in</token>
      <token status="ok" id="tok1503">connects</token>
      <token status="ok" id="tok1504">to</token>
      <token status="ok" id="tok1505">battery</token>
    </studentAnswer>
    <studentAnswer count="1" answerMatch="answer325" raw_text="when a switch and a bulb are in the same path within the closed path" id="SwitchesBulbsParallel-SWITCH_TABLE_EXPLAIN_Q3.sbj47-l2.qa70" accuracy="contradictory">
      <token status="ok" id="tok1306">when</token>
      <token status="ok" id="tok1307">a</token>
      <token status="ok" id="tok1308">switch</token>
      <token status="ok" id="tok1309">and</token>
      <token status="ok" id="tok1310">a</token>
      <token status="ok" id="tok1311">bulb</token>
      <token status="ok" id="tok1312">are</token>
      <token status="ok" id="tok1313">in</token>
      <token status="ok" id="tok1314">the</token>
      <token status="ok" id="tok1315">same</token>
      <token status="ok" id="tok1316">path</token>
      <token status="ok" id="tok1317">within</token>
      <token status="ok" id="tok1318">the</token>
      <token status="ok" id="tok1319">closed</token>
      <token status="ok" id="tok1320">path</token>
    </studentAnswer>
    <studentAnswer count="1" answerMatch="answer325" raw_text="when a switch and bulb are whithin a closed path" id="SwitchesBulbsParallel-SWITCH_TABLE_EXPLAIN_Q3.sbj47-l2.qa71" accuracy="contradictory">
      <token status="ok" id="tok1341">when</token>
      <token status="ok" id="tok1342">a</token>
      <token status="ok" id="tok1343">switch</token>
      <token status="ok" id="tok1344">and</token>
      <token status="ok" id="tok1345">bulb</token>
      <token status="ok" id="tok1346">are</token>
      <token status="ok" id="tok1347" original="whithin">within</token>
      <token status="ok" id="tok1348">a</token>
      <token status="ok" id="tok1349">closed</token>
      <token status="ok" id="tok1350">path</token>
    </studentAnswer>
    <studentAnswer count="1" answerMatch="answer325" raw_text="if it is in the same path as the bulb" id="SwitchesBulbsParallel-SWITCH_TABLE_EXPLAIN_Q3.sbj48-l2.qa64" accuracy="correct">
      <token status="ok" id="tok1274">if</token>
      <token status="ok" id="tok1275">it</token>
      <token status="ok" id="tok1276">is</token>
      <token status="ok" id="tok1277">in</token>
      <token status="ok" id="tok1278">the</token>
      <token status="ok" id="tok1279">same</token>
      <token status="ok" id="tok1280">path</token>
      <token status="ok" id="tok1281">as</token>
      <token status="ok" id="tok1282">the</token>
      <token status="ok" id="tok1283">bulb</token>
    </studentAnswer>
    <studentAnswer count="1" answerMatch="answer325" raw_text="When the bulb and switch are contained in the same path." id="SwitchesBulbsParallel-SWITCH_TABLE_EXPLAIN_Q3.sbjb1-l2.qa56" accuracy="correct">
      <token status="ok" id="tok1180">When</token>
      <token status="ok" id="tok1181">the</token>
      <token status="ok" id="tok1182">bulb</token>
      <token status="ok" id="tok1183">and</token>
      <token status="ok" id="tok1184">switch</token>
      <token status="ok" id="tok1185">are</token>
      <token status="ok" id="tok1186">contained</token>
      <token status="ok" id="tok1187">in</token>
      <token status="ok" id="tok1188">the</token>
      <token status="ok" id="tok1189">same</token>
      <token status="ok" id="tok1190">path</token>
    </studentAnswer>
    <studentAnswer count="1" answerMatch="answer325" raw_text="if it disrupts the path of the bulb and the battery" id="SwitchesBulbsParallel-SWITCH_TABLE_EXPLAIN_Q3.sbjb2-l2.qa57" accuracy="partially_correct_incomplete">
      <token status="ok" id="tok1171">if</token>
      <token status="ok" id="tok1172">it</token>
      <token status="ok" id="tok1173">disrupts</token>
      <token status="ok" id="tok1174">the</token>
      <token status="ok" id="tok1175">path</token>
      <token status="ok" id="tok1176">of</token>
      <token status="ok" id="tok1177">the</token>
      <token status="ok" id="tok1178">bulb</token>
      <token status="ok" id="tok1179">and</token>
      <token status="ok" id="tok1180">the</token>
      <token status="ok" id="tok1181">battery</token>
    </studentAnswer>
    <studentAnswer count="1" raw_text="it will turn it off" id="SwitchesBulbsParallel-SWITCH_TABLE_EXPLAIN_Q3.sbjb3-l2.qa60" accuracy="irrelevant">
      <token status="ok" id="tok1186">it</token>
      <token status="ok" id="tok1187">will</token>
      <token status="ok" id="tok1188">turn</token>
      <token status="ok" id="tok1189">it</token>
      <token status="ok" id="tok1190">off</token>
    </studentAnswer>
    <studentAnswer count="1" answerMatch="answer325" raw_text="if the switch and the bulb are in the same path" id="SwitchesBulbsParallel-SWITCH_TABLE_EXPLAIN_Q3.sbjb5-l2.qa56" accuracy="correct">
      <token status="ok" id="tok1198">if</token>
      <token status="ok" id="tok1199">the</token>
      <token status="ok" id="tok1200">switch</token>
      <token status="ok" id="tok1201">and</token>
      <token status="ok" id="tok1202">the</token>
      <token status="ok" id="tok1203">bulb</token>
      <token status="ok" id="tok1204">are</token>
      <token status="ok" id="tok1205">in</token>
      <token status="ok" id="tok1206">the</token>
      <token status="ok" id="tok1207">same</token>
      <token status="ok" id="tok1208">path</token>
    </studentAnswer>
    <studentAnswer count="1" answerMatch="answer325" raw_text="If the bulb is on the same pathway as the switch" id="SwitchesBulbsParallel-SWITCH_TABLE_EXPLAIN_Q3.sbjb6-l2.qa56" accuracy="correct">
      <token status="ok" id="tok1146">If</token>
      <token status="ok" id="tok1147">the</token>
      <token status="ok" id="tok1148">bulb</token>
      <token status="ok" id="tok1149">is</token>
      <token status="ok" id="tok1150">on</token>
      <token status="ok" id="tok1151">the</token>
      <token status="ok" id="tok1152">same</token>
      <token status="ok" id="tok1153">pathway</token>
      <token status="ok" id="tok1154">as</token>
      <token status="ok" id="tok1155">the</token>
      <token status="ok" id="tok1156">switch</token>
    </studentAnswer>
    <studentAnswer count="1" answerMatch="answer325" raw_text="If it is on the path with it and the battery" id="SwitchesBulbsParallel-SWITCH_TABLE_EXPLAIN_Q3.sbjb7-l2.qa57" accuracy="partially_correct_incomplete">
      <token status="ok" id="tok1142">If</token>
      <token status="ok" id="tok1143">it</token>
      <token status="ok" id="tok1144">is</token>
      <token status="ok" id="tok1145">on</token>
      <token status="ok" id="tok1146">the</token>
      <token status="ok" id="tok1147">path</token>
      <token status="ok" id="tok1148">with</token>
      <token status="ok" id="tok1149">it</token>
      <token status="ok" id="tok1150">and</token>
      <token status="ok" id="tok1151">the</token>
      <token status="ok" id="tok1152">battery</token>
    </studentAnswer>
    <studentAnswer count="1" answerMatch="answer325" raw_text="when it creates a gap in a certain path" id="SwitchesBulbsParallel-SWITCH_TABLE_EXPLAIN_Q3.sbjb10-l2.qa56" accuracy="partially_correct_incomplete">
      <token status="ok" id="tok1139">when</token>
      <token status="ok" id="tok1140">it</token>
      <token status="ok" id="tok1141">creates</token>
      <token status="ok" id="tok1142">a</token>
      <token status="ok" id="tok1143">gap</token>
      <token status="ok" id="tok1144">in</token>
      <token status="ok" id="tok1145">a</token>
      <token status="ok" id="tok1146">certain</token>
      <token status="ok" id="tok1147">path</token>
    </studentAnswer>
    <studentAnswer count="1" answerMatch="answer325" raw_text="A switch will affect a bulb it the bulb and the switch are in the path as the battery" id="SwitchesBulbsParallel-SWITCH_TABLE_EXPLAIN_Q3.sbjb11-l2.qa56" accuracy="partially_correct_incomplete">
      <token status="ok" id="tok1228">A</token>
      <token status="ok" id="tok1229">switch</token>
      <token status="ok" id="tok1230">will</token>
      <token status="ok" id="tok1231">affect</token>
      <token status="ok" id="tok1232">a</token>
      <token status="ok" id="tok1233">bulb</token>
      <token status="ok" id="tok1234" original="it">if</token>
      <token status="ok" id="tok1235">the</token>
      <token status="ok" id="tok1236">bulb</token>
      <token status="ok" id="tok1237">and</token>
      <token status="ok" id="tok1238">the</token>
      <token status="ok" id="tok1239">switch</token>
      <token status="ok" id="tok1240">are</token>
      <token status="ok" id="tok1241">in</token>
      <token status="ok" id="tok1242">the</token>
      <token status="ok" id="tok1243">path</token>
      <token status="ok" id="tok1244">as</token>
      <token status="ok" id="tok1245">the</token>
      <token status="ok" id="tok1246">battery</token>
    </studentAnswer>
    <studentAnswer count="1" raw_text="if switch x is open" id="SwitchesBulbsParallel-SWITCH_TABLE_EXPLAIN_Q3.sbjb12-l2.qa56" accuracy="contradictory">
      <token status="ok" id="tok1166">if</token>
      <token status="ok" id="tok1167">switch</token>
      <token status="ok" id="tok1168">x</token>
      <token status="ok" id="tok1169">is</token>
      <token status="ok" id="tok1170">open</token>
    </studentAnswer>
    <studentAnswer count="1" answerMatch="answer325" raw_text="if it is open and the bulb is no longer and a closed path because it is open" id="SwitchesBulbsParallel-SWITCH_TABLE_EXPLAIN_Q3.sbjb16-l2.qa56" accuracy="partially_correct_incomplete">
      <token status="ok" id="tok1142">if</token>
      <token status="ok" id="tok1143">it</token>
      <token status="ok" id="tok1144">is</token>
      <token status="ok" id="tok1145">open</token>
      <token status="ok" id="tok1146">and</token>
      <token status="ok" id="tok1147">the</token>
      <token status="ok" id="tok1148">bulb</token>
      <token status="ok" id="tok1149">is</token>
      <token status="ok" id="tok1150">no</token>
      <token status="ok" id="tok1151">longer</token>
      <token status="ok" id="tok1152">and</token>
      <token status="ok" id="tok1153">a</token>
      <token status="ok" id="tok1154">closed</token>
      <token status="ok" id="tok1155">path</token>
      <token status="ok" id="tok1156">because</token>
      <token status="ok" id="tok1157">it</token>
      <token status="ok" id="tok1158">is</token>
      <token status="ok" id="tok1159">open</token>
    </studentAnswer>
    <studentAnswer count="1" answerMatch="answer325" raw_text="If it is in a path with the bulb and battery" id="SwitchesBulbsParallel-SWITCH_TABLE_EXPLAIN_Q3.sbjb17-l2.qa56" accuracy="correct">
      <token status="ok" id="tok1172">If</token>
      <token status="ok" id="tok1173">it</token>
      <token status="ok" id="tok1174">is</token>
      <token status="ok" id="tok1175">in</token>
      <token status="ok" id="tok1176">a</token>
      <token status="ok" id="tok1177">path</token>
      <token status="ok" id="tok1178">with</token>
      <token status="ok" id="tok1179">the</token>
      <token status="ok" id="tok1180">bulb</token>
      <token status="ok" id="tok1181">and</token>
      <token status="ok" id="tok1182">battery</token>
    </studentAnswer>
    <studentAnswer count="1" raw_text="yes" id="SwitchesBulbsParallel-SWITCH_TABLE_EXPLAIN_Q3.sbjb18-l2.qa56" accuracy="contradictory">
      <token status="ok" id="tok1114">yes</token>
    </studentAnswer>
    <studentAnswer count="1" answerMatch="answer325" raw_text="When the switch is in the same path as the bulb." id="SwitchesBulbsParallel-SWITCH_TABLE_EXPLAIN_Q3.sbjb20-l2.qa56" accuracy="correct">
      <token status="ok" id="tok1182">When</token>
      <token status="ok" id="tok1183">the</token>
      <token status="ok" id="tok1184">switch</token>
      <token status="ok" id="tok1185">is</token>
      <token status="ok" id="tok1186">in</token>
      <token status="ok" id="tok1187">the</token>
      <token status="ok" id="tok1188">same</token>
      <token status="ok" id="tok1189">path</token>
      <token status="ok" id="tok1190">as</token>
      <token status="ok" id="tok1191">the</token>
      <token status="ok" id="tok1192">bulb</token>
    </studentAnswer>
    <studentAnswer count="1" answerMatch="answer325" raw_text="the swithch affects the bulb if it is on the same path" id="SwitchesBulbsParallel-SWITCH_TABLE_EXPLAIN_Q3.sbjb21-l2.qa56" accuracy="correct">
      <token status="ok" id="tok1109">the</token>
      <token status="ok" id="tok1110" original="swithch">switch</token>
      <token status="ok" id="tok1111">affects</token>
      <token status="ok" id="tok1112">the</token>
      <token status="ok" id="tok1113">bulb</token>
      <token status="ok" id="tok1114">if</token>
      <token status="ok" id="tok1115">it</token>
      <token status="ok" id="tok1116">is</token>
      <token status="ok" id="tok1117">on</token>
      <token status="ok" id="tok1118">the</token>
      <token status="ok" id="tok1119">same</token>
      <token status="ok" id="tok1120">path</token>
    </studentAnswer>
    <studentAnswer count="1" answerMatch="answer325" raw_text="if it is closed and contained in the same closed path with the battery" id="SwitchesBulbsParallel-SWITCH_TABLE_EXPLAIN_Q3.sbjb22-l2.qa56" accuracy="partially_correct_incomplete">
      <token status="ok" id="tok1123">if</token>
      <token status="ok" id="tok1124">it</token>
      <token status="ok" id="tok1125">is</token>
      <token status="ok" id="tok1126">closed</token>
      <token status="ok" id="tok1127">and</token>
      <token status="ok" id="tok1128">contained</token>
      <token status="ok" id="tok1129">in</token>
      <token status="ok" id="tok1130">the</token>
      <token status="ok" id="tok1131">same</token>
      <token status="ok" id="tok1132">closed</token>
      <token status="ok" id="tok1133">path</token>
      <token status="ok" id="tok1134">with</token>
      <token status="ok" id="tok1135">the</token>
      <token status="ok" id="tok1136">battery</token>
    </studentAnswer>
    <studentAnswer count="1" answerMatch="answer325" raw_text="if they are on the same circuit" id="SwitchesBulbsParallel-SWITCH_TABLE_EXPLAIN_Q3.sbjb24-l2.qa60" accuracy="contradictory">
      <token status="ok" id="tok1166">if</token>
      <token status="ok" id="tok1167">they</token>
      <token status="ok" id="tok1168">are</token>
      <token status="ok" id="tok1169">on</token>
      <token status="ok" id="tok1170">the</token>
      <token status="ok" id="tok1171">same</token>
      <token status="ok" id="tok1172">circuit</token>
    </studentAnswer>
    <studentAnswer count="1" answerMatch="answer325" raw_text="If it is a part of a circut that contains a bulb and a battery." id="SwitchesBulbsParallel-SWITCH_TABLE_EXPLAIN_Q3.sbjb26-l2.qa56" accuracy="partially_correct_incomplete">
      <token status="ok" id="tok1175">If</token>
      <token status="ok" id="tok1176">it</token>
      <token status="ok" id="tok1177">is</token>
      <token status="ok" id="tok1178">a</token>
      <token status="ok" id="tok1179">part</token>
      <token status="ok" id="tok1180">of</token>
      <token status="ok" id="tok1181">a</token>
      <token status="ok" id="tok1182" original="circut">circuit</token>
      <token status="ok" id="tok1183">that</token>
      <token status="ok" id="tok1184">contains</token>
      <token status="ok" id="tok1185">a</token>
      <token status="ok" id="tok1186">bulb</token>
      <token status="ok" id="tok1187">and</token>
      <token status="ok" id="tok1188">a</token>
      <token status="ok" id="tok1189">battery</token>
    </studentAnswer>
    <studentAnswer count="1" answerMatch="answer325" raw_text="if it is in the closed path with the battery" id="SwitchesBulbsParallel-SWITCH_TABLE_EXPLAIN_Q3.sbjb27-l2.qa56" accuracy="partially_correct_incomplete">
      <token status="ok" id="tok1190">if</token>
      <token status="ok" id="tok1191">it</token>
      <token status="ok" id="tok1192">is</token>
      <token status="ok" id="tok1193">in</token>
      <token status="ok" id="tok1194">the</token>
      <token status="ok" id="tok1195">closed</token>
      <token status="ok" id="tok1196">path</token>
      <token status="ok" id="tok1197">with</token>
      <token status="ok" id="tok1198">the</token>
      <token status="ok" id="tok1199">battery</token>
    </studentAnswer>
    <studentAnswer count="1" answerMatch="answer325" raw_text="If the switch causes a gap in a closed path, the bulb won&quot;t turn on" id="SwitchesBulbsParallel-SWITCH_TABLE_EXPLAIN_Q3.sbjb28-l2.qa56" accuracy="partially_correct_incomplete">
      <token status="ok" id="tok1172">If</token>
      <token status="ok" id="tok1173">the</token>
      <token status="ok" id="tok1174">switch</token>
      <token status="ok" id="tok1175">causes</token>
      <token status="ok" id="tok1176">a</token>
      <token status="ok" id="tok1177">gap</token>
      <token status="ok" id="tok1178">in</token>
      <token status="ok" id="tok1179">a</token>
      <token status="ok" id="tok1180">closed</token>
      <token status="ok" id="tok1181">path</token>
      <token status="ok" id="tok1182">the</token>
      <token status="ok" id="tok1183">bulb</token>
      <token status="stem" id="tok1184">wo</token>
      <token status="pennTokenFragment" id="tok1185">n't</token>
      <token status="ok" id="tok1186">turn</token>
      <token status="ok" id="tok1187">on</token>
    </studentAnswer>
    <studentAnswer count="1" answerMatch="answer325" raw_text="when it disrupts a complete path" id="SwitchesBulbsParallel-SWITCH_TABLE_EXPLAIN_Q3.sbjb29-l2.qa56" accuracy="contradictory">
      <token status="ok" id="tok1153">when</token>
      <token status="ok" id="tok1154">it</token>
      <token status="ok" id="tok1155">disrupts</token>
      <token status="ok" id="tok1156">a</token>
      <token status="ok" id="tok1157">complete</token>
      <token status="ok" id="tok1158">path</token>
    </studentAnswer>
    <studentAnswer count="1" answerMatch="answer325" raw_text="if it is contained in the same path as the bulb and the battery." id="SwitchesBulbsParallel-SWITCH_TABLE_EXPLAIN_Q3.sbjb30-l2.qa56" accuracy="correct">
      <token status="ok" id="tok1234">if</token>
      <token status="ok" id="tok1235">it</token>
      <token status="ok" id="tok1236">is</token>
      <token status="ok" id="tok1237">contained</token>
      <token status="ok" id="tok1238">in</token>
      <token status="ok" id="tok1239">the</token>
      <token status="ok" id="tok1240">same</token>
      <token status="ok" id="tok1241">path</token>
      <token status="ok" id="tok1242">as</token>
      <token status="ok" id="tok1243">the</token>
      <token status="ok" id="tok1244">bulb</token>
      <token status="ok" id="tok1245">and</token>
      <token status="ok" id="tok1246">the</token>
      <token status="ok" id="tok1247">battery</token>
    </studentAnswer>
    <studentAnswer count="1" answerMatch="answer325" raw_text="when the switch is connected between the bulb and the battery" id="SwitchesBulbsParallel-SWITCH_TABLE_EXPLAIN_Q3.sbjb31-l2.qa56" accuracy="partially_correct_incomplete">
      <token status="ok" id="tok1205">when</token>
      <token status="ok" id="tok1206">the</token>
      <token status="ok" id="tok1207">switch</token>
      <token status="ok" id="tok1208">is</token>
      <token status="ok" id="tok1209">connected</token>
      <token status="ok" id="tok1210">between</token>
      <token status="ok" id="tok1211">the</token>
      <token status="ok" id="tok1212">bulb</token>
      <token status="ok" id="tok1213">and</token>
      <token status="ok" id="tok1214">the</token>
      <token status="ok" id="tok1215">battery</token>
    </studentAnswer>
    <studentAnswer count="1" raw_text="When it creates a gap." id="SwitchesBulbsParallel-SWITCH_TABLE_EXPLAIN_Q3.sbjb32-l2.qa56" accuracy="partially_correct_incomplete">
      <token status="ok" id="tok1134">When</token>
      <token status="ok" id="tok1135">it</token>
      <token status="ok" id="tok1136">creates</token>
      <token status="ok" id="tok1137">a</token>
      <token status="ok" id="tok1138">gap</token>
    </studentAnswer>
    <studentAnswer count="1" answerMatch="answer325" raw_text="When a switch, a battery, and a bulb are in a closed circuit." id="SwitchesBulbsParallel-SWITCH_TABLE_EXPLAIN_Q3.sbjb34-l2.qa57" accuracy="contradictory">
      <token status="ok" id="tok1207">When</token>
      <token status="ok" id="tok1208">a</token>
      <token status="ok" id="tok1209">switch</token>
      <token status="ok" id="tok1210">a</token>
      <token status="ok" id="tok1211">battery</token>
      <token status="ok" id="tok1212">and</token>
      <token status="ok" id="tok1213">a</token>
      <token status="ok" id="tok1214">bulb</token>
      <token status="ok" id="tok1215">are</token>
      <token status="ok" id="tok1216">in</token>
      <token status="ok" id="tok1217">a</token>
      <token status="ok" id="tok1218">closed</token>
      <token status="ok" id="tok1219">circuit</token>
    </studentAnswer>
    <studentAnswer count="1" answerMatch="answer325" raw_text="When it is on the same pathway as the batter and the bulb." id="SwitchesBulbsParallel-SWITCH_TABLE_EXPLAIN_Q3.sbjb35-l2.qa57" accuracy="correct">
      <token status="ok" id="tok1190">When</token>
      <token status="ok" id="tok1191">it</token>
      <token status="ok" id="tok1192">is</token>
      <token status="ok" id="tok1193">on</token>
      <token status="ok" id="tok1194">the</token>
      <token status="ok" id="tok1195">same</token>
      <token status="ok" id="tok1196">pathway</token>
      <token status="ok" id="tok1197">as</token>
      <token status="ok" id="tok1198">the</token>
      <token status="ok" id="tok1199" original="batter">battery</token>
      <token status="ok" id="tok1200">and</token>
      <token status="ok" id="tok1201">the</token>
      <token status="ok" id="tok1202">bulb</token>
    </studentAnswer>
    <studentAnswer count="1" answerMatch="answer325" raw_text="when it creates an open path" id="SwitchesBulbsParallel-SWITCH_TABLE_EXPLAIN_Q3.sbjb36-l2.qa56" accuracy="partially_correct_incomplete">
      <token status="ok" id="tok1141">when</token>
      <token status="ok" id="tok1142">it</token>
      <token status="ok" id="tok1143">creates</token>
      <token status="ok" id="tok1144">an</token>
      <token status="ok" id="tok1145">open</token>
      <token status="ok" id="tok1146">path</token>
    </studentAnswer>
    <studentAnswer count="1" answerMatch="answer325" raw_text="When it is on the same path" id="SwitchesBulbsParallel-SWITCH_TABLE_EXPLAIN_Q3.sbjb37-l2.qa56" accuracy="correct">
      <token status="ok" id="tok1151">When</token>
      <token status="ok" id="tok1152">it</token>
      <token status="ok" id="tok1153">is</token>
      <token status="ok" id="tok1154">on</token>
      <token status="ok" id="tok1155">the</token>
      <token status="ok" id="tok1156">same</token>
      <token status="ok" id="tok1157">path</token>
    </studentAnswer>
    <studentAnswer count="1" answerMatch="answer325" raw_text="If the switch is located in front of a bulb on the same path." id="SwitchesBulbsParallel-SWITCH_TABLE_EXPLAIN_Q3.sbjb38-l2.qa56" accuracy="contradictory">
      <token status="ok" id="tok1181">If</token>
      <token status="ok" id="tok1182">the</token>
      <token status="ok" id="tok1183">switch</token>
      <token status="ok" id="tok1184">is</token>
      <token status="ok" id="tok1185">located</token>
      <token status="ok" id="tok1186">in</token>
      <token status="ok" id="tok1187">front</token>
      <token status="ok" id="tok1188">of</token>
      <token status="ok" id="tok1189">a</token>
      <token status="ok" id="tok1190">bulb</token>
      <token status="ok" id="tok1191">on</token>
      <token status="ok" id="tok1192">the</token>
      <token status="ok" id="tok1193">same</token>
      <token status="ok" id="tok1194">path</token>
    </studentAnswer>
    <studentAnswer count="1" answerMatch="answer325" raw_text="the switch will affect the bulb if they are in the same pathway." id="SwitchesBulbsParallel-SWITCH_TABLE_EXPLAIN_Q3.sbjb39-l2.qa56" accuracy="correct">
      <token status="ok" id="tok1176">the</token>
      <token status="ok" id="tok1177">switch</token>
      <token status="ok" id="tok1178">will</token>
      <token status="ok" id="tok1179">affect</token>
      <token status="ok" id="tok1180">the</token>
      <token status="ok" id="tok1181">bulb</token>
      <token status="ok" id="tok1182">if</token>
      <token status="ok" id="tok1183">they</token>
      <token status="ok" id="tok1184">are</token>
      <token status="ok" id="tok1185">in</token>
      <token status="ok" id="tok1186">the</token>
      <token status="ok" id="tok1187">same</token>
      <token status="ok" id="tok1188">pathway</token>
    </studentAnswer>
    <studentAnswer count="1" answerMatch="answer325" raw_text="If it is interrupting the path of the bulb and the battery" id="SwitchesBulbsParallel-SWITCH_TABLE_EXPLAIN_Q3.sbjb40-l2.qa56" accuracy="partially_correct_incomplete">
      <token status="ok" id="tok1151">If</token>
      <token status="ok" id="tok1152">it</token>
      <token status="ok" id="tok1153">is</token>
      <token status="ok" id="tok1154">interrupting</token>
      <token status="ok" id="tok1155">the</token>
      <token status="ok" id="tok1156">path</token>
      <token status="ok" id="tok1157">of</token>
      <token status="ok" id="tok1158">the</token>
      <token status="ok" id="tok1159">bulb</token>
      <token status="ok" id="tok1160">and</token>
      <token status="ok" id="tok1161">the</token>
      <token status="ok" id="tok1162">battery</token>
    </studentAnswer>
    <studentAnswer count="1" answerMatch="answer325" raw_text="If the switch is on and makes a gap between the bulb and the battery." id="SwitchesBulbsParallel-SWITCH_TABLE_EXPLAIN_Q3.sbjb41-l2.qa57" accuracy="partially_correct_incomplete">
      <token status="ok" id="tok1265">If</token>
      <token status="ok" id="tok1266">the</token>
      <token status="ok" id="tok1267">switch</token>
      <token status="ok" id="tok1268">is</token>
      <token status="ok" id="tok1269">on</token>
      <token status="ok" id="tok1270">and</token>
      <token status="ok" id="tok1271">makes</token>
      <token status="ok" id="tok1272">a</token>
      <token status="ok" id="tok1273">gap</token>
      <token status="ok" id="tok1274">between</token>
      <token status="ok" id="tok1275">the</token>
      <token status="ok" id="tok1276">bulb</token>
      <token status="ok" id="tok1277">and</token>
      <token status="ok" id="tok1278">the</token>
      <token status="ok" id="tok1279">battery</token>
    </studentAnswer>
    <studentAnswer count="1" answerMatch="answer325" raw_text="when the switch is part of the bulb&quot;s path" id="SwitchesBulbsParallel-SWITCH_TABLE_EXPLAIN_Q3.sbjb42-l2.qa56" accuracy="correct">
      <token status="ok" id="tok1164">when</token>
      <token status="ok" id="tok1165">the</token>
      <token status="ok" id="tok1166">switch</token>
      <token status="ok" id="tok1167">is</token>
      <token status="ok" id="tok1168">part</token>
      <token status="ok" id="tok1169">of</token>
      <token status="ok" id="tok1170">the</token>
      <token status="ok" id="tok1171">bulb</token>
      <token status="pennTokenFragment" id="tok1172">'s</token>
      <token status="ok" id="tok1173">path</token>
    </studentAnswer>
  </studentAnswers>
</question>
