<?xml version="1.0"?>
<question qtype="Q_EXPLAIN_SPECIFIC" id="BURNED_BULB_PARALLEL_WHY_Q" module="SwitchesBulbsParallel" stype="EVALUATE">
  <questionText>Why didn^t bulbs A and C go out after bulb B burned out?</questionText>
  <referenceAnswers>
    <referenceAnswer category="BEST" id="answer366" fileID="BURNED_BULB_PARALLEL_WHY_Q_ANS1">Bulbs A and C are still contained in closed paths with the battery</referenceAnswer>
    <referenceAnswer category="GOOD" id="answer367" fileID="BURNED_BULB_PARALLEL_WHY_Q_ANS2">Bulbs A and C are still in closed paths</referenceAnswer>
    <referenceAnswer category="GOOD" id="answer368" fileID="BURNED_BULB_PARALLEL_WHY_Q_ANS3">B is not in their paths</referenceAnswer>
    <referenceAnswer category="MINIMAL" id="answer369" fileID="BURNED_BULB_PARALLEL_WHY_Q_ANS4">A, B and C are in different paths</referenceAnswer>
  </referenceAnswers>
  <studentAnswers>
    <studentAnswer count="1" answerMatch="answer366" raw_text="because bulb a and c were still contained within a closed path with the battery" id="SwitchesBulbsParallel-BURNED_BULB_PARALLEL_WHY_Q.sbj3-l2.qa93" accuracy="correct">
      <token status="ok" id="tok1747">because</token>
      <token status="ok" id="tok1748">bulb</token>
      <token status="ok" id="tok1749">a</token>
      <token status="ok" id="tok1750">and</token>
      <token status="ok" id="tok1751">c</token>
      <token status="ok" id="tok1752">were</token>
      <token status="ok" id="tok1753">still</token>
      <token status="ok" id="tok1754">contained</token>
      <token status="ok" id="tok1755">within</token>
      <token status="ok" id="tok1756">a</token>
      <token status="ok" id="tok1757">closed</token>
      <token status="ok" id="tok1758">path</token>
      <token status="ok" id="tok1759">with</token>
      <token status="ok" id="tok1760">the</token>
      <token status="ok" id="tok1761">battery</token>
    </studentAnswer>
    <studentAnswer count="1" answerMatch="answer366" raw_text="there is still a closed path that contains the battery, bulb a, and bulb c" id="SwitchesBulbsParallel-BURNED_BULB_PARALLEL_WHY_Q.sbj7-l2.qa96" accuracy="correct">
      <token status="ok" id="tok1840">there</token>
      <token status="ok" id="tok1841">is</token>
      <token status="ok" id="tok1842">still</token>
      <token status="ok" id="tok1843">a</token>
      <token status="ok" id="tok1844">closed</token>
      <token status="ok" id="tok1845">path</token>
      <token status="ok" id="tok1846">that</token>
      <token status="ok" id="tok1847">contains</token>
      <token status="ok" id="tok1848">the</token>
      <token status="ok" id="tok1849">battery</token>
      <token status="ok" id="tok1850">bulb</token>
      <token status="ok" id="tok1851">a</token>
      <token status="ok" id="tok1852">and</token>
      <token status="ok" id="tok1853">bulb</token>
      <token status="ok" id="tok1854">c</token>
    </studentAnswer>
    <studentAnswer count="1" answerMatch="answer369" raw_text="because they are within different paths" id="SwitchesBulbsParallel-BURNED_BULB_PARALLEL_WHY_Q.sbj8-l2.qa102" accuracy="correct">
      <token status="ok" id="tok2068">because</token>
      <token status="ok" id="tok2069">they</token>
      <token status="ok" id="tok2070">are</token>
      <token status="ok" id="tok2071">within</token>
      <token status="ok" id="tok2072">different</token>
      <token status="ok" id="tok2073">paths</token>
    </studentAnswer>
    <studentAnswer count="1" answerMatch="answer369" raw_text="because bulb a had a seperate closed path from b. bulb c had a seperate closed path from bulb b." id="SwitchesBulbsParallel-BURNED_BULB_PARALLEL_WHY_Q.sbj9-l2.qa96" accuracy="correct">
      <token status="ok" id="tok1796">because</token>
      <token status="ok" id="tok1797">bulb</token>
      <token status="ok" id="tok1798">a</token>
      <token status="ok" id="tok1799">had</token>
      <token status="ok" id="tok1800">a</token>
      <token status="ok" id="tok1801" original="seperate">separate</token>
      <token status="ok" id="tok1802">closed</token>
      <token status="ok" id="tok1803">path</token>
      <token status="ok" id="tok1804">from</token>
      <token status="ok" id="tok1805">b.</token>
      <token status="ok" id="tok1806">bulb</token>
      <token status="ok" id="tok1807">c</token>
      <token status="ok" id="tok1808">had</token>
      <token status="ok" id="tok1809">a</token>
      <token status="ok" id="tok1810" original="seperate">separate</token>
      <token status="ok" id="tok1811">closed</token>
      <token status="ok" id="tok1812">path</token>
      <token status="ok" id="tok1813">from</token>
      <token status="ok" id="tok1814">bulb</token>
      <token status="ok" id="tok1815">b</token>
    </studentAnswer>
    <studentAnswer count="1" answerMatch="answer367" raw_text="because bulb a is in a closed path, and bulb c is in a closed path." id="SwitchesBulbsParallel-BURNED_BULB_PARALLEL_WHY_Q.sbj9-l2.qa97" accuracy="correct">
      <token status="ok" id="tok1836">because</token>
      <token status="ok" id="tok1837">bulb</token>
      <token status="ok" id="tok1838">a</token>
      <token status="ok" id="tok1839">is</token>
      <token status="ok" id="tok1840">in</token>
      <token status="ok" id="tok1841">a</token>
      <token status="ok" id="tok1842">closed</token>
      <token status="ok" id="tok1843">path</token>
      <token status="ok" id="tok1844">and</token>
      <token status="ok" id="tok1845">bulb</token>
      <token status="ok" id="tok1846">c</token>
      <token status="ok" id="tok1847">is</token>
      <token status="ok" id="tok1848">in</token>
      <token status="ok" id="tok1849">a</token>
      <token status="ok" id="tok1850">closed</token>
      <token status="ok" id="tok1851">path</token>
    </studentAnswer>
    <studentAnswer count="1" answerMatch="answer366" raw_text="because bulbs a and c are on a closed path with the battery" id="SwitchesBulbsParallel-BURNED_BULB_PARALLEL_WHY_Q.sbj10-l2.qa101" accuracy="correct">
      <token status="ok" id="tok1985">because</token>
      <token status="ok" id="tok1986">bulbs</token>
      <token status="ok" id="tok1987">a</token>
      <token status="ok" id="tok1988">and</token>
      <token status="ok" id="tok1989">c</token>
      <token status="ok" id="tok1990">are</token>
      <token status="ok" id="tok1991">on</token>
      <token status="ok" id="tok1992">a</token>
      <token status="ok" id="tok1993">closed</token>
      <token status="ok" id="tok1994">path</token>
      <token status="ok" id="tok1995">with</token>
      <token status="ok" id="tok1996">the</token>
      <token status="ok" id="tok1997">battery</token>
    </studentAnswer>
    <studentAnswer count="1" raw_text="because bulb b did not create a gaop." id="SwitchesBulbsParallel-BURNED_BULB_PARALLEL_WHY_Q.sbj11-l2.qa96" accuracy="contradictory">
      <token status="ok" id="tok1864">because</token>
      <token status="ok" id="tok1865">bulb</token>
      <token status="ok" id="tok1866">b</token>
      <token status="ok" id="tok1867">did</token>
      <token status="ok" id="tok1868">not</token>
      <token status="ok" id="tok1869">create</token>
      <token status="ok" id="tok1870">a</token>
      <token status="ok" id="tok1871" original="gaop">gap</token>
    </studentAnswer>
    <studentAnswer count="1" answerMatch="answer366" raw_text="because bulb a and c were still in a closed path with the battery." id="SwitchesBulbsParallel-BURNED_BULB_PARALLEL_WHY_Q.sbj11-l2.qa97" accuracy="correct">
      <token status="ok" id="tok1884">because</token>
      <token status="ok" id="tok1885">bulb</token>
      <token status="ok" id="tok1886">a</token>
      <token status="ok" id="tok1887">and</token>
      <token status="ok" id="tok1888">c</token>
      <token status="ok" id="tok1889">were</token>
      <token status="ok" id="tok1890">still</token>
      <token status="ok" id="tok1891">in</token>
      <token status="ok" id="tok1892">a</token>
      <token status="ok" id="tok1893">closed</token>
      <token status="ok" id="tok1894">path</token>
      <token status="ok" id="tok1895">with</token>
      <token status="ok" id="tok1896">the</token>
      <token status="ok" id="tok1897">battery</token>
    </studentAnswer>
    <studentAnswer count="1" answerMatch="answer366" raw_text="Bulbs A and C were still on closed paths with the battery" id="SwitchesBulbsParallel-BURNED_BULB_PARALLEL_WHY_Q.sbj12-l2.qa102" accuracy="correct">
      <token status="ok" id="tok1929">Bulbs</token>
      <token status="ok" id="tok1930">A</token>
      <token status="ok" id="tok1931">and</token>
      <token status="ok" id="tok1932">C</token>
      <token status="ok" id="tok1933">were</token>
      <token status="ok" id="tok1934">still</token>
      <token status="ok" id="tok1935">on</token>
      <token status="ok" id="tok1936">closed</token>
      <token status="ok" id="tok1937">paths</token>
      <token status="ok" id="tok1938">with</token>
      <token status="ok" id="tok1939">the</token>
      <token status="ok" id="tok1940">battery</token>
    </studentAnswer>
    <studentAnswer count="1" answerMatch="answer368" raw_text="bulbs a and c are not in the same path of bulb b" id="SwitchesBulbsParallel-BURNED_BULB_PARALLEL_WHY_Q.sbj13-l2.qa107" accuracy="correct">
      <token status="ok" id="tok2165">bulbs</token>
      <token status="ok" id="tok2166">a</token>
      <token status="ok" id="tok2167">and</token>
      <token status="ok" id="tok2168">c</token>
      <token status="ok" id="tok2169">are</token>
      <token status="ok" id="tok2170">not</token>
      <token status="ok" id="tok2171">in</token>
      <token status="ok" id="tok2172">the</token>
      <token status="ok" id="tok2173">same</token>
      <token status="ok" id="tok2174">path</token>
      <token status="ok" id="tok2175">of</token>
      <token status="ok" id="tok2176">bulb</token>
      <token status="ok" id="tok2177">b</token>
    </studentAnswer>
    <studentAnswer count="1" answerMatch="answer367" raw_text="Because they were contained in closed paths." id="SwitchesBulbsParallel-BURNED_BULB_PARALLEL_WHY_Q.sbj14-l2.qa102" accuracy="correct">
      <token status="ok" id="tok1948">Because</token>
      <token status="ok" id="tok1949">they</token>
      <token status="ok" id="tok1950">were</token>
      <token status="ok" id="tok1951">contained</token>
      <token status="ok" id="tok1952">in</token>
      <token status="ok" id="tok1953">closed</token>
      <token status="ok" id="tok1954">paths</token>
    </studentAnswer>
    <studentAnswer count="1" answerMatch="answer366" raw_text="because the paths were still in a closed circuit with the battery terminal" id="SwitchesBulbsParallel-BURNED_BULB_PARALLEL_WHY_Q.sbj15-l2.qa118" accuracy="contradictory">
      <token status="ok" id="tok2475">because</token>
      <token status="ok" id="tok2476">the</token>
      <token status="ok" id="tok2477">paths</token>
      <token status="ok" id="tok2478">were</token>
      <token status="ok" id="tok2479">still</token>
      <token status="ok" id="tok2480">in</token>
      <token status="ok" id="tok2481">a</token>
      <token status="ok" id="tok2482">closed</token>
      <token status="ok" id="tok2483">circuit</token>
      <token status="ok" id="tok2484">with</token>
      <token status="ok" id="tok2485">the</token>
      <token status="ok" id="tok2486">battery</token>
      <token status="ok" id="tok2487">terminal</token>
    </studentAnswer>
    <studentAnswer count="2" answerMatch="answer369" raw_text="Bulbs a and c are in separate paths." id="SwitchesBulbsParallel-BURNED_BULB_PARALLEL_WHY_Q.sbj18-l2.qa95" accuracy="correct">
      <token status="ok" id="tok1848">Bulbs</token>
      <token status="ok" id="tok1849">a</token>
      <token status="ok" id="tok1850">and</token>
      <token status="ok" id="tok1851">c</token>
      <token status="ok" id="tok1852">are</token>
      <token status="ok" id="tok1853">in</token>
      <token status="ok" id="tok1854">separate</token>
      <token status="ok" id="tok1855">paths</token>
    </studentAnswer>
    <studentAnswer count="1" answerMatch="answer367" raw_text="because bulb A and C are in a closed path" id="SwitchesBulbsParallel-BURNED_BULB_PARALLEL_WHY_Q.sbj19-l2.qa120" accuracy="correct">
      <token status="ok" id="tok2553">because</token>
      <token status="ok" id="tok2554">bulb</token>
      <token status="ok" id="tok2555">A</token>
      <token status="ok" id="tok2556">and</token>
      <token status="ok" id="tok2557">C</token>
      <token status="ok" id="tok2558">are</token>
      <token status="ok" id="tok2559">in</token>
      <token status="ok" id="tok2560">a</token>
      <token status="ok" id="tok2561">closed</token>
      <token status="ok" id="tok2562">path</token>
    </studentAnswer>
    <studentAnswer count="1" answerMatch="answer367" raw_text="each bulb contains its own closed path" id="SwitchesBulbsParallel-BURNED_BULB_PARALLEL_WHY_Q.sbj22-l2.qa100" accuracy="correct">
      <token status="ok" id="tok1893">each</token>
      <token status="ok" id="tok1894">bulb</token>
      <token status="ok" id="tok1895">contains</token>
      <token status="ok" id="tok1896">its</token>
      <token status="ok" id="tok1897">own</token>
      <token status="ok" id="tok1898">closed</token>
      <token status="ok" id="tok1899">path</token>
    </studentAnswer>
    <studentAnswer count="1" answerMatch="answer369" raw_text="there are 3 separate closed pat for the 3 bulbs" id="SwitchesBulbsParallel-BURNED_BULB_PARALLEL_WHY_Q.sbj22-l2.qa101" accuracy="correct">
      <token status="ok" id="tok1910">there</token>
      <token status="ok" id="tok1911">are</token>
      <token status="numerical" id="tok1912">3</token>
      <token status="ok" id="tok1913">separate</token>
      <token status="ok" id="tok1914">closed</token>
      <token status="ok" id="tok1915">pat</token>
      <token status="ok" id="tok1916">for</token>
      <token status="ok" id="tok1917">the</token>
      <token status="numerical" id="tok1918">3</token>
      <token status="ok" id="tok1919">bulbs</token>
    </studentAnswer>
    <studentAnswer count="1" answerMatch="answer366" raw_text="Bulb A and C are still in a closed path with the battery." id="SwitchesBulbsParallel-BURNED_BULB_PARALLEL_WHY_Q.sbj23-l2.qa100" accuracy="correct">
      <token status="ok" id="tok1887">Bulb</token>
      <token status="ok" id="tok1888">A</token>
      <token status="ok" id="tok1889">and</token>
      <token status="ok" id="tok1890">C</token>
      <token status="ok" id="tok1891">are</token>
      <token status="ok" id="tok1892">still</token>
      <token status="ok" id="tok1893">in</token>
      <token status="ok" id="tok1894">a</token>
      <token status="ok" id="tok1895">closed</token>
      <token status="ok" id="tok1896">path</token>
      <token status="ok" id="tok1897">with</token>
      <token status="ok" id="tok1898">the</token>
      <token status="ok" id="tok1899">battery</token>
    </studentAnswer>
    <studentAnswer count="1" answerMatch="answer369" raw_text="They are in independent paths" id="SwitchesBulbsParallel-BURNED_BULB_PARALLEL_WHY_Q.sbj24-l2.qa96" accuracy="partially_correct_incomplete">
      <token status="ok" id="tok1787">They</token>
      <token status="ok" id="tok1788">are</token>
      <token status="ok" id="tok1789">in</token>
      <token status="ok" id="tok1790">independent</token>
      <token status="ok" id="tok1791">paths</token>
    </studentAnswer>
    <studentAnswer count="1" answerMatch="answer367" raw_text="still a closed path to the other bulbs" id="SwitchesBulbsParallel-BURNED_BULB_PARALLEL_WHY_Q.sbj24-l2.qa97" accuracy="partially_correct_incomplete">
      <token status="ok" id="tok1806">still</token>
      <token status="ok" id="tok1807">a</token>
      <token status="ok" id="tok1808">closed</token>
      <token status="ok" id="tok1809">path</token>
      <token status="ok" id="tok1810">to</token>
      <token status="ok" id="tok1811">the</token>
      <token status="ok" id="tok1812">other</token>
      <token status="ok" id="tok1813">bulbs</token>
    </studentAnswer>
    <studentAnswer count="1" answerMatch="answer367" raw_text="the path is closed" id="SwitchesBulbsParallel-BURNED_BULB_PARALLEL_WHY_Q.sbj24-l2.qa98" accuracy="partially_correct_incomplete">
      <token status="ok" id="tok1831">the</token>
      <token status="ok" id="tok1832">path</token>
      <token status="ok" id="tok1833">is</token>
      <token status="ok" id="tok1834">closed</token>
    </studentAnswer>
    <studentAnswer count="1" answerMatch="answer369" raw_text="because the bulbs are on seperate paths" id="SwitchesBulbsParallel-BURNED_BULB_PARALLEL_WHY_Q.sbj26-l2.qa104" accuracy="correct">
      <token status="ok" id="tok2062">because</token>
      <token status="ok" id="tok2063">the</token>
      <token status="ok" id="tok2064">bulbs</token>
      <token status="ok" id="tok2065">are</token>
      <token status="ok" id="tok2066">on</token>
      <token status="ok" id="tok2067" original="seperate">separate</token>
      <token status="ok" id="tok2068">paths</token>
    </studentAnswer>
    <studentAnswer count="1" answerMatch="answer369" raw_text="bulbs a and c are seperate from bulb a" id="SwitchesBulbsParallel-BURNED_BULB_PARALLEL_WHY_Q.sbj26-l2.qa105" accuracy="contradictory">
      <token status="ok" id="tok2091">bulbs</token>
      <token status="ok" id="tok2092">a</token>
      <token status="ok" id="tok2093">and</token>
      <token status="ok" id="tok2094">c</token>
      <token status="ok" id="tok2095">are</token>
      <token status="ok" id="tok2096" original="seperate">separate</token>
      <token status="ok" id="tok2097">from</token>
      <token status="ok" id="tok2098">bulb</token>
      <token status="ok" id="tok2099">a</token>
    </studentAnswer>
    <studentAnswer count="1" raw_text="exactly" id="SwitchesBulbsParallel-BURNED_BULB_PARALLEL_WHY_Q.sbj26-l2.qa106" accuracy="non_domain">
      <token status="ok" id="tok2115">exactly</token>
    </studentAnswer>
    <studentAnswer count="1" answerMatch="answer367" raw_text="they each have their own closed paths" id="SwitchesBulbsParallel-BURNED_BULB_PARALLEL_WHY_Q.sbj27-l2.qa102" accuracy="correct">
      <token status="ok" id="tok1964">they</token>
      <token status="ok" id="tok1965">each</token>
      <token status="ok" id="tok1966">have</token>
      <token status="ok" id="tok1967">their</token>
      <token status="ok" id="tok1968">own</token>
      <token status="ok" id="tok1969">closed</token>
      <token status="ok" id="tok1970">paths</token>
    </studentAnswer>
    <studentAnswer count="1" answerMatch="answer367" raw_text="bulbs a and c have their own closed paths" id="SwitchesBulbsParallel-BURNED_BULB_PARALLEL_WHY_Q.sbj27-l2.qa103" accuracy="correct">
      <token status="ok" id="tok1981">bulbs</token>
      <token status="ok" id="tok1982">a</token>
      <token status="ok" id="tok1983">and</token>
      <token status="ok" id="tok1984">c</token>
      <token status="ok" id="tok1985">have</token>
      <token status="ok" id="tok1986">their</token>
      <token status="ok" id="tok1987">own</token>
      <token status="ok" id="tok1988">closed</token>
      <token status="ok" id="tok1989">paths</token>
    </studentAnswer>
    <studentAnswer count="1" answerMatch="answer369" raw_text="because of the seperate closed paths, one bulb being burned out doesn&quot;t affect the others." id="SwitchesBulbsParallel-BURNED_BULB_PARALLEL_WHY_Q.sbj27-l2.qa104" accuracy="correct">
      <token status="ok" id="tok1998">because</token>
      <token status="ok" id="tok1999">of</token>
      <token status="ok" id="tok2000">the</token>
      <token status="ok" id="tok2001" original="seperate">separate</token>
      <token status="ok" id="tok2002">closed</token>
      <token status="ok" id="tok2003">paths</token>
      <token status="ok" id="tok2004">one</token>
      <token status="ok" id="tok2005">bulb</token>
      <token status="ok" id="tok2006">being</token>
      <token status="ok" id="tok2007">burned</token>
      <token status="ok" id="tok2008">out</token>
      <token status="ok" id="tok2009">does</token>
      <token status="pennTokenFragment" id="tok2010">n't</token>
      <token status="ok" id="tok2011">affect</token>
      <token status="ok" id="tok2012">the</token>
      <token status="ok" id="tok2013">others</token>
    </studentAnswer>
    <studentAnswer count="1" answerMatch="answer367" raw_text="bulbs a and c are contained in closed paths" id="SwitchesBulbsParallel-BURNED_BULB_PARALLEL_WHY_Q.sbj27-l2.qa105" accuracy="correct">
      <token status="ok" id="tok2051">bulbs</token>
      <token status="ok" id="tok2052">a</token>
      <token status="ok" id="tok2053">and</token>
      <token status="ok" id="tok2054">c</token>
      <token status="ok" id="tok2055">are</token>
      <token status="ok" id="tok2056">contained</token>
      <token status="ok" id="tok2057">in</token>
      <token status="ok" id="tok2058">closed</token>
      <token status="ok" id="tok2059">paths</token>
    </studentAnswer>
    <studentAnswer count="1" answerMatch="answer369" raw_text="they are on separate paths" id="SwitchesBulbsParallel-BURNED_BULB_PARALLEL_WHY_Q.sbj28-l2.qa101" accuracy="correct">
      <token status="ok" id="tok1905">they</token>
      <token status="ok" id="tok1906">are</token>
      <token status="ok" id="tok1907">on</token>
      <token status="ok" id="tok1908">separate</token>
      <token status="ok" id="tok1909">paths</token>
    </studentAnswer>
    <studentAnswer count="1" answerMatch="answer366" raw_text="they were on closed paths containing the battery" id="SwitchesBulbsParallel-BURNED_BULB_PARALLEL_WHY_Q.sbj30-l2.qa106" accuracy="correct">
      <token status="ok" id="tok2240">they</token>
      <token status="ok" id="tok2241">were</token>
      <token status="ok" id="tok2242">on</token>
      <token status="ok" id="tok2243">closed</token>
      <token status="ok" id="tok2244">paths</token>
      <token status="ok" id="tok2245">containing</token>
      <token status="ok" id="tok2246">the</token>
      <token status="ok" id="tok2247">battery</token>
    </studentAnswer>
    <studentAnswer count="1" answerMatch="answer368" raw_text="bulbs A and C are in different paths that do not contain bulb B" id="SwitchesBulbsParallel-BURNED_BULB_PARALLEL_WHY_Q.sbj33-l2.qa104" accuracy="correct">
      <token status="ok" id="tok1917">bulbs</token>
      <token status="ok" id="tok1918">A</token>
      <token status="ok" id="tok1919">and</token>
      <token status="ok" id="tok1920">C</token>
      <token status="ok" id="tok1921">are</token>
      <token status="ok" id="tok1922">in</token>
      <token status="ok" id="tok1923">different</token>
      <token status="ok" id="tok1924">paths</token>
      <token status="ok" id="tok1925">that</token>
      <token status="ok" id="tok1926">do</token>
      <token status="ok" id="tok1927">not</token>
      <token status="ok" id="tok1928">contain</token>
      <token status="ok" id="tok1929">bulb</token>
      <token status="ok" id="tok1930">B</token>
    </studentAnswer>
    <studentAnswer count="1" answerMatch="answer366" raw_text="They were still contained in a closed path with the batter" id="SwitchesBulbsParallel-BURNED_BULB_PARALLEL_WHY_Q.sbj34-l2.qa107" accuracy="correct">
      <token status="ok" id="tok2014">They</token>
      <token status="ok" id="tok2015">were</token>
      <token status="ok" id="tok2016">still</token>
      <token status="ok" id="tok2017">contained</token>
      <token status="ok" id="tok2018">in</token>
      <token status="ok" id="tok2019">a</token>
      <token status="ok" id="tok2020">closed</token>
      <token status="ok" id="tok2021">path</token>
      <token status="ok" id="tok2022">with</token>
      <token status="ok" id="tok2023">the</token>
      <token status="ok" id="tok2024">batter</token>
    </studentAnswer>
    <studentAnswer count="1" answerMatch="answer366" raw_text="They were still contained in a closed path with the battery" id="SwitchesBulbsParallel-BURNED_BULB_PARALLEL_WHY_Q.sbj34-l2.qa108" accuracy="correct">
      <token status="ok" id="tok2045">They</token>
      <token status="ok" id="tok2046">were</token>
      <token status="ok" id="tok2047">still</token>
      <token status="ok" id="tok2048">contained</token>
      <token status="ok" id="tok2049">in</token>
      <token status="ok" id="tok2050">a</token>
      <token status="ok" id="tok2051">closed</token>
      <token status="ok" id="tok2052">path</token>
      <token status="ok" id="tok2053">with</token>
      <token status="ok" id="tok2054">the</token>
      <token status="ok" id="tok2055">battery</token>
    </studentAnswer>
    <studentAnswer count="1" answerMatch="answer367" raw_text="bulb b did not create a gap for bulb a and c" id="SwitchesBulbsParallel-BURNED_BULB_PARALLEL_WHY_Q.sbj35-l2.qa105" accuracy="partially_correct_incomplete">
      <token status="ok" id="tok2047">bulb</token>
      <token status="ok" id="tok2048">b</token>
      <token status="ok" id="tok2049">did</token>
      <token status="ok" id="tok2050">not</token>
      <token status="ok" id="tok2051">create</token>
      <token status="ok" id="tok2052">a</token>
      <token status="ok" id="tok2053">gap</token>
      <token status="ok" id="tok2054">for</token>
      <token status="ok" id="tok2055">bulb</token>
      <token status="ok" id="tok2056">a</token>
      <token status="ok" id="tok2057">and</token>
      <token status="ok" id="tok2058">c</token>
    </studentAnswer>
    <studentAnswer count="1" answerMatch="answer367" raw_text="bulb b did not create a gap in the path for bulb b or c" id="SwitchesBulbsParallel-BURNED_BULB_PARALLEL_WHY_Q.sbj35-l2.qa106" accuracy="partially_correct_incomplete">
      <token status="ok" id="tok2071">bulb</token>
      <token status="ok" id="tok2072">b</token>
      <token status="ok" id="tok2073">did</token>
      <token status="ok" id="tok2074">not</token>
      <token status="ok" id="tok2075">create</token>
      <token status="ok" id="tok2076">a</token>
      <token status="ok" id="tok2077">gap</token>
      <token status="ok" id="tok2078">in</token>
      <token status="ok" id="tok2079">the</token>
      <token status="ok" id="tok2080">path</token>
      <token status="ok" id="tok2081">for</token>
      <token status="ok" id="tok2082">bulb</token>
      <token status="ok" id="tok2083">b</token>
      <token status="ok" id="tok2084">or</token>
      <token status="ok" id="tok2085">c</token>
    </studentAnswer>
    <studentAnswer count="1" answerMatch="answer367" raw_text="bulb b did not create a gap in the path for bulb a and c" id="SwitchesBulbsParallel-BURNED_BULB_PARALLEL_WHY_Q.sbj35-l2.qa107" accuracy="partially_correct_incomplete">
      <token status="ok" id="tok2105">bulb</token>
      <token status="ok" id="tok2106">b</token>
      <token status="ok" id="tok2107">did</token>
      <token status="ok" id="tok2108">not</token>
      <token status="ok" id="tok2109">create</token>
      <token status="ok" id="tok2110">a</token>
      <token status="ok" id="tok2111">gap</token>
      <token status="ok" id="tok2112">in</token>
      <token status="ok" id="tok2113">the</token>
      <token status="ok" id="tok2114">path</token>
      <token status="ok" id="tok2115">for</token>
      <token status="ok" id="tok2116">bulb</token>
      <token status="ok" id="tok2117">a</token>
      <token status="ok" id="tok2118">and</token>
      <token status="ok" id="tok2119">c</token>
    </studentAnswer>
    <studentAnswer count="1" answerMatch="answer367" raw_text="both bulbs a and c still have a closed path" id="SwitchesBulbsParallel-BURNED_BULB_PARALLEL_WHY_Q.sbj36-l2.qa97" accuracy="correct">
      <token status="ok" id="tok1821">both</token>
      <token status="ok" id="tok1822">bulbs</token>
      <token status="ok" id="tok1823">a</token>
      <token status="ok" id="tok1824">and</token>
      <token status="ok" id="tok1825">c</token>
      <token status="ok" id="tok1826">still</token>
      <token status="ok" id="tok1827">have</token>
      <token status="ok" id="tok1828">a</token>
      <token status="ok" id="tok1829">closed</token>
      <token status="ok" id="tok1830">path</token>
    </studentAnswer>
    <studentAnswer count="2" answerMatch="answer366" raw_text="there is a closed path to the battery" id="SwitchesBulbsParallel-BURNED_BULB_PARALLEL_WHY_Q.sbj36-l2.qa98" accuracy="partially_correct_incomplete">
      <token status="ok" id="tok1839">there</token>
      <token status="ok" id="tok1840">is</token>
      <token status="ok" id="tok1841">a</token>
      <token status="ok" id="tok1842">closed</token>
      <token status="ok" id="tok1843">path</token>
      <token status="ok" id="tok1844">to</token>
      <token status="ok" id="tok1845">the</token>
      <token status="ok" id="tok1846">battery</token>
    </studentAnswer>
    <studentAnswer count="1" answerMatch="answer367" raw_text="the bulbs are contained in a closed path" id="SwitchesBulbsParallel-BURNED_BULB_PARALLEL_WHY_Q.sbj36-l2.qa99" accuracy="correct">
      <token status="ok" id="tok1874">the</token>
      <token status="ok" id="tok1875">bulbs</token>
      <token status="ok" id="tok1876">are</token>
      <token status="ok" id="tok1877">contained</token>
      <token status="ok" id="tok1878">in</token>
      <token status="ok" id="tok1879">a</token>
      <token status="ok" id="tok1880">closed</token>
      <token status="ok" id="tok1881">path</token>
    </studentAnswer>
    <studentAnswer count="1" answerMatch="answer366" raw_text="because they were still in a closed path with the battery" id="SwitchesBulbsParallel-BURNED_BULB_PARALLEL_WHY_Q.sbj37-l2.qa96" accuracy="correct">
      <token status="ok" id="tok1972">because</token>
      <token status="ok" id="tok1973">they</token>
      <token status="ok" id="tok1974">were</token>
      <token status="ok" id="tok1975">still</token>
      <token status="ok" id="tok1976">in</token>
      <token status="ok" id="tok1977">a</token>
      <token status="ok" id="tok1978">closed</token>
      <token status="ok" id="tok1979">path</token>
      <token status="ok" id="tok1980">with</token>
      <token status="ok" id="tok1981">the</token>
      <token status="ok" id="tok1982">battery</token>
    </studentAnswer>
    <studentAnswer count="1" answerMatch="answer369" raw_text="bulb a and bulb c are not on the same path as bulb B" id="SwitchesBulbsParallel-BURNED_BULB_PARALLEL_WHY_Q.sbj38-l2.qa97" accuracy="correct">
      <token status="ok" id="tok2069">bulb</token>
      <token status="ok" id="tok2070">a</token>
      <token status="ok" id="tok2071">and</token>
      <token status="ok" id="tok2072">bulb</token>
      <token status="ok" id="tok2073">c</token>
      <token status="ok" id="tok2074">are</token>
      <token status="ok" id="tok2075">not</token>
      <token status="ok" id="tok2076">on</token>
      <token status="ok" id="tok2077">the</token>
      <token status="ok" id="tok2078">same</token>
      <token status="ok" id="tok2079">path</token>
      <token status="ok" id="tok2080">as</token>
      <token status="ok" id="tok2081">bulb</token>
      <token status="ok" id="tok2082">B</token>
    </studentAnswer>
    <studentAnswer count="1" answerMatch="answer368" raw_text="bulb a and bulb c are not on the same path with bulb b" id="SwitchesBulbsParallel-BURNED_BULB_PARALLEL_WHY_Q.sbj38-l2.qa98" accuracy="correct">
      <token status="ok" id="tok2100">bulb</token>
      <token status="ok" id="tok2101">a</token>
      <token status="ok" id="tok2102">and</token>
      <token status="ok" id="tok2103">bulb</token>
      <token status="ok" id="tok2104">c</token>
      <token status="ok" id="tok2105">are</token>
      <token status="ok" id="tok2106">not</token>
      <token status="ok" id="tok2107">on</token>
      <token status="ok" id="tok2108">the</token>
      <token status="ok" id="tok2109">same</token>
      <token status="ok" id="tok2110">path</token>
      <token status="ok" id="tok2111">with</token>
      <token status="ok" id="tok2112">bulb</token>
      <token status="ok" id="tok2113">b</token>
    </studentAnswer>
    <studentAnswer count="1" answerMatch="answer366" raw_text="Because bulbs A and C are on different closed paths with the battery" id="SwitchesBulbsParallel-BURNED_BULB_PARALLEL_WHY_Q.sbj39-l2.qa113" accuracy="correct">
      <token status="ok" id="tok2164">Because</token>
      <token status="ok" id="tok2165">bulbs</token>
      <token status="ok" id="tok2166">A</token>
      <token status="ok" id="tok2167">and</token>
      <token status="ok" id="tok2168">C</token>
      <token status="ok" id="tok2169">are</token>
      <token status="ok" id="tok2170">on</token>
      <token status="ok" id="tok2171">different</token>
      <token status="ok" id="tok2172">closed</token>
      <token status="ok" id="tok2173">paths</token>
      <token status="ok" id="tok2174">with</token>
      <token status="ok" id="tok2175">the</token>
      <token status="ok" id="tok2176">battery</token>
    </studentAnswer>
    <studentAnswer count="1" answerMatch="answer366" raw_text="bulb a and bulb c were still contained in a closed path with the battery." id="SwitchesBulbsParallel-BURNED_BULB_PARALLEL_WHY_Q.sbj40-l2.qa108" accuracy="correct">
      <token status="ok" id="tok2190">bulb</token>
      <token status="ok" id="tok2191">a</token>
      <token status="ok" id="tok2192">and</token>
      <token status="ok" id="tok2193">bulb</token>
      <token status="ok" id="tok2194">c</token>
      <token status="ok" id="tok2195">were</token>
      <token status="ok" id="tok2196">still</token>
      <token status="ok" id="tok2197">contained</token>
      <token status="ok" id="tok2198">in</token>
      <token status="ok" id="tok2199">a</token>
      <token status="ok" id="tok2200">closed</token>
      <token status="ok" id="tok2201">path</token>
      <token status="ok" id="tok2202">with</token>
      <token status="ok" id="tok2203">the</token>
      <token status="ok" id="tok2204">battery</token>
    </studentAnswer>
    <studentAnswer count="1" answerMatch="answer366" raw_text="there is still a closed path that contains the battery and bulb a and bulb c" id="SwitchesBulbsParallel-BURNED_BULB_PARALLEL_WHY_Q.sbj42-l2.qa100" accuracy="correct">
      <token status="ok" id="tok1845">there</token>
      <token status="ok" id="tok1846">is</token>
      <token status="ok" id="tok1847">still</token>
      <token status="ok" id="tok1848">a</token>
      <token status="ok" id="tok1849">closed</token>
      <token status="ok" id="tok1850">path</token>
      <token status="ok" id="tok1851">that</token>
      <token status="ok" id="tok1852">contains</token>
      <token status="ok" id="tok1853">the</token>
      <token status="ok" id="tok1854">battery</token>
      <token status="ok" id="tok1855">and</token>
      <token status="ok" id="tok1856">bulb</token>
      <token status="ok" id="tok1857">a</token>
      <token status="ok" id="tok1858">and</token>
      <token status="ok" id="tok1859">bulb</token>
      <token status="ok" id="tok1860">c</token>
    </studentAnswer>
    <studentAnswer count="1" answerMatch="answer366" raw_text="bulb a and bulb c still had a complete path to the battery" id="SwitchesBulbsParallel-BURNED_BULB_PARALLEL_WHY_Q.sbj43-l2.qa99" accuracy="contradictory">
      <token status="ok" id="tok1958">bulb</token>
      <token status="ok" id="tok1959">a</token>
      <token status="ok" id="tok1960">and</token>
      <token status="ok" id="tok1961">bulb</token>
      <token status="ok" id="tok1962">c</token>
      <token status="ok" id="tok1963">still</token>
      <token status="ok" id="tok1964">had</token>
      <token status="ok" id="tok1965">a</token>
      <token status="ok" id="tok1966">complete</token>
      <token status="ok" id="tok1967">path</token>
      <token status="ok" id="tok1968">to</token>
      <token status="ok" id="tok1969">the</token>
      <token status="ok" id="tok1970">battery</token>
    </studentAnswer>
    <studentAnswer count="1" answerMatch="answer368" raw_text="bulb b did not create a gap in the path" id="SwitchesBulbsParallel-BURNED_BULB_PARALLEL_WHY_Q.sbj43-l2.qa100" accuracy="partially_correct_incomplete">
      <token status="ok" id="tok1993">bulb</token>
      <token status="ok" id="tok1994">b</token>
      <token status="ok" id="tok1995">did</token>
      <token status="ok" id="tok1996">not</token>
      <token status="ok" id="tok1997">create</token>
      <token status="ok" id="tok1998">a</token>
      <token status="ok" id="tok1999">gap</token>
      <token status="ok" id="tok2000">in</token>
      <token status="ok" id="tok2001">the</token>
      <token status="ok" id="tok2002">path</token>
    </studentAnswer>
    <studentAnswer count="1" answerMatch="answer367" raw_text="there is still a complete path to bulb a and bulb c" id="SwitchesBulbsParallel-BURNED_BULB_PARALLEL_WHY_Q.sbj43-l2.qa101" accuracy="contradictory">
      <token status="ok" id="tok2024">there</token>
      <token status="ok" id="tok2025">is</token>
      <token status="ok" id="tok2026">still</token>
      <token status="ok" id="tok2027">a</token>
      <token status="ok" id="tok2028">complete</token>
      <token status="ok" id="tok2029">path</token>
      <token status="ok" id="tok2030">to</token>
      <token status="ok" id="tok2031">bulb</token>
      <token status="ok" id="tok2032">a</token>
      <token status="ok" id="tok2033">and</token>
      <token status="ok" id="tok2034">bulb</token>
      <token status="ok" id="tok2035">c</token>
    </studentAnswer>
    <studentAnswer count="1" answerMatch="answer369" raw_text="because the bulbs are on separate paths" id="SwitchesBulbsParallel-BURNED_BULB_PARALLEL_WHY_Q.sbj45-l2.qa96" accuracy="correct">
      <token status="ok" id="tok1782">because</token>
      <token status="ok" id="tok1783">the</token>
      <token status="ok" id="tok1784">bulbs</token>
      <token status="ok" id="tok1785">are</token>
      <token status="ok" id="tok1786">on</token>
      <token status="ok" id="tok1787">separate</token>
      <token status="ok" id="tok1788">paths</token>
    </studentAnswer>
    <studentAnswer count="1" answerMatch="answer369" raw_text="bulbs A and C are on separate paths from bulb B" id="SwitchesBulbsParallel-BURNED_BULB_PARALLEL_WHY_Q.sbj45-l2.qa97" accuracy="correct">
      <token status="ok" id="tok1811">bulbs</token>
      <token status="ok" id="tok1812">A</token>
      <token status="ok" id="tok1813">and</token>
      <token status="ok" id="tok1814">C</token>
      <token status="ok" id="tok1815">are</token>
      <token status="ok" id="tok1816">on</token>
      <token status="ok" id="tok1817">separate</token>
      <token status="ok" id="tok1818">paths</token>
      <token status="ok" id="tok1819">from</token>
      <token status="ok" id="tok1820">bulb</token>
      <token status="ok" id="tok1821">B</token>
    </studentAnswer>
    <studentAnswer count="1" answerMatch="answer366" raw_text="bulbs a and c are connected to the battery on the same path" id="SwitchesBulbsParallel-BURNED_BULB_PARALLEL_WHY_Q.sbj46-l2.qa111" accuracy="contradictory">
      <token status="ok" id="tok2329">bulbs</token>
      <token status="ok" id="tok2330">a</token>
      <token status="ok" id="tok2331">and</token>
      <token status="ok" id="tok2332">c</token>
      <token status="ok" id="tok2333">are</token>
      <token status="ok" id="tok2334">connected</token>
      <token status="ok" id="tok2335">to</token>
      <token status="ok" id="tok2336">the</token>
      <token status="ok" id="tok2337">battery</token>
      <token status="ok" id="tok2338">on</token>
      <token status="ok" id="tok2339">the</token>
      <token status="ok" id="tok2340">same</token>
      <token status="ok" id="tok2341">path</token>
    </studentAnswer>
    <studentAnswer count="1" answerMatch="answer366" raw_text="the battery is contained on a path with bulb a and b" id="SwitchesBulbsParallel-BURNED_BULB_PARALLEL_WHY_Q.sbj46-l2.qa112" accuracy="contradictory">
      <token status="ok" id="tok2360">the</token>
      <token status="ok" id="tok2361">battery</token>
      <token status="ok" id="tok2362">is</token>
      <token status="ok" id="tok2363">contained</token>
      <token status="ok" id="tok2364">on</token>
      <token status="ok" id="tok2365">a</token>
      <token status="ok" id="tok2366">path</token>
      <token status="ok" id="tok2367">with</token>
      <token status="ok" id="tok2368">bulb</token>
      <token status="ok" id="tok2369">a</token>
      <token status="ok" id="tok2370">and</token>
      <token status="ok" id="tok2371">b</token>
    </studentAnswer>
    <studentAnswer count="1" raw_text="the battery is contained on a closed path with bulb a and b" id="SwitchesBulbsParallel-BURNED_BULB_PARALLEL_WHY_Q.sbj46-l2.qa113" accuracy="contradictory">
      <token status="ok" id="tok2382">the</token>
      <token status="ok" id="tok2383">battery</token>
      <token status="ok" id="tok2384">is</token>
      <token status="ok" id="tok2385">contained</token>
      <token status="ok" id="tok2386">on</token>
      <token status="ok" id="tok2387">a</token>
      <token status="ok" id="tok2388">closed</token>
      <token status="ok" id="tok2389">path</token>
      <token status="ok" id="tok2390">with</token>
      <token status="ok" id="tok2391">bulb</token>
      <token status="ok" id="tok2392">a</token>
      <token status="ok" id="tok2393">and</token>
      <token status="ok" id="tok2394">b</token>
    </studentAnswer>
    <studentAnswer count="1" answerMatch="answer366" raw_text="the battery contains bulb a and b on a closed path" id="SwitchesBulbsParallel-BURNED_BULB_PARALLEL_WHY_Q.sbj46-l2.qa114" accuracy="contradictory">
      <token status="ok" id="tok2407">the</token>
      <token status="ok" id="tok2408">battery</token>
      <token status="ok" id="tok2409">contains</token>
      <token status="ok" id="tok2410">bulb</token>
      <token status="ok" id="tok2411">a</token>
      <token status="ok" id="tok2412">and</token>
      <token status="ok" id="tok2413">b</token>
      <token status="ok" id="tok2414">on</token>
      <token status="ok" id="tok2415">a</token>
      <token status="ok" id="tok2416">closed</token>
      <token status="ok" id="tok2417">path</token>
    </studentAnswer>
    <studentAnswer count="1" answerMatch="answer369" raw_text="because the bulbs are in separate paths" id="SwitchesBulbsParallel-BURNED_BULB_PARALLEL_WHY_Q.sbj47-l2.qa105" accuracy="correct">
      <token status="ok" id="tok2014">because</token>
      <token status="ok" id="tok2015">the</token>
      <token status="ok" id="tok2016">bulbs</token>
      <token status="ok" id="tok2017">are</token>
      <token status="ok" id="tok2018">in</token>
      <token status="ok" id="tok2019">separate</token>
      <token status="ok" id="tok2020">paths</token>
    </studentAnswer>
    <studentAnswer count="1" answerMatch="answer366" raw_text="Because they were still contained in a closed path with the battery" id="SwitchesBulbsParallel-BURNED_BULB_PARALLEL_WHY_Q.sbj48-l2.qa98" accuracy="correct">
      <token status="ok" id="tok1919">Because</token>
      <token status="ok" id="tok1920">they</token>
      <token status="ok" id="tok1921">were</token>
      <token status="ok" id="tok1922">still</token>
      <token status="ok" id="tok1923">contained</token>
      <token status="ok" id="tok1924">in</token>
      <token status="ok" id="tok1925">a</token>
      <token status="ok" id="tok1926">closed</token>
      <token status="ok" id="tok1927">path</token>
      <token status="ok" id="tok1928">with</token>
      <token status="ok" id="tok1929">the</token>
      <token status="ok" id="tok1930">battery</token>
    </studentAnswer>
    <studentAnswer count="1" answerMatch="answer366" raw_text="They were still on path with the battery." id="SwitchesBulbsParallel-BURNED_BULB_PARALLEL_WHY_Q.sbjb2-l2.qa89" accuracy="correct">
      <token status="ok" id="tok1785">They</token>
      <token status="ok" id="tok1786">were</token>
      <token status="ok" id="tok1787">still</token>
      <token status="ok" id="tok1788">on</token>
      <token status="ok" id="tok1789">path</token>
      <token status="ok" id="tok1790">with</token>
      <token status="ok" id="tok1791">the</token>
      <token status="ok" id="tok1792">battery</token>
    </studentAnswer>
    <studentAnswer count="1" raw_text="they do not run on the same current" id="SwitchesBulbsParallel-BURNED_BULB_PARALLEL_WHY_Q.sbjb3-l2.qa91" accuracy="contradictory">
      <token status="ok" id="tok1832">they</token>
      <token status="ok" id="tok1833">do</token>
      <token status="ok" id="tok1834">not</token>
      <token status="ok" id="tok1835">run</token>
      <token status="ok" id="tok1836">on</token>
      <token status="ok" id="tok1837">the</token>
      <token status="ok" id="tok1838">same</token>
      <token status="ok" id="tok1839">current</token>
    </studentAnswer>
    <studentAnswer count="1" answerMatch="answer366" raw_text="they are on their own closed paths with the battery" id="SwitchesBulbsParallel-BURNED_BULB_PARALLEL_WHY_Q.sbjb4-l2.qa87" accuracy="correct">
      <token status="ok" id="tok1829">they</token>
      <token status="ok" id="tok1830">are</token>
      <token status="ok" id="tok1831">on</token>
      <token status="ok" id="tok1832">their</token>
      <token status="ok" id="tok1833">own</token>
      <token status="ok" id="tok1834">closed</token>
      <token status="ok" id="tok1835">paths</token>
      <token status="ok" id="tok1836">with</token>
      <token status="ok" id="tok1837">the</token>
      <token status="ok" id="tok1838">battery</token>
    </studentAnswer>
    <studentAnswer count="1" answerMatch="answer366" raw_text="Bulbs A and C were still contained on closed paths with the batery" id="SwitchesBulbsParallel-BURNED_BULB_PARALLEL_WHY_Q.sbjb5-l2.qa87" accuracy="correct">
      <token status="ok" id="tok1871">Bulbs</token>
      <token status="ok" id="tok1872">A</token>
      <token status="ok" id="tok1873">and</token>
      <token status="ok" id="tok1874">C</token>
      <token status="ok" id="tok1875">were</token>
      <token status="ok" id="tok1876">still</token>
      <token status="ok" id="tok1877">contained</token>
      <token status="ok" id="tok1878">on</token>
      <token status="ok" id="tok1879">closed</token>
      <token status="ok" id="tok1880">paths</token>
      <token status="ok" id="tok1881">with</token>
      <token status="ok" id="tok1882">the</token>
      <token status="ok" id="tok1883" original="batery">battery</token>
    </studentAnswer>
    <studentAnswer count="1" answerMatch="answer367" raw_text="Because they are on a pathway that is a closed circuit" id="SwitchesBulbsParallel-BURNED_BULB_PARALLEL_WHY_Q.sbjb6-l2.qa87" accuracy="contradictory">
      <token status="ok" id="tok1771">Because</token>
      <token status="ok" id="tok1772">they</token>
      <token status="ok" id="tok1773">are</token>
      <token status="ok" id="tok1774">on</token>
      <token status="ok" id="tok1775">a</token>
      <token status="ok" id="tok1776">pathway</token>
      <token status="ok" id="tok1777">that</token>
      <token status="ok" id="tok1778">is</token>
      <token status="ok" id="tok1779">a</token>
      <token status="ok" id="tok1780">closed</token>
      <token status="ok" id="tok1781">circuit</token>
    </studentAnswer>
    <studentAnswer count="1" answerMatch="answer367" raw_text="They had their own closed paths" id="SwitchesBulbsParallel-BURNED_BULB_PARALLEL_WHY_Q.sbjb7-l2.qa88" accuracy="correct">
      <token status="ok" id="tok1750">They</token>
      <token status="ok" id="tok1751">had</token>
      <token status="ok" id="tok1752">their</token>
      <token status="ok" id="tok1753">own</token>
      <token status="ok" id="tok1754">closed</token>
      <token status="ok" id="tok1755">paths</token>
    </studentAnswer>
    <studentAnswer count="1" answerMatch="answer366" raw_text="Because they were still contained in a closed path to battery" id="SwitchesBulbsParallel-BURNED_BULB_PARALLEL_WHY_Q.sbjb9-l2.qa88" accuracy="correct">
      <token status="ok" id="tok1844">Because</token>
      <token status="ok" id="tok1845">they</token>
      <token status="ok" id="tok1846">were</token>
      <token status="ok" id="tok1847">still</token>
      <token status="ok" id="tok1848">contained</token>
      <token status="ok" id="tok1849">in</token>
      <token status="ok" id="tok1850">a</token>
      <token status="ok" id="tok1851">closed</token>
      <token status="ok" id="tok1852">path</token>
      <token status="ok" id="tok1853">to</token>
      <token status="ok" id="tok1854">battery</token>
    </studentAnswer>
    <studentAnswer count="1" answerMatch="answer369" raw_text="because they all have different paths" id="SwitchesBulbsParallel-BURNED_BULB_PARALLEL_WHY_Q.sbjb10-l2.qa87" accuracy="correct">
      <token status="ok" id="tok1762">because</token>
      <token status="ok" id="tok1763">they</token>
      <token status="ok" id="tok1764">all</token>
      <token status="ok" id="tok1765">have</token>
      <token status="ok" id="tok1766">different</token>
      <token status="ok" id="tok1767">paths</token>
    </studentAnswer>
    <studentAnswer count="1" answerMatch="answer367" raw_text="Because bulbs A and C were in a separate closed path" id="SwitchesBulbsParallel-BURNED_BULB_PARALLEL_WHY_Q.sbjb11-l2.qa87" accuracy="contradictory">
      <token status="ok" id="tok1883">Because</token>
      <token status="ok" id="tok1884">bulbs</token>
      <token status="ok" id="tok1885">A</token>
      <token status="ok" id="tok1886">and</token>
      <token status="ok" id="tok1887">C</token>
      <token status="ok" id="tok1888">were</token>
      <token status="ok" id="tok1889">in</token>
      <token status="ok" id="tok1890">a</token>
      <token status="ok" id="tok1891">separate</token>
      <token status="ok" id="tok1892">closed</token>
      <token status="ok" id="tok1893">path</token>
    </studentAnswer>
    <studentAnswer count="1" answerMatch="answer366" raw_text="bulb a and bulb c were still in a closed path with the battery" id="SwitchesBulbsParallel-BURNED_BULB_PARALLEL_WHY_Q.sbjb12-l2.qa87" accuracy="correct">
      <token status="ok" id="tok1820">bulb</token>
      <token status="ok" id="tok1821">a</token>
      <token status="ok" id="tok1822">and</token>
      <token status="ok" id="tok1823">bulb</token>
      <token status="ok" id="tok1824">c</token>
      <token status="ok" id="tok1825">were</token>
      <token status="ok" id="tok1826">still</token>
      <token status="ok" id="tok1827">in</token>
      <token status="ok" id="tok1828">a</token>
      <token status="ok" id="tok1829">closed</token>
      <token status="ok" id="tok1830">path</token>
      <token status="ok" id="tok1831">with</token>
      <token status="ok" id="tok1832">the</token>
      <token status="ok" id="tok1833">battery</token>
    </studentAnswer>
    <studentAnswer count="1" answerMatch="answer366" raw_text="Bulb A and C still had a closed path with the battery." id="SwitchesBulbsParallel-BURNED_BULB_PARALLEL_WHY_Q.sbjb13-l2.qa87" accuracy="contradictory">
      <token status="ok" id="tok1838">Bulb</token>
      <token status="ok" id="tok1839">A</token>
      <token status="ok" id="tok1840">and</token>
      <token status="ok" id="tok1841">C</token>
      <token status="ok" id="tok1842">still</token>
      <token status="ok" id="tok1843">had</token>
      <token status="ok" id="tok1844">a</token>
      <token status="ok" id="tok1845">closed</token>
      <token status="ok" id="tok1846">path</token>
      <token status="ok" id="tok1847">with</token>
      <token status="ok" id="tok1848">the</token>
      <token status="ok" id="tok1849">battery</token>
    </studentAnswer>
    <studentAnswer count="1" answerMatch="answer366" raw_text="they still have connection to the battery" id="SwitchesBulbsParallel-BURNED_BULB_PARALLEL_WHY_Q.sbjb15-l2.qa88" accuracy="partially_correct_incomplete">
      <token status="ok" id="tok1727">they</token>
      <token status="ok" id="tok1728">still</token>
      <token status="ok" id="tok1729">have</token>
      <token status="ok" id="tok1730">connection</token>
      <token status="ok" id="tok1731">to</token>
      <token status="ok" id="tok1732">the</token>
      <token status="ok" id="tok1733">battery</token>
    </studentAnswer>
    <studentAnswer count="1" answerMatch="answer367" raw_text="There is still a closed path for bulb A and C" id="SwitchesBulbsParallel-BURNED_BULB_PARALLEL_WHY_Q.sbjb17-l2.qa89" accuracy="correct">
      <token status="ok" id="tok1810">There</token>
      <token status="ok" id="tok1811">is</token>
      <token status="ok" id="tok1812">still</token>
      <token status="ok" id="tok1813">a</token>
      <token status="ok" id="tok1814">closed</token>
      <token status="ok" id="tok1815">path</token>
      <token status="ok" id="tok1816">for</token>
      <token status="ok" id="tok1817">bulb</token>
      <token status="ok" id="tok1818">A</token>
      <token status="ok" id="tok1819">and</token>
      <token status="ok" id="tok1820">C</token>
    </studentAnswer>
    <studentAnswer count="1" answerMatch="answer366" raw_text="They were still in a closed pathway with the battery." id="SwitchesBulbsParallel-BURNED_BULB_PARALLEL_WHY_Q.sbjb18-l2.qa87" accuracy="correct">
      <token status="ok" id="tok1695">They</token>
      <token status="ok" id="tok1696">were</token>
      <token status="ok" id="tok1697">still</token>
      <token status="ok" id="tok1698">in</token>
      <token status="ok" id="tok1699">a</token>
      <token status="ok" id="tok1700">closed</token>
      <token status="ok" id="tok1701">pathway</token>
      <token status="ok" id="tok1702">with</token>
      <token status="ok" id="tok1703">the</token>
      <token status="ok" id="tok1704">battery</token>
    </studentAnswer>
    <studentAnswer count="1" answerMatch="answer367" raw_text="The path was still closed." id="SwitchesBulbsParallel-BURNED_BULB_PARALLEL_WHY_Q.sbjb20-l2.qa87" accuracy="contradictory">
      <token status="ok" id="tok1826">The</token>
      <token status="ok" id="tok1827">path</token>
      <token status="ok" id="tok1828">was</token>
      <token status="ok" id="tok1829">still</token>
      <token status="ok" id="tok1830">closed</token>
    </studentAnswer>
    <studentAnswer count="1" raw_text="they are on seperate circuits" id="SwitchesBulbsParallel-BURNED_BULB_PARALLEL_WHY_Q.sbjb21-l2.qa87" accuracy="contradictory">
      <token status="ok" id="tok1716">they</token>
      <token status="ok" id="tok1717">are</token>
      <token status="ok" id="tok1718">on</token>
      <token status="ok" id="tok1719" original="seperate">separate</token>
      <token status="ok" id="tok1720">circuits</token>
    </studentAnswer>
    <studentAnswer count="1" answerMatch="answer369" raw_text="Different path" id="SwitchesBulbsParallel-BURNED_BULB_PARALLEL_WHY_Q.sbjb22-l2.qa87" accuracy="partially_correct_incomplete">
      <token status="ok" id="tok1728">Different</token>
      <token status="ok" id="tok1729">path</token>
    </studentAnswer>
    <studentAnswer count="1" answerMatch="answer369" raw_text="SEPARATE PATHS" id="SwitchesBulbsParallel-BURNED_BULB_PARALLEL_WHY_Q.sbjb24-l2.qa91" accuracy="partially_correct_incomplete">
      <token status="ok" id="tok1767">SEPARATE</token>
      <token status="ok" id="tok1768">PATHS</token>
    </studentAnswer>
    <studentAnswer count="1" answerMatch="answer368" raw_text="They were not in the same path as bulb B." id="SwitchesBulbsParallel-BURNED_BULB_PARALLEL_WHY_Q.sbjb25-l2.qa88" accuracy="correct">
      <token status="ok" id="tok1782">They</token>
      <token status="ok" id="tok1783">were</token>
      <token status="ok" id="tok1784">not</token>
      <token status="ok" id="tok1785">in</token>
      <token status="ok" id="tok1786">the</token>
      <token status="ok" id="tok1787">same</token>
      <token status="ok" id="tok1788">path</token>
      <token status="ok" id="tok1789">as</token>
      <token status="ok" id="tok1790">bulb</token>
      <token status="ok" id="tok1791">B</token>
    </studentAnswer>
    <studentAnswer count="1" answerMatch="answer367" raw_text="Bulbs A and C were still on their own completed circuts." id="SwitchesBulbsParallel-BURNED_BULB_PARALLEL_WHY_Q.sbjb26-l2.qa87" accuracy="correct">
      <token status="ok" id="tok1817">Bulbs</token>
      <token status="ok" id="tok1818">A</token>
      <token status="ok" id="tok1819">and</token>
      <token status="ok" id="tok1820">C</token>
      <token status="ok" id="tok1821">were</token>
      <token status="ok" id="tok1822">still</token>
      <token status="ok" id="tok1823">on</token>
      <token status="ok" id="tok1824">their</token>
      <token status="ok" id="tok1825">own</token>
      <token status="ok" id="tok1826">completed</token>
      <token status="ok" id="tok1827" original="circuts">circuits</token>
    </studentAnswer>
    <studentAnswer count="1" answerMatch="answer366" raw_text="they were still contained in closed circuits with the battery" id="SwitchesBulbsParallel-BURNED_BULB_PARALLEL_WHY_Q.sbjb27-l2.qa87" accuracy="contradictory">
      <token status="ok" id="tok1824">they</token>
      <token status="ok" id="tok1825">were</token>
      <token status="ok" id="tok1826">still</token>
      <token status="ok" id="tok1827">contained</token>
      <token status="ok" id="tok1828">in</token>
      <token status="ok" id="tok1829">closed</token>
      <token status="ok" id="tok1830">circuits</token>
      <token status="ok" id="tok1831">with</token>
      <token status="ok" id="tok1832">the</token>
      <token status="ok" id="tok1833">battery</token>
    </studentAnswer>
    <studentAnswer count="1" answerMatch="answer367" raw_text="they were on another closed path" id="SwitchesBulbsParallel-BURNED_BULB_PARALLEL_WHY_Q.sbjb28-l2.qa87" accuracy="correct">
      <token status="ok" id="tok1796">they</token>
      <token status="ok" id="tok1797">were</token>
      <token status="ok" id="tok1798">on</token>
      <token status="ok" id="tok1799">another</token>
      <token status="ok" id="tok1800">closed</token>
      <token status="ok" id="tok1801">path</token>
    </studentAnswer>
    <studentAnswer count="1" answerMatch="answer369" raw_text="because each bulb has its own path" id="SwitchesBulbsParallel-BURNED_BULB_PARALLEL_WHY_Q.sbjb29-l2.qa88" accuracy="correct">
      <token status="ok" id="tok1771">because</token>
      <token status="ok" id="tok1772">each</token>
      <token status="ok" id="tok1773">bulb</token>
      <token status="ok" id="tok1774">has</token>
      <token status="ok" id="tok1775">its</token>
      <token status="ok" id="tok1776">own</token>
      <token status="ok" id="tok1777">path</token>
    </studentAnswer>
    <studentAnswer count="1" answerMatch="answer366" raw_text="bulbs a and c are still contained in a complete path with the battery." id="SwitchesBulbsParallel-BURNED_BULB_PARALLEL_WHY_Q.sbjb30-l2.qa87" accuracy="contradictory">
      <token status="ok" id="tok1891">bulbs</token>
      <token status="ok" id="tok1892">a</token>
      <token status="ok" id="tok1893">and</token>
      <token status="ok" id="tok1894">c</token>
      <token status="ok" id="tok1895">are</token>
      <token status="ok" id="tok1896">still</token>
      <token status="ok" id="tok1897">contained</token>
      <token status="ok" id="tok1898">in</token>
      <token status="ok" id="tok1899">a</token>
      <token status="ok" id="tok1900">complete</token>
      <token status="ok" id="tok1901">path</token>
      <token status="ok" id="tok1902">with</token>
      <token status="ok" id="tok1903">the</token>
      <token status="ok" id="tok1904">battery</token>
    </studentAnswer>
    <studentAnswer count="1" answerMatch="answer366" raw_text="because they were still in a closed circuit with the battery" id="SwitchesBulbsParallel-BURNED_BULB_PARALLEL_WHY_Q.sbjb31-l2.qa87" accuracy="contradictory">
      <token status="ok" id="tok1854">because</token>
      <token status="ok" id="tok1855">they</token>
      <token status="ok" id="tok1856">were</token>
      <token status="ok" id="tok1857">still</token>
      <token status="ok" id="tok1858">in</token>
      <token status="ok" id="tok1859">a</token>
      <token status="ok" id="tok1860">closed</token>
      <token status="ok" id="tok1861">circuit</token>
      <token status="ok" id="tok1862">with</token>
      <token status="ok" id="tok1863">the</token>
      <token status="ok" id="tok1864">battery</token>
    </studentAnswer>
    <studentAnswer count="1" raw_text="They are on separate paths." id="SwitchesBulbsParallel-BURNED_BULB_PARALLEL_WHY_Q.sbjb32-l2.qa87" accuracy="correct">
      <token status="ok" id="tok1748">They</token>
      <token status="ok" id="tok1749">are</token>
      <token status="ok" id="tok1750">on</token>
      <token status="ok" id="tok1751">separate</token>
      <token status="ok" id="tok1752">paths</token>
    </studentAnswer>
    <studentAnswer count="1" answerMatch="answer366" raw_text="Bulb A and bulb C are on closed paths containing the battery." id="SwitchesBulbsParallel-BURNED_BULB_PARALLEL_WHY_Q.sbjb34-l2.qa88" accuracy="correct">
      <token status="ok" id="tok1830">Bulb</token>
      <token status="ok" id="tok1831">A</token>
      <token status="ok" id="tok1832">and</token>
      <token status="ok" id="tok1833">bulb</token>
      <token status="ok" id="tok1834">C</token>
      <token status="ok" id="tok1835">are</token>
      <token status="ok" id="tok1836">on</token>
      <token status="ok" id="tok1837">closed</token>
      <token status="ok" id="tok1838">paths</token>
      <token status="ok" id="tok1839">containing</token>
      <token status="ok" id="tok1840">the</token>
      <token status="ok" id="tok1841">battery</token>
    </studentAnswer>
    <studentAnswer count="1" answerMatch="answer367" raw_text="Becuase they had their own pathways to work on." id="SwitchesBulbsParallel-BURNED_BULB_PARALLEL_WHY_Q.sbjb35-l2.qa89" accuracy="correct">
      <token status="ok" id="tok1836" original="Becuase">Because</token>
      <token status="ok" id="tok1837">they</token>
      <token status="ok" id="tok1838">had</token>
      <token status="ok" id="tok1839">their</token>
      <token status="ok" id="tok1840">own</token>
      <token status="ok" id="tok1841">pathways</token>
      <token status="ok" id="tok1842">to</token>
      <token status="ok" id="tok1843">work</token>
      <token status="ok" id="tok1844">on</token>
    </studentAnswer>
    <studentAnswer count="1" answerMatch="answer367" raw_text="because they both still had closed paths" id="SwitchesBulbsParallel-BURNED_BULB_PARALLEL_WHY_Q.sbjb36-l2.qa87" accuracy="correct">
      <token status="ok" id="tok1774">because</token>
      <token status="ok" id="tok1775">they</token>
      <token status="ok" id="tok1776">both</token>
      <token status="ok" id="tok1777">still</token>
      <token status="ok" id="tok1778">had</token>
      <token status="ok" id="tok1779">closed</token>
      <token status="ok" id="tok1780">paths</token>
    </studentAnswer>
    <studentAnswer count="1" answerMatch="answer366" raw_text="They all have their own paths connected to the battery" id="SwitchesBulbsParallel-BURNED_BULB_PARALLEL_WHY_Q.sbjb37-l2.qa88" accuracy="correct">
      <token status="ok" id="tok1770">They</token>
      <token status="ok" id="tok1771">all</token>
      <token status="ok" id="tok1772">have</token>
      <token status="ok" id="tok1773">their</token>
      <token status="ok" id="tok1774">own</token>
      <token status="ok" id="tok1775">paths</token>
      <token status="ok" id="tok1776">connected</token>
      <token status="ok" id="tok1777">to</token>
      <token status="ok" id="tok1778">the</token>
      <token status="ok" id="tok1779">battery</token>
    </studentAnswer>
    <studentAnswer count="1" answerMatch="answer369" raw_text="Because they are not on the same closed path." id="SwitchesBulbsParallel-BURNED_BULB_PARALLEL_WHY_Q.sbjb38-l2.qa87" accuracy="correct">
      <token status="ok" id="tok1829">Because</token>
      <token status="ok" id="tok1830">they</token>
      <token status="ok" id="tok1831">are</token>
      <token status="ok" id="tok1832">not</token>
      <token status="ok" id="tok1833">on</token>
      <token status="ok" id="tok1834">the</token>
      <token status="ok" id="tok1835">same</token>
      <token status="ok" id="tok1836">closed</token>
      <token status="ok" id="tok1837">path</token>
    </studentAnswer>
    <studentAnswer count="1" answerMatch="answer369" raw_text="because they are not in the same pathway as bulb b." id="SwitchesBulbsParallel-BURNED_BULB_PARALLEL_WHY_Q.sbjb39-l2.qa87" accuracy="correct">
      <token status="ok" id="tok1823">because</token>
      <token status="ok" id="tok1824">they</token>
      <token status="ok" id="tok1825">are</token>
      <token status="ok" id="tok1826">not</token>
      <token status="ok" id="tok1827">in</token>
      <token status="ok" id="tok1828">the</token>
      <token status="ok" id="tok1829">same</token>
      <token status="ok" id="tok1830">pathway</token>
      <token status="ok" id="tok1831">as</token>
      <token status="ok" id="tok1832">bulb</token>
      <token status="ok" id="tok1833">b</token>
    </studentAnswer>
    <studentAnswer count="1" answerMatch="answer366" raw_text="Because bulbs A and C are still contained in a closed path to the battery." id="SwitchesBulbsParallel-BURNED_BULB_PARALLEL_WHY_Q.sbjb41-l2.qa88" accuracy="correct">
      <token status="ok" id="tok1923">Because</token>
      <token status="ok" id="tok1924">bulbs</token>
      <token status="ok" id="tok1925">A</token>
      <token status="ok" id="tok1926">and</token>
      <token status="ok" id="tok1927">C</token>
      <token status="ok" id="tok1928">are</token>
      <token status="ok" id="tok1929">still</token>
      <token status="ok" id="tok1930">contained</token>
      <token status="ok" id="tok1931">in</token>
      <token status="ok" id="tok1932">a</token>
      <token status="ok" id="tok1933">closed</token>
      <token status="ok" id="tok1934">path</token>
      <token status="ok" id="tok1935">to</token>
      <token status="ok" id="tok1936">the</token>
      <token status="ok" id="tok1937">battery</token>
    </studentAnswer>
    <studentAnswer count="1" answerMatch="answer368" raw_text="because they are on separate paths than B is" id="SwitchesBulbsParallel-BURNED_BULB_PARALLEL_WHY_Q.sbjb42-l2.qa87" accuracy="correct">
      <token status="ok" id="tok1813">because</token>
      <token status="ok" id="tok1814">they</token>
      <token status="ok" id="tok1815">are</token>
      <token status="ok" id="tok1816">on</token>
      <token status="ok" id="tok1817">separate</token>
      <token status="ok" id="tok1818">paths</token>
      <token status="ok" id="tok1819">than</token>
      <token status="ok" id="tok1820">B</token>
      <token status="ok" id="tok1821">is</token>
    </studentAnswer>
  </studentAnswers>
</question>
