<?xml version="1.0"?>
<question qtype="Q_EXPLAIN_SPECIFIC" id="BURNED_BULB_PARALLEL_EXPLAIN_Q2" module="SwitchesBulbsParallel" stype="PREDICT">
  <questionText>Explain your reasoning.</questionText>
  <referenceAnswers>
    <referenceAnswer category="BEST" id="answer353" fileID="BURNED_BULB_PARALLEL_EXPLAIN_Q2_ANS1">Bulbs A and C are still in closed paths with the battery</referenceAnswer>
    <referenceAnswer category="GOOD" id="answer354" fileID="BURNED_BULB_PARALLEL_EXPLAIN_Q2_ANS1_OLD">Bulbs A and C are in a closed path</referenceAnswer>
    <referenceAnswer category="GOOD" id="answer355" fileID="BURNED_BULB_PARALLEL_EXPLAIN_Q2_ANS2">each bulb is in its own path</referenceAnswer>
    <referenceAnswer category="GOOD" id="answer356" fileID="BURNED_BULB_PARALLEL_EXPLAIN_Q2_ANS3">Bulb B is in a separate path</referenceAnswer>
  </referenceAnswers>
  <studentAnswers>
    <studentAnswer count="1" answerMatch="answer353" raw_text="bulb a and c will still be contained within a closed path of the battery" id="SwitchesBulbsParallel-BURNED_BULB_PARALLEL_EXPLAIN_Q2.sbj3-l2.qa84" accuracy="correct">
      <token status="ok" id="tok1571">bulb</token>
      <token status="ok" id="tok1572">a</token>
      <token status="ok" id="tok1573">and</token>
      <token status="ok" id="tok1574">c</token>
      <token status="ok" id="tok1575">will</token>
      <token status="ok" id="tok1576">still</token>
      <token status="ok" id="tok1577">be</token>
      <token status="ok" id="tok1578">contained</token>
      <token status="ok" id="tok1579">within</token>
      <token status="ok" id="tok1580">a</token>
      <token status="ok" id="tok1581">closed</token>
      <token status="ok" id="tok1582">path</token>
      <token status="ok" id="tok1583">of</token>
      <token status="ok" id="tok1584">the</token>
      <token status="ok" id="tok1585">battery</token>
    </studentAnswer>
    <studentAnswer count="1" answerMatch="answer353" raw_text="there is still a closed path that contains the battery, bulb a, and bulb c" id="SwitchesBulbsParallel-BURNED_BULB_PARALLEL_EXPLAIN_Q2.sbj7-l2.qa87" accuracy="correct">
      <token status="ok" id="tok1667">there</token>
      <token status="ok" id="tok1668">is</token>
      <token status="ok" id="tok1669">still</token>
      <token status="ok" id="tok1670">a</token>
      <token status="ok" id="tok1671">closed</token>
      <token status="ok" id="tok1672">path</token>
      <token status="ok" id="tok1673">that</token>
      <token status="ok" id="tok1674">contains</token>
      <token status="ok" id="tok1675">the</token>
      <token status="ok" id="tok1676">battery</token>
      <token status="ok" id="tok1677">bulb</token>
      <token status="ok" id="tok1678">a</token>
      <token status="ok" id="tok1679">and</token>
      <token status="ok" id="tok1680">bulb</token>
      <token status="ok" id="tok1681">c</token>
    </studentAnswer>
    <studentAnswer count="1" answerMatch="answer355" raw_text="C is not within the same path as B" id="SwitchesBulbsParallel-BURNED_BULB_PARALLEL_EXPLAIN_Q2.sbj8-l2.qa90" accuracy="partially_correct_incomplete">
      <token status="ok" id="tok1793">C</token>
      <token status="ok" id="tok1794">is</token>
      <token status="ok" id="tok1795">not</token>
      <token status="ok" id="tok1796">within</token>
      <token status="ok" id="tok1797">the</token>
      <token status="ok" id="tok1798">same</token>
      <token status="ok" id="tok1799">path</token>
      <token status="ok" id="tok1800">as</token>
      <token status="ok" id="tok1801">B</token>
    </studentAnswer>
    <studentAnswer count="1" raw_text="idk" id="SwitchesBulbsParallel-BURNED_BULB_PARALLEL_EXPLAIN_Q2.sbj8-l2.qa91" accuracy="non_domain">
      <token status="nonWord" id="tok1819">idk</token>
    </studentAnswer>
    <studentAnswer count="1" raw_text="I don&quot;t understand" id="SwitchesBulbsParallel-BURNED_BULB_PARALLEL_EXPLAIN_Q2.sbj8-l2.qa92" accuracy="non_domain">
      <token status="ok" id="tok1836">I</token>
      <token status="ok" id="tok1837">do</token>
      <token status="pennTokenFragment" id="tok1838">n't</token>
      <token status="ok" id="tok1839">understand</token>
    </studentAnswer>
    <studentAnswer count="1" raw_text="I did" id="SwitchesBulbsParallel-BURNED_BULB_PARALLEL_EXPLAIN_Q2.sbj8-l2.qa93" accuracy="non_domain">
      <token status="ok" id="tok1856">I</token>
      <token status="ok" id="tok1857">did</token>
    </studentAnswer>
    <studentAnswer count="1" answerMatch="answer353" raw_text="bulbs a and c are on a closed path with the battery" id="SwitchesBulbsParallel-BURNED_BULB_PARALLEL_EXPLAIN_Q2.sbj10-l2.qa92" accuracy="correct">
      <token status="ok" id="tok1813">bulbs</token>
      <token status="ok" id="tok1814">a</token>
      <token status="ok" id="tok1815">and</token>
      <token status="ok" id="tok1816">c</token>
      <token status="ok" id="tok1817">are</token>
      <token status="ok" id="tok1818">on</token>
      <token status="ok" id="tok1819">a</token>
      <token status="ok" id="tok1820">closed</token>
      <token status="ok" id="tok1821">path</token>
      <token status="ok" id="tok1822">with</token>
      <token status="ok" id="tok1823">the</token>
      <token status="ok" id="tok1824">battery</token>
    </studentAnswer>
    <studentAnswer count="1" answerMatch="answer353" raw_text="bulb a and bulb c are still in a closed [ath with the battery." id="SwitchesBulbsParallel-BURNED_BULB_PARALLEL_EXPLAIN_Q2.sbj11-l2.qa87" accuracy="correct">
      <token status="ok" id="tok1694">bulb</token>
      <token status="ok" id="tok1695">a</token>
      <token status="ok" id="tok1696">and</token>
      <token status="ok" id="tok1697">bulb</token>
      <token status="ok" id="tok1698">c</token>
      <token status="ok" id="tok1699">are</token>
      <token status="ok" id="tok1700">still</token>
      <token status="ok" id="tok1701">in</token>
      <token status="ok" id="tok1702">a</token>
      <token status="ok" id="tok1703">closed</token>
      <token status="ok" id="tok1704+" original="[ath">path</token>
      <token status="ok" id="tok1706">with</token>
      <token status="ok" id="tok1707">the</token>
      <token status="ok" id="tok1708">battery</token>
    </studentAnswer>
    <studentAnswer count="1" answerMatch="answer353" raw_text="Bulbs A and C will still be on closed paths with the battery" id="SwitchesBulbsParallel-BURNED_BULB_PARALLEL_EXPLAIN_Q2.sbj12-l2.qa93" accuracy="correct">
      <token status="ok" id="tok1756">Bulbs</token>
      <token status="ok" id="tok1757">A</token>
      <token status="ok" id="tok1758">and</token>
      <token status="ok" id="tok1759">C</token>
      <token status="ok" id="tok1760">will</token>
      <token status="ok" id="tok1761">still</token>
      <token status="ok" id="tok1762">be</token>
      <token status="ok" id="tok1763">on</token>
      <token status="ok" id="tok1764">closed</token>
      <token status="ok" id="tok1765">paths</token>
      <token status="ok" id="tok1766">with</token>
      <token status="ok" id="tok1767">the</token>
      <token status="ok" id="tok1768">battery</token>
    </studentAnswer>
    <studentAnswer count="1" answerMatch="answer356" raw_text="bulb b is not in the same path of bulbs a and c." id="SwitchesBulbsParallel-BURNED_BULB_PARALLEL_EXPLAIN_Q2.sbj13-l2.qa98" accuracy="correct">
      <token status="ok" id="tok1994">bulb</token>
      <token status="ok" id="tok1995">b</token>
      <token status="ok" id="tok1996">is</token>
      <token status="ok" id="tok1997">not</token>
      <token status="ok" id="tok1998">in</token>
      <token status="ok" id="tok1999">the</token>
      <token status="ok" id="tok2000">same</token>
      <token status="ok" id="tok2001">path</token>
      <token status="ok" id="tok2002">of</token>
      <token status="ok" id="tok2003">bulbs</token>
      <token status="ok" id="tok2004">a</token>
      <token status="ok" id="tok2005">and</token>
      <token status="ok" id="tok2006">c</token>
    </studentAnswer>
    <studentAnswer count="1" answerMatch="answer353" raw_text="Bulb A and Bulb C are still contained in closed paths to the battery terminals." id="SwitchesBulbsParallel-BURNED_BULB_PARALLEL_EXPLAIN_Q2.sbj14-l2.qa93" accuracy="correct">
      <token status="ok" id="tok1778">Bulb</token>
      <token status="ok" id="tok1779">A</token>
      <token status="ok" id="tok1780">and</token>
      <token status="ok" id="tok1781">Bulb</token>
      <token status="ok" id="tok1782">C</token>
      <token status="ok" id="tok1783">are</token>
      <token status="ok" id="tok1784">still</token>
      <token status="ok" id="tok1785">contained</token>
      <token status="ok" id="tok1786">in</token>
      <token status="ok" id="tok1787">closed</token>
      <token status="ok" id="tok1788">paths</token>
      <token status="ok" id="tok1789">to</token>
      <token status="ok" id="tok1790">the</token>
      <token status="ok" id="tok1791">battery</token>
      <token status="ok" id="tok1792">terminals</token>
    </studentAnswer>
    <studentAnswer count="1" raw_text="because that is what i thin k" id="SwitchesBulbsParallel-BURNED_BULB_PARALLEL_EXPLAIN_Q2.sbj15-l2.qa106" accuracy="non_domain">
      <token status="ok" id="tok2196">because</token>
      <token status="ok" id="tok2197">that</token>
      <token status="ok" id="tok2198">is</token>
      <token status="ok" id="tok2199">what</token>
      <token status="ok" id="tok2200">i</token>
      <token status="ok" id="tok2201+">think</token>
    </studentAnswer>
    <studentAnswer count="1" raw_text="i dont knpw" id="SwitchesBulbsParallel-BURNED_BULB_PARALLEL_EXPLAIN_Q2.sbj15-l2.qa107" accuracy="non_domain">
      <token status="ok" id="tok2216">i</token>
      <token status="ok" id="tok2217a">do</token>
      <token status="pennTokenFragment" id="tok2217b" original="nt">n't</token>
      <token status="ok" id="tok2218" original="knpw">know</token>
    </studentAnswer>
    <studentAnswer count="1" raw_text="because terminal is closed" id="SwitchesBulbsParallel-BURNED_BULB_PARALLEL_EXPLAIN_Q2.sbj15-l2.qa108" accuracy="contradictory">
      <token status="ok" id="tok2235">because</token>
      <token status="ok" id="tok2236">terminal</token>
      <token status="ok" id="tok2237">is</token>
      <token status="ok" id="tok2238">closed</token>
    </studentAnswer>
    <studentAnswer count="1" answerMatch="answer356" raw_text="bulb b is in a separate path." id="SwitchesBulbsParallel-BURNED_BULB_PARALLEL_EXPLAIN_Q2.sbj18-l2.qa85" accuracy="correct">
      <token status="ok" id="tok1661">bulb</token>
      <token status="ok" id="tok1662">b</token>
      <token status="ok" id="tok1663">is</token>
      <token status="ok" id="tok1664">in</token>
      <token status="ok" id="tok1665">a</token>
      <token status="ok" id="tok1666">separate</token>
      <token status="ok" id="tok1667">path</token>
    </studentAnswer>
    <studentAnswer count="1" answerMatch="answer354" raw_text="there is a closed path" id="SwitchesBulbsParallel-BURNED_BULB_PARALLEL_EXPLAIN_Q2.sbj22-l2.qa91" accuracy="partially_correct_incomplete">
      <token status="ok" id="tok1739">there</token>
      <token status="ok" id="tok1740">is</token>
      <token status="ok" id="tok1741">a</token>
      <token status="ok" id="tok1742">closed</token>
      <token status="ok" id="tok1743">path</token>
    </studentAnswer>
    <studentAnswer count="1" answerMatch="answer356" raw_text="Bulb B is in a independent path" id="SwitchesBulbsParallel-BURNED_BULB_PARALLEL_EXPLAIN_Q2.sbj24-l2.qa87" accuracy="correct">
      <token status="ok" id="tok1630">Bulb</token>
      <token status="ok" id="tok1631">B</token>
      <token status="ok" id="tok1632">is</token>
      <token status="ok" id="tok1633">in</token>
      <token status="ok" id="tok1634">a</token>
      <token status="ok" id="tok1635">independent</token>
      <token status="ok" id="tok1636">path</token>
    </studentAnswer>
    <studentAnswer count="1" raw_text="god loves us all" id="SwitchesBulbsParallel-BURNED_BULB_PARALLEL_EXPLAIN_Q2.sbj26-l2.qa94" accuracy="non_domain">
      <token status="ok" id="tok1830">god</token>
      <token status="ok" id="tok1831">loves</token>
      <token status="ok" id="tok1832">us</token>
      <token status="ok" id="tok1833">all</token>
    </studentAnswer>
    <studentAnswer count="1" raw_text="bulbs b and c creat a gap in the path" id="SwitchesBulbsParallel-BURNED_BULB_PARALLEL_EXPLAIN_Q2.sbj26-l2.qa95" accuracy="contradictory">
      <token status="ok" id="tok1844">bulbs</token>
      <token status="ok" id="tok1845">b</token>
      <token status="ok" id="tok1846">and</token>
      <token status="ok" id="tok1847">c</token>
      <token status="ok" id="tok1848" original="creat">create</token>
      <token status="ok" id="tok1849">a</token>
      <token status="ok" id="tok1850">gap</token>
      <token status="ok" id="tok1851">in</token>
      <token status="ok" id="tok1852">the</token>
      <token status="ok" id="tok1853">path</token>
    </studentAnswer>
    <studentAnswer count="1" answerMatch="answer354" raw_text="because bulbs a and c have their own closed paths" id="SwitchesBulbsParallel-BURNED_BULB_PARALLEL_EXPLAIN_Q2.sbj27-l2.qa93" accuracy="correct">
      <token status="ok" id="tok1802">because</token>
      <token status="ok" id="tok1803">bulbs</token>
      <token status="ok" id="tok1804">a</token>
      <token status="ok" id="tok1805">and</token>
      <token status="ok" id="tok1806">c</token>
      <token status="ok" id="tok1807">have</token>
      <token status="ok" id="tok1808">their</token>
      <token status="ok" id="tok1809">own</token>
      <token status="ok" id="tok1810">closed</token>
      <token status="ok" id="tok1811">paths</token>
    </studentAnswer>
    <studentAnswer count="1" answerMatch="answer356" raw_text="the bulbs are on separate paths" id="SwitchesBulbsParallel-BURNED_BULB_PARALLEL_EXPLAIN_Q2.sbj28-l2.qa92" accuracy="correct">
      <token status="ok" id="tok1749">the</token>
      <token status="ok" id="tok1750">bulbs</token>
      <token status="ok" id="tok1751">are</token>
      <token status="ok" id="tok1752">on</token>
      <token status="ok" id="tok1753">separate</token>
      <token status="ok" id="tok1754">paths</token>
    </studentAnswer>
    <studentAnswer count="1" answerMatch="answer356" raw_text="bulbs a and c are not in the same closed path as bulb b" id="SwitchesBulbsParallel-BURNED_BULB_PARALLEL_EXPLAIN_Q2.sbj29-l2.qa96" accuracy="contradictory">
      <token status="ok" id="tok1939">bulbs</token>
      <token status="ok" id="tok1940">a</token>
      <token status="ok" id="tok1941">and</token>
      <token status="ok" id="tok1942">c</token>
      <token status="ok" id="tok1943">are</token>
      <token status="ok" id="tok1944">not</token>
      <token status="ok" id="tok1945">in</token>
      <token status="ok" id="tok1946">the</token>
      <token status="ok" id="tok1947">same</token>
      <token status="ok" id="tok1948">closed</token>
      <token status="ok" id="tok1949">path</token>
      <token status="ok" id="tok1950">as</token>
      <token status="ok" id="tok1951">bulb</token>
      <token status="ok" id="tok1952">b</token>
    </studentAnswer>
    <studentAnswer count="1" answerMatch="answer356" raw_text="bulbs a and c are not in a closed path with bulb b" id="SwitchesBulbsParallel-BURNED_BULB_PARALLEL_EXPLAIN_Q2.sbj29-l2.qa97" accuracy="contradictory">
      <token status="ok" id="tok1970">bulbs</token>
      <token status="ok" id="tok1971">a</token>
      <token status="ok" id="tok1972">and</token>
      <token status="ok" id="tok1973">c</token>
      <token status="ok" id="tok1974">are</token>
      <token status="ok" id="tok1975">not</token>
      <token status="ok" id="tok1976">in</token>
      <token status="ok" id="tok1977">a</token>
      <token status="ok" id="tok1978">closed</token>
      <token status="ok" id="tok1979">path</token>
      <token status="ok" id="tok1980">with</token>
      <token status="ok" id="tok1981">bulb</token>
      <token status="ok" id="tok1982">b</token>
    </studentAnswer>
    <studentAnswer count="1" answerMatch="answer353" raw_text="Bulb A and C are on closed paths containing the battery" id="SwitchesBulbsParallel-BURNED_BULB_PARALLEL_EXPLAIN_Q2.sbj30-l2.qa97" accuracy="correct">
      <token status="ok" id="tok2074">Bulb</token>
      <token status="ok" id="tok2075">A</token>
      <token status="ok" id="tok2076">and</token>
      <token status="ok" id="tok2077">C</token>
      <token status="ok" id="tok2078">are</token>
      <token status="ok" id="tok2079">on</token>
      <token status="ok" id="tok2080">closed</token>
      <token status="ok" id="tok2081">paths</token>
      <token status="ok" id="tok2082">containing</token>
      <token status="ok" id="tok2083">the</token>
      <token status="ok" id="tok2084">battery</token>
    </studentAnswer>
    <studentAnswer count="1" raw_text="a and c are in a closed path with the battery" id="SwitchesBulbsParallel-BURNED_BULB_PARALLEL_EXPLAIN_Q2.sbj31-l2.qa100" accuracy="correct">
      <token status="ok" id="tok1932">a</token>
      <token status="ok" id="tok1933">and</token>
      <token status="ok" id="tok1934">c</token>
      <token status="ok" id="tok1935">are</token>
      <token status="ok" id="tok1936">in</token>
      <token status="ok" id="tok1937">a</token>
      <token status="ok" id="tok1938">closed</token>
      <token status="ok" id="tok1939">path</token>
      <token status="ok" id="tok1940">with</token>
      <token status="ok" id="tok1941">the</token>
      <token status="ok" id="tok1942">battery</token>
    </studentAnswer>
    <studentAnswer count="1" answerMatch="answer355" raw_text="bulbs A and C are in different paths that do not contain bulb B" id="SwitchesBulbsParallel-BURNED_BULB_PARALLEL_EXPLAIN_Q2.sbj33-l2.qa95" accuracy="correct">
      <token status="ok" id="tok1746">bulbs</token>
      <token status="ok" id="tok1747">A</token>
      <token status="ok" id="tok1748">and</token>
      <token status="ok" id="tok1749">C</token>
      <token status="ok" id="tok1750">are</token>
      <token status="ok" id="tok1751">in</token>
      <token status="ok" id="tok1752">different</token>
      <token status="ok" id="tok1753">paths</token>
      <token status="ok" id="tok1754">that</token>
      <token status="ok" id="tok1755">do</token>
      <token status="ok" id="tok1756">not</token>
      <token status="ok" id="tok1757">contain</token>
      <token status="ok" id="tok1758">bulb</token>
      <token status="ok" id="tok1759">B</token>
    </studentAnswer>
    <studentAnswer count="1" answerMatch="answer353" raw_text="Bulb A and B will still be contained in a closed path with the battery" id="SwitchesBulbsParallel-BURNED_BULB_PARALLEL_EXPLAIN_Q2.sbj34-l2.qa97" accuracy="contradictory">
      <token status="ok" id="tok1787">Bulb</token>
      <token status="ok" id="tok1788">A</token>
      <token status="ok" id="tok1789">and</token>
      <token status="ok" id="tok1790">B</token>
      <token status="ok" id="tok1791">will</token>
      <token status="ok" id="tok1792">still</token>
      <token status="ok" id="tok1793">be</token>
      <token status="ok" id="tok1794">contained</token>
      <token status="ok" id="tok1795">in</token>
      <token status="ok" id="tok1796">a</token>
      <token status="ok" id="tok1797">closed</token>
      <token status="ok" id="tok1798">path</token>
      <token status="ok" id="tok1799">with</token>
      <token status="ok" id="tok1800">the</token>
      <token status="ok" id="tok1801">battery</token>
    </studentAnswer>
    <studentAnswer count="1" answerMatch="answer353" raw_text="Bulb A and C will still be contained in a closed path with the battery" id="SwitchesBulbsParallel-BURNED_BULB_PARALLEL_EXPLAIN_Q2.sbj34-l2.qa98" accuracy="correct">
      <token status="ok" id="tok1829">Bulb</token>
      <token status="ok" id="tok1830">A</token>
      <token status="ok" id="tok1831">and</token>
      <token status="ok" id="tok1832">C</token>
      <token status="ok" id="tok1833">will</token>
      <token status="ok" id="tok1834">still</token>
      <token status="ok" id="tok1835">be</token>
      <token status="ok" id="tok1836">contained</token>
      <token status="ok" id="tok1837">in</token>
      <token status="ok" id="tok1838">a</token>
      <token status="ok" id="tok1839">closed</token>
      <token status="ok" id="tok1840">path</token>
      <token status="ok" id="tok1841">with</token>
      <token status="ok" id="tok1842">the</token>
      <token status="ok" id="tok1843">battery</token>
    </studentAnswer>
    <studentAnswer count="1" answerMatch="answer353" raw_text="bulb b will not create a gap for bulb a and c" id="SwitchesBulbsParallel-BURNED_BULB_PARALLEL_EXPLAIN_Q2.sbj35-l2.qa96" accuracy="partially_correct_incomplete">
      <token status="ok" id="tok1879">bulb</token>
      <token status="ok" id="tok1880">b</token>
      <token status="ok" id="tok1881">will</token>
      <token status="ok" id="tok1882">not</token>
      <token status="ok" id="tok1883">create</token>
      <token status="ok" id="tok1884">a</token>
      <token status="ok" id="tok1885">gap</token>
      <token status="ok" id="tok1886">for</token>
      <token status="ok" id="tok1887">bulb</token>
      <token status="ok" id="tok1888">a</token>
      <token status="ok" id="tok1889">and</token>
      <token status="ok" id="tok1890">c</token>
    </studentAnswer>
    <studentAnswer count="1" answerMatch="answer354" raw_text="there is still a closed path" id="SwitchesBulbsParallel-BURNED_BULB_PARALLEL_EXPLAIN_Q2.sbj36-l2.qa88" accuracy="partially_correct_incomplete">
      <token status="ok" id="tok1663">there</token>
      <token status="ok" id="tok1664">is</token>
      <token status="ok" id="tok1665">still</token>
      <token status="ok" id="tok1666">a</token>
      <token status="ok" id="tok1667">closed</token>
      <token status="ok" id="tok1668">path</token>
    </studentAnswer>
    <studentAnswer count="1" answerMatch="answer353" raw_text="because bulb a is still in a closed path with the battery. bulb c is still in a closed path with the battery." id="SwitchesBulbsParallel-BURNED_BULB_PARALLEL_EXPLAIN_Q2.sbj37-l2.qa87" accuracy="correct">
      <token status="ok" id="tok1782">because</token>
      <token status="ok" id="tok1783">bulb</token>
      <token status="ok" id="tok1784">a</token>
      <token status="ok" id="tok1785">is</token>
      <token status="ok" id="tok1786">still</token>
      <token status="ok" id="tok1787">in</token>
      <token status="ok" id="tok1788">a</token>
      <token status="ok" id="tok1789">closed</token>
      <token status="ok" id="tok1790">path</token>
      <token status="ok" id="tok1791">with</token>
      <token status="ok" id="tok1792">the</token>
      <token status="ok" id="tok1793">battery</token>
      <token status="ok" id="tok1794">bulb</token>
      <token status="ok" id="tok1795">c</token>
      <token status="ok" id="tok1796">is</token>
      <token status="ok" id="tok1797">still</token>
      <token status="ok" id="tok1798">in</token>
      <token status="ok" id="tok1799">a</token>
      <token status="ok" id="tok1800">closed</token>
      <token status="ok" id="tok1801">path</token>
      <token status="ok" id="tok1802">with</token>
      <token status="ok" id="tok1803">the</token>
      <token status="ok" id="tok1804">battery</token>
    </studentAnswer>
    <studentAnswer count="1" answerMatch="answer355" raw_text="each bulb is in a separate path. if one bulb is damaged is does not change the path of the remaining bulbs." id="SwitchesBulbsParallel-BURNED_BULB_PARALLEL_EXPLAIN_Q2.sbj38-l2.qa86" accuracy="correct">
      <token status="ok" id="tok1783">each</token>
      <token status="ok" id="tok1784">bulb</token>
      <token status="ok" id="tok1785">is</token>
      <token status="ok" id="tok1786">in</token>
      <token status="ok" id="tok1787">a</token>
      <token status="ok" id="tok1788">separate</token>
      <token status="ok" id="tok1789">path</token>
      <token status="ok" id="tok1790">if</token>
      <token status="ok" id="tok1791">one</token>
      <token status="ok" id="tok1792">bulb</token>
      <token status="ok" id="tok1793">is</token>
      <token status="ok" id="tok1794">damaged</token>
      <token status="ok" id="tok1795">is</token>
      <token status="ok" id="tok1796">does</token>
      <token status="ok" id="tok1797">not</token>
      <token status="ok" id="tok1798">change</token>
      <token status="ok" id="tok1799">the</token>
      <token status="ok" id="tok1800">path</token>
      <token status="ok" id="tok1801">of</token>
      <token status="ok" id="tok1802">the</token>
      <token status="ok" id="tok1803">remaining</token>
      <token status="ok" id="tok1804">bulbs</token>
    </studentAnswer>
    <studentAnswer count="1" answerMatch="answer356" raw_text="bulb B is in a separate path than bulb A and bulb C." id="SwitchesBulbsParallel-BURNED_BULB_PARALLEL_EXPLAIN_Q2.sbj38-l2.qa87" accuracy="correct">
      <token status="ok" id="tok1818">bulb</token>
      <token status="ok" id="tok1819">B</token>
      <token status="ok" id="tok1820">is</token>
      <token status="ok" id="tok1821">in</token>
      <token status="ok" id="tok1822">a</token>
      <token status="ok" id="tok1823">separate</token>
      <token status="ok" id="tok1824">path</token>
      <token status="ok" id="tok1825">than</token>
      <token status="ok" id="tok1826">bulb</token>
      <token status="ok" id="tok1827">A</token>
      <token status="ok" id="tok1828">and</token>
      <token status="ok" id="tok1829">bulb</token>
      <token status="ok" id="tok1830">C</token>
    </studentAnswer>
    <studentAnswer count="1" answerMatch="answer356" raw_text="Bulb B is on a different path" id="SwitchesBulbsParallel-BURNED_BULB_PARALLEL_EXPLAIN_Q2.sbj39-l2.qa104" accuracy="correct">
      <token status="ok" id="tok2003">Bulb</token>
      <token status="ok" id="tok2004">B</token>
      <token status="ok" id="tok2005">is</token>
      <token status="ok" id="tok2006">on</token>
      <token status="ok" id="tok2007">a</token>
      <token status="ok" id="tok2008">different</token>
      <token status="ok" id="tok2009">path</token>
    </studentAnswer>
    <studentAnswer count="1" answerMatch="answer353" raw_text="a and c are still contained in a closed path with the battery." id="SwitchesBulbsParallel-BURNED_BULB_PARALLEL_EXPLAIN_Q2.sbj40-l2.qa99" accuracy="correct">
      <token status="ok" id="tok2019">a</token>
      <token status="ok" id="tok2020">and</token>
      <token status="ok" id="tok2021">c</token>
      <token status="ok" id="tok2022">are</token>
      <token status="ok" id="tok2023">still</token>
      <token status="ok" id="tok2024">contained</token>
      <token status="ok" id="tok2025">in</token>
      <token status="ok" id="tok2026">a</token>
      <token status="ok" id="tok2027">closed</token>
      <token status="ok" id="tok2028">path</token>
      <token status="ok" id="tok2029">with</token>
      <token status="ok" id="tok2030">the</token>
      <token status="ok" id="tok2031">battery</token>
    </studentAnswer>
    <studentAnswer count="1" answerMatch="answer353" raw_text="there is still a closed path that contains the battery and bulb a and bulb c" id="SwitchesBulbsParallel-BURNED_BULB_PARALLEL_EXPLAIN_Q2.sbj42-l2.qa91" accuracy="correct">
      <token status="ok" id="tok1670">there</token>
      <token status="ok" id="tok1671">is</token>
      <token status="ok" id="tok1672">still</token>
      <token status="ok" id="tok1673">a</token>
      <token status="ok" id="tok1674">closed</token>
      <token status="ok" id="tok1675">path</token>
      <token status="ok" id="tok1676">that</token>
      <token status="ok" id="tok1677">contains</token>
      <token status="ok" id="tok1678">the</token>
      <token status="ok" id="tok1679">battery</token>
      <token status="ok" id="tok1680">and</token>
      <token status="ok" id="tok1681">bulb</token>
      <token status="ok" id="tok1682">a</token>
      <token status="ok" id="tok1683">and</token>
      <token status="ok" id="tok1684">bulb</token>
      <token status="ok" id="tok1685">c</token>
    </studentAnswer>
    <studentAnswer count="1" answerMatch="answer353" raw_text="a and c both create circuts with the battery" id="SwitchesBulbsParallel-BURNED_BULB_PARALLEL_EXPLAIN_Q2.sbj43-l2.qa90" accuracy="contradictory">
      <token status="ok" id="tok1792">a</token>
      <token status="ok" id="tok1793">and</token>
      <token status="ok" id="tok1794">c</token>
      <token status="ok" id="tok1795">both</token>
      <token status="ok" id="tok1796">create</token>
      <token status="ok" id="tok1797" original="circuts">circuits</token>
      <token status="ok" id="tok1798">with</token>
      <token status="ok" id="tok1799">the</token>
      <token status="ok" id="tok1800">battery</token>
    </studentAnswer>
    <studentAnswer count="1" answerMatch="answer353" raw_text="bulb A and C both are still on a closed path with the battery" id="SwitchesBulbsParallel-BURNED_BULB_PARALLEL_EXPLAIN_Q2.sbj45-l2.qa87" accuracy="correct">
      <token status="ok" id="tok1621">bulb</token>
      <token status="ok" id="tok1622">A</token>
      <token status="ok" id="tok1623">and</token>
      <token status="ok" id="tok1624">C</token>
      <token status="ok" id="tok1625">both</token>
      <token status="ok" id="tok1626">are</token>
      <token status="ok" id="tok1627">still</token>
      <token status="ok" id="tok1628">on</token>
      <token status="ok" id="tok1629">a</token>
      <token status="ok" id="tok1630">closed</token>
      <token status="ok" id="tok1631">path</token>
      <token status="ok" id="tok1632">with</token>
      <token status="ok" id="tok1633">the</token>
      <token status="ok" id="tok1634">battery</token>
    </studentAnswer>
    <studentAnswer count="1" answerMatch="answer353" raw_text="bulbs a and c are on their own closed path to the battery" id="SwitchesBulbsParallel-BURNED_BULB_PARALLEL_EXPLAIN_Q2.sbj46-l2.qa100" accuracy="correct">
      <token status="ok" id="tok2100">bulbs</token>
      <token status="ok" id="tok2101">a</token>
      <token status="ok" id="tok2102">and</token>
      <token status="ok" id="tok2103">c</token>
      <token status="ok" id="tok2104">are</token>
      <token status="ok" id="tok2105">on</token>
      <token status="ok" id="tok2106">their</token>
      <token status="ok" id="tok2107">own</token>
      <token status="ok" id="tok2108">closed</token>
      <token status="ok" id="tok2109">path</token>
      <token status="ok" id="tok2110">to</token>
      <token status="ok" id="tok2111">the</token>
      <token status="ok" id="tok2112">battery</token>
    </studentAnswer>
    <studentAnswer count="1" answerMatch="answer353" raw_text="i said bulbs a and c are linked to the battery!" id="SwitchesBulbsParallel-BURNED_BULB_PARALLEL_EXPLAIN_Q2.sbj46-l2.qa101" accuracy="partially_correct_incomplete">
      <token status="ok" id="tok2147">i</token>
      <token status="ok" id="tok2148">said</token>
      <token status="ok" id="tok2149">bulbs</token>
      <token status="ok" id="tok2150">a</token>
      <token status="ok" id="tok2151">and</token>
      <token status="ok" id="tok2152">c</token>
      <token status="ok" id="tok2153">are</token>
      <token status="ok" id="tok2154">linked</token>
      <token status="ok" id="tok2155">to</token>
      <token status="ok" id="tok2156">the</token>
      <token status="ok" id="tok2157">battery</token>
    </studentAnswer>
    <studentAnswer count="1" answerMatch="answer355" raw_text="all of the bulbs are in different paths" id="SwitchesBulbsParallel-BURNED_BULB_PARALLEL_EXPLAIN_Q2.sbj47-l2.qa96" accuracy="correct">
      <token status="ok" id="tok1838">all</token>
      <token status="ok" id="tok1839">of</token>
      <token status="ok" id="tok1840">the</token>
      <token status="ok" id="tok1841">bulbs</token>
      <token status="ok" id="tok1842">are</token>
      <token status="ok" id="tok1843">in</token>
      <token status="ok" id="tok1844">different</token>
      <token status="ok" id="tok1845">paths</token>
    </studentAnswer>
    <studentAnswer count="1" answerMatch="answer356" raw_text="bulb b is not in the same path with bulbs a and c." id="SwitchesBulbsParallel-BURNED_BULB_PARALLEL_EXPLAIN_Q2.sbj48-l2.qa89" accuracy="correct">
      <token status="ok" id="tok1747">bulb</token>
      <token status="ok" id="tok1748">b</token>
      <token status="ok" id="tok1749">is</token>
      <token status="ok" id="tok1750">not</token>
      <token status="ok" id="tok1751">in</token>
      <token status="ok" id="tok1752">the</token>
      <token status="ok" id="tok1753">same</token>
      <token status="ok" id="tok1754">path</token>
      <token status="ok" id="tok1755">with</token>
      <token status="ok" id="tok1756">bulbs</token>
      <token status="ok" id="tok1757">a</token>
      <token status="ok" id="tok1758">and</token>
      <token status="ok" id="tok1759">c</token>
    </studentAnswer>
    <studentAnswer count="1" answerMatch="answer355" raw_text="They are all on different closed paths and there will be no gap in between them" id="SwitchesBulbsParallel-BURNED_BULB_PARALLEL_EXPLAIN_Q2.sbjb1-l2.qa79" accuracy="correct">
      <token status="ok" id="tok1638">They</token>
      <token status="ok" id="tok1639">are</token>
      <token status="ok" id="tok1640">all</token>
      <token status="ok" id="tok1641">on</token>
      <token status="ok" id="tok1642">different</token>
      <token status="ok" id="tok1643">closed</token>
      <token status="ok" id="tok1644">paths</token>
      <token status="ok" id="tok1645">and</token>
      <token status="ok" id="tok1646">there</token>
      <token status="ok" id="tok1647">will</token>
      <token status="ok" id="tok1648">be</token>
      <token status="ok" id="tok1649">no</token>
      <token status="ok" id="tok1650">gap</token>
      <token status="ok" id="tok1651">in</token>
      <token status="ok" id="tok1652">between</token>
      <token status="ok" id="tok1653">them</token>
    </studentAnswer>
    <studentAnswer count="1" answerMatch="answer353" raw_text="They are still in path with battery" id="SwitchesBulbsParallel-BURNED_BULB_PARALLEL_EXPLAIN_Q2.sbjb2-l2.qa80" accuracy="correct">
      <token status="ok" id="tok1603">They</token>
      <token status="ok" id="tok1604">are</token>
      <token status="ok" id="tok1605">still</token>
      <token status="ok" id="tok1606">in</token>
      <token status="ok" id="tok1607">path</token>
      <token status="ok" id="tok1608">with</token>
      <token status="ok" id="tok1609">battery</token>
    </studentAnswer>
    <studentAnswer count="1" answerMatch="answer356" raw_text="they are not on teh same path" id="SwitchesBulbsParallel-BURNED_BULB_PARALLEL_EXPLAIN_Q2.sbjb3-l2.qa82" accuracy="partially_correct_incomplete">
      <token status="ok" id="tok1632">they</token>
      <token status="ok" id="tok1633">are</token>
      <token status="ok" id="tok1634">not</token>
      <token status="ok" id="tok1635">on</token>
      <token status="ok" id="tok1636" original="teh">the</token>
      <token status="ok" id="tok1637">same</token>
      <token status="ok" id="tok1638">path</token>
    </studentAnswer>
    <studentAnswer count="1" answerMatch="answer355" raw_text="they are on their own closed circuits with the battery" id="SwitchesBulbsParallel-BURNED_BULB_PARALLEL_EXPLAIN_Q2.sbjb4-l2.qa78" accuracy="contradictory">
      <token status="ok" id="tok1632">they</token>
      <token status="ok" id="tok1633">are</token>
      <token status="ok" id="tok1634">on</token>
      <token status="ok" id="tok1635">their</token>
      <token status="ok" id="tok1636">own</token>
      <token status="ok" id="tok1637">closed</token>
      <token status="ok" id="tok1638">circuits</token>
      <token status="ok" id="tok1639">with</token>
      <token status="ok" id="tok1640">the</token>
      <token status="ok" id="tok1641">battery</token>
    </studentAnswer>
    <studentAnswer count="1" answerMatch="answer354" raw_text="They are still in a closed circuit" id="SwitchesBulbsParallel-BURNED_BULB_PARALLEL_EXPLAIN_Q2.sbjb6-l2.qa78" accuracy="contradictory">
      <token status="ok" id="tok1578">They</token>
      <token status="ok" id="tok1579">are</token>
      <token status="ok" id="tok1580">still</token>
      <token status="ok" id="tok1581">in</token>
      <token status="ok" id="tok1582">a</token>
      <token status="ok" id="tok1583">closed</token>
      <token status="ok" id="tok1584">circuit</token>
    </studentAnswer>
    <studentAnswer count="1" answerMatch="answer354" raw_text="They still have their own closed paths" id="SwitchesBulbsParallel-BURNED_BULB_PARALLEL_EXPLAIN_Q2.sbjb7-l2.qa79" accuracy="correct">
      <token status="ok" id="tok1561">They</token>
      <token status="ok" id="tok1562">still</token>
      <token status="ok" id="tok1563">have</token>
      <token status="ok" id="tok1564">their</token>
      <token status="ok" id="tok1565">own</token>
      <token status="ok" id="tok1566">closed</token>
      <token status="ok" id="tok1567">paths</token>
    </studentAnswer>
    <studentAnswer count="1" answerMatch="answer353" raw_text="Bulbs A and C will still be contained in a closed path to the battery." id="SwitchesBulbsParallel-BURNED_BULB_PARALLEL_EXPLAIN_Q2.sbjb9-l2.qa79" accuracy="correct">
      <token status="ok" id="tok1637">Bulbs</token>
      <token status="ok" id="tok1638">A</token>
      <token status="ok" id="tok1639">and</token>
      <token status="ok" id="tok1640">C</token>
      <token status="ok" id="tok1641">will</token>
      <token status="ok" id="tok1642">still</token>
      <token status="ok" id="tok1643">be</token>
      <token status="ok" id="tok1644">contained</token>
      <token status="ok" id="tok1645">in</token>
      <token status="ok" id="tok1646">a</token>
      <token status="ok" id="tok1647">closed</token>
      <token status="ok" id="tok1648">path</token>
      <token status="ok" id="tok1649">to</token>
      <token status="ok" id="tok1650">the</token>
      <token status="ok" id="tok1651">battery</token>
    </studentAnswer>
    <studentAnswer count="1" answerMatch="answer354" raw_text="because a and c are still in a closed circuit" id="SwitchesBulbsParallel-BURNED_BULB_PARALLEL_EXPLAIN_Q2.sbjb10-l2.qa78" accuracy="contradictory">
      <token status="ok" id="tok1565">because</token>
      <token status="ok" id="tok1566">a</token>
      <token status="ok" id="tok1567">and</token>
      <token status="ok" id="tok1568">c</token>
      <token status="ok" id="tok1569">are</token>
      <token status="ok" id="tok1570">still</token>
      <token status="ok" id="tok1571">in</token>
      <token status="ok" id="tok1572">a</token>
      <token status="ok" id="tok1573">closed</token>
      <token status="ok" id="tok1574">circuit</token>
    </studentAnswer>
    <studentAnswer count="1" answerMatch="answer353" raw_text="Bulbs A and C are in separate closed paths that have a battery source" id="SwitchesBulbsParallel-BURNED_BULB_PARALLEL_EXPLAIN_Q2.sbjb11-l2.qa78" accuracy="correct">
      <token status="ok" id="tok1679">Bulbs</token>
      <token status="ok" id="tok1680">A</token>
      <token status="ok" id="tok1681">and</token>
      <token status="ok" id="tok1682">C</token>
      <token status="ok" id="tok1683">are</token>
      <token status="ok" id="tok1684">in</token>
      <token status="ok" id="tok1685">separate</token>
      <token status="ok" id="tok1686">closed</token>
      <token status="ok" id="tok1687">paths</token>
      <token status="ok" id="tok1688">that</token>
      <token status="ok" id="tok1689">have</token>
      <token status="ok" id="tok1690">a</token>
      <token status="ok" id="tok1691">battery</token>
      <token status="ok" id="tok1692">source</token>
    </studentAnswer>
    <studentAnswer count="1" answerMatch="answer353" raw_text="bulb a and bulb c would still be in a closed path with the battery" id="SwitchesBulbsParallel-BURNED_BULB_PARALLEL_EXPLAIN_Q2.sbjb12-l2.qa78" accuracy="correct">
      <token status="ok" id="tok1613">bulb</token>
      <token status="ok" id="tok1614">a</token>
      <token status="ok" id="tok1615">and</token>
      <token status="ok" id="tok1616">bulb</token>
      <token status="ok" id="tok1617">c</token>
      <token status="ok" id="tok1618">would</token>
      <token status="ok" id="tok1619">still</token>
      <token status="ok" id="tok1620">be</token>
      <token status="ok" id="tok1621">in</token>
      <token status="ok" id="tok1622">a</token>
      <token status="ok" id="tok1623">closed</token>
      <token status="ok" id="tok1624">path</token>
      <token status="ok" id="tok1625">with</token>
      <token status="ok" id="tok1626">the</token>
      <token status="ok" id="tok1627">battery</token>
    </studentAnswer>
    <studentAnswer count="1" answerMatch="answer353" raw_text="There will still be a closed path containing bulb A and C with the battery." id="SwitchesBulbsParallel-BURNED_BULB_PARALLEL_EXPLAIN_Q2.sbjb13-l2.qa78" accuracy="correct">
      <token status="ok" id="tok1632">There</token>
      <token status="ok" id="tok1633">will</token>
      <token status="ok" id="tok1634">still</token>
      <token status="ok" id="tok1635">be</token>
      <token status="ok" id="tok1636">a</token>
      <token status="ok" id="tok1637">closed</token>
      <token status="ok" id="tok1638">path</token>
      <token status="ok" id="tok1639">containing</token>
      <token status="ok" id="tok1640">bulb</token>
      <token status="ok" id="tok1641">A</token>
      <token status="ok" id="tok1642">and</token>
      <token status="ok" id="tok1643">C</token>
      <token status="ok" id="tok1644">with</token>
      <token status="ok" id="tok1645">the</token>
      <token status="ok" id="tok1646">battery</token>
    </studentAnswer>
    <studentAnswer count="1" answerMatch="answer353" raw_text="because A and C still have a connection to the battery" id="SwitchesBulbsParallel-BURNED_BULB_PARALLEL_EXPLAIN_Q2.sbjb15-l2.qa79" accuracy="partially_correct_incomplete">
      <token status="ok" id="tok1541">because</token>
      <token status="ok" id="tok1542">A</token>
      <token status="ok" id="tok1543">and</token>
      <token status="ok" id="tok1544">C</token>
      <token status="ok" id="tok1545">still</token>
      <token status="ok" id="tok1546">have</token>
      <token status="ok" id="tok1547">a</token>
      <token status="ok" id="tok1548">connection</token>
      <token status="ok" id="tok1549">to</token>
      <token status="ok" id="tok1550">the</token>
      <token status="ok" id="tok1551">battery</token>
    </studentAnswer>
    <studentAnswer count="1" answerMatch="answer356" raw_text="seperate paths" id="SwitchesBulbsParallel-BURNED_BULB_PARALLEL_EXPLAIN_Q2.sbjb16-l2.qa79" accuracy="partially_correct_incomplete">
      <token status="ok" id="tok1574" original="seperate">separate</token>
      <token status="ok" id="tok1575">paths</token>
    </studentAnswer>
    <studentAnswer count="1" answerMatch="answer354" raw_text="there is still a closed path forbulb A and C" id="SwitchesBulbsParallel-BURNED_BULB_PARALLEL_EXPLAIN_Q2.sbjb17-l2.qa79" accuracy="correct">
      <token status="ok" id="tok1608">there</token>
      <token status="ok" id="tok1609">is</token>
      <token status="ok" id="tok1610">still</token>
      <token status="ok" id="tok1611">a</token>
      <token status="ok" id="tok1612">closed</token>
      <token status="ok" id="tok1613">path</token>
      <token status="ok" id="tok1614a">for</token>
      <token status="ok" id="tok1614b">bulb</token>
      <token status="ok" id="tok1615">A</token>
      <token status="ok" id="tok1616">and</token>
      <token status="ok" id="tok1617">C</token>
    </studentAnswer>
    <studentAnswer count="1" answerMatch="answer356" raw_text="b is in its own closed pathway" id="SwitchesBulbsParallel-BURNED_BULB_PARALLEL_EXPLAIN_Q2.sbjb18-l2.qa78" accuracy="correct">
      <token status="ok" id="tok1510">b</token>
      <token status="ok" id="tok1511">is</token>
      <token status="ok" id="tok1512">in</token>
      <token status="ok" id="tok1513">its</token>
      <token status="ok" id="tok1514">own</token>
      <token status="ok" id="tok1515">closed</token>
      <token status="ok" id="tok1516">pathway</token>
    </studentAnswer>
    <studentAnswer count="1" answerMatch="answer356" raw_text="because bulb b is not in the same path as bulb a or c" id="SwitchesBulbsParallel-BURNED_BULB_PARALLEL_EXPLAIN_Q2.sbjb19-l2.qa78" accuracy="correct">
      <token status="ok" id="tok1583">because</token>
      <token status="ok" id="tok1584">bulb</token>
      <token status="ok" id="tok1585">b</token>
      <token status="ok" id="tok1586">is</token>
      <token status="ok" id="tok1587">not</token>
      <token status="ok" id="tok1588">in</token>
      <token status="ok" id="tok1589">the</token>
      <token status="ok" id="tok1590">same</token>
      <token status="ok" id="tok1591">path</token>
      <token status="ok" id="tok1592">as</token>
      <token status="ok" id="tok1593">bulb</token>
      <token status="ok" id="tok1594">a</token>
      <token status="ok" id="tok1595">or</token>
      <token status="ok" id="tok1596">c</token>
    </studentAnswer>
    <studentAnswer count="1" raw_text="When one bulb burns out the rest burn out." id="SwitchesBulbsParallel-BURNED_BULB_PARALLEL_EXPLAIN_Q2.sbjb20-l2.qa78" accuracy="contradictory">
      <token status="ok" id="tok1622">When</token>
      <token status="ok" id="tok1623">one</token>
      <token status="ok" id="tok1624">bulb</token>
      <token status="ok" id="tok1625">burns</token>
      <token status="ok" id="tok1626">out</token>
      <token status="ok" id="tok1627">the</token>
      <token status="ok" id="tok1628">rest</token>
      <token status="ok" id="tok1629">burn</token>
      <token status="ok" id="tok1630">out</token>
    </studentAnswer>
    <studentAnswer count="1" raw_text="on seperate circuits" id="SwitchesBulbsParallel-BURNED_BULB_PARALLEL_EXPLAIN_Q2.sbjb21-l2.qa78" accuracy="contradictory">
      <token status="ok" id="tok1534">on</token>
      <token status="ok" id="tok1535" original="seperate">separate</token>
      <token status="ok" id="tok1536">circuits</token>
    </studentAnswer>
    <studentAnswer count="1" answerMatch="answer355" raw_text="different paths" id="SwitchesBulbsParallel-BURNED_BULB_PARALLEL_EXPLAIN_Q2.sbjb24-l2.qa82" accuracy="partially_correct_incomplete">
      <token status="ok" id="tok1581">different</token>
      <token status="ok" id="tok1582">paths</token>
    </studentAnswer>
    <studentAnswer count="1" answerMatch="answer356" raw_text="A and C are not in the same path as B." id="SwitchesBulbsParallel-BURNED_BULB_PARALLEL_EXPLAIN_Q2.sbjb25-l2.qa79" accuracy="correct">
      <token status="ok" id="tok1581">A</token>
      <token status="ok" id="tok1582">and</token>
      <token status="ok" id="tok1583">C</token>
      <token status="ok" id="tok1584">are</token>
      <token status="ok" id="tok1585">not</token>
      <token status="ok" id="tok1586">in</token>
      <token status="ok" id="tok1587">the</token>
      <token status="ok" id="tok1588">same</token>
      <token status="ok" id="tok1589">path</token>
      <token status="ok" id="tok1590">as</token>
      <token status="ok" id="tok1591">B</token>
    </studentAnswer>
    <studentAnswer count="1" answerMatch="answer354" raw_text="Bulbs A and C will still be on their own completed circuts." id="SwitchesBulbsParallel-BURNED_BULB_PARALLEL_EXPLAIN_Q2.sbjb26-l2.qa78" accuracy="correct">
      <token status="ok" id="tok1616">Bulbs</token>
      <token status="ok" id="tok1617">A</token>
      <token status="ok" id="tok1618">and</token>
      <token status="ok" id="tok1619">C</token>
      <token status="ok" id="tok1620">will</token>
      <token status="ok" id="tok1621">still</token>
      <token status="ok" id="tok1622">be</token>
      <token status="ok" id="tok1623">on</token>
      <token status="ok" id="tok1624">their</token>
      <token status="ok" id="tok1625">own</token>
      <token status="ok" id="tok1626">completed</token>
      <token status="ok" id="tok1627" original="circuts">circuits</token>
    </studentAnswer>
    <studentAnswer count="1" answerMatch="answer353" raw_text="they will still be contained in closed circuits with the battery" id="SwitchesBulbsParallel-BURNED_BULB_PARALLEL_EXPLAIN_Q2.sbjb27-l2.qa78" accuracy="contradictory">
      <token status="ok" id="tok1625">they</token>
      <token status="ok" id="tok1626">will</token>
      <token status="ok" id="tok1627">still</token>
      <token status="ok" id="tok1628">be</token>
      <token status="ok" id="tok1629">contained</token>
      <token status="ok" id="tok1630">in</token>
      <token status="ok" id="tok1631">closed</token>
      <token status="ok" id="tok1632">circuits</token>
      <token status="ok" id="tok1633">with</token>
      <token status="ok" id="tok1634">the</token>
      <token status="ok" id="tok1635">battery</token>
    </studentAnswer>
    <studentAnswer count="1" answerMatch="answer354" raw_text="There are other closed path without bulb B" id="SwitchesBulbsParallel-BURNED_BULB_PARALLEL_EXPLAIN_Q2.sbjb28-l2.qa78" accuracy="partially_correct_incomplete">
      <token status="ok" id="tok1606">There</token>
      <token status="ok" id="tok1607">are</token>
      <token status="ok" id="tok1608">other</token>
      <token status="ok" id="tok1609">closed</token>
      <token status="ok" id="tok1610">path</token>
      <token status="ok" id="tok1611">without</token>
      <token status="ok" id="tok1612">bulb</token>
      <token status="ok" id="tok1613">B</token>
    </studentAnswer>
    <studentAnswer count="1" answerMatch="answer355" raw_text="because each bulb has its own pathway" id="SwitchesBulbsParallel-BURNED_BULB_PARALLEL_EXPLAIN_Q2.sbjb29-l2.qa79" accuracy="correct">
      <token status="ok" id="tok1580">because</token>
      <token status="ok" id="tok1581">each</token>
      <token status="ok" id="tok1582">bulb</token>
      <token status="ok" id="tok1583">has</token>
      <token status="ok" id="tok1584">its</token>
      <token status="ok" id="tok1585">own</token>
      <token status="ok" id="tok1586">pathway</token>
    </studentAnswer>
    <studentAnswer count="1" answerMatch="answer353" raw_text="bulbs a and c are still contained in a closed path with the battery." id="SwitchesBulbsParallel-BURNED_BULB_PARALLEL_EXPLAIN_Q2.sbjb30-l2.qa78" accuracy="correct">
      <token status="ok" id="tok1696">bulbs</token>
      <token status="ok" id="tok1697">a</token>
      <token status="ok" id="tok1698">and</token>
      <token status="ok" id="tok1699">c</token>
      <token status="ok" id="tok1700">are</token>
      <token status="ok" id="tok1701">still</token>
      <token status="ok" id="tok1702">contained</token>
      <token status="ok" id="tok1703">in</token>
      <token status="ok" id="tok1704">a</token>
      <token status="ok" id="tok1705">closed</token>
      <token status="ok" id="tok1706">path</token>
      <token status="ok" id="tok1707">with</token>
      <token status="ok" id="tok1708">the</token>
      <token status="ok" id="tok1709">battery</token>
    </studentAnswer>
    <studentAnswer count="1" answerMatch="answer353" raw_text="because bulb a and c will still be in a closed path with the battery" id="SwitchesBulbsParallel-BURNED_BULB_PARALLEL_EXPLAIN_Q2.sbjb31-l2.qa78" accuracy="correct">
      <token status="ok" id="tok1650">because</token>
      <token status="ok" id="tok1651">bulb</token>
      <token status="ok" id="tok1652">a</token>
      <token status="ok" id="tok1653">and</token>
      <token status="ok" id="tok1654">c</token>
      <token status="ok" id="tok1655">will</token>
      <token status="ok" id="tok1656">still</token>
      <token status="ok" id="tok1657">be</token>
      <token status="ok" id="tok1658">in</token>
      <token status="ok" id="tok1659">a</token>
      <token status="ok" id="tok1660">closed</token>
      <token status="ok" id="tok1661">path</token>
      <token status="ok" id="tok1662">with</token>
      <token status="ok" id="tok1663">the</token>
      <token status="ok" id="tok1664">battery</token>
    </studentAnswer>
    <studentAnswer count="1" raw_text="Because it didn&quot;t cause a gap" id="SwitchesBulbsParallel-BURNED_BULB_PARALLEL_EXPLAIN_Q2.sbjb32-l2.qa78" accuracy="contradictory">
      <token status="ok" id="tok1557">Because</token>
      <token status="ok" id="tok1558">it</token>
      <token status="ok" id="tok1559">did</token>
      <token status="pennTokenFragment" id="tok1560">n't</token>
      <token status="ok" id="tok1561">cause</token>
      <token status="ok" id="tok1562">a</token>
      <token status="ok" id="tok1563">gap</token>
    </studentAnswer>
    <studentAnswer count="1" answerMatch="answer353" raw_text="Bulb A and bulb C are still on a closed path that contains the battery." id="SwitchesBulbsParallel-BURNED_BULB_PARALLEL_EXPLAIN_Q2.sbjb34-l2.qa79" accuracy="correct">
      <token status="ok" id="tok1631">Bulb</token>
      <token status="ok" id="tok1632">A</token>
      <token status="ok" id="tok1633">and</token>
      <token status="ok" id="tok1634">bulb</token>
      <token status="ok" id="tok1635">C</token>
      <token status="ok" id="tok1636">are</token>
      <token status="ok" id="tok1637">still</token>
      <token status="ok" id="tok1638">on</token>
      <token status="ok" id="tok1639">a</token>
      <token status="ok" id="tok1640">closed</token>
      <token status="ok" id="tok1641">path</token>
      <token status="ok" id="tok1642">that</token>
      <token status="ok" id="tok1643">contains</token>
      <token status="ok" id="tok1644">the</token>
      <token status="ok" id="tok1645">battery</token>
    </studentAnswer>
    <studentAnswer count="1" answerMatch="answer356" raw_text="becuase bulb B is on it&quot;s own pathway." id="SwitchesBulbsParallel-BURNED_BULB_PARALLEL_EXPLAIN_Q2.sbjb35-l2.qa80" accuracy="correct">
      <token status="ok" id="tok1638" original="becuase">because</token>
      <token status="ok" id="tok1639">bulb</token>
      <token status="ok" id="tok1640">B</token>
      <token status="ok" id="tok1641">is</token>
      <token status="ok" id="tok1642">on</token>
      <token status="ok" id="tok1643+" original="it's">its</token>
      <token status="ok" id="tok1645">own</token>
      <token status="ok" id="tok1646">pathway</token>
    </studentAnswer>
    <studentAnswer count="1" answerMatch="answer354" raw_text="If B burns out there will still be closed paths for the other 2" id="SwitchesBulbsParallel-BURNED_BULB_PARALLEL_EXPLAIN_Q2.sbjb36-l2.qa78" accuracy="correct">
      <token status="ok" id="tok1574">If</token>
      <token status="ok" id="tok1575">B</token>
      <token status="ok" id="tok1576">burns</token>
      <token status="ok" id="tok1577">out</token>
      <token status="ok" id="tok1578">there</token>
      <token status="ok" id="tok1579">will</token>
      <token status="ok" id="tok1580">still</token>
      <token status="ok" id="tok1581">be</token>
      <token status="ok" id="tok1582">closed</token>
      <token status="ok" id="tok1583">paths</token>
      <token status="ok" id="tok1584">for</token>
      <token status="ok" id="tok1585">the</token>
      <token status="ok" id="tok1586">other</token>
      <token status="numerical" id="tok1587">2</token>
    </studentAnswer>
    <studentAnswer count="1" answerMatch="answer355" raw_text="It has its own path connected to the battery" id="SwitchesBulbsParallel-BURNED_BULB_PARALLEL_EXPLAIN_Q2.sbjb37-l2.qa79" accuracy="partially_correct_incomplete">
      <token status="ok" id="tok1573">It</token>
      <token status="ok" id="tok1574">has</token>
      <token status="ok" id="tok1575">its</token>
      <token status="ok" id="tok1576">own</token>
      <token status="ok" id="tok1577">path</token>
      <token status="ok" id="tok1578">connected</token>
      <token status="ok" id="tok1579">to</token>
      <token status="ok" id="tok1580">the</token>
      <token status="ok" id="tok1581">battery</token>
    </studentAnswer>
    <studentAnswer count="1" answerMatch="answer356" raw_text="bulb B is not in the same pathway as bulbs A and C" id="SwitchesBulbsParallel-BURNED_BULB_PARALLEL_EXPLAIN_Q2.sbjb39-l2.qa78" accuracy="correct">
      <token status="ok" id="tok1620">bulb</token>
      <token status="ok" id="tok1621">B</token>
      <token status="ok" id="tok1622">is</token>
      <token status="ok" id="tok1623">not</token>
      <token status="ok" id="tok1624">in</token>
      <token status="ok" id="tok1625">the</token>
      <token status="ok" id="tok1626">same</token>
      <token status="ok" id="tok1627">pathway</token>
      <token status="ok" id="tok1628">as</token>
      <token status="ok" id="tok1629">bulbs</token>
      <token status="ok" id="tok1630">A</token>
      <token status="ok" id="tok1631">and</token>
      <token status="ok" id="tok1632">C</token>
    </studentAnswer>
    <studentAnswer count="1" answerMatch="answer354" raw_text="they will still have a contained closed path" id="SwitchesBulbsParallel-BURNED_BULB_PARALLEL_EXPLAIN_Q2.sbjb40-l2.qa78" accuracy="correct">
      <token status="ok" id="tok1570">they</token>
      <token status="ok" id="tok1571">will</token>
      <token status="ok" id="tok1572">still</token>
      <token status="ok" id="tok1573">have</token>
      <token status="ok" id="tok1574">a</token>
      <token status="ok" id="tok1575">contained</token>
      <token status="ok" id="tok1576">closed</token>
      <token status="ok" id="tok1577">path</token>
    </studentAnswer>
    <studentAnswer count="1" answerMatch="answer356" raw_text="I guess because it is in the center." id="SwitchesBulbsParallel-BURNED_BULB_PARALLEL_EXPLAIN_Q2.sbjb41-l2.qa79" accuracy="contradictory">
      <token status="ok" id="tok1706">I</token>
      <token status="ok" id="tok1707">guess</token>
      <token status="ok" id="tok1708">because</token>
      <token status="ok" id="tok1709">it</token>
      <token status="ok" id="tok1710">is</token>
      <token status="ok" id="tok1711">in</token>
      <token status="ok" id="tok1712">the</token>
      <token status="ok" id="tok1713">center</token>
    </studentAnswer>
    <studentAnswer count="1" answerMatch="answer356" raw_text="bulb B is not contained in the same path as bulbs A and C" id="SwitchesBulbsParallel-BURNED_BULB_PARALLEL_EXPLAIN_Q2.sbjb42-l2.qa78" accuracy="correct">
      <token status="ok" id="tok1609">bulb</token>
      <token status="ok" id="tok1610">B</token>
      <token status="ok" id="tok1611">is</token>
      <token status="ok" id="tok1612">not</token>
      <token status="ok" id="tok1613">contained</token>
      <token status="ok" id="tok1614">in</token>
      <token status="ok" id="tok1615">the</token>
      <token status="ok" id="tok1616">same</token>
      <token status="ok" id="tok1617">path</token>
      <token status="ok" id="tok1618">as</token>
      <token status="ok" id="tok1619">bulbs</token>
      <token status="ok" id="tok1620">A</token>
      <token status="ok" id="tok1621">and</token>
      <token status="ok" id="tok1622">C</token>
    </studentAnswer>
  </studentAnswers>
</question>
