<?xml version="1.0"?>
<question qtype="Q_EXPLAIN_SPECIFIC" id="GIVE_CIRCUIT_TYPE_SERIES_EXPLAIN_Q" module="SwitchesBulbsSeries" stype="QUESTION">
  <questionText>Explain your reasoning.</questionText>
  <referenceAnswers>
    <referenceAnswer category="BEST" id="answer416" fileID="GIVE_CIRCUIT_TYPE_SERIES_EXPLAIN_Q_ANS1">A and C are in the same closed path</referenceAnswer>
    <referenceAnswer category="MINIMAL" id="answer416.1" fileID="GIVE_CIRCUIT_TYPE_SERIES_EXPLAIN_Q_ANS1a">A and C are in the same path</referenceAnswer>
  </referenceAnswers>
  <studentAnswers>
    <studentAnswer count="1" answerMatch="answer416" raw_text="they are contained within the same path" id="SwitchesBulbsSeries-GIVE_CIRCUIT_TYPE_SERIES_EXPLAIN_Q.sbj3-l2.qa125" accuracy="correct">
      <token status="ok" id="tok2541">they</token>
      <token status="ok" id="tok2542">are</token>
      <token status="ok" id="tok2543">contained</token>
      <token status="ok" id="tok2544">within</token>
      <token status="ok" id="tok2545">the</token>
      <token status="ok" id="tok2546">same</token>
      <token status="ok" id="tok2547">path</token>
    </studentAnswer>
    <studentAnswer count="1" answerMatch="answer416" raw_text="bulb c and a are in the same path. and affect one another" id="SwitchesBulbsSeries-GIVE_CIRCUIT_TYPE_SERIES_EXPLAIN_Q.sbj3-l2.qa126" accuracy="correct">
      <token status="ok" id="tok2564">bulb</token>
      <token status="ok" id="tok2565">c</token>
      <token status="ok" id="tok2566">and</token>
      <token status="ok" id="tok2567">a</token>
      <token status="ok" id="tok2568">are</token>
      <token status="ok" id="tok2569">in</token>
      <token status="ok" id="tok2570">the</token>
      <token status="ok" id="tok2571">same</token>
      <token status="ok" id="tok2572">path</token>
      <token status="ok" id="tok2573">and</token>
      <token status="ok" id="tok2574">affect</token>
      <token status="ok" id="tok2575">one</token>
      <token status="ok" id="tok2576">another</token>
    </studentAnswer>
    <studentAnswer count="1" answerMatch="answer416" raw_text="bulb c and a are contained in the same closed path" id="SwitchesBulbsSeries-GIVE_CIRCUIT_TYPE_SERIES_EXPLAIN_Q.sbj3-l2.qa127" accuracy="correct">
      <token status="ok" id="tok2603">bulb</token>
      <token status="ok" id="tok2604">c</token>
      <token status="ok" id="tok2605">and</token>
      <token status="ok" id="tok2606">a</token>
      <token status="ok" id="tok2607">are</token>
      <token status="ok" id="tok2608">contained</token>
      <token status="ok" id="tok2609">in</token>
      <token status="ok" id="tok2610">the</token>
      <token status="ok" id="tok2611">same</token>
      <token status="ok" id="tok2612">closed</token>
      <token status="ok" id="tok2613">path</token>
    </studentAnswer>
    <studentAnswer count="1" answerMatch="answer416.1" raw_text="damaging one turns off the other" id="SwitchesBulbsSeries-GIVE_CIRCUIT_TYPE_SERIES_EXPLAIN_Q.sbj7-l2.qa129" accuracy="correct">
      <token status="ok" id="tok2616">damaging</token>
      <token status="ok" id="tok2617">one</token>
      <token status="ok" id="tok2618">turns</token>
      <token status="ok" id="tok2619">off</token>
      <token status="ok" id="tok2620">the</token>
      <token status="ok" id="tok2621">other</token>
    </studentAnswer>
    <studentAnswer count="1" answerMatch="answer416.1" raw_text="if bulb a is damaged, bulb c turns off." id="SwitchesBulbsSeries-GIVE_CIRCUIT_TYPE_SERIES_EXPLAIN_Q.sbj7-l2.qa130" accuracy="correct">
      <token status="ok" id="tok2635">if</token>
      <token status="ok" id="tok2636">bulb</token>
      <token status="ok" id="tok2637">a</token>
      <token status="ok" id="tok2638">is</token>
      <token status="ok" id="tok2639">damaged</token>
      <token status="ok" id="tok2640">bulb</token>
      <token status="ok" id="tok2641">c</token>
      <token status="ok" id="tok2642">turns</token>
      <token status="ok" id="tok2643">off</token>
    </studentAnswer>
    <studentAnswer count="1" answerMatch="answer416" raw_text="contained within the same closed path" id="SwitchesBulbsSeries-GIVE_CIRCUIT_TYPE_SERIES_EXPLAIN_Q.sbj8-l2.qa141" accuracy="correct">
      <token status="ok" id="tok2967">contained</token>
      <token status="ok" id="tok2968">within</token>
      <token status="ok" id="tok2969">the</token>
      <token status="ok" id="tok2970">same</token>
      <token status="ok" id="tok2971">closed</token>
      <token status="ok" id="tok2972">path</token>
    </studentAnswer>
    <studentAnswer count="1" answerMatch="answer416.1" raw_text="bulbs a and c affect each other." id="SwitchesBulbsSeries-GIVE_CIRCUIT_TYPE_SERIES_EXPLAIN_Q.sbj9-l2.qa131" accuracy="partially_correct_incomplete">
      <token status="ok" id="tok2752">bulbs</token>
      <token status="ok" id="tok2753">a</token>
      <token status="ok" id="tok2754">and</token>
      <token status="ok" id="tok2755">c</token>
      <token status="ok" id="tok2756">affect</token>
      <token status="ok" id="tok2757">each</token>
      <token status="ok" id="tok2758">other</token>
    </studentAnswer>
    <studentAnswer count="1" answerMatch="answer416.1" raw_text="bulb a affects bulb c. bulb c affects bulb a." id="SwitchesBulbsSeries-GIVE_CIRCUIT_TYPE_SERIES_EXPLAIN_Q.sbj9-l2.qa132" accuracy="partially_correct_incomplete">
      <token status="ok" id="tok2780">bulb</token>
      <token status="ok" id="tok2781">a</token>
      <token status="ok" id="tok2782">affects</token>
      <token status="ok" id="tok2783">bulb</token>
      <token status="ok" id="tok2784a">c</token>
      <token status="ok" id="tok2785">bulb</token>
      <token status="ok" id="tok2786">c</token>
      <token status="ok" id="tok2787">affects</token>
      <token status="ok" id="tok2788">bulb</token>
      <token status="ok" id="tok2789">a</token>
    </studentAnswer>
    <studentAnswer count="1" answerMatch="answer416.1" raw_text="they are both on the same path" id="SwitchesBulbsSeries-GIVE_CIRCUIT_TYPE_SERIES_EXPLAIN_Q.sbj10-l2.qa135" accuracy="correct">
      <token status="ok" id="tok2846">they</token>
      <token status="ok" id="tok2847">are</token>
      <token status="ok" id="tok2848">both</token>
      <token status="ok" id="tok2849">on</token>
      <token status="ok" id="tok2850">the</token>
      <token status="ok" id="tok2851">same</token>
      <token status="ok" id="tok2852">path</token>
    </studentAnswer>
    <studentAnswer count="1" answerMatch="answer416" raw_text="bulbs a b and c are on a closed path" id="SwitchesBulbsSeries-GIVE_CIRCUIT_TYPE_SERIES_EXPLAIN_Q.sbj10-l2.qa139" accuracy="correct">
      <token status="ok" id="tok2918">bulbs</token>
      <token status="ok" id="tok2919">a</token>
      <token status="ok" id="tok2920">b</token>
      <token status="ok" id="tok2921">and</token>
      <token status="ok" id="tok2922">c</token>
      <token status="ok" id="tok2923">are</token>
      <token status="ok" id="tok2924">on</token>
      <token status="ok" id="tok2925">a</token>
      <token status="ok" id="tok2926">closed</token>
      <token status="ok" id="tok2927">path</token>
    </studentAnswer>
    <studentAnswer count="1" answerMatch="answer416" raw_text="removing bulb a will affect bulb c" id="SwitchesBulbsSeries-GIVE_CIRCUIT_TYPE_SERIES_EXPLAIN_Q.sbj11-l2.qa133" accuracy="partially_correct_incomplete">
      <token status="ok" id="tok2842">removing</token>
      <token status="ok" id="tok2843">bulb</token>
      <token status="ok" id="tok2844">a</token>
      <token status="ok" id="tok2845">will</token>
      <token status="ok" id="tok2846">affect</token>
      <token status="ok" id="tok2847">bulb</token>
      <token status="ok" id="tok2848">c</token>
    </studentAnswer>
    <studentAnswer count="1" answerMatch="answer416" raw_text="bulb a affects bulb c" id="SwitchesBulbsSeries-GIVE_CIRCUIT_TYPE_SERIES_EXPLAIN_Q.sbj11-l2.qa134" accuracy="partially_correct_incomplete">
      <token status="ok" id="tok2869">bulb</token>
      <token status="ok" id="tok2870">a</token>
      <token status="ok" id="tok2871">affects</token>
      <token status="ok" id="tok2872">bulb</token>
      <token status="ok" id="tok2873">c</token>
    </studentAnswer>
    <studentAnswer count="1" answerMatch="answer416.1" raw_text="they are on a path" id="SwitchesBulbsSeries-GIVE_CIRCUIT_TYPE_SERIES_EXPLAIN_Q.sbj12-l2.qa142" accuracy="partially_correct_incomplete">
      <token status="ok" id="tok2761">they</token>
      <token status="ok" id="tok2762">are</token>
      <token status="ok" id="tok2763">on</token>
      <token status="ok" id="tok2764">a</token>
      <token status="ok" id="tok2765">path</token>
    </studentAnswer>
    <studentAnswer count="1" answerMatch="answer416.1" raw_text="they all affect each other" id="SwitchesBulbsSeries-GIVE_CIRCUIT_TYPE_SERIES_EXPLAIN_Q.sbj12-l2.qa143" accuracy="partially_correct_incomplete">
      <token status="ok" id="tok2782">they</token>
      <token status="ok" id="tok2783">all</token>
      <token status="ok" id="tok2784">affect</token>
      <token status="ok" id="tok2785">each</token>
      <token status="ok" id="tok2786">other</token>
    </studentAnswer>
    <studentAnswer count="1" answerMatch="answer416.1" raw_text="bulbs a, b, and c are on a path with the battery" id="SwitchesBulbsSeries-GIVE_CIRCUIT_TYPE_SERIES_EXPLAIN_Q.sbj12-l2.qa144" accuracy="partially_correct_incomplete">
      <token status="ok" id="tok2808">bulbs</token>
      <token status="ok" id="tok2809">a</token>
      <token status="ok" id="tok2810">b</token>
      <token status="ok" id="tok2811">and</token>
      <token status="ok" id="tok2812">c</token>
      <token status="ok" id="tok2813">are</token>
      <token status="ok" id="tok2814">on</token>
      <token status="ok" id="tok2815">a</token>
      <token status="ok" id="tok2816">path</token>
      <token status="ok" id="tok2817">with</token>
      <token status="ok" id="tok2818">the</token>
      <token status="ok" id="tok2819">battery</token>
    </studentAnswer>
    <studentAnswer count="2" raw_text="if bulb a burns out if affects bulbs b and c." id="SwitchesBulbsSeries-GIVE_CIRCUIT_TYPE_SERIES_EXPLAIN_Q.sbj13-l2.qa150" accuracy="irrelevant">
      <token status="ok" id="tok3184">if</token>
      <token status="ok" id="tok3185">bulb</token>
      <token status="ok" id="tok3186">a</token>
      <token status="ok" id="tok3187">burns</token>
      <token status="ok" id="tok3188">out</token>
      <token status="ok" id="tok3189">if</token>
      <token status="ok" id="tok3190">affects</token>
      <token status="ok" id="tok3191">bulbs</token>
      <token status="ok" id="tok3192">b</token>
      <token status="ok" id="tok3193">and</token>
      <token status="ok" id="tok3194">c</token>
    </studentAnswer>
    <studentAnswer count="1" answerMatch="answer416.1" raw_text="bulbs a, b, and c are all in the same path." id="SwitchesBulbsSeries-GIVE_CIRCUIT_TYPE_SERIES_EXPLAIN_Q.sbj13-l2.qa152" accuracy="partially_correct_incomplete">
      <token status="ok" id="tok3239">bulbs</token>
      <token status="ok" id="tok3240">a</token>
      <token status="ok" id="tok3241">b</token>
      <token status="ok" id="tok3242">and</token>
      <token status="ok" id="tok3243">c</token>
      <token status="ok" id="tok3244">are</token>
      <token status="ok" id="tok3245">all</token>
      <token status="ok" id="tok3246">in</token>
      <token status="ok" id="tok3247">the</token>
      <token status="ok" id="tok3248">same</token>
      <token status="ok" id="tok3249">path</token>
    </studentAnswer>
    <studentAnswer count="1" raw_text="removing one bulb shuts off the other." id="SwitchesBulbsSeries-GIVE_CIRCUIT_TYPE_SERIES_EXPLAIN_Q.sbj14-l2.qa142" accuracy="irrelevant">
      <token status="ok" id="tok2814">removing</token>
      <token status="ok" id="tok2815">one</token>
      <token status="ok" id="tok2816">bulb</token>
      <token status="ok" id="tok2817">shuts</token>
      <token status="ok" id="tok2818">off</token>
      <token status="ok" id="tok2819">the</token>
      <token status="ok" id="tok2820">other</token>
    </studentAnswer>
    <studentAnswer count="1" answerMatch="answer416" raw_text="the path is closed" id="SwitchesBulbsSeries-GIVE_CIRCUIT_TYPE_SERIES_EXPLAIN_Q.sbj14-l2.qa143" accuracy="partially_correct_incomplete">
      <token status="ok" id="tok2835">the</token>
      <token status="ok" id="tok2836">path</token>
      <token status="ok" id="tok2837">is</token>
      <token status="ok" id="tok2838">closed</token>
    </studentAnswer>
    <studentAnswer count="1" answerMatch="answer416.1" raw_text="because they are in the same path" id="SwitchesBulbsSeries-GIVE_CIRCUIT_TYPE_SERIES_EXPLAIN_Q.sbj15-l2.qa162" accuracy="correct">
      <token status="ok" id="tok3533">because</token>
      <token status="ok" id="tok3534">they</token>
      <token status="ok" id="tok3535">are</token>
      <token status="ok" id="tok3536">in</token>
      <token status="ok" id="tok3537">the</token>
      <token status="ok" id="tok3538">same</token>
      <token status="ok" id="tok3539">path</token>
    </studentAnswer>
    <studentAnswer count="1" raw_text="that is all" id="SwitchesBulbsSeries-GIVE_CIRCUIT_TYPE_SERIES_EXPLAIN_Q.sbj15-l2.qa163" accuracy="non_domain">
      <token status="ok" id="tok3556">that</token>
      <token status="ok" id="tok3557">is</token>
      <token status="ok" id="tok3558">all</token>
    </studentAnswer>
    <studentAnswer count="1" answerMatch="answer416" raw_text="Bulbs A and C are in the same closed path with the battery." id="SwitchesBulbsSeries-GIVE_CIRCUIT_TYPE_SERIES_EXPLAIN_Q.sbj18-l2.qa128" accuracy="correct">
      <token status="ok" id="tok2659">Bulbs</token>
      <token status="ok" id="tok2660">A</token>
      <token status="ok" id="tok2661">and</token>
      <token status="ok" id="tok2662">C</token>
      <token status="ok" id="tok2663">are</token>
      <token status="ok" id="tok2664">in</token>
      <token status="ok" id="tok2665">the</token>
      <token status="ok" id="tok2666">same</token>
      <token status="ok" id="tok2667">closed</token>
      <token status="ok" id="tok2668">path</token>
      <token status="ok" id="tok2669">with</token>
      <token status="ok" id="tok2670">the</token>
      <token status="ok" id="tok2671">battery</token>
    </studentAnswer>
    <studentAnswer count="1" raw_text="the are on the same wire" id="SwitchesBulbsSeries-GIVE_CIRCUIT_TYPE_SERIES_EXPLAIN_Q.sbj19-l2.qa161" accuracy="irrelevant">
      <token status="ok" id="tok3578" original="the">they</token>
      <token status="ok" id="tok3579">are</token>
      <token status="ok" id="tok3580">on</token>
      <token status="ok" id="tok3581">the</token>
      <token status="ok" id="tok3582">same</token>
      <token status="ok" id="tok3583">wire</token>
    </studentAnswer>
    <studentAnswer count="1" answerMatch="answer416.1" raw_text="they are not parralel" id="SwitchesBulbsSeries-GIVE_CIRCUIT_TYPE_SERIES_EXPLAIN_Q.sbj19-l2.qa162" accuracy="partially_correct_incomplete">
      <token status="ok" id="tok3594">they</token>
      <token status="ok" id="tok3595">are</token>
      <token status="ok" id="tok3596">not</token>
      <token status="ok" id="tok3597" original="parralel">parrallel</token>
    </studentAnswer>
    <studentAnswer count="1" answerMatch="answer416.1" raw_text="they have the same path" id="SwitchesBulbsSeries-GIVE_CIRCUIT_TYPE_SERIES_EXPLAIN_Q.sbj19-l2.qa163" accuracy="correct">
      <token status="ok" id="tok3610">they</token>
      <token status="ok" id="tok3611">have</token>
      <token status="ok" id="tok3612">the</token>
      <token status="ok" id="tok3613">same</token>
      <token status="ok" id="tok3614">path</token>
    </studentAnswer>
    <studentAnswer count="1" answerMatch="answer416" raw_text="they are in the same closed path but not next to each other" id="SwitchesBulbsSeries-GIVE_CIRCUIT_TYPE_SERIES_EXPLAIN_Q.sbj22-l2.qa144" accuracy="correct">
      <token status="ok" id="tok2979">they</token>
      <token status="ok" id="tok2980">are</token>
      <token status="ok" id="tok2981">in</token>
      <token status="ok" id="tok2982">the</token>
      <token status="ok" id="tok2983">same</token>
      <token status="ok" id="tok2984">closed</token>
      <token status="ok" id="tok2985">path</token>
      <token status="ok" id="tok2986">but</token>
      <token status="ok" id="tok2987">not</token>
      <token status="ok" id="tok2988">next</token>
      <token status="ok" id="tok2989">to</token>
      <token status="ok" id="tok2990">each</token>
      <token status="ok" id="tok2991">other</token>
    </studentAnswer>
    <studentAnswer count="2" answerMatch="answer416.1" raw_text="They are in the same path." id="SwitchesBulbsSeries-GIVE_CIRCUIT_TYPE_SERIES_EXPLAIN_Q.sbj23-l2.qa134" accuracy="correct">
      <token status="ok" id="tok2680">They</token>
      <token status="ok" id="tok2681">are</token>
      <token status="ok" id="tok2682">in</token>
      <token status="ok" id="tok2683">the</token>
      <token status="ok" id="tok2684">same</token>
      <token status="ok" id="tok2685">path</token>
    </studentAnswer>
    <studentAnswer count="1" raw_text="That is basically what I said sir." id="SwitchesBulbsSeries-GIVE_CIRCUIT_TYPE_SERIES_EXPLAIN_Q.sbj23-l2.qa136" accuracy="non_domain">
      <token status="ok" id="tok2747">That</token>
      <token status="ok" id="tok2748">is</token>
      <token status="ok" id="tok2749">basically</token>
      <token status="ok" id="tok2750">what</token>
      <token status="ok" id="tok2751">I</token>
      <token status="ok" id="tok2752">said</token>
      <token status="ok" id="tok2753">sir</token>
    </studentAnswer>
    <studentAnswer count="1" answerMatch="answer416" raw_text="If one bulb is burns out, then they all stop" id="SwitchesBulbsSeries-GIVE_CIRCUIT_TYPE_SERIES_EXPLAIN_Q.sbj24-l2.qa130" accuracy="partially_correct_incomplete">
      <token status="ok" id="tok2531">If</token>
      <token status="ok" id="tok2532">one</token>
      <token status="ok" id="tok2533">bulb</token>
      <token status="ok" id="tok2534">is</token>
      <token status="ok" id="tok2535">burns</token>
      <token status="ok" id="tok2536">out</token>
      <token status="ok" id="tok2537">then</token>
      <token status="ok" id="tok2538">they</token>
      <token status="ok" id="tok2539">all</token>
      <token status="ok" id="tok2540">stop</token>
    </studentAnswer>
    <studentAnswer count="1" answerMatch="answer416" raw_text="If one bulb is removed, the others stop working" id="SwitchesBulbsSeries-GIVE_CIRCUIT_TYPE_SERIES_EXPLAIN_Q.sbj24-l2.qa131" accuracy="partially_correct_incomplete">
      <token status="ok" id="tok2557">If</token>
      <token status="ok" id="tok2558">one</token>
      <token status="ok" id="tok2559">bulb</token>
      <token status="ok" id="tok2560">is</token>
      <token status="ok" id="tok2561">removed</token>
      <token status="ok" id="tok2562">the</token>
      <token status="ok" id="tok2563">others</token>
      <token status="ok" id="tok2564">stop</token>
      <token status="ok" id="tok2565">working</token>
    </studentAnswer>
    <studentAnswer count="1" answerMatch="answer416" raw_text="removing one bulb shuts off the other" id="SwitchesBulbsSeries-GIVE_CIRCUIT_TYPE_SERIES_EXPLAIN_Q.sbj24-l2.qa133" accuracy="partially_correct_incomplete">
      <token status="ok" id="tok2571">removing</token>
      <token status="ok" id="tok2572">one</token>
      <token status="ok" id="tok2573">bulb</token>
      <token status="ok" id="tok2574">shuts</token>
      <token status="ok" id="tok2575">off</token>
      <token status="ok" id="tok2576">the</token>
      <token status="ok" id="tok2577">other</token>
    </studentAnswer>
    <studentAnswer count="1" raw_text="i did" id="SwitchesBulbsSeries-GIVE_CIRCUIT_TYPE_SERIES_EXPLAIN_Q.sbj24-l2.qa135" accuracy="non_domain">
      <token status="ok" id="tok2608">i</token>
      <token status="ok" id="tok2609">did</token>
    </studentAnswer>
    <studentAnswer count="1" answerMatch="answer416" raw_text="because they are on the same closed path" id="SwitchesBulbsSeries-GIVE_CIRCUIT_TYPE_SERIES_EXPLAIN_Q.sbj26-l2.qa153" accuracy="correct">
      <token status="ok" id="tok3149">because</token>
      <token status="ok" id="tok3150">they</token>
      <token status="ok" id="tok3151">are</token>
      <token status="ok" id="tok3152">on</token>
      <token status="ok" id="tok3153">the</token>
      <token status="ok" id="tok3154">same</token>
      <token status="ok" id="tok3155">closed</token>
      <token status="ok" id="tok3156">path</token>
    </studentAnswer>
    <studentAnswer count="2" answerMatch="answer416" raw_text="they are contained in the same closed path" id="SwitchesBulbsSeries-GIVE_CIRCUIT_TYPE_SERIES_EXPLAIN_Q.sbj27-l2.qa144" accuracy="correct">
      <token status="ok" id="tok2982">they</token>
      <token status="ok" id="tok2983">are</token>
      <token status="ok" id="tok2984">contained</token>
      <token status="ok" id="tok2985">in</token>
      <token status="ok" id="tok2986">the</token>
      <token status="ok" id="tok2987">same</token>
      <token status="ok" id="tok2988">closed</token>
      <token status="ok" id="tok2989">path</token>
    </studentAnswer>
    <studentAnswer count="2" answerMatch="answer416.1" raw_text="they are in the same path" id="SwitchesBulbsSeries-GIVE_CIRCUIT_TYPE_SERIES_EXPLAIN_Q.sbj28-l2.qa136" accuracy="partially_correct_incomplete">
      <token status="ok" id="tok2619">they</token>
      <token status="ok" id="tok2620">are</token>
      <token status="ok" id="tok2621">in</token>
      <token status="ok" id="tok2622">the</token>
      <token status="ok" id="tok2623">same</token>
      <token status="ok" id="tok2624">path</token>
    </studentAnswer>
    <studentAnswer count="1" answerMatch="answer416" raw_text="bulbs a and c are wired within a closed path" id="SwitchesBulbsSeries-GIVE_CIRCUIT_TYPE_SERIES_EXPLAIN_Q.sbj29-l2.qa141" accuracy="partially_correct_incomplete">
      <token status="ok" id="tok2974">bulbs</token>
      <token status="ok" id="tok2975">a</token>
      <token status="ok" id="tok2976">and</token>
      <token status="ok" id="tok2977">c</token>
      <token status="ok" id="tok2978">are</token>
      <token status="ok" id="tok2979">wired</token>
      <token status="ok" id="tok2980">within</token>
      <token status="ok" id="tok2981">a</token>
      <token status="ok" id="tok2982">closed</token>
      <token status="ok" id="tok2983">path</token>
    </studentAnswer>
    <studentAnswer count="2" answerMatch="answer416" raw_text="bulbs a and c are wired within the same closed path" id="SwitchesBulbsSeries-GIVE_CIRCUIT_TYPE_SERIES_EXPLAIN_Q.sbj29-l2.qa142" accuracy="correct">
      <token status="ok" id="tok3006">bulbs</token>
      <token status="ok" id="tok3007">a</token>
      <token status="ok" id="tok3008">and</token>
      <token status="ok" id="tok3009">c</token>
      <token status="ok" id="tok3010">are</token>
      <token status="ok" id="tok3011">wired</token>
      <token status="ok" id="tok3012">within</token>
      <token status="ok" id="tok3013">the</token>
      <token status="ok" id="tok3014">same</token>
      <token status="ok" id="tok3015">closed</token>
      <token status="ok" id="tok3016">path</token>
    </studentAnswer>
    <studentAnswer count="1" answerMatch="answer416" raw_text="both bulbs a and c are contained in a closed path" id="SwitchesBulbsSeries-GIVE_CIRCUIT_TYPE_SERIES_EXPLAIN_Q.sbj29-l2.qa144" accuracy="partially_correct_incomplete">
      <token status="ok" id="tok3083">both</token>
      <token status="ok" id="tok3084">bulbs</token>
      <token status="ok" id="tok3085">a</token>
      <token status="ok" id="tok3086">and</token>
      <token status="ok" id="tok3087">c</token>
      <token status="ok" id="tok3088">are</token>
      <token status="ok" id="tok3089">contained</token>
      <token status="ok" id="tok3090">in</token>
      <token status="ok" id="tok3091">a</token>
      <token status="ok" id="tok3092">closed</token>
      <token status="ok" id="tok3093">path</token>
    </studentAnswer>
    <studentAnswer count="1" answerMatch="answer416.1" raw_text="they are contained in the same path" id="SwitchesBulbsSeries-GIVE_CIRCUIT_TYPE_SERIES_EXPLAIN_Q.sbj30-l2.qa139" accuracy="partially_correct_incomplete">
      <token status="ok" id="tok3096">they</token>
      <token status="ok" id="tok3097">are</token>
      <token status="ok" id="tok3098">contained</token>
      <token status="ok" id="tok3099">in</token>
      <token status="ok" id="tok3100">the</token>
      <token status="ok" id="tok3101">same</token>
      <token status="ok" id="tok3102">path</token>
    </studentAnswer>
    <studentAnswer count="1" raw_text="kkkdfdadkjlf" id="SwitchesBulbsSeries-GIVE_CIRCUIT_TYPE_SERIES_EXPLAIN_Q.sbj30-l2.qa140" accuracy="non_domain">
      <token status="nonWord" id="tok3119">kkkdfdadkjlf</token>
    </studentAnswer>
    <studentAnswer count="1" raw_text="and the circut is closed" id="SwitchesBulbsSeries-GIVE_CIRCUIT_TYPE_SERIES_EXPLAIN_Q.sbj30-l2.qa141" accuracy="contradictory">
      <token status="ok" id="tok3134">and</token>
      <token status="ok" id="tok3135">the</token>
      <token status="ok" id="tok3136" original="circut">circuit</token>
      <token status="ok" id="tok3137">is</token>
      <token status="ok" id="tok3138">closed</token>
    </studentAnswer>
    <studentAnswer count="1" raw_text="they are in a line on the same closed path" id="SwitchesBulbsSeries-GIVE_CIRCUIT_TYPE_SERIES_EXPLAIN_Q.sbj31-l2.qa144" accuracy="correct">
      <token status="ok" id="tok2809">they</token>
      <token status="ok" id="tok2810">are</token>
      <token status="ok" id="tok2811">in</token>
      <token status="ok" id="tok2812">a</token>
      <token status="ok" id="tok2813">line</token>
      <token status="ok" id="tok2814">on</token>
      <token status="ok" id="tok2815">the</token>
      <token status="ok" id="tok2816">same</token>
      <token status="ok" id="tok2817">closed</token>
      <token status="ok" id="tok2818">path</token>
    </studentAnswer>
    <studentAnswer count="2" raw_text="they are on the same closed path" id="SwitchesBulbsSeries-GIVE_CIRCUIT_TYPE_SERIES_EXPLAIN_Q.sbj31-l2.qa145" accuracy="correct">
      <token status="ok" id="tok2839">they</token>
      <token status="ok" id="tok2840">are</token>
      <token status="ok" id="tok2841">on</token>
      <token status="ok" id="tok2842">the</token>
      <token status="ok" id="tok2843">same</token>
      <token status="ok" id="tok2844">closed</token>
      <token status="ok" id="tok2845">path</token>
    </studentAnswer>
    <studentAnswer count="1" answerMatch="answer416.1" raw_text="bulbs A,B, and C are all on the same path" id="SwitchesBulbsSeries-GIVE_CIRCUIT_TYPE_SERIES_EXPLAIN_Q.sbj33-l2.qa136" accuracy="partially_correct_incomplete">
      <token status="ok" id="tok2617">bulbs</token>
      <token status="ok" id="tok2618a">A</token>
      <token status="ok" id="tok2618bb">B</token>
      <token status="ok" id="tok2619">and</token>
      <token status="ok" id="tok2620">C</token>
      <token status="ok" id="tok2621">are</token>
      <token status="ok" id="tok2622">all</token>
      <token status="ok" id="tok2623">on</token>
      <token status="ok" id="tok2624">the</token>
      <token status="ok" id="tok2625">same</token>
      <token status="ok" id="tok2626">path</token>
    </studentAnswer>
    <studentAnswer count="1" raw_text="tell answer" id="SwitchesBulbsSeries-GIVE_CIRCUIT_TYPE_SERIES_EXPLAIN_Q.sbj33-l2.qa137" accuracy="non_domain">
      <token status="ok" id="tok2637">tell</token>
      <token status="ok" id="tok2638">answer</token>
    </studentAnswer>
    <studentAnswer count="1" answerMatch="answer416" raw_text="They are contained in the same closed path, so if one bulb goes out so do the others." id="SwitchesBulbsSeries-GIVE_CIRCUIT_TYPE_SERIES_EXPLAIN_Q.sbj34-l2.qa141" accuracy="correct">
      <token status="ok" id="tok2814">They</token>
      <token status="ok" id="tok2815">are</token>
      <token status="ok" id="tok2816">contained</token>
      <token status="ok" id="tok2817">in</token>
      <token status="ok" id="tok2818">the</token>
      <token status="ok" id="tok2819">same</token>
      <token status="ok" id="tok2820">closed</token>
      <token status="ok" id="tok2821">path</token>
      <token status="ok" id="tok2822">so</token>
      <token status="ok" id="tok2823">if</token>
      <token status="ok" id="tok2824">one</token>
      <token status="ok" id="tok2825">bulb</token>
      <token status="ok" id="tok2826">goes</token>
      <token status="ok" id="tok2827">out</token>
      <token status="ok" id="tok2828">so</token>
      <token status="ok" id="tok2829">do</token>
      <token status="ok" id="tok2830">the</token>
      <token status="ok" id="tok2831">others</token>
    </studentAnswer>
    <studentAnswer count="1" answerMatch="answer416" raw_text="The lightbulbs are all contained in the same closed path." id="SwitchesBulbsSeries-GIVE_CIRCUIT_TYPE_SERIES_EXPLAIN_Q.sbj34-l2.qa145" accuracy="correct">
      <token status="ok" id="tok2902">The</token>
      <token status="ok" id="tok2903">lightbulbs</token>
      <token status="ok" id="tok2904">are</token>
      <token status="ok" id="tok2905">all</token>
      <token status="ok" id="tok2906">contained</token>
      <token status="ok" id="tok2907">in</token>
      <token status="ok" id="tok2908">the</token>
      <token status="ok" id="tok2909">same</token>
      <token status="ok" id="tok2910">closed</token>
      <token status="ok" id="tok2911">path</token>
    </studentAnswer>
    <studentAnswer count="1" answerMatch="answer416" raw_text="they are all contained in the same closed path with a battery" id="SwitchesBulbsSeries-GIVE_CIRCUIT_TYPE_SERIES_EXPLAIN_Q.sbj35-l2.qa143" accuracy="correct">
      <token status="ok" id="tok2991">they</token>
      <token status="ok" id="tok2992">are</token>
      <token status="ok" id="tok2993">all</token>
      <token status="ok" id="tok2994">contained</token>
      <token status="ok" id="tok2995">in</token>
      <token status="ok" id="tok2996">the</token>
      <token status="ok" id="tok2997">same</token>
      <token status="ok" id="tok2998">closed</token>
      <token status="ok" id="tok2999">path</token>
      <token status="ok" id="tok3000">with</token>
      <token status="ok" id="tok3001">a</token>
      <token status="ok" id="tok3002">battery</token>
    </studentAnswer>
    <studentAnswer count="1" answerMatch="answer416.1" raw_text="the bulbs are on the same path" id="SwitchesBulbsSeries-GIVE_CIRCUIT_TYPE_SERIES_EXPLAIN_Q.sbj36-l2.qa136" accuracy="partially_correct_incomplete">
      <token status="ok" id="tok2757">the</token>
      <token status="ok" id="tok2758">bulbs</token>
      <token status="ok" id="tok2759">are</token>
      <token status="ok" id="tok2760">on</token>
      <token status="ok" id="tok2761">the</token>
      <token status="ok" id="tok2762">same</token>
      <token status="ok" id="tok2763">path</token>
    </studentAnswer>
    <studentAnswer count="1" answerMatch="answer416.1" raw_text="the bulbs are on the same path with the battery" id="SwitchesBulbsSeries-GIVE_CIRCUIT_TYPE_SERIES_EXPLAIN_Q.sbj36-l2.qa137" accuracy="partially_correct_incomplete">
      <token status="ok" id="tok2780">the</token>
      <token status="ok" id="tok2781">bulbs</token>
      <token status="ok" id="tok2782">are</token>
      <token status="ok" id="tok2783">on</token>
      <token status="ok" id="tok2784">the</token>
      <token status="ok" id="tok2785">same</token>
      <token status="ok" id="tok2786">path</token>
      <token status="ok" id="tok2787">with</token>
      <token status="ok" id="tok2788">the</token>
      <token status="ok" id="tok2789">battery</token>
    </studentAnswer>
    <studentAnswer count="2" answerMatch="answer416" raw_text="they are in the same closed path" id="SwitchesBulbsSeries-GIVE_CIRCUIT_TYPE_SERIES_EXPLAIN_Q.sbj37-l2.qa129" accuracy="correct">
      <token status="ok" id="tok2871">they</token>
      <token status="ok" id="tok2872">are</token>
      <token status="ok" id="tok2873">in</token>
      <token status="ok" id="tok2874">the</token>
      <token status="ok" id="tok2875">same</token>
      <token status="ok" id="tok2876">closed</token>
      <token status="ok" id="tok2877">path</token>
    </studentAnswer>
    <studentAnswer count="1" answerMatch="answer416" raw_text="the closed path contains bulb A, bulb B, bulb C, and a battery." id="SwitchesBulbsSeries-GIVE_CIRCUIT_TYPE_SERIES_EXPLAIN_Q.sbj38-l2.qa131" accuracy="correct">
      <token status="ok" id="tok2830">the</token>
      <token status="ok" id="tok2831">closed</token>
      <token status="ok" id="tok2832">path</token>
      <token status="ok" id="tok2833">contains</token>
      <token status="ok" id="tok2834">bulb</token>
      <token status="ok" id="tok2835">A</token>
      <token status="ok" id="tok2836">bulb</token>
      <token status="ok" id="tok2837">B</token>
      <token status="ok" id="tok2838">bulb</token>
      <token status="ok" id="tok2839">C</token>
      <token status="ok" id="tok2840">and</token>
      <token status="ok" id="tok2841">a</token>
      <token status="ok" id="tok2842">battery</token>
    </studentAnswer>
    <studentAnswer count="1" answerMatch="answer416.1" raw_text="They are contained in the same path. If one bulb goes out it will affect the other ones." id="SwitchesBulbsSeries-GIVE_CIRCUIT_TYPE_SERIES_EXPLAIN_Q.sbj39-l2.qa152" accuracy="correct">
      <token status="ok" id="tok3131">They</token>
      <token status="ok" id="tok3132">are</token>
      <token status="ok" id="tok3133">contained</token>
      <token status="ok" id="tok3134">in</token>
      <token status="ok" id="tok3135">the</token>
      <token status="ok" id="tok3136">same</token>
      <token status="ok" id="tok3137">path</token>
      <token status="ok" id="tok3138">If</token>
      <token status="ok" id="tok3139">one</token>
      <token status="ok" id="tok3140">bulb</token>
      <token status="ok" id="tok3141">goes</token>
      <token status="ok" id="tok3142">out</token>
      <token status="ok" id="tok3143">it</token>
      <token status="ok" id="tok3144">will</token>
      <token status="ok" id="tok3145">affect</token>
      <token status="ok" id="tok3146">the</token>
      <token status="ok" id="tok3147">other</token>
      <token status="ok" id="tok3148">ones</token>
    </studentAnswer>
    <studentAnswer count="1" answerMatch="answer416.1" raw_text="bulbs A and C are contained in the same path" id="SwitchesBulbsSeries-GIVE_CIRCUIT_TYPE_SERIES_EXPLAIN_Q.sbj39-l2.qa154" accuracy="correct">
      <token status="ok" id="tok3199">bulbs</token>
      <token status="ok" id="tok3200">A</token>
      <token status="ok" id="tok3201">and</token>
      <token status="ok" id="tok3202">C</token>
      <token status="ok" id="tok3203">are</token>
      <token status="ok" id="tok3204">contained</token>
      <token status="ok" id="tok3205">in</token>
      <token status="ok" id="tok3206">the</token>
      <token status="ok" id="tok3207">same</token>
      <token status="ok" id="tok3208">path</token>
    </studentAnswer>
    <studentAnswer count="1" answerMatch="answer416" raw_text="removing of damaging any of the bulbs will shut off the other bulbs." id="SwitchesBulbsSeries-GIVE_CIRCUIT_TYPE_SERIES_EXPLAIN_Q.sbj40-l2.qa144" accuracy="partially_correct_incomplete">
      <token status="ok" id="tok2936">removing</token>
      <token status="ok" id="tok2937">of</token>
      <token status="ok" id="tok2938">damaging</token>
      <token status="ok" id="tok2939">any</token>
      <token status="ok" id="tok2940">of</token>
      <token status="ok" id="tok2941">the</token>
      <token status="ok" id="tok2942">bulbs</token>
      <token status="ok" id="tok2943">will</token>
      <token status="ok" id="tok2944">shut</token>
      <token status="ok" id="tok2945">off</token>
      <token status="ok" id="tok2946">the</token>
      <token status="ok" id="tok2947">other</token>
      <token status="ok" id="tok2948">bulbs</token>
    </studentAnswer>
    <studentAnswer count="1" raw_text="i give up" id="SwitchesBulbsSeries-GIVE_CIRCUIT_TYPE_SERIES_EXPLAIN_Q.sbj40-l2.qa145" accuracy="non_domain">
      <token status="ok" id="tok2969">i</token>
      <token status="ok" id="tok2970">give</token>
      <token status="ok" id="tok2971">up</token>
    </studentAnswer>
    <studentAnswer count="1" answerMatch="answer416.1" raw_text="they are all connected in the same path to the battery" id="SwitchesBulbsSeries-GIVE_CIRCUIT_TYPE_SERIES_EXPLAIN_Q.sbj43-l2.qa141" accuracy="correct">
      <token status="ok" id="tok3096">they</token>
      <token status="ok" id="tok3097">are</token>
      <token status="ok" id="tok3098">all</token>
      <token status="ok" id="tok3099">connected</token>
      <token status="ok" id="tok3100">in</token>
      <token status="ok" id="tok3101">the</token>
      <token status="ok" id="tok3102">same</token>
      <token status="ok" id="tok3103">path</token>
      <token status="ok" id="tok3104">to</token>
      <token status="ok" id="tok3105">the</token>
      <token status="ok" id="tok3106">battery</token>
    </studentAnswer>
    <studentAnswer count="1" raw_text="they are in a series of connections with the battery" id="SwitchesBulbsSeries-GIVE_CIRCUIT_TYPE_SERIES_EXPLAIN_Q.sbj43-l2.qa142" accuracy="contradictory">
      <token status="ok" id="tok3129">they</token>
      <token status="ok" id="tok3130">are</token>
      <token status="ok" id="tok3131">in</token>
      <token status="ok" id="tok3132">a</token>
      <token status="ok" id="tok3133">series</token>
      <token status="ok" id="tok3134">of</token>
      <token status="ok" id="tok3135">connections</token>
      <token status="ok" id="tok3136">with</token>
      <token status="ok" id="tok3137">the</token>
      <token status="ok" id="tok3138">battery</token>
    </studentAnswer>
    <studentAnswer count="1" answerMatch="answer416" raw_text="a and c are on the same closed path with the battery" id="SwitchesBulbsSeries-GIVE_CIRCUIT_TYPE_SERIES_EXPLAIN_Q.sbj43-l2.qa144" accuracy="correct">
      <token status="ok" id="tok3195">a</token>
      <token status="ok" id="tok3196">and</token>
      <token status="ok" id="tok3197">c</token>
      <token status="ok" id="tok3198">are</token>
      <token status="ok" id="tok3199">on</token>
      <token status="ok" id="tok3200">the</token>
      <token status="ok" id="tok3201">same</token>
      <token status="ok" id="tok3202">closed</token>
      <token status="ok" id="tok3203">path</token>
      <token status="ok" id="tok3204">with</token>
      <token status="ok" id="tok3205">the</token>
      <token status="ok" id="tok3206">battery</token>
    </studentAnswer>
    <studentAnswer count="1" answerMatch="answer416" raw_text="removing a bulb will turn off another bulb" id="SwitchesBulbsSeries-GIVE_CIRCUIT_TYPE_SERIES_EXPLAIN_Q.sbj45-l2.qa130" accuracy="correct">
      <token status="ok" id="tok2659">removing</token>
      <token status="ok" id="tok2660">a</token>
      <token status="ok" id="tok2661">bulb</token>
      <token status="ok" id="tok2662">will</token>
      <token status="ok" id="tok2663">turn</token>
      <token status="ok" id="tok2664">off</token>
      <token status="ok" id="tok2665">another</token>
      <token status="ok" id="tok2666">bulb</token>
    </studentAnswer>
    <studentAnswer count="1" answerMatch="answer416" raw_text="bulbs are on the same closed path" id="SwitchesBulbsSeries-GIVE_CIRCUIT_TYPE_SERIES_EXPLAIN_Q.sbj46-l2.qa148" accuracy="correct">
      <token status="ok" id="tok3297">bulbs</token>
      <token status="ok" id="tok3298">are</token>
      <token status="ok" id="tok3299">on</token>
      <token status="ok" id="tok3300">the</token>
      <token status="ok" id="tok3301">same</token>
      <token status="ok" id="tok3302">closed</token>
      <token status="ok" id="tok3303">path</token>
    </studentAnswer>
    <studentAnswer count="1" answerMatch="answer416" raw_text="they are located on the same path and will affect each other" id="SwitchesBulbsSeries-GIVE_CIRCUIT_TYPE_SERIES_EXPLAIN_Q.sbj47-l2.qa144" accuracy="correct">
      <token status="ok" id="tok3250">they</token>
      <token status="ok" id="tok3251">are</token>
      <token status="ok" id="tok3252">located</token>
      <token status="ok" id="tok3253">on</token>
      <token status="ok" id="tok3254">the</token>
      <token status="ok" id="tok3255">same</token>
      <token status="ok" id="tok3256">path</token>
      <token status="ok" id="tok3257">and</token>
      <token status="ok" id="tok3258">will</token>
      <token status="ok" id="tok3259">affect</token>
      <token status="ok" id="tok3260">each</token>
      <token status="ok" id="tok3261">other</token>
    </studentAnswer>
    <studentAnswer count="1" answerMatch="answer416" raw_text="bulbs A and C are located on the same path" id="SwitchesBulbsSeries-GIVE_CIRCUIT_TYPE_SERIES_EXPLAIN_Q.sbj47-l2.qa145" accuracy="correct">
      <token status="ok" id="tok3274">bulbs</token>
      <token status="ok" id="tok3275">A</token>
      <token status="ok" id="tok3276">and</token>
      <token status="ok" id="tok3277">C</token>
      <token status="ok" id="tok3278">are</token>
      <token status="ok" id="tok3279">located</token>
      <token status="ok" id="tok3280">on</token>
      <token status="ok" id="tok3281">the</token>
      <token status="ok" id="tok3282">same</token>
      <token status="ok" id="tok3283">path</token>
    </studentAnswer>
    <studentAnswer count="2" answerMatch="answer416.1" raw_text="They are on the same path" id="SwitchesBulbsSeries-GIVE_CIRCUIT_TYPE_SERIES_EXPLAIN_Q.sbjb2-l2.qa119" accuracy="correct">
      <token status="ok" id="tok2514">They</token>
      <token status="ok" id="tok2515">are</token>
      <token status="ok" id="tok2516">on</token>
      <token status="ok" id="tok2517">the</token>
      <token status="ok" id="tok2518">same</token>
      <token status="ok" id="tok2519">path</token>
    </studentAnswer>
    <studentAnswer count="1" raw_text="they are teh begning and end of the path" id="SwitchesBulbsSeries-GIVE_CIRCUIT_TYPE_SERIES_EXPLAIN_Q.sbjb3-l2.qa123" accuracy="contradictory">
      <token status="ok" id="tok2597">they</token>
      <token status="ok" id="tok2598">are</token>
      <token status="ok" id="tok2599" original="teh">the</token>
      <token status="ok" id="tok2600" original="begning">beginning</token>
      <token status="ok" id="tok2601">and</token>
      <token status="ok" id="tok2602">end</token>
      <token status="ok" id="tok2603">of</token>
      <token status="ok" id="tok2604">the</token>
      <token status="ok" id="tok2605">path</token>
    </studentAnswer>
    <studentAnswer count="1" answerMatch="answer416.1" raw_text="they can affect each other" id="SwitchesBulbsSeries-GIVE_CIRCUIT_TYPE_SERIES_EXPLAIN_Q.sbjb4-l2.qa116" accuracy="partially_correct_incomplete">
      <token status="ok" id="tok2571">they</token>
      <token status="ok" id="tok2572">can</token>
      <token status="ok" id="tok2573">affect</token>
      <token status="ok" id="tok2574">each</token>
      <token status="ok" id="tok2575">other</token>
    </studentAnswer>
    <studentAnswer count="1" answerMatch="answer416.1" raw_text="Because they are connected along the same path" id="SwitchesBulbsSeries-GIVE_CIRCUIT_TYPE_SERIES_EXPLAIN_Q.sbjb6-l2.qa117" accuracy="correct">
      <token status="ok" id="tok2487">Because</token>
      <token status="ok" id="tok2488">they</token>
      <token status="ok" id="tok2489">are</token>
      <token status="ok" id="tok2490">connected</token>
      <token status="ok" id="tok2491">along</token>
      <token status="ok" id="tok2492">the</token>
      <token status="ok" id="tok2493">same</token>
      <token status="ok" id="tok2494">path</token>
    </studentAnswer>
    <studentAnswer count="1" answerMatch="answer416.1" raw_text="Each bulb affects the other bulbs" id="SwitchesBulbsSeries-GIVE_CIRCUIT_TYPE_SERIES_EXPLAIN_Q.sbjb7-l2.qa117" accuracy="partially_correct_incomplete">
      <token status="ok" id="tok2475">Each</token>
      <token status="ok" id="tok2476">bulb</token>
      <token status="ok" id="tok2477">affects</token>
      <token status="ok" id="tok2478">the</token>
      <token status="ok" id="tok2479">other</token>
      <token status="ok" id="tok2480">bulbs</token>
    </studentAnswer>
    <studentAnswer count="1" answerMatch="answer416.1" raw_text="They are on the same path to the battery without interruption" id="SwitchesBulbsSeries-GIVE_CIRCUIT_TYPE_SERIES_EXPLAIN_Q.sbjb9-l2.qa117" accuracy="correct">
      <token status="ok" id="tok2608">They</token>
      <token status="ok" id="tok2609">are</token>
      <token status="ok" id="tok2610">on</token>
      <token status="ok" id="tok2611">the</token>
      <token status="ok" id="tok2612">same</token>
      <token status="ok" id="tok2613">path</token>
      <token status="ok" id="tok2614">to</token>
      <token status="ok" id="tok2615">the</token>
      <token status="ok" id="tok2616">battery</token>
      <token status="ok" id="tok2617">without</token>
      <token status="ok" id="tok2618">interruption</token>
    </studentAnswer>
    <studentAnswer count="1" answerMatch="answer416.1" raw_text="becuase there is only one path" id="SwitchesBulbsSeries-GIVE_CIRCUIT_TYPE_SERIES_EXPLAIN_Q.sbjb10-l2.qa116" accuracy="correct">
      <token status="ok" id="tok2483" original="becuase">because</token>
      <token status="ok" id="tok2484">there</token>
      <token status="ok" id="tok2485">is</token>
      <token status="ok" id="tok2486">only</token>
      <token status="ok" id="tok2487">one</token>
      <token status="ok" id="tok2488">path</token>
    </studentAnswer>
    <studentAnswer count="1" answerMatch="answer416.1" raw_text="If any of the 3 bulbs are damaged the other 2 bulbs would turn off because they are all within the same path" id="SwitchesBulbsSeries-GIVE_CIRCUIT_TYPE_SERIES_EXPLAIN_Q.sbjb11-l2.qa116" accuracy="correct">
      <token status="ok" id="tok2632">If</token>
      <token status="ok" id="tok2633">any</token>
      <token status="ok" id="tok2634">of</token>
      <token status="ok" id="tok2635">the</token>
      <token status="numerical" id="tok2636">3</token>
      <token status="ok" id="tok2637">bulbs</token>
      <token status="ok" id="tok2638">are</token>
      <token status="ok" id="tok2639">damaged</token>
      <token status="ok" id="tok2640">the</token>
      <token status="ok" id="tok2641">other</token>
      <token status="numerical" id="tok2642">2</token>
      <token status="ok" id="tok2643">bulbs</token>
      <token status="ok" id="tok2644">would</token>
      <token status="ok" id="tok2645">turn</token>
      <token status="ok" id="tok2646">off</token>
      <token status="ok" id="tok2647">because</token>
      <token status="ok" id="tok2648">they</token>
      <token status="ok" id="tok2649">are</token>
      <token status="ok" id="tok2650">all</token>
      <token status="ok" id="tok2651">within</token>
      <token status="ok" id="tok2652">the</token>
      <token status="ok" id="tok2653">same</token>
      <token status="ok" id="tok2654">path</token>
    </studentAnswer>
    <studentAnswer count="2" answerMatch="answer416.1" raw_text="Bulb A and bulb C are in the same path." id="SwitchesBulbsSeries-GIVE_CIRCUIT_TYPE_SERIES_EXPLAIN_Q.sbjb13-l2.qa116" accuracy="correct">
      <token status="ok" id="tok2597">Bulb</token>
      <token status="ok" id="tok2598">A</token>
      <token status="ok" id="tok2599">and</token>
      <token status="ok" id="tok2600">bulb</token>
      <token status="ok" id="tok2601">C</token>
      <token status="ok" id="tok2602">are</token>
      <token status="ok" id="tok2603">in</token>
      <token status="ok" id="tok2604">the</token>
      <token status="ok" id="tok2605">same</token>
      <token status="ok" id="tok2606">path</token>
    </studentAnswer>
    <studentAnswer count="1" answerMatch="answer416.1" raw_text="they are on the same apth" id="SwitchesBulbsSeries-GIVE_CIRCUIT_TYPE_SERIES_EXPLAIN_Q.sbjb15-l2.qa117" accuracy="correct">
      <token status="ok" id="tok2451">they</token>
      <token status="ok" id="tok2452">are</token>
      <token status="ok" id="tok2453">on</token>
      <token status="ok" id="tok2454">the</token>
      <token status="ok" id="tok2455">same</token>
      <token status="ok" id="tok2456" original="apth">path</token>
    </studentAnswer>
    <studentAnswer count="1" answerMatch="answer416.1" raw_text="wired in same path" id="SwitchesBulbsSeries-GIVE_CIRCUIT_TYPE_SERIES_EXPLAIN_Q.sbjb16-l2.qa117" accuracy="correct">
      <token status="ok" id="tok2445">wired</token>
      <token status="ok" id="tok2446">in</token>
      <token status="ok" id="tok2447">same</token>
      <token status="ok" id="tok2448">path</token>
    </studentAnswer>
    <studentAnswer count="1" answerMatch="answer416.1" raw_text="They are all affected by one another along the same path" id="SwitchesBulbsSeries-GIVE_CIRCUIT_TYPE_SERIES_EXPLAIN_Q.sbjb17-l2.qa118" accuracy="correct">
      <token status="ok" id="tok2533">They</token>
      <token status="ok" id="tok2534">are</token>
      <token status="ok" id="tok2535">all</token>
      <token status="ok" id="tok2536">affected</token>
      <token status="ok" id="tok2537">by</token>
      <token status="ok" id="tok2538">one</token>
      <token status="ok" id="tok2539">another</token>
      <token status="ok" id="tok2540">along</token>
      <token status="ok" id="tok2541">the</token>
      <token status="ok" id="tok2542">same</token>
      <token status="ok" id="tok2543">path</token>
    </studentAnswer>
    <studentAnswer count="1" answerMatch="answer416.1" raw_text="theya re connectted by another bulb" id="SwitchesBulbsSeries-GIVE_CIRCUIT_TYPE_SERIES_EXPLAIN_Q.sbjb21-l2.qa116" accuracy="partially_correct_incomplete">
      <token status="ok" id="tok2392+a">they</token>
      <token status="ok" id="tok2392+b">are</token>
      <token status="ok" id="tok2394" original="connectted">connected</token>
      <token status="ok" id="tok2395">by</token>
      <token status="ok" id="tok2396">another</token>
      <token status="ok" id="tok2397">bulb</token>
    </studentAnswer>
    <studentAnswer count="1" answerMatch="answer416" raw_text="closed path" id="SwitchesBulbsSeries-GIVE_CIRCUIT_TYPE_SERIES_EXPLAIN_Q.sbjb22-l2.qa118" accuracy="partially_correct_incomplete">
      <token status="ok" id="tok2408">closed</token>
      <token status="ok" id="tok2409">path</token>
    </studentAnswer>
    <studentAnswer count="1" answerMatch="answer416.1" raw_text="THE ARE ON THE SAME PATH" id="SwitchesBulbsSeries-GIVE_CIRCUIT_TYPE_SERIES_EXPLAIN_Q.sbjb24-l2.qa120" accuracy="correct">
      <token status="ok" id="tok2446" original="THE">THEY</token>
      <token status="ok" id="tok2447">ARE</token>
      <token status="ok" id="tok2448">ON</token>
      <token status="ok" id="tok2449">THE</token>
      <token status="ok" id="tok2450">SAME</token>
      <token status="ok" id="tok2451">PATH</token>
    </studentAnswer>
    <studentAnswer count="1" answerMatch="answer416.1" raw_text="They are all within the same path." id="SwitchesBulbsSeries-GIVE_CIRCUIT_TYPE_SERIES_EXPLAIN_Q.sbjb25-l2.qa118" accuracy="correct">
      <token status="ok" id="tok2506">They</token>
      <token status="ok" id="tok2507">are</token>
      <token status="ok" id="tok2508">all</token>
      <token status="ok" id="tok2509">within</token>
      <token status="ok" id="tok2510">the</token>
      <token status="ok" id="tok2511">same</token>
      <token status="ok" id="tok2512">path</token>
    </studentAnswer>
    <studentAnswer count="1" answerMatch="answer416.1" raw_text="They are on the same path." id="SwitchesBulbsSeries-GIVE_CIRCUIT_TYPE_SERIES_EXPLAIN_Q.sbjb26-l2.qa116" accuracy="correct">
      <token status="ok" id="tok2547">They</token>
      <token status="ok" id="tok2548">are</token>
      <token status="ok" id="tok2549">on</token>
      <token status="ok" id="tok2550">the</token>
      <token status="ok" id="tok2551">same</token>
      <token status="ok" id="tok2552">path</token>
    </studentAnswer>
    <studentAnswer count="1" answerMatch="answer416.1" raw_text="they affect one another" id="SwitchesBulbsSeries-GIVE_CIRCUIT_TYPE_SERIES_EXPLAIN_Q.sbjb29-l2.qa117" accuracy="partially_correct_incomplete">
      <token status="ok" id="tok2516">they</token>
      <token status="ok" id="tok2517">affect</token>
      <token status="ok" id="tok2518">one</token>
      <token status="ok" id="tok2519">another</token>
    </studentAnswer>
    <studentAnswer count="1" answerMatch="answer416" raw_text="bulb a and c are in a closed circuit" id="SwitchesBulbsSeries-GIVE_CIRCUIT_TYPE_SERIES_EXPLAIN_Q.sbjb31-l2.qa116" accuracy="contradictory">
      <token status="ok" id="tok2596">bulb</token>
      <token status="ok" id="tok2597">a</token>
      <token status="ok" id="tok2598">and</token>
      <token status="ok" id="tok2599">c</token>
      <token status="ok" id="tok2600">are</token>
      <token status="ok" id="tok2601">in</token>
      <token status="ok" id="tok2602">a</token>
      <token status="ok" id="tok2603">closed</token>
      <token status="ok" id="tok2604">circuit</token>
    </studentAnswer>
    <studentAnswer count="1" answerMatch="answer416" raw_text="Bulb A and bulb C affect each other." id="SwitchesBulbsSeries-GIVE_CIRCUIT_TYPE_SERIES_EXPLAIN_Q.sbjb34-l2.qa117" accuracy="partially_correct_incomplete">
      <token status="ok" id="tok2584">Bulb</token>
      <token status="ok" id="tok2585">A</token>
      <token status="ok" id="tok2586">and</token>
      <token status="ok" id="tok2587">bulb</token>
      <token status="ok" id="tok2588">C</token>
      <token status="ok" id="tok2589">affect</token>
      <token status="ok" id="tok2590">each</token>
      <token status="ok" id="tok2591">other</token>
    </studentAnswer>
    <studentAnswer count="1" answerMatch="answer416" raw_text="becuase breaking one  bulb then affects the ability of the others to light up." id="SwitchesBulbsSeries-GIVE_CIRCUIT_TYPE_SERIES_EXPLAIN_Q.sbjb35-l2.qa118" accuracy="partially_correct_incomplete">
      <token status="ok" id="tok2582" original="becuase">because</token>
      <token status="ok" id="tok2583">breaking</token>
      <token status="ok" id="tok2584">one</token>
      <token status="ok" id="tok2585">bulb</token>
      <token status="ok" id="tok2586">then</token>
      <token status="ok" id="tok2587">affects</token>
      <token status="ok" id="tok2588">the</token>
      <token status="ok" id="tok2589">ability</token>
      <token status="ok" id="tok2590">of</token>
      <token status="ok" id="tok2591">the</token>
      <token status="ok" id="tok2592">others</token>
      <token status="ok" id="tok2593">to</token>
      <token status="ok" id="tok2594">light</token>
      <token status="ok" id="tok2595">up</token>
    </studentAnswer>
    <studentAnswer count="1" answerMatch="answer416.1" raw_text="if one is out the others will go out, they are in the same closed path" id="SwitchesBulbsSeries-GIVE_CIRCUIT_TYPE_SERIES_EXPLAIN_Q.sbjb36-l2.qa116" accuracy="correct">
      <token status="ok" id="tok2505">if</token>
      <token status="ok" id="tok2506">one</token>
      <token status="ok" id="tok2507">is</token>
      <token status="ok" id="tok2508">out</token>
      <token status="ok" id="tok2509">the</token>
      <token status="ok" id="tok2510">others</token>
      <token status="ok" id="tok2511">will</token>
      <token status="ok" id="tok2512">go</token>
      <token status="ok" id="tok2513">out</token>
      <token status="ok" id="tok2514">they</token>
      <token status="ok" id="tok2515">are</token>
      <token status="ok" id="tok2516">in</token>
      <token status="ok" id="tok2517">the</token>
      <token status="ok" id="tok2518">same</token>
      <token status="ok" id="tok2519">closed</token>
      <token status="ok" id="tok2520">path</token>
    </studentAnswer>
    <studentAnswer count="1" answerMatch="answer416" raw_text="They are all on the dame closed path" id="SwitchesBulbsSeries-GIVE_CIRCUIT_TYPE_SERIES_EXPLAIN_Q.sbjb37-l2.qa117" accuracy="correct">
      <token status="ok" id="tok2480">They</token>
      <token status="ok" id="tok2481">are</token>
      <token status="ok" id="tok2482">all</token>
      <token status="ok" id="tok2483">on</token>
      <token status="ok" id="tok2484">the</token>
      <token status="ok" id="tok2485">dame</token>
      <token status="ok" id="tok2486">closed</token>
      <token status="ok" id="tok2487">path</token>
    </studentAnswer>
    <studentAnswer count="1" answerMatch="answer416" raw_text="They are contained on the same closed path." id="SwitchesBulbsSeries-GIVE_CIRCUIT_TYPE_SERIES_EXPLAIN_Q.sbjb38-l2.qa116" accuracy="correct">
      <token status="ok" id="tok2607">They</token>
      <token status="ok" id="tok2608">are</token>
      <token status="ok" id="tok2609">contained</token>
      <token status="ok" id="tok2610">on</token>
      <token status="ok" id="tok2611">the</token>
      <token status="ok" id="tok2612">same</token>
      <token status="ok" id="tok2613">closed</token>
      <token status="ok" id="tok2614">path</token>
    </studentAnswer>
    <studentAnswer count="1" answerMatch="answer416.1" raw_text="they are not parallel" id="SwitchesBulbsSeries-GIVE_CIRCUIT_TYPE_SERIES_EXPLAIN_Q.sbjb40-l2.qa116" accuracy="partially_correct_incomplete">
      <token status="ok" id="tok2493">they</token>
      <token status="ok" id="tok2494">are</token>
      <token status="ok" id="tok2495">not</token>
      <token status="ok" id="tok2496">parallel</token>
    </studentAnswer>
    <studentAnswer count="1" answerMatch="answer416.1" raw_text="removing either A or C will turn off the other bulb" id="SwitchesBulbsSeries-GIVE_CIRCUIT_TYPE_SERIES_EXPLAIN_Q.sbjb42-l2.qa116" accuracy="partially_correct_incomplete">
      <token status="ok" id="tok2542">removing</token>
      <token status="ok" id="tok2543">either</token>
      <token status="ok" id="tok2544">A</token>
      <token status="ok" id="tok2545">or</token>
      <token status="ok" id="tok2546">C</token>
      <token status="ok" id="tok2547">will</token>
      <token status="ok" id="tok2548">turn</token>
      <token status="ok" id="tok2549">off</token>
      <token status="ok" id="tok2550">the</token>
      <token status="ok" id="tok2551">other</token>
      <token status="ok" id="tok2552">bulb</token>
    </studentAnswer>
  </studentAnswers>
</question>
