<?xml version="1.0"?>
<question qtype="Q_EXPLAIN_GENERIC" id="HYBRID_BURNED_OUT_WHY_Q3" module="SwitchesBulbsParallel" stype="EVALUATE">
  <questionText>Under what circumstances will a damaged/ burned out bulb affect another bulb?</questionText>
  <referenceAnswers>
    <referenceAnswer category="BEST" id="answer402" fileID="HYBRID_BURNED_OUT_WHY_Q3_ANS1">If they are in the same path the burned out bulb affects the other bulb.</referenceAnswer>
    <referenceAnswer category="GOOD" id="answer404" fileID="HYBRID_BURNED_OUT_WHY_Q3_ANS2">It depends on whether or not they are in the same path</referenceAnswer>
    <referenceAnswer category="MINIMAL" id="answer405" fileID="HYBRID_BURNED_OUT_WHY_Q3_ANS3">The damaged bulb and the other bulb must be contained in the same path</referenceAnswer>
  </referenceAnswers>
  <studentAnswers>
    <studentAnswer count="1" answerMatch="answer405" raw_text="if the damaged bulb and the other bulb are contained within the same path" id="SwitchesBulbsParallel-HYBRID_BURNED_OUT_WHY_Q3.sbj3-l2.qa109" accuracy="correct">
      <token status="ok" id="tok2153">if</token>
      <token status="ok" id="tok2154">the</token>
      <token status="ok" id="tok2155">damaged</token>
      <token status="ok" id="tok2156">bulb</token>
      <token status="ok" id="tok2157">and</token>
      <token status="ok" id="tok2158">the</token>
      <token status="ok" id="tok2159">other</token>
      <token status="ok" id="tok2160">bulb</token>
      <token status="ok" id="tok2161">are</token>
      <token status="ok" id="tok2162">contained</token>
      <token status="ok" id="tok2163">within</token>
      <token status="ok" id="tok2164">the</token>
      <token status="ok" id="tok2165">same</token>
      <token status="ok" id="tok2166">path</token>
    </studentAnswer>
    <studentAnswer count="1" answerMatch="answer404" raw_text="if it is contained in the same path" id="SwitchesBulbsParallel-HYBRID_BURNED_OUT_WHY_Q3.sbj7-l2.qa113" accuracy="correct">
      <token status="ok" id="tok2257">if</token>
      <token status="ok" id="tok2258">it</token>
      <token status="ok" id="tok2259">is</token>
      <token status="ok" id="tok2260">contained</token>
      <token status="ok" id="tok2261">in</token>
      <token status="ok" id="tok2262">the</token>
      <token status="ok" id="tok2263">same</token>
      <token status="ok" id="tok2264">path</token>
    </studentAnswer>
    <studentAnswer count="2" answerMatch="answer404" raw_text="if it is in the same path" id="SwitchesBulbsParallel-HYBRID_BURNED_OUT_WHY_Q3.sbj8-l2.qa123" accuracy="correct">
      <token status="ok" id="tok2585">if</token>
      <token status="ok" id="tok2586">it</token>
      <token status="ok" id="tok2587">is</token>
      <token status="ok" id="tok2588">in</token>
      <token status="ok" id="tok2589">the</token>
      <token status="ok" id="tok2590">same</token>
      <token status="ok" id="tok2591">path</token>
    </studentAnswer>
    <studentAnswer count="1" answerMatch="answer402" raw_text="if the damaged/ burned out bulb is in a path with another bulb and the battery, then the damaged/ burned out bulb will turn the other bulb off." id="SwitchesBulbsParallel-HYBRID_BURNED_OUT_WHY_Q3.sbj9-l2.qa114" accuracy="correct">
      <token status="ok" id="tok2270">if</token>
      <token status="ok" id="tok2271">the</token>
      <token status="ok" id="tok2272a">damaged</token>
      <token status="ok" id="tok2273">burned</token>
      <token status="ok" id="tok2274">out</token>
      <token status="ok" id="tok2275">bulb</token>
      <token status="ok" id="tok2276">is</token>
      <token status="ok" id="tok2277">in</token>
      <token status="ok" id="tok2278">a</token>
      <token status="ok" id="tok2279">path</token>
      <token status="ok" id="tok2280">with</token>
      <token status="ok" id="tok2281">another</token>
      <token status="ok" id="tok2282">bulb</token>
      <token status="ok" id="tok2283">and</token>
      <token status="ok" id="tok2284">the</token>
      <token status="ok" id="tok2285">battery</token>
      <token status="ok" id="tok2286">then</token>
      <token status="ok" id="tok2287">the</token>
      <token status="ok" id="tok2288a">damaged</token>
      <token status="ok" id="tok2289">burned</token>
      <token status="ok" id="tok2290">out</token>
      <token status="ok" id="tok2291">bulb</token>
      <token status="ok" id="tok2292">will</token>
      <token status="ok" id="tok2293">turn</token>
      <token status="ok" id="tok2294">the</token>
      <token status="ok" id="tok2295">other</token>
      <token status="ok" id="tok2296">bulb</token>
      <token status="ok" id="tok2297">off</token>
    </studentAnswer>
    <studentAnswer count="1" answerMatch="answer405" raw_text="if the damaged bulb is in a closed path with another bulb." id="SwitchesBulbsParallel-HYBRID_BURNED_OUT_WHY_Q3.sbj9-l2.qa115" accuracy="correct">
      <token status="ok" id="tok2311">if</token>
      <token status="ok" id="tok2312">the</token>
      <token status="ok" id="tok2313">damaged</token>
      <token status="ok" id="tok2314">bulb</token>
      <token status="ok" id="tok2315">is</token>
      <token status="ok" id="tok2316">in</token>
      <token status="ok" id="tok2317">a</token>
      <token status="ok" id="tok2318">closed</token>
      <token status="ok" id="tok2319">path</token>
      <token status="ok" id="tok2320">with</token>
      <token status="ok" id="tok2321">another</token>
      <token status="ok" id="tok2322">bulb</token>
    </studentAnswer>
    <studentAnswer count="1" answerMatch="answer405" raw_text="if the damaged bulb is on the same closed path as the other bulb" id="SwitchesBulbsParallel-HYBRID_BURNED_OUT_WHY_Q3.sbj10-l2.qa119" accuracy="correct">
      <token status="ok" id="tok2454">if</token>
      <token status="ok" id="tok2455">the</token>
      <token status="ok" id="tok2456">damaged</token>
      <token status="ok" id="tok2457">bulb</token>
      <token status="ok" id="tok2458">is</token>
      <token status="ok" id="tok2459">on</token>
      <token status="ok" id="tok2460">the</token>
      <token status="ok" id="tok2461">same</token>
      <token status="ok" id="tok2462">closed</token>
      <token status="ok" id="tok2463">path</token>
      <token status="ok" id="tok2464">as</token>
      <token status="ok" id="tok2465">the</token>
      <token status="ok" id="tok2466">other</token>
      <token status="ok" id="tok2467">bulb</token>
    </studentAnswer>
    <studentAnswer count="1" answerMatch="answer405" raw_text="if the damaged bulb is on the same closed path with the battery" id="SwitchesBulbsParallel-HYBRID_BURNED_OUT_WHY_Q3.sbj10-l2.qa120" accuracy="partially_correct_incomplete">
      <token status="ok" id="tok2485">if</token>
      <token status="ok" id="tok2486">the</token>
      <token status="ok" id="tok2487">damaged</token>
      <token status="ok" id="tok2488">bulb</token>
      <token status="ok" id="tok2489">is</token>
      <token status="ok" id="tok2490">on</token>
      <token status="ok" id="tok2491">the</token>
      <token status="ok" id="tok2492">same</token>
      <token status="ok" id="tok2493">closed</token>
      <token status="ok" id="tok2494">path</token>
      <token status="ok" id="tok2495">with</token>
      <token status="ok" id="tok2496">the</token>
      <token status="ok" id="tok2497">battery</token>
    </studentAnswer>
    <studentAnswer count="1" answerMatch="answer405" raw_text="if the damaged bulb is in the same closed path with the battery." id="SwitchesBulbsParallel-HYBRID_BURNED_OUT_WHY_Q3.sbj11-l2.qa118" accuracy="correct">
      <token status="ok" id="tok2438">if</token>
      <token status="ok" id="tok2439">the</token>
      <token status="ok" id="tok2440">damaged</token>
      <token status="ok" id="tok2441">bulb</token>
      <token status="ok" id="tok2442">is</token>
      <token status="ok" id="tok2443">in</token>
      <token status="ok" id="tok2444">the</token>
      <token status="ok" id="tok2445">same</token>
      <token status="ok" id="tok2446">closed</token>
      <token status="ok" id="tok2447">path</token>
      <token status="ok" id="tok2448">with</token>
      <token status="ok" id="tok2449">the</token>
      <token status="ok" id="tok2450">battery</token>
    </studentAnswer>
    <studentAnswer count="2" answerMatch="answer402" raw_text="a damaged bulb will affect another bulb if they are on the same path" id="SwitchesBulbsParallel-HYBRID_BURNED_OUT_WHY_Q3.sbj12-l2.qa125" accuracy="correct">
      <token status="ok" id="tok2420">a</token>
      <token status="ok" id="tok2421">damaged</token>
      <token status="ok" id="tok2422">bulb</token>
      <token status="ok" id="tok2423">will</token>
      <token status="ok" id="tok2424">affect</token>
      <token status="ok" id="tok2425">another</token>
      <token status="ok" id="tok2426">bulb</token>
      <token status="ok" id="tok2427">if</token>
      <token status="ok" id="tok2428">they</token>
      <token status="ok" id="tok2429">are</token>
      <token status="ok" id="tok2430">on</token>
      <token status="ok" id="tok2431">the</token>
      <token status="ok" id="tok2432">same</token>
      <token status="ok" id="tok2433">path</token>
    </studentAnswer>
    <studentAnswer count="1" raw_text="the other bulb will not light." id="SwitchesBulbsParallel-HYBRID_BURNED_OUT_WHY_Q3.sbj13-l2.qa129" accuracy="irrelevant">
      <token status="ok" id="tok2709">the</token>
      <token status="ok" id="tok2710">other</token>
      <token status="ok" id="tok2711">bulb</token>
      <token status="ok" id="tok2712">will</token>
      <token status="ok" id="tok2713">not</token>
      <token status="ok" id="tok2714">light</token>
    </studentAnswer>
    <studentAnswer count="1" answerMatch="answer402" raw_text="there will be a gap in the path." id="SwitchesBulbsParallel-HYBRID_BURNED_OUT_WHY_Q3.sbj13-l2.qa130" accuracy="partially_correct_incomplete">
      <token status="ok" id="tok2727">there</token>
      <token status="ok" id="tok2728">will</token>
      <token status="ok" id="tok2729">be</token>
      <token status="ok" id="tok2730">a</token>
      <token status="ok" id="tok2731">gap</token>
      <token status="ok" id="tok2732">in</token>
      <token status="ok" id="tok2733">the</token>
      <token status="ok" id="tok2734">path</token>
    </studentAnswer>
    <studentAnswer count="1" raw_text="i don&quot;t know." id="SwitchesBulbsParallel-HYBRID_BURNED_OUT_WHY_Q3.sbj13-l2.qa131" accuracy="non_domain">
      <token status="ok" id="tok2743">i</token>
      <token status="ok" id="tok2744">do</token>
      <token status="pennTokenFragment" id="tok2745">n't</token>
      <token status="ok" id="tok2746">know</token>
    </studentAnswer>
    <studentAnswer count="1" answerMatch="answer402" raw_text="there is a gap in the path of the bulb terminal." id="SwitchesBulbsParallel-HYBRID_BURNED_OUT_WHY_Q3.sbj13-l2.qa132" accuracy="partially_correct_incomplete">
      <token status="ok" id="tok2757">there</token>
      <token status="ok" id="tok2758">is</token>
      <token status="ok" id="tok2759">a</token>
      <token status="ok" id="tok2760">gap</token>
      <token status="ok" id="tok2761">in</token>
      <token status="ok" id="tok2762">the</token>
      <token status="ok" id="tok2763">path</token>
      <token status="ok" id="tok2764">of</token>
      <token status="ok" id="tok2765">the</token>
      <token status="ok" id="tok2766">bulb</token>
      <token status="ok" id="tok2767">terminal</token>
    </studentAnswer>
    <studentAnswer count="1" answerMatch="answer404" raw_text="if the damaged bulb is in the same path as the other bulb." id="SwitchesBulbsParallel-HYBRID_BURNED_OUT_WHY_Q3.sbj14-l2.qa122" accuracy="correct">
      <token status="ok" id="tok2413">if</token>
      <token status="ok" id="tok2414">the</token>
      <token status="ok" id="tok2415">damaged</token>
      <token status="ok" id="tok2416">bulb</token>
      <token status="ok" id="tok2417">is</token>
      <token status="ok" id="tok2418">in</token>
      <token status="ok" id="tok2419">the</token>
      <token status="ok" id="tok2420">same</token>
      <token status="ok" id="tok2421">path</token>
      <token status="ok" id="tok2422">as</token>
      <token status="ok" id="tok2423">the</token>
      <token status="ok" id="tok2424">other</token>
      <token status="ok" id="tok2425">bulb</token>
    </studentAnswer>
    <studentAnswer count="1" answerMatch="answer404" raw_text="They are on the same paths." id="SwitchesBulbsParallel-HYBRID_BURNED_OUT_WHY_Q3.sbj14-l2.qa123" accuracy="correct">
      <token status="ok" id="tok2443">They</token>
      <token status="ok" id="tok2444">are</token>
      <token status="ok" id="tok2445">on</token>
      <token status="ok" id="tok2446">the</token>
      <token status="ok" id="tok2447">same</token>
      <token status="ok" id="tok2448">paths</token>
    </studentAnswer>
    <studentAnswer count="1" raw_text="the bulb will be burned out because the terminals" id="SwitchesBulbsParallel-HYBRID_BURNED_OUT_WHY_Q3.sbj15-l2.qa143" accuracy="contradictory">
      <token status="ok" id="tok3103">the</token>
      <token status="ok" id="tok3104">bulb</token>
      <token status="ok" id="tok3105">will</token>
      <token status="ok" id="tok3106">be</token>
      <token status="ok" id="tok3107">burned</token>
      <token status="ok" id="tok3108">out</token>
      <token status="ok" id="tok3109">because</token>
      <token status="ok" id="tok3110">the</token>
      <token status="ok" id="tok3111">terminals</token>
    </studentAnswer>
    <studentAnswer count="1" raw_text="not right now" id="SwitchesBulbsParallel-HYBRID_BURNED_OUT_WHY_Q3.sbj15-l2.qa144" accuracy="non_domain">
      <token status="ok" id="tok3122">not</token>
      <token status="ok" id="tok3123">right</token>
      <token status="ok" id="tok3124">now</token>
    </studentAnswer>
    <studentAnswer count="1" answerMatch="answer405" raw_text="the bulb is contained in the bath" id="SwitchesBulbsParallel-HYBRID_BURNED_OUT_WHY_Q3.sbj15-l2.qa146" accuracy="partially_correct_incomplete">
      <token status="ok" id="tok3183">the</token>
      <token status="ok" id="tok3184">bulb</token>
      <token status="ok" id="tok3185">is</token>
      <token status="ok" id="tok3186">contained</token>
      <token status="ok" id="tok3187">in</token>
      <token status="ok" id="tok3188">the</token>
      <token status="ok" id="tok3189">bath</token>
    </studentAnswer>
    <studentAnswer count="1" answerMatch="answer402" raw_text="A damaged bulb will affect another bulb when it breaks the closed path with the battery." id="SwitchesBulbsParallel-HYBRID_BURNED_OUT_WHY_Q3.sbj18-l2.qa112" accuracy="partially_correct_incomplete">
      <token status="ok" id="tok2266">A</token>
      <token status="ok" id="tok2267">damaged</token>
      <token status="ok" id="tok2268">bulb</token>
      <token status="ok" id="tok2269">will</token>
      <token status="ok" id="tok2270">affect</token>
      <token status="ok" id="tok2271">another</token>
      <token status="ok" id="tok2272">bulb</token>
      <token status="ok" id="tok2273">when</token>
      <token status="ok" id="tok2274">it</token>
      <token status="ok" id="tok2275">breaks</token>
      <token status="ok" id="tok2276">the</token>
      <token status="ok" id="tok2277">closed</token>
      <token status="ok" id="tok2278">path</token>
      <token status="ok" id="tok2279">with</token>
      <token status="ok" id="tok2280">the</token>
      <token status="ok" id="tok2281">battery</token>
    </studentAnswer>
    <studentAnswer count="1" answerMatch="answer402" raw_text="A damaged bulb will affect another bulb when it creates a gap in the closed path with the battery" id="SwitchesBulbsParallel-HYBRID_BURNED_OUT_WHY_Q3.sbj18-l2.qa113" accuracy="partially_correct_incomplete">
      <token status="ok" id="tok2314">A</token>
      <token status="ok" id="tok2315">damaged</token>
      <token status="ok" id="tok2316">bulb</token>
      <token status="ok" id="tok2317">will</token>
      <token status="ok" id="tok2318">affect</token>
      <token status="ok" id="tok2319">another</token>
      <token status="ok" id="tok2320">bulb</token>
      <token status="ok" id="tok2321">when</token>
      <token status="ok" id="tok2322">it</token>
      <token status="ok" id="tok2323">creates</token>
      <token status="ok" id="tok2324">a</token>
      <token status="ok" id="tok2325">gap</token>
      <token status="ok" id="tok2326">in</token>
      <token status="ok" id="tok2327">the</token>
      <token status="ok" id="tok2328">closed</token>
      <token status="ok" id="tok2329">path</token>
      <token status="ok" id="tok2330">with</token>
      <token status="ok" id="tok2331">the</token>
      <token status="ok" id="tok2332">battery</token>
    </studentAnswer>
    <studentAnswer count="1" answerMatch="answer402" raw_text="A damaged bulb will affect another bulb when it creates a gap in the other bulb&quot;s closed path with the battery." id="SwitchesBulbsParallel-HYBRID_BURNED_OUT_WHY_Q3.sbj18-l2.qa114" accuracy="partially_correct_incomplete">
      <token status="ok" id="tok2339">A</token>
      <token status="ok" id="tok2340">damaged</token>
      <token status="ok" id="tok2341">bulb</token>
      <token status="ok" id="tok2342">will</token>
      <token status="ok" id="tok2343">affect</token>
      <token status="ok" id="tok2344">another</token>
      <token status="ok" id="tok2345">bulb</token>
      <token status="ok" id="tok2346">when</token>
      <token status="ok" id="tok2347">it</token>
      <token status="ok" id="tok2348">creates</token>
      <token status="ok" id="tok2349">a</token>
      <token status="ok" id="tok2350">gap</token>
      <token status="ok" id="tok2351">in</token>
      <token status="ok" id="tok2352">the</token>
      <token status="ok" id="tok2353">other</token>
      <token status="ok" id="tok2354">bulb</token>
      <token status="pennTokenFragment" id="tok2355">'s</token>
      <token status="ok" id="tok2356">closed</token>
      <token status="ok" id="tok2357">path</token>
      <token status="ok" id="tok2358">with</token>
      <token status="ok" id="tok2359">the</token>
      <token status="ok" id="tok2360">battery</token>
    </studentAnswer>
    <studentAnswer count="1" answerMatch="answer404" raw_text="if they are not contain  in a closed path" id="SwitchesBulbsParallel-HYBRID_BURNED_OUT_WHY_Q3.sbj19-l2.qa142" accuracy="partially_correct_incomplete">
      <token status="ok" id="tok3111">if</token>
      <token status="ok" id="tok3112">they</token>
      <token status="ok" id="tok3113">are</token>
      <token status="ok" id="tok3114">not</token>
      <token status="ok" id="tok3115">contain</token>
      <token status="ok" id="tok3116">in</token>
      <token status="ok" id="tok3117">a</token>
      <token status="ok" id="tok3118">closed</token>
      <token status="ok" id="tok3119">path</token>
    </studentAnswer>
    <studentAnswer count="1" answerMatch="answer404" raw_text="not contained in a closed path" id="SwitchesBulbsParallel-HYBRID_BURNED_OUT_WHY_Q3.sbj19-l2.qa143" accuracy="partially_correct_incomplete">
      <token status="ok" id="tok3130">not</token>
      <token status="ok" id="tok3131">contained</token>
      <token status="ok" id="tok3132">in</token>
      <token status="ok" id="tok3133">a</token>
      <token status="ok" id="tok3134">closed</token>
      <token status="ok" id="tok3135">path</token>
    </studentAnswer>
    <studentAnswer count="1" raw_text="Bulb C is not contained in a closed path" id="SwitchesBulbsParallel-HYBRID_BURNED_OUT_WHY_Q3.sbj19-l2.qa144" accuracy="contradictory">
      <token status="ok" id="tok3145">Bulb</token>
      <token status="ok" id="tok3146">C</token>
      <token status="ok" id="tok3147">is</token>
      <token status="ok" id="tok3148">not</token>
      <token status="ok" id="tok3149">contained</token>
      <token status="ok" id="tok3150">in</token>
      <token status="ok" id="tok3151">a</token>
      <token status="ok" id="tok3152">closed</token>
      <token status="ok" id="tok3153">path</token>
    </studentAnswer>
    <studentAnswer count="1" answerMatch="answer404" raw_text="if it is in the same closed path" id="SwitchesBulbsParallel-HYBRID_BURNED_OUT_WHY_Q3.sbj22-l2.qa128" accuracy="correct">
      <token status="ok" id="tok2650">if</token>
      <token status="ok" id="tok2651">it</token>
      <token status="ok" id="tok2652">is</token>
      <token status="ok" id="tok2653">in</token>
      <token status="ok" id="tok2654">the</token>
      <token status="ok" id="tok2655">same</token>
      <token status="ok" id="tok2656">closed</token>
      <token status="ok" id="tok2657">path</token>
    </studentAnswer>
    <studentAnswer count="1" answerMatch="answer402" raw_text="A damaged bulb affects another bulb when they are contained in the same path." id="SwitchesBulbsParallel-HYBRID_BURNED_OUT_WHY_Q3.sbj23-l2.qa119" accuracy="correct">
      <token status="ok" id="tok2382">A</token>
      <token status="ok" id="tok2383">damaged</token>
      <token status="ok" id="tok2384">bulb</token>
      <token status="ok" id="tok2385">affects</token>
      <token status="ok" id="tok2386">another</token>
      <token status="ok" id="tok2387">bulb</token>
      <token status="ok" id="tok2388">when</token>
      <token status="ok" id="tok2389">they</token>
      <token status="ok" id="tok2390">are</token>
      <token status="ok" id="tok2391">contained</token>
      <token status="ok" id="tok2392">in</token>
      <token status="ok" id="tok2393">the</token>
      <token status="ok" id="tok2394">same</token>
      <token status="ok" id="tok2395">path</token>
    </studentAnswer>
    <studentAnswer count="1" answerMatch="answer404" raw_text="if they are in the same path" id="SwitchesBulbsParallel-HYBRID_BURNED_OUT_WHY_Q3.sbj24-l2.qa116" accuracy="correct">
      <token status="ok" id="tok2227">if</token>
      <token status="ok" id="tok2228">they</token>
      <token status="ok" id="tok2229">are</token>
      <token status="ok" id="tok2230">in</token>
      <token status="ok" id="tok2231">the</token>
      <token status="ok" id="tok2232">same</token>
      <token status="ok" id="tok2233">path</token>
    </studentAnswer>
    <studentAnswer count="1" answerMatch="answer404" raw_text="if they are contained in the same closed path" id="SwitchesBulbsParallel-HYBRID_BURNED_OUT_WHY_Q3.sbj26-l2.qa135" accuracy="correct">
      <token status="ok" id="tok2795">if</token>
      <token status="ok" id="tok2796">they</token>
      <token status="ok" id="tok2797">are</token>
      <token status="ok" id="tok2798">contained</token>
      <token status="ok" id="tok2799">in</token>
      <token status="ok" id="tok2800">the</token>
      <token status="ok" id="tok2801">same</token>
      <token status="ok" id="tok2802">closed</token>
      <token status="ok" id="tok2803">path</token>
    </studentAnswer>
    <studentAnswer count="1" answerMatch="answer405" raw_text="if both bulbs are contained within a closed path" id="SwitchesBulbsParallel-HYBRID_BURNED_OUT_WHY_Q3.sbj29-l2.qa125" accuracy="partially_correct_incomplete">
      <token status="ok" id="tok2634">if</token>
      <token status="ok" id="tok2635">both</token>
      <token status="ok" id="tok2636">bulbs</token>
      <token status="ok" id="tok2637">are</token>
      <token status="ok" id="tok2638">contained</token>
      <token status="ok" id="tok2639">within</token>
      <token status="ok" id="tok2640">a</token>
      <token status="ok" id="tok2641">closed</token>
      <token status="ok" id="tok2642">path</token>
    </studentAnswer>
    <studentAnswer count="1" answerMatch="answer404" raw_text="If it is on the only path of that bulb that contains the battery" id="SwitchesBulbsParallel-HYBRID_BURNED_OUT_WHY_Q3.sbj30-l2.qa124" accuracy="correct">
      <token status="ok" id="tok2659">If</token>
      <token status="ok" id="tok2660">it</token>
      <token status="ok" id="tok2661">is</token>
      <token status="ok" id="tok2662">on</token>
      <token status="ok" id="tok2663">the</token>
      <token status="ok" id="tok2664">only</token>
      <token status="ok" id="tok2665">path</token>
      <token status="ok" id="tok2666">of</token>
      <token status="ok" id="tok2667">that</token>
      <token status="ok" id="tok2668">bulb</token>
      <token status="ok" id="tok2669">that</token>
      <token status="ok" id="tok2670">contains</token>
      <token status="ok" id="tok2671">the</token>
      <token status="ok" id="tok2672">battery</token>
    </studentAnswer>
    <studentAnswer count="1" raw_text="if it is on a series with other bulbs" id="SwitchesBulbsParallel-HYBRID_BURNED_OUT_WHY_Q3.sbj31-l2.qa125" accuracy="correct">
      <token status="ok" id="tok2462">if</token>
      <token status="ok" id="tok2463">it</token>
      <token status="ok" id="tok2464">is</token>
      <token status="ok" id="tok2465">on</token>
      <token status="ok" id="tok2466">a</token>
      <token status="ok" id="tok2467">series</token>
      <token status="ok" id="tok2468">with</token>
      <token status="ok" id="tok2469">other</token>
      <token status="ok" id="tok2470">bulbs</token>
    </studentAnswer>
    <studentAnswer count="4" raw_text="i dont know" id="SwitchesBulbsParallel-HYBRID_BURNED_OUT_WHY_Q3.sbj31-l2.qa126" accuracy="non_domain">
      <token status="ok" id="tok2491">i</token>
      <token status="ok" id="tok2492a">do</token>
      <token status="pennTokenFragment" id="tok2492b" original="nt">n't</token>
      <token status="ok" id="tok2493">know</token>
    </studentAnswer>
    <studentAnswer count="1" raw_text="tell answer" id="SwitchesBulbsParallel-HYBRID_BURNED_OUT_WHY_Q3.sbj33-l2.qa123" accuracy="non_domain">
      <token status="ok" id="tok2383">tell</token>
      <token status="ok" id="tok2384">answer</token>
    </studentAnswer>
    <studentAnswer count="2" answerMatch="answer404" raw_text="If they are contained in the same path" id="SwitchesBulbsParallel-HYBRID_BURNED_OUT_WHY_Q3.sbj34-l2.qa126" accuracy="correct">
      <token status="ok" id="tok2515">If</token>
      <token status="ok" id="tok2516">they</token>
      <token status="ok" id="tok2517">are</token>
      <token status="ok" id="tok2518">contained</token>
      <token status="ok" id="tok2519">in</token>
      <token status="ok" id="tok2520">the</token>
      <token status="ok" id="tok2521">same</token>
      <token status="ok" id="tok2522">path</token>
    </studentAnswer>
    <studentAnswer count="1" answerMatch="answer405" raw_text="If the other bulb is no longer contained in a closed path with the battery" id="SwitchesBulbsParallel-HYBRID_BURNED_OUT_WHY_Q3.sbj35-l2.qa127" accuracy="partially_correct_incomplete">
      <token status="ok" id="tok2616">If</token>
      <token status="ok" id="tok2617">the</token>
      <token status="ok" id="tok2618">other</token>
      <token status="ok" id="tok2619">bulb</token>
      <token status="ok" id="tok2620">is</token>
      <token status="ok" id="tok2621">no</token>
      <token status="ok" id="tok2622">longer</token>
      <token status="ok" id="tok2623">contained</token>
      <token status="ok" id="tok2624">in</token>
      <token status="ok" id="tok2625">a</token>
      <token status="ok" id="tok2626">closed</token>
      <token status="ok" id="tok2627">path</token>
      <token status="ok" id="tok2628">with</token>
      <token status="ok" id="tok2629">the</token>
      <token status="ok" id="tok2630">battery</token>
    </studentAnswer>
    <studentAnswer count="1" answerMatch="answer402" raw_text="If the damages bulb creates a gap and causes the other bulb to no longer be contained in a closed path with the battery" id="SwitchesBulbsParallel-HYBRID_BURNED_OUT_WHY_Q3.sbj35-l2.qa128" accuracy="partially_correct_incomplete">
      <token status="ok" id="tok2644">If</token>
      <token status="ok" id="tok2645">the</token>
      <token status="ok" id="tok2646">damages</token>
      <token status="ok" id="tok2647">bulb</token>
      <token status="ok" id="tok2648">creates</token>
      <token status="ok" id="tok2649">a</token>
      <token status="ok" id="tok2650">gap</token>
      <token status="ok" id="tok2651">and</token>
      <token status="ok" id="tok2652">causes</token>
      <token status="ok" id="tok2653">the</token>
      <token status="ok" id="tok2654">other</token>
      <token status="ok" id="tok2655">bulb</token>
      <token status="ok" id="tok2656">to</token>
      <token status="ok" id="tok2657">no</token>
      <token status="ok" id="tok2658">longer</token>
      <token status="ok" id="tok2659">be</token>
      <token status="ok" id="tok2660">contained</token>
      <token status="ok" id="tok2661">in</token>
      <token status="ok" id="tok2662">a</token>
      <token status="ok" id="tok2663">closed</token>
      <token status="ok" id="tok2664">path</token>
      <token status="ok" id="tok2665">with</token>
      <token status="ok" id="tok2666">the</token>
      <token status="ok" id="tok2667">battery</token>
    </studentAnswer>
    <studentAnswer count="1" answerMatch="answer405" raw_text="the bulb is contained in a cloed path with the battery" id="SwitchesBulbsParallel-HYBRID_BURNED_OUT_WHY_Q3.sbj35-l2.qa129" accuracy="partially_correct_incomplete">
      <token status="ok" id="tok2697">the</token>
      <token status="ok" id="tok2698">bulb</token>
      <token status="ok" id="tok2699">is</token>
      <token status="ok" id="tok2700">contained</token>
      <token status="ok" id="tok2701">in</token>
      <token status="ok" id="tok2702">a</token>
      <token status="ok" id="tok2703" original="cloed">closed</token>
      <token status="ok" id="tok2704">path</token>
      <token status="ok" id="tok2705">with</token>
      <token status="ok" id="tok2706">the</token>
      <token status="ok" id="tok2707">battery</token>
    </studentAnswer>
    <studentAnswer count="1" answerMatch="answer405" raw_text="if the damaged bulb is on the ame path as the undamaged bulb" id="SwitchesBulbsParallel-HYBRID_BURNED_OUT_WHY_Q3.sbj36-l2.qa117" accuracy="correct">
      <token status="ok" id="tok2262">if</token>
      <token status="ok" id="tok2263">the</token>
      <token status="ok" id="tok2264">damaged</token>
      <token status="ok" id="tok2265">bulb</token>
      <token status="ok" id="tok2266">is</token>
      <token status="ok" id="tok2267">on</token>
      <token status="ok" id="tok2268">the</token>
      <token status="ok" id="tok2269" original="ame">same</token>
      <token status="ok" id="tok2270">path</token>
      <token status="ok" id="tok2271">as</token>
      <token status="ok" id="tok2272">the</token>
      <token status="ok" id="tok2273">undamaged</token>
      <token status="ok" id="tok2274">bulb</token>
    </studentAnswer>
    <studentAnswer count="1" answerMatch="answer404" raw_text="if the damaged bulb is on the same path with the battery" id="SwitchesBulbsParallel-HYBRID_BURNED_OUT_WHY_Q3.sbj36-l2.qa118" accuracy="correct">
      <token status="ok" id="tok2309">if</token>
      <token status="ok" id="tok2310">the</token>
      <token status="ok" id="tok2311">damaged</token>
      <token status="ok" id="tok2312">bulb</token>
      <token status="ok" id="tok2313">is</token>
      <token status="ok" id="tok2314">on</token>
      <token status="ok" id="tok2315">the</token>
      <token status="ok" id="tok2316">same</token>
      <token status="ok" id="tok2317">path</token>
      <token status="ok" id="tok2318">with</token>
      <token status="ok" id="tok2319">the</token>
      <token status="ok" id="tok2320">battery</token>
    </studentAnswer>
    <studentAnswer count="1" answerMatch="answer404" raw_text="if that bulb is in the same closed path as another bulb" id="SwitchesBulbsParallel-HYBRID_BURNED_OUT_WHY_Q3.sbj37-l2.qa113" accuracy="correct">
      <token status="ok" id="tok2441">if</token>
      <token status="ok" id="tok2442">that</token>
      <token status="ok" id="tok2443">bulb</token>
      <token status="ok" id="tok2444">is</token>
      <token status="ok" id="tok2445">in</token>
      <token status="ok" id="tok2446">the</token>
      <token status="ok" id="tok2447">same</token>
      <token status="ok" id="tok2448">closed</token>
      <token status="ok" id="tok2449">path</token>
      <token status="ok" id="tok2450">as</token>
      <token status="ok" id="tok2451">another</token>
      <token status="ok" id="tok2452">bulb</token>
    </studentAnswer>
    <studentAnswer count="1" answerMatch="answer404" raw_text="if the first bulb is in a closed path with another bulb" id="SwitchesBulbsParallel-HYBRID_BURNED_OUT_WHY_Q3.sbj37-l2.qa114" accuracy="correct">
      <token status="ok" id="tok2470">if</token>
      <token status="ok" id="tok2471">the</token>
      <token status="ok" id="tok2472">first</token>
      <token status="ok" id="tok2473">bulb</token>
      <token status="ok" id="tok2474">is</token>
      <token status="ok" id="tok2475">in</token>
      <token status="ok" id="tok2476">a</token>
      <token status="ok" id="tok2477">closed</token>
      <token status="ok" id="tok2478">path</token>
      <token status="ok" id="tok2479">with</token>
      <token status="ok" id="tok2480">another</token>
      <token status="ok" id="tok2481">bulb</token>
    </studentAnswer>
    <studentAnswer count="1" answerMatch="answer402" raw_text="a damaged bulb will affect another bulb if both bulbs are in a closed path with the battery." id="SwitchesBulbsParallel-HYBRID_BURNED_OUT_WHY_Q3.sbj38-l2.qa116" accuracy="correct">
      <token status="ok" id="tok2544">a</token>
      <token status="ok" id="tok2545">damaged</token>
      <token status="ok" id="tok2546">bulb</token>
      <token status="ok" id="tok2547">will</token>
      <token status="ok" id="tok2548">affect</token>
      <token status="ok" id="tok2549">another</token>
      <token status="ok" id="tok2550">bulb</token>
      <token status="ok" id="tok2551">if</token>
      <token status="ok" id="tok2552">both</token>
      <token status="ok" id="tok2553">bulbs</token>
      <token status="ok" id="tok2554">are</token>
      <token status="ok" id="tok2555">in</token>
      <token status="ok" id="tok2556">a</token>
      <token status="ok" id="tok2557">closed</token>
      <token status="ok" id="tok2558">path</token>
      <token status="ok" id="tok2559">with</token>
      <token status="ok" id="tok2560">the</token>
      <token status="ok" id="tok2561">battery</token>
    </studentAnswer>
    <studentAnswer count="1" answerMatch="answer402" raw_text="if a damaged or burned out bulb causes a gap in the path" id="SwitchesBulbsParallel-HYBRID_BURNED_OUT_WHY_Q3.sbj39-l2.qa135" accuracy="partially_correct_incomplete">
      <token status="ok" id="tok2739">if</token>
      <token status="ok" id="tok2740">a</token>
      <token status="ok" id="tok2741">damaged</token>
      <token status="ok" id="tok2742">or</token>
      <token status="ok" id="tok2743">burned</token>
      <token status="ok" id="tok2744">out</token>
      <token status="ok" id="tok2745">bulb</token>
      <token status="ok" id="tok2746">causes</token>
      <token status="ok" id="tok2747">a</token>
      <token status="ok" id="tok2748">gap</token>
      <token status="ok" id="tok2749">in</token>
      <token status="ok" id="tok2750">the</token>
      <token status="ok" id="tok2751">path</token>
    </studentAnswer>
    <studentAnswer count="1" answerMatch="answer402" raw_text="a damaged bulb will affect another bulb when they are contained by the same closed path." id="SwitchesBulbsParallel-HYBRID_BURNED_OUT_WHY_Q3.sbj40-l2.qa127" accuracy="correct">
      <token status="ok" id="tok2637">a</token>
      <token status="ok" id="tok2638">damaged</token>
      <token status="ok" id="tok2639">bulb</token>
      <token status="ok" id="tok2640">will</token>
      <token status="ok" id="tok2641">affect</token>
      <token status="ok" id="tok2642">another</token>
      <token status="ok" id="tok2643">bulb</token>
      <token status="ok" id="tok2644">when</token>
      <token status="ok" id="tok2645">they</token>
      <token status="ok" id="tok2646">are</token>
      <token status="ok" id="tok2647">contained</token>
      <token status="ok" id="tok2648">by</token>
      <token status="ok" id="tok2649">the</token>
      <token status="ok" id="tok2650">same</token>
      <token status="ok" id="tok2651">closed</token>
      <token status="ok" id="tok2652">path</token>
    </studentAnswer>
    <studentAnswer count="1" answerMatch="answer404" raw_text="if there is a gap in the path" id="SwitchesBulbsParallel-HYBRID_BURNED_OUT_WHY_Q3.sbj42-l2.qa116" accuracy="partially_correct_incomplete">
      <token status="ok" id="tok2254">if</token>
      <token status="ok" id="tok2255">there</token>
      <token status="ok" id="tok2256">is</token>
      <token status="ok" id="tok2257">a</token>
      <token status="ok" id="tok2258">gap</token>
      <token status="ok" id="tok2259">in</token>
      <token status="ok" id="tok2260">the</token>
      <token status="ok" id="tok2261">path</token>
    </studentAnswer>
    <studentAnswer count="1" answerMatch="answer404" raw_text="if there is a gap in the path of the battery and the bulb" id="SwitchesBulbsParallel-HYBRID_BURNED_OUT_WHY_Q3.sbj42-l2.qa117" accuracy="partially_correct_incomplete">
      <token status="ok" id="tok2269">if</token>
      <token status="ok" id="tok2270">there</token>
      <token status="ok" id="tok2271">is</token>
      <token status="ok" id="tok2272">a</token>
      <token status="ok" id="tok2273">gap</token>
      <token status="ok" id="tok2274">in</token>
      <token status="ok" id="tok2275">the</token>
      <token status="ok" id="tok2276">path</token>
      <token status="ok" id="tok2277">of</token>
      <token status="ok" id="tok2278">the</token>
      <token status="ok" id="tok2279">battery</token>
      <token status="ok" id="tok2280">and</token>
      <token status="ok" id="tok2281">the</token>
      <token status="ok" id="tok2282">bulb</token>
    </studentAnswer>
    <studentAnswer count="1" answerMatch="answer404" raw_text="Bulbs are contained in the path" id="SwitchesBulbsParallel-HYBRID_BURNED_OUT_WHY_Q3.sbj42-l2.qa118" accuracy="partially_correct_incomplete">
      <token status="ok" id="tok2299">Bulbs</token>
      <token status="ok" id="tok2300">are</token>
      <token status="ok" id="tok2301">contained</token>
      <token status="ok" id="tok2302">in</token>
      <token status="ok" id="tok2303">the</token>
      <token status="ok" id="tok2304">path</token>
    </studentAnswer>
    <studentAnswer count="1" answerMatch="answer404" raw_text="if it is in it&quot;s only path to the battery" id="SwitchesBulbsParallel-HYBRID_BURNED_OUT_WHY_Q3.sbj43-l2.qa126" accuracy="correct">
      <token status="ok" id="tok2773">if</token>
      <token status="ok" id="tok2774">it</token>
      <token status="ok" id="tok2775">is</token>
      <token status="ok" id="tok2776">in</token>
      <token status="ok" id="tok2777">it</token>
      <token status="pennTokenFragment" id="tok2778">'s</token>
      <token status="ok" id="tok2779">only</token>
      <token status="ok" id="tok2780">path</token>
      <token status="ok" id="tok2781">to</token>
      <token status="ok" id="tok2782">the</token>
      <token status="ok" id="tok2783">battery</token>
    </studentAnswer>
    <studentAnswer count="1" answerMatch="answer404" raw_text="if it is in the path to the battery" id="SwitchesBulbsParallel-HYBRID_BURNED_OUT_WHY_Q3.sbj43-l2.qa127" accuracy="partially_correct_incomplete">
      <token status="ok" id="tok2804">if</token>
      <token status="ok" id="tok2805">it</token>
      <token status="ok" id="tok2806">is</token>
      <token status="ok" id="tok2807">in</token>
      <token status="ok" id="tok2808">the</token>
      <token status="ok" id="tok2809">path</token>
      <token status="ok" id="tok2810">to</token>
      <token status="ok" id="tok2811">the</token>
      <token status="ok" id="tok2812">battery</token>
    </studentAnswer>
    <studentAnswer count="1" answerMatch="answer404" raw_text="if it is contained in the circut" id="SwitchesBulbsParallel-HYBRID_BURNED_OUT_WHY_Q3.sbj43-l2.qa128" accuracy="partially_correct_incomplete">
      <token status="ok" id="tok2829">if</token>
      <token status="ok" id="tok2830">it</token>
      <token status="ok" id="tok2831">is</token>
      <token status="ok" id="tok2832">contained</token>
      <token status="ok" id="tok2833">in</token>
      <token status="ok" id="tok2834">the</token>
      <token status="ok" id="tok2835" original="circut">circuit</token>
    </studentAnswer>
    <studentAnswer count="1" answerMatch="answer405" raw_text="if it is in the same path as the other" id="SwitchesBulbsParallel-HYBRID_BURNED_OUT_WHY_Q3.sbj45-l2.qa113" accuracy="correct">
      <token status="ok" id="tok2228">if</token>
      <token status="ok" id="tok2229">it</token>
      <token status="ok" id="tok2230">is</token>
      <token status="ok" id="tok2231">in</token>
      <token status="ok" id="tok2232">the</token>
      <token status="ok" id="tok2233">same</token>
      <token status="ok" id="tok2234">path</token>
      <token status="ok" id="tok2235">as</token>
      <token status="ok" id="tok2236">the</token>
      <token status="ok" id="tok2237">other</token>
    </studentAnswer>
    <studentAnswer count="1" answerMatch="answer402" raw_text="if both bulbs are in the same path" id="SwitchesBulbsParallel-HYBRID_BURNED_OUT_WHY_Q3.sbj45-l2.qa114" accuracy="correct">
      <token status="ok" id="tok2255">if</token>
      <token status="ok" id="tok2256">both</token>
      <token status="ok" id="tok2257">bulbs</token>
      <token status="ok" id="tok2258">are</token>
      <token status="ok" id="tok2259">in</token>
      <token status="ok" id="tok2260">the</token>
      <token status="ok" id="tok2261">same</token>
      <token status="ok" id="tok2262">path</token>
    </studentAnswer>
    <studentAnswer count="1" answerMatch="answer402" raw_text="if a damaged bulb is on the same closed path to the battery as another bulb, the other bulb will not turn on" id="SwitchesBulbsParallel-HYBRID_BURNED_OUT_WHY_Q3.sbj46-l2.qa130" accuracy="correct">
      <token status="ok" id="tok2825">if</token>
      <token status="ok" id="tok2826">a</token>
      <token status="ok" id="tok2827">damaged</token>
      <token status="ok" id="tok2828">bulb</token>
      <token status="ok" id="tok2829">is</token>
      <token status="ok" id="tok2830">on</token>
      <token status="ok" id="tok2831">the</token>
      <token status="ok" id="tok2832">same</token>
      <token status="ok" id="tok2833">closed</token>
      <token status="ok" id="tok2834">path</token>
      <token status="ok" id="tok2835">to</token>
      <token status="ok" id="tok2836">the</token>
      <token status="ok" id="tok2837">battery</token>
      <token status="ok" id="tok2838">as</token>
      <token status="ok" id="tok2839">another</token>
      <token status="ok" id="tok2840">bulb</token>
      <token status="ok" id="tok2841">the</token>
      <token status="ok" id="tok2842">other</token>
      <token status="ok" id="tok2843">bulb</token>
      <token status="ok" id="tok2844">will</token>
      <token status="ok" id="tok2845">not</token>
      <token status="ok" id="tok2846">turn</token>
      <token status="ok" id="tok2847">on</token>
    </studentAnswer>
    <studentAnswer count="1" answerMatch="answer405" raw_text="Bulbs have to be contained in closed paths with the battery" id="SwitchesBulbsParallel-HYBRID_BURNED_OUT_WHY_Q3.sbj46-l2.qa131" accuracy="partially_correct_incomplete">
      <token status="ok" id="tok2868">Bulbs</token>
      <token status="ok" id="tok2869">have</token>
      <token status="ok" id="tok2870">to</token>
      <token status="ok" id="tok2871">be</token>
      <token status="ok" id="tok2872">contained</token>
      <token status="ok" id="tok2873">in</token>
      <token status="ok" id="tok2874">closed</token>
      <token status="ok" id="tok2875">paths</token>
      <token status="ok" id="tok2876">with</token>
      <token status="ok" id="tok2877">the</token>
      <token status="ok" id="tok2878">battery</token>
    </studentAnswer>
    <studentAnswer count="1" answerMatch="answer405" raw_text="bulbs must contain battery in the path without a gap" id="SwitchesBulbsParallel-HYBRID_BURNED_OUT_WHY_Q3.sbj46-l2.qa132" accuracy="partially_correct_incomplete">
      <token status="ok" id="tok2889">bulbs</token>
      <token status="ok" id="tok2890">must</token>
      <token status="ok" id="tok2891">contain</token>
      <token status="ok" id="tok2892">battery</token>
      <token status="ok" id="tok2893">in</token>
      <token status="ok" id="tok2894">the</token>
      <token status="ok" id="tok2895">path</token>
      <token status="ok" id="tok2896">without</token>
      <token status="ok" id="tok2897">a</token>
      <token status="ok" id="tok2898">gap</token>
    </studentAnswer>
    <studentAnswer count="1" raw_text="open switch and broken bulb are the same" id="SwitchesBulbsParallel-HYBRID_BURNED_OUT_WHY_Q3.sbj46-l2.qa133" accuracy="irrelevant">
      <token status="ok" id="tok2939">open</token>
      <token status="ok" id="tok2940">switch</token>
      <token status="ok" id="tok2941">and</token>
      <token status="ok" id="tok2942">broken</token>
      <token status="ok" id="tok2943">bulb</token>
      <token status="ok" id="tok2944">are</token>
      <token status="ok" id="tok2945">the</token>
      <token status="ok" id="tok2946">same</token>
    </studentAnswer>
    <studentAnswer count="1" answerMatch="answer404" raw_text="if they are along the same path" id="SwitchesBulbsParallel-HYBRID_BURNED_OUT_WHY_Q3.sbj47-l2.qa128" accuracy="correct">
      <token status="ok" id="tok2751">if</token>
      <token status="ok" id="tok2752">they</token>
      <token status="ok" id="tok2753">are</token>
      <token status="ok" id="tok2754">along</token>
      <token status="ok" id="tok2755">the</token>
      <token status="ok" id="tok2756">same</token>
      <token status="ok" id="tok2757">path</token>
    </studentAnswer>
    <studentAnswer count="1" answerMatch="answer402" raw_text="a damaged/ burned out bulb will affect another bulb if they are contained in the same path." id="SwitchesBulbsParallel-HYBRID_BURNED_OUT_WHY_Q3.sbj48-l2.qa117" accuracy="correct">
      <token status="ok" id="tok2385">a</token>
      <token status="ok" id="tok2386a">damaged</token>
      <token status="ok" id="tok2387">burned</token>
      <token status="ok" id="tok2388">out</token>
      <token status="ok" id="tok2389">bulb</token>
      <token status="ok" id="tok2390">will</token>
      <token status="ok" id="tok2391">affect</token>
      <token status="ok" id="tok2392">another</token>
      <token status="ok" id="tok2393">bulb</token>
      <token status="ok" id="tok2394">if</token>
      <token status="ok" id="tok2395">they</token>
      <token status="ok" id="tok2396">are</token>
      <token status="ok" id="tok2397">contained</token>
      <token status="ok" id="tok2398">in</token>
      <token status="ok" id="tok2399">the</token>
      <token status="ok" id="tok2400">same</token>
      <token status="ok" id="tok2401">path</token>
    </studentAnswer>
    <studentAnswer count="1" answerMatch="answer404" raw_text="When it is on the same closed path with the battery." id="SwitchesBulbsParallel-HYBRID_BURNED_OUT_WHY_Q3.sbjb1-l2.qa104" accuracy="correct">
      <token status="ok" id="tok2260">When</token>
      <token status="ok" id="tok2261">it</token>
      <token status="ok" id="tok2262">is</token>
      <token status="ok" id="tok2263">on</token>
      <token status="ok" id="tok2264">the</token>
      <token status="ok" id="tok2265">same</token>
      <token status="ok" id="tok2266">closed</token>
      <token status="ok" id="tok2267">path</token>
      <token status="ok" id="tok2268">with</token>
      <token status="ok" id="tok2269">the</token>
      <token status="ok" id="tok2270">battery</token>
    </studentAnswer>
    <studentAnswer count="1" answerMatch="answer404" raw_text="if it is on the same closed path as the other bulb" id="SwitchesBulbsParallel-HYBRID_BURNED_OUT_WHY_Q3.sbjb4-l2.qa103" accuracy="correct">
      <token status="ok" id="tok2251">if</token>
      <token status="ok" id="tok2252">it</token>
      <token status="ok" id="tok2253">is</token>
      <token status="ok" id="tok2254">on</token>
      <token status="ok" id="tok2255">the</token>
      <token status="ok" id="tok2256">same</token>
      <token status="ok" id="tok2257">closed</token>
      <token status="ok" id="tok2258">path</token>
      <token status="ok" id="tok2259">as</token>
      <token status="ok" id="tok2260">the</token>
      <token status="ok" id="tok2261">other</token>
      <token status="ok" id="tok2262">bulb</token>
    </studentAnswer>
    <studentAnswer count="1" answerMatch="answer404" raw_text="If they are on the same pathway" id="SwitchesBulbsParallel-HYBRID_BURNED_OUT_WHY_Q3.sbjb6-l2.qa103" accuracy="correct">
      <token status="ok" id="tok2181">If</token>
      <token status="ok" id="tok2182">they</token>
      <token status="ok" id="tok2183">are</token>
      <token status="ok" id="tok2184">on</token>
      <token status="ok" id="tok2185">the</token>
      <token status="ok" id="tok2186">same</token>
      <token status="ok" id="tok2187">pathway</token>
    </studentAnswer>
    <studentAnswer count="1" answerMatch="answer404" raw_text="If it is on the same path with that bulb and the battery" id="SwitchesBulbsParallel-HYBRID_BURNED_OUT_WHY_Q3.sbjb7-l2.qa104" accuracy="correct">
      <token status="ok" id="tok2175">If</token>
      <token status="ok" id="tok2176">it</token>
      <token status="ok" id="tok2177">is</token>
      <token status="ok" id="tok2178">on</token>
      <token status="ok" id="tok2179">the</token>
      <token status="ok" id="tok2180">same</token>
      <token status="ok" id="tok2181">path</token>
      <token status="ok" id="tok2182">with</token>
      <token status="ok" id="tok2183">that</token>
      <token status="ok" id="tok2184">bulb</token>
      <token status="ok" id="tok2185">and</token>
      <token status="ok" id="tok2186">the</token>
      <token status="ok" id="tok2187">battery</token>
    </studentAnswer>
    <studentAnswer count="1" answerMatch="answer404" raw_text="If the burnt-out bulb is on the same path to the battery" id="SwitchesBulbsParallel-HYBRID_BURNED_OUT_WHY_Q3.sbjb9-l2.qa104" accuracy="correct">
      <token status="ok" id="tok2286">If</token>
      <token status="ok" id="tok2287">the</token>
      <token status="ok" id="tok2288">burnt-out</token>
      <token status="ok" id="tok2289">bulb</token>
      <token status="ok" id="tok2290">is</token>
      <token status="ok" id="tok2291">on</token>
      <token status="ok" id="tok2292">the</token>
      <token status="ok" id="tok2293">same</token>
      <token status="ok" id="tok2294">path</token>
      <token status="ok" id="tok2295">to</token>
      <token status="ok" id="tok2296">the</token>
      <token status="ok" id="tok2297">battery</token>
    </studentAnswer>
    <studentAnswer count="1" answerMatch="answer404" raw_text="when it is in the same path &quot;series&quot;" id="SwitchesBulbsParallel-HYBRID_BURNED_OUT_WHY_Q3.sbjb10-l2.qa103" accuracy="correct">
      <token status="ok" id="tok2191">when</token>
      <token status="ok" id="tok2192">it</token>
      <token status="ok" id="tok2193">is</token>
      <token status="ok" id="tok2194">in</token>
      <token status="ok" id="tok2195">the</token>
      <token status="ok" id="tok2196">same</token>
      <token status="ok" id="tok2197">path</token>
      <token status="ok" id="tok2198">series</token>
    </studentAnswer>
    <studentAnswer count="1" answerMatch="answer404" raw_text="If the damaged bulb is in the same path as another bulb." id="SwitchesBulbsParallel-HYBRID_BURNED_OUT_WHY_Q3.sbjb11-l2.qa103" accuracy="correct">
      <token status="ok" id="tok2331">If</token>
      <token status="ok" id="tok2332">the</token>
      <token status="ok" id="tok2333">damaged</token>
      <token status="ok" id="tok2334">bulb</token>
      <token status="ok" id="tok2335">is</token>
      <token status="ok" id="tok2336">in</token>
      <token status="ok" id="tok2337">the</token>
      <token status="ok" id="tok2338">same</token>
      <token status="ok" id="tok2339">path</token>
      <token status="ok" id="tok2340">as</token>
      <token status="ok" id="tok2341">another</token>
      <token status="ok" id="tok2342">bulb</token>
    </studentAnswer>
    <studentAnswer count="1" answerMatch="answer404" raw_text="when they are on the same path" id="SwitchesBulbsParallel-HYBRID_BURNED_OUT_WHY_Q3.sbjb12-l2.qa103" accuracy="correct">
      <token status="ok" id="tok2270">when</token>
      <token status="ok" id="tok2271">they</token>
      <token status="ok" id="tok2272">are</token>
      <token status="ok" id="tok2273">on</token>
      <token status="ok" id="tok2274">the</token>
      <token status="ok" id="tok2275">same</token>
      <token status="ok" id="tok2276">path</token>
    </studentAnswer>
    <studentAnswer count="1" answerMatch="answer402" raw_text="If the two bulbs are in the same path." id="SwitchesBulbsParallel-HYBRID_BURNED_OUT_WHY_Q3.sbjb13-l2.qa103" accuracy="correct">
      <token status="ok" id="tok2268">If</token>
      <token status="ok" id="tok2269">the</token>
      <token status="ok" id="tok2270">two</token>
      <token status="ok" id="tok2271">bulbs</token>
      <token status="ok" id="tok2272">are</token>
      <token status="ok" id="tok2273">in</token>
      <token status="ok" id="tok2274">the</token>
      <token status="ok" id="tok2275">same</token>
      <token status="ok" id="tok2276">path</token>
    </studentAnswer>
    <studentAnswer count="1" answerMatch="answer402" raw_text="if it in the way of the path and creates a gap due to damage" id="SwitchesBulbsParallel-HYBRID_BURNED_OUT_WHY_Q3.sbjb15-l2.qa104" accuracy="partially_correct_incomplete">
      <token status="ok" id="tok2130">if</token>
      <token status="ok" id="tok2131">it</token>
      <token status="ok" id="tok2132">in</token>
      <token status="ok" id="tok2133">the</token>
      <token status="ok" id="tok2134">way</token>
      <token status="ok" id="tok2135">of</token>
      <token status="ok" id="tok2136">the</token>
      <token status="ok" id="tok2137">path</token>
      <token status="ok" id="tok2138">and</token>
      <token status="ok" id="tok2139">creates</token>
      <token status="ok" id="tok2140">a</token>
      <token status="ok" id="tok2141">gap</token>
      <token status="ok" id="tok2142">due</token>
      <token status="ok" id="tok2143">to</token>
      <token status="ok" id="tok2144">damage</token>
    </studentAnswer>
    <studentAnswer count="1" answerMatch="answer402" raw_text="if they are within the same closed path" id="SwitchesBulbsParallel-HYBRID_BURNED_OUT_WHY_Q3.sbjb17-l2.qa105" accuracy="correct">
      <token status="ok" id="tok2245">if</token>
      <token status="ok" id="tok2246">they</token>
      <token status="ok" id="tok2247">are</token>
      <token status="ok" id="tok2248">within</token>
      <token status="ok" id="tok2249">the</token>
      <token status="ok" id="tok2250">same</token>
      <token status="ok" id="tok2251">closed</token>
      <token status="ok" id="tok2252">path</token>
    </studentAnswer>
    <studentAnswer count="1" answerMatch="answer402" raw_text="if bulb A burns out" id="SwitchesBulbsParallel-HYBRID_BURNED_OUT_WHY_Q3.sbjb18-l2.qa103" accuracy="partially_correct_incomplete">
      <token status="ok" id="tok2119">if</token>
      <token status="ok" id="tok2120">bulb</token>
      <token status="ok" id="tok2121">A</token>
      <token status="ok" id="tok2122">burns</token>
      <token status="ok" id="tok2123">out</token>
    </studentAnswer>
    <studentAnswer count="1" answerMatch="answer402" raw_text="if they are in the same path all the bulbs will go out" id="SwitchesBulbsParallel-HYBRID_BURNED_OUT_WHY_Q3.sbjb19-l2.qa103" accuracy="correct">
      <token status="ok" id="tok2221">if</token>
      <token status="ok" id="tok2222">they</token>
      <token status="ok" id="tok2223">are</token>
      <token status="ok" id="tok2224">in</token>
      <token status="ok" id="tok2225">the</token>
      <token status="ok" id="tok2226">same</token>
      <token status="ok" id="tok2227">path</token>
      <token status="ok" id="tok2228">all</token>
      <token status="ok" id="tok2229">the</token>
      <token status="ok" id="tok2230">bulbs</token>
      <token status="ok" id="tok2231">will</token>
      <token status="ok" id="tok2232">go</token>
      <token status="ok" id="tok2233">out</token>
    </studentAnswer>
    <studentAnswer count="1" answerMatch="answer405" raw_text="When they break the path." id="SwitchesBulbsParallel-HYBRID_BURNED_OUT_WHY_Q3.sbjb20-l2.qa103" accuracy="contradictory">
      <token status="ok" id="tok2237">When</token>
      <token status="ok" id="tok2238">they</token>
      <token status="ok" id="tok2239">break</token>
      <token status="ok" id="tok2240">the</token>
      <token status="ok" id="tok2241">path</token>
    </studentAnswer>
    <studentAnswer count="1" answerMatch="answer405" raw_text="if they are on the same closed path as the battery" id="SwitchesBulbsParallel-HYBRID_BURNED_OUT_WHY_Q3.sbjb21-l2.qa103" accuracy="partially_correct_incomplete">
      <token status="ok" id="tok2103">if</token>
      <token status="ok" id="tok2104">they</token>
      <token status="ok" id="tok2105">are</token>
      <token status="ok" id="tok2106">on</token>
      <token status="ok" id="tok2107">the</token>
      <token status="ok" id="tok2108">same</token>
      <token status="ok" id="tok2109">closed</token>
      <token status="ok" id="tok2110">path</token>
      <token status="ok" id="tok2111">as</token>
      <token status="ok" id="tok2112">the</token>
      <token status="ok" id="tok2113">battery</token>
    </studentAnswer>
    <studentAnswer count="1" answerMatch="answer402" raw_text="if in same path" id="SwitchesBulbsParallel-HYBRID_BURNED_OUT_WHY_Q3.sbjb22-l2.qa103" accuracy="partially_correct_incomplete">
      <token status="ok" id="tok2110">if</token>
      <token status="ok" id="tok2111">in</token>
      <token status="ok" id="tok2112">same</token>
      <token status="ok" id="tok2113">path</token>
    </studentAnswer>
    <studentAnswer count="1" answerMatch="answer405" raw_text="If they are in the same path." id="SwitchesBulbsParallel-HYBRID_BURNED_OUT_WHY_Q3.sbjb25-l2.qa104" accuracy="correct">
      <token status="ok" id="tok2186">If</token>
      <token status="ok" id="tok2187">they</token>
      <token status="ok" id="tok2188">are</token>
      <token status="ok" id="tok2189">in</token>
      <token status="ok" id="tok2190">the</token>
      <token status="ok" id="tok2191">same</token>
      <token status="ok" id="tok2192">path</token>
    </studentAnswer>
    <studentAnswer count="1" answerMatch="answer405" raw_text="The first bulb will necessarilly subsequent bulbs." id="SwitchesBulbsParallel-HYBRID_BURNED_OUT_WHY_Q3.sbjb26-l2.qa103" accuracy="contradictory">
      <token status="ok" id="tok2240">The</token>
      <token status="ok" id="tok2241">first</token>
      <token status="ok" id="tok2242">bulb</token>
      <token status="ok" id="tok2243">will</token>
      <token status="ok" id="tok2244" original="necessarilly">necessarily</token>
      <token status="ok" id="tok2245">subsequent</token>
      <token status="ok" id="tok2246">bulbs</token>
    </studentAnswer>
    <studentAnswer count="1" answerMatch="answer402" raw_text="when it is in the same path as it&quot;s own closed circuit to the battery" id="SwitchesBulbsParallel-HYBRID_BURNED_OUT_WHY_Q3.sbjb27-l2.qa103" accuracy="contradictory">
      <token status="ok" id="tok2244">when</token>
      <token status="ok" id="tok2245">it</token>
      <token status="ok" id="tok2246">is</token>
      <token status="ok" id="tok2247">in</token>
      <token status="ok" id="tok2248">the</token>
      <token status="ok" id="tok2249">same</token>
      <token status="ok" id="tok2250">path</token>
      <token status="ok" id="tok2251">as</token>
      <token status="ok" id="tok2252+" original="it's">its</token>
      <token status="ok" id="tok2254">own</token>
      <token status="ok" id="tok2255">closed</token>
      <token status="ok" id="tok2256">circuit</token>
      <token status="ok" id="tok2257">to</token>
      <token status="ok" id="tok2258">the</token>
      <token status="ok" id="tok2259">battery</token>
    </studentAnswer>
    <studentAnswer count="1" answerMatch="answer402" raw_text="when they are both on the same closed path and would cause a gap" id="SwitchesBulbsParallel-HYBRID_BURNED_OUT_WHY_Q3.sbjb29-l2.qa104" accuracy="correct">
      <token status="ok" id="tok2201">when</token>
      <token status="ok" id="tok2202">they</token>
      <token status="ok" id="tok2203">are</token>
      <token status="ok" id="tok2204">both</token>
      <token status="ok" id="tok2205">on</token>
      <token status="ok" id="tok2206">the</token>
      <token status="ok" id="tok2207">same</token>
      <token status="ok" id="tok2208">closed</token>
      <token status="ok" id="tok2209">path</token>
      <token status="ok" id="tok2210">and</token>
      <token status="ok" id="tok2211">would</token>
      <token status="ok" id="tok2212">cause</token>
      <token status="ok" id="tok2213">a</token>
      <token status="ok" id="tok2214">gap</token>
    </studentAnswer>
    <studentAnswer count="1" answerMatch="answer402" raw_text="when the damaged bulb creates a gap in another bulb&quot;s circuit path." id="SwitchesBulbsParallel-HYBRID_BURNED_OUT_WHY_Q3.sbjb30-l2.qa103" accuracy="correct">
      <token status="ok" id="tok2338">when</token>
      <token status="ok" id="tok2339">the</token>
      <token status="ok" id="tok2340">damaged</token>
      <token status="ok" id="tok2341">bulb</token>
      <token status="ok" id="tok2342">creates</token>
      <token status="ok" id="tok2343">a</token>
      <token status="ok" id="tok2344">gap</token>
      <token status="ok" id="tok2345">in</token>
      <token status="ok" id="tok2346">another</token>
      <token status="ok" id="tok2347">bulb</token>
      <token status="pennTokenFragment" id="tok2348">'s</token>
      <token status="ok" id="tok2349">circuit</token>
      <token status="ok" id="tok2350">path</token>
    </studentAnswer>
    <studentAnswer count="1" answerMatch="answer405" raw_text="if the damaged lightbulb is contained in the closed circuit" id="SwitchesBulbsParallel-HYBRID_BURNED_OUT_WHY_Q3.sbjb31-l2.qa103" accuracy="contradictory">
      <token status="ok" id="tok2285">if</token>
      <token status="ok" id="tok2286">the</token>
      <token status="ok" id="tok2287">damaged</token>
      <token status="ok" id="tok2288">lightbulb</token>
      <token status="ok" id="tok2289">is</token>
      <token status="ok" id="tok2290">contained</token>
      <token status="ok" id="tok2291">in</token>
      <token status="ok" id="tok2292">the</token>
      <token status="ok" id="tok2293">closed</token>
      <token status="ok" id="tok2294">circuit</token>
    </studentAnswer>
    <studentAnswer count="1" raw_text="If the bulb is on the same closed path" id="SwitchesBulbsParallel-HYBRID_BURNED_OUT_WHY_Q3.sbjb32-l2.qa103" accuracy="correct">
      <token status="ok" id="tok2137">If</token>
      <token status="ok" id="tok2138">the</token>
      <token status="ok" id="tok2139">bulb</token>
      <token status="ok" id="tok2140">is</token>
      <token status="ok" id="tok2141">on</token>
      <token status="ok" id="tok2142">the</token>
      <token status="ok" id="tok2143">same</token>
      <token status="ok" id="tok2144">closed</token>
      <token status="ok" id="tok2145">path</token>
    </studentAnswer>
    <studentAnswer count="1" answerMatch="answer402" raw_text="When the damaged bulb causes a gap in the closed path containing another bulb and a battery." id="SwitchesBulbsParallel-HYBRID_BURNED_OUT_WHY_Q3.sbjb34-l2.qa104" accuracy="correct">
      <token status="ok" id="tok2276">When</token>
      <token status="ok" id="tok2277">the</token>
      <token status="ok" id="tok2278">damaged</token>
      <token status="ok" id="tok2279">bulb</token>
      <token status="ok" id="tok2280">causes</token>
      <token status="ok" id="tok2281">a</token>
      <token status="ok" id="tok2282">gap</token>
      <token status="ok" id="tok2283">in</token>
      <token status="ok" id="tok2284">the</token>
      <token status="ok" id="tok2285">closed</token>
      <token status="ok" id="tok2286">path</token>
      <token status="ok" id="tok2287">containing</token>
      <token status="ok" id="tok2288">another</token>
      <token status="ok" id="tok2289">bulb</token>
      <token status="ok" id="tok2290">and</token>
      <token status="ok" id="tok2291">a</token>
      <token status="ok" id="tok2292">battery</token>
    </studentAnswer>
    <studentAnswer count="1" answerMatch="answer402" raw_text="if they are on the same circuit as the battery" id="SwitchesBulbsParallel-HYBRID_BURNED_OUT_WHY_Q3.sbjb35-l2.qa105" accuracy="contradictory">
      <token status="ok" id="tok2278">if</token>
      <token status="ok" id="tok2279">they</token>
      <token status="ok" id="tok2280">are</token>
      <token status="ok" id="tok2281">on</token>
      <token status="ok" id="tok2282">the</token>
      <token status="ok" id="tok2283">same</token>
      <token status="ok" id="tok2284">circuit</token>
      <token status="ok" id="tok2285">as</token>
      <token status="ok" id="tok2286">the</token>
      <token status="ok" id="tok2287">battery</token>
    </studentAnswer>
    <studentAnswer count="1" answerMatch="answer402" raw_text="when they are all on the same closed path" id="SwitchesBulbsParallel-HYBRID_BURNED_OUT_WHY_Q3.sbjb37-l2.qa104" accuracy="correct">
      <token status="ok" id="tok2183">when</token>
      <token status="ok" id="tok2184">they</token>
      <token status="ok" id="tok2185">are</token>
      <token status="ok" id="tok2186">all</token>
      <token status="ok" id="tok2187">on</token>
      <token status="ok" id="tok2188">the</token>
      <token status="ok" id="tok2189">same</token>
      <token status="ok" id="tok2190">closed</token>
      <token status="ok" id="tok2191">path</token>
    </studentAnswer>
    <studentAnswer count="1" answerMatch="answer402" raw_text="When there is no other closed path for the current to pass through with no gaps." id="SwitchesBulbsParallel-HYBRID_BURNED_OUT_WHY_Q3.sbjb38-l2.qa103" accuracy="correct">
      <token status="ok" id="tok2281">When</token>
      <token status="ok" id="tok2282">there</token>
      <token status="ok" id="tok2283">is</token>
      <token status="ok" id="tok2284">no</token>
      <token status="ok" id="tok2285">other</token>
      <token status="ok" id="tok2286">closed</token>
      <token status="ok" id="tok2287">path</token>
      <token status="ok" id="tok2288">for</token>
      <token status="ok" id="tok2289">the</token>
      <token status="ok" id="tok2290">current</token>
      <token status="ok" id="tok2291">to</token>
      <token status="ok" id="tok2292">pass</token>
      <token status="ok" id="tok2293">through</token>
      <token status="ok" id="tok2294">with</token>
      <token status="ok" id="tok2295">no</token>
      <token status="ok" id="tok2296">gaps</token>
    </studentAnswer>
    <studentAnswer count="1" answerMatch="answer402" raw_text="a damaged bulb will affect another bulb if they are in the same path." id="SwitchesBulbsParallel-HYBRID_BURNED_OUT_WHY_Q3.sbjb39-l2.qa103" accuracy="correct">
      <token status="ok" id="tok2265">a</token>
      <token status="ok" id="tok2266">damaged</token>
      <token status="ok" id="tok2267">bulb</token>
      <token status="ok" id="tok2268">will</token>
      <token status="ok" id="tok2269">affect</token>
      <token status="ok" id="tok2270">another</token>
      <token status="ok" id="tok2271">bulb</token>
      <token status="ok" id="tok2272">if</token>
      <token status="ok" id="tok2273">they</token>
      <token status="ok" id="tok2274">are</token>
      <token status="ok" id="tok2275">in</token>
      <token status="ok" id="tok2276">the</token>
      <token status="ok" id="tok2277">same</token>
      <token status="ok" id="tok2278">path</token>
    </studentAnswer>
    <studentAnswer count="1" answerMatch="answer402" raw_text="if it interrupts the contained path to the battery" id="SwitchesBulbsParallel-HYBRID_BURNED_OUT_WHY_Q3.sbjb40-l2.qa103" accuracy="partially_correct_incomplete">
      <token status="ok" id="tok2176">if</token>
      <token status="ok" id="tok2177">it</token>
      <token status="ok" id="tok2178">interrupts</token>
      <token status="ok" id="tok2179">the</token>
      <token status="ok" id="tok2180">contained</token>
      <token status="ok" id="tok2181">path</token>
      <token status="ok" id="tok2182">to</token>
      <token status="ok" id="tok2183">the</token>
      <token status="ok" id="tok2184">battery</token>
    </studentAnswer>
    <studentAnswer count="1" answerMatch="answer402" raw_text="Only if the damaged/burned out bulb creates a gap for the other bulbs and they are not contained in a closed path to the battery." id="SwitchesBulbsParallel-HYBRID_BURNED_OUT_WHY_Q3.sbjb41-l2.qa104" accuracy="contradictory">
      <token status="ok" id="tok2408">Only</token>
      <token status="ok" id="tok2409">if</token>
      <token status="ok" id="tok2410">the</token>
      <token status="ok" id="tok2411a">damaged</token>
      <token status="ok" id="tok2411bb">burned</token>
      <token status="ok" id="tok2412">out</token>
      <token status="ok" id="tok2413">bulb</token>
      <token status="ok" id="tok2414">creates</token>
      <token status="ok" id="tok2415">a</token>
      <token status="ok" id="tok2416">gap</token>
      <token status="ok" id="tok2417">for</token>
      <token status="ok" id="tok2418">the</token>
      <token status="ok" id="tok2419">other</token>
      <token status="ok" id="tok2420">bulbs</token>
      <token status="ok" id="tok2421">and</token>
      <token status="ok" id="tok2422">they</token>
      <token status="ok" id="tok2423">are</token>
      <token status="ok" id="tok2424">not</token>
      <token status="ok" id="tok2425">contained</token>
      <token status="ok" id="tok2426">in</token>
      <token status="ok" id="tok2427">a</token>
      <token status="ok" id="tok2428">closed</token>
      <token status="ok" id="tok2429">path</token>
      <token status="ok" id="tok2430">to</token>
      <token status="ok" id="tok2431">the</token>
      <token status="ok" id="tok2432">battery</token>
    </studentAnswer>
    <studentAnswer count="1" answerMatch="answer405" raw_text="when it is containe dby the same path with the battery" id="SwitchesBulbsParallel-HYBRID_BURNED_OUT_WHY_Q3.sbjb42-l2.qa103" accuracy="correct">
      <token status="ok" id="tok2223">when</token>
      <token status="ok" id="tok2224">it</token>
      <token status="ok" id="tok2225">is</token>
      <token status="ok" id="tok2226+a">contained</token>
      <token status="ok" id="tok2226+b">by</token>
      <token status="ok" id="tok2228">the</token>
      <token status="ok" id="tok2229">same</token>
      <token status="ok" id="tok2230">path</token>
      <token status="ok" id="tok2231">with</token>
      <token status="ok" id="tok2232">the</token>
      <token status="ok" id="tok2233">battery</token>
    </studentAnswer>
  </studentAnswers>
</question>
