<?xml version="1.0"?>
<question qtype="Q_EXPLAIN_SPECIFIC" id="HYBRID_BURNED_OUT_EXPLAIN_Q1" module="SwitchesBulbsParallel" stype="PREDICT">
  <questionText>Explain your reasoning.</questionText>
  <referenceAnswers>
    <referenceAnswer category="BEST" id="answer371" fileID="HYBRID_BURNED_OUT_EXPLAIN_Q1_ANS1">If bulb A burns out, B and C are no longer in a closed path with the battery</referenceAnswer>
    <referenceAnswer category="GOOD" id="answer373" fileID="HYBRID_BURNED_OUT_EXPLAIN_Q1_ANS1B">If bulb A burns out, there is no longer a closed path containing B, C and the battery</referenceAnswer>
    <referenceAnswer category="GOOD" id="answer375" fileID="HYBRID_BURNED_OUT_EXPLAIN_Q1_ANS3">If bulb A burns out, neither B nor C is in a closed path</referenceAnswer>
  </referenceAnswers>
  <studentAnswers>
    <studentAnswer count="1" answerMatch="answer371" raw_text="bulb b and c will not be in a closed path with the battery" id="SwitchesBulbsParallel-HYBRID_BURNED_OUT_EXPLAIN_Q1.sbj3-l2.qa96" accuracy="correct">
      <token status="ok" id="tok1802">bulb</token>
      <token status="ok" id="tok1803">b</token>
      <token status="ok" id="tok1804">and</token>
      <token status="ok" id="tok1805">c</token>
      <token status="ok" id="tok1806">will</token>
      <token status="ok" id="tok1807">not</token>
      <token status="ok" id="tok1808">be</token>
      <token status="ok" id="tok1809">in</token>
      <token status="ok" id="tok1810">a</token>
      <token status="ok" id="tok1811">closed</token>
      <token status="ok" id="tok1812">path</token>
      <token status="ok" id="tok1813">with</token>
      <token status="ok" id="tok1814">the</token>
      <token status="ok" id="tok1815">battery</token>
    </studentAnswer>
    <studentAnswer count="1" answerMatch="answer373" raw_text="there is no closed path that contains the battery, bulb b, and bulb c" id="SwitchesBulbsParallel-HYBRID_BURNED_OUT_EXPLAIN_Q1.sbj7-l2.qa99" accuracy="correct">
      <token status="ok" id="tok1895">there</token>
      <token status="ok" id="tok1896">is</token>
      <token status="ok" id="tok1897">no</token>
      <token status="ok" id="tok1898">closed</token>
      <token status="ok" id="tok1899">path</token>
      <token status="ok" id="tok1900">that</token>
      <token status="ok" id="tok1901">contains</token>
      <token status="ok" id="tok1902">the</token>
      <token status="ok" id="tok1903">battery</token>
      <token status="ok" id="tok1904">bulb</token>
      <token status="ok" id="tok1905">b</token>
      <token status="ok" id="tok1906">and</token>
      <token status="ok" id="tok1907">bulb</token>
      <token status="ok" id="tok1908">c</token>
    </studentAnswer>
    <studentAnswer count="1" answerMatch="answer375" raw_text="creates a gap" id="SwitchesBulbsParallel-HYBRID_BURNED_OUT_EXPLAIN_Q1.sbj8-l2.qa105" accuracy="partially_correct_incomplete">
      <token status="ok" id="tok2132">creates</token>
      <token status="ok" id="tok2133">a</token>
      <token status="ok" id="tok2134">gap</token>
    </studentAnswer>
    <studentAnswer count="1" answerMatch="answer373" raw_text="they are all in the same path" id="SwitchesBulbsParallel-HYBRID_BURNED_OUT_EXPLAIN_Q1.sbj8-l2.qa106" accuracy="contradictory">
      <token status="ok" id="tok2145">they</token>
      <token status="ok" id="tok2146">are</token>
      <token status="ok" id="tok2147">all</token>
      <token status="ok" id="tok2148">in</token>
      <token status="ok" id="tok2149">the</token>
      <token status="ok" id="tok2150">same</token>
      <token status="ok" id="tok2151">path</token>
    </studentAnswer>
    <studentAnswer count="1" answerMatch="answer371" raw_text="bulbs b and c will no longer be in closed paths with the battery." id="SwitchesBulbsParallel-HYBRID_BURNED_OUT_EXPLAIN_Q1.sbj9-l2.qa101" accuracy="correct">
      <token status="ok" id="tok1919">bulbs</token>
      <token status="ok" id="tok1920">b</token>
      <token status="ok" id="tok1921">and</token>
      <token status="ok" id="tok1922">c</token>
      <token status="ok" id="tok1923">will</token>
      <token status="ok" id="tok1924">no</token>
      <token status="ok" id="tok1925">longer</token>
      <token status="ok" id="tok1926">be</token>
      <token status="ok" id="tok1927">in</token>
      <token status="ok" id="tok1928">closed</token>
      <token status="ok" id="tok1929">paths</token>
      <token status="ok" id="tok1930">with</token>
      <token status="ok" id="tok1931">the</token>
      <token status="ok" id="tok1932">battery</token>
    </studentAnswer>
    <studentAnswer count="1" answerMatch="answer375" raw_text="damaged bulb a creates a gap" id="SwitchesBulbsParallel-HYBRID_BURNED_OUT_EXPLAIN_Q1.sbj10-l2.qa104" accuracy="partially_correct_incomplete">
      <token status="ok" id="tok2042">damaged</token>
      <token status="ok" id="tok2043">bulb</token>
      <token status="ok" id="tok2044">a</token>
      <token status="ok" id="tok2045">creates</token>
      <token status="ok" id="tok2046">a</token>
      <token status="ok" id="tok2047">gap</token>
    </studentAnswer>
    <studentAnswer count="1" answerMatch="answer375" raw_text="bulb a creates a gap in teh circuit." id="SwitchesBulbsParallel-HYBRID_BURNED_OUT_EXPLAIN_Q1.sbj11-l2.qa100" accuracy="correct">
      <token status="ok" id="tok1938">bulb</token>
      <token status="ok" id="tok1939">a</token>
      <token status="ok" id="tok1940">creates</token>
      <token status="ok" id="tok1941">a</token>
      <token status="ok" id="tok1942">gap</token>
      <token status="ok" id="tok1943">in</token>
      <token status="ok" id="tok1944" original="teh">the</token>
      <token status="ok" id="tok1945">circuit</token>
    </studentAnswer>
    <studentAnswer count="1" answerMatch="answer375" raw_text="the bulb creates a gap in the closed path" id="SwitchesBulbsParallel-HYBRID_BURNED_OUT_EXPLAIN_Q1.sbj11-l2.qa101" accuracy="partially_correct_incomplete">
      <token status="ok" id="tok1967">the</token>
      <token status="ok" id="tok1968">bulb</token>
      <token status="ok" id="tok1969">creates</token>
      <token status="ok" id="tok1970">a</token>
      <token status="ok" id="tok1971">gap</token>
      <token status="ok" id="tok1972">in</token>
      <token status="ok" id="tok1973">the</token>
      <token status="ok" id="tok1974">closed</token>
      <token status="ok" id="tok1975">path</token>
    </studentAnswer>
    <studentAnswer count="1" answerMatch="answer375" raw_text="bulb a creates a gap in teh path." id="SwitchesBulbsParallel-HYBRID_BURNED_OUT_EXPLAIN_Q1.sbj11-l2.qa102" accuracy="correct">
      <token status="ok" id="tok1989">bulb</token>
      <token status="ok" id="tok1990">a</token>
      <token status="ok" id="tok1991">creates</token>
      <token status="ok" id="tok1992">a</token>
      <token status="ok" id="tok1993">gap</token>
      <token status="ok" id="tok1994">in</token>
      <token status="ok" id="tok1995" original="teh">the</token>
      <token status="ok" id="tok1996">path</token>
    </studentAnswer>
    <studentAnswer count="1" answerMatch="answer375" raw_text="There will be a gap in the path" id="SwitchesBulbsParallel-HYBRID_BURNED_OUT_EXPLAIN_Q1.sbj12-l2.qa105" accuracy="partially_correct_incomplete">
      <token status="ok" id="tok1979">There</token>
      <token status="ok" id="tok1980">will</token>
      <token status="ok" id="tok1981">be</token>
      <token status="ok" id="tok1982">a</token>
      <token status="ok" id="tok1983">gap</token>
      <token status="ok" id="tok1984">in</token>
      <token status="ok" id="tok1985">the</token>
      <token status="ok" id="tok1986">path</token>
    </studentAnswer>
    <studentAnswer count="1" raw_text="seperates the voltage" id="SwitchesBulbsParallel-HYBRID_BURNED_OUT_EXPLAIN_Q1.sbj12-l2.qa106" accuracy="contradictory">
      <token status="ok" id="tok2008" original="seperates">separates</token>
      <token status="ok" id="tok2009">the</token>
      <token status="ok" id="tok2010">voltage</token>
    </studentAnswer>
    <studentAnswer count="1" answerMatch="answer371" raw_text="Bulbs B and C will be on open paths with the battery" id="SwitchesBulbsParallel-HYBRID_BURNED_OUT_EXPLAIN_Q1.sbj12-l2.qa107" accuracy="correct">
      <token status="ok" id="tok2021">Bulbs</token>
      <token status="ok" id="tok2022">B</token>
      <token status="ok" id="tok2023">and</token>
      <token status="ok" id="tok2024">C</token>
      <token status="ok" id="tok2025">will</token>
      <token status="ok" id="tok2026">be</token>
      <token status="ok" id="tok2027">on</token>
      <token status="ok" id="tok2028">open</token>
      <token status="ok" id="tok2029">paths</token>
      <token status="ok" id="tok2030">with</token>
      <token status="ok" id="tok2031">the</token>
      <token status="ok" id="tok2032">battery</token>
    </studentAnswer>
    <studentAnswer count="1" raw_text="bulb a is in the same path of bulbs b and c" id="SwitchesBulbsParallel-HYBRID_BURNED_OUT_EXPLAIN_Q1.sbj13-l2.qa110" accuracy="contradictory">
      <token status="ok" id="tok2232">bulb</token>
      <token status="ok" id="tok2233">a</token>
      <token status="ok" id="tok2234">is</token>
      <token status="ok" id="tok2235">in</token>
      <token status="ok" id="tok2236">the</token>
      <token status="ok" id="tok2237">same</token>
      <token status="ok" id="tok2238">path</token>
      <token status="ok" id="tok2239">of</token>
      <token status="ok" id="tok2240">bulbs</token>
      <token status="ok" id="tok2241">b</token>
      <token status="ok" id="tok2242">and</token>
      <token status="ok" id="tok2243">c</token>
    </studentAnswer>
    <studentAnswer count="1" answerMatch="answer375" raw_text="Because there is a gap." id="SwitchesBulbsParallel-HYBRID_BURNED_OUT_EXPLAIN_Q1.sbj14-l2.qa105" accuracy="partially_correct_incomplete">
      <token status="ok" id="tok2009">Because</token>
      <token status="ok" id="tok2010">there</token>
      <token status="ok" id="tok2011">is</token>
      <token status="ok" id="tok2012">a</token>
      <token status="ok" id="tok2013">gap</token>
    </studentAnswer>
    <studentAnswer count="1" answerMatch="answer375" raw_text="They are all on the same path." id="SwitchesBulbsParallel-HYBRID_BURNED_OUT_EXPLAIN_Q1.sbj14-l2.qa106" accuracy="partially_correct_incomplete">
      <token status="ok" id="tok2018">They</token>
      <token status="ok" id="tok2019">are</token>
      <token status="ok" id="tok2020">all</token>
      <token status="ok" id="tok2021">on</token>
      <token status="ok" id="tok2022">the</token>
      <token status="ok" id="tok2023">same</token>
      <token status="ok" id="tok2024">path</token>
    </studentAnswer>
    <studentAnswer count="1" raw_text="i dont know then" id="SwitchesBulbsParallel-HYBRID_BURNED_OUT_EXPLAIN_Q1.sbj15-l2.qa124" accuracy="non_domain">
      <token status="ok" id="tok2621">i</token>
      <token status="ok" id="tok2622a">do</token>
      <token status="pennTokenFragment" id="tok2622b" original="nt">n't</token>
      <token status="ok" id="tok2623">know</token>
      <token status="ok" id="tok2624">then</token>
    </studentAnswer>
    <studentAnswer count="1" raw_text="njo" id="SwitchesBulbsParallel-HYBRID_BURNED_OUT_EXPLAIN_Q1.sbj15-l2.qa125" accuracy="non_domain">
      <token status="nonWord" id="tok2641">njo</token>
    </studentAnswer>
    <studentAnswer count="1" raw_text="nooyutgyhjiko" id="SwitchesBulbsParallel-HYBRID_BURNED_OUT_EXPLAIN_Q1.sbj15-l2.qa126" accuracy="non_domain">
      <token status="nonWord" id="tok2656">nooyutgyhjiko</token>
    </studentAnswer>
    <studentAnswer count="1" answerMatch="answer371" raw_text="Bulbs b and c will not be in a closed path with the battery." id="SwitchesBulbsParallel-HYBRID_BURNED_OUT_EXPLAIN_Q1.sbj18-l2.qa98" accuracy="correct">
      <token status="ok" id="tok1914">Bulbs</token>
      <token status="ok" id="tok1915">b</token>
      <token status="ok" id="tok1916">and</token>
      <token status="ok" id="tok1917">c</token>
      <token status="ok" id="tok1918">will</token>
      <token status="ok" id="tok1919">not</token>
      <token status="ok" id="tok1920">be</token>
      <token status="ok" id="tok1921">in</token>
      <token status="ok" id="tok1922">a</token>
      <token status="ok" id="tok1923">closed</token>
      <token status="ok" id="tok1924">path</token>
      <token status="ok" id="tok1925">with</token>
      <token status="ok" id="tok1926">the</token>
      <token status="ok" id="tok1927">battery</token>
    </studentAnswer>
    <studentAnswer count="1" raw_text="bulb b and bulb c are still contained in a closed path with the battery" id="SwitchesBulbsParallel-HYBRID_BURNED_OUT_EXPLAIN_Q1.sbj22-l2.qa104" accuracy="contradictory">
      <token status="ok" id="tok1981">bulb</token>
      <token status="ok" id="tok1982">b</token>
      <token status="ok" id="tok1983">and</token>
      <token status="ok" id="tok1984">bulb</token>
      <token status="ok" id="tok1985">c</token>
      <token status="ok" id="tok1986">are</token>
      <token status="ok" id="tok1987">still</token>
      <token status="ok" id="tok1988">contained</token>
      <token status="ok" id="tok1989">in</token>
      <token status="ok" id="tok1990">a</token>
      <token status="ok" id="tok1991">closed</token>
      <token status="ok" id="tok1992">path</token>
      <token status="ok" id="tok1993">with</token>
      <token status="ok" id="tok1994">the</token>
      <token status="ok" id="tok1995">battery</token>
    </studentAnswer>
    <studentAnswer count="2" raw_text="l" id="SwitchesBulbsParallel-HYBRID_BURNED_OUT_EXPLAIN_Q1.sbj22-l2.qa105" accuracy="non_domain">
      <token status="nonWord" id="tok2023">l</token>
    </studentAnswer>
    <studentAnswer count="1" answerMatch="answer375" raw_text="The path is not closed." id="SwitchesBulbsParallel-HYBRID_BURNED_OUT_EXPLAIN_Q1.sbj23-l2.qa104" accuracy="correct">
      <token status="ok" id="tok1966">The</token>
      <token status="ok" id="tok1967">path</token>
      <token status="ok" id="tok1968">is</token>
      <token status="ok" id="tok1969">not</token>
      <token status="ok" id="tok1970">closed</token>
    </studentAnswer>
    <studentAnswer count="1" answerMatch="answer375" raw_text="a is in the same path" id="SwitchesBulbsParallel-HYBRID_BURNED_OUT_EXPLAIN_Q1.sbj24-l2.qa101" accuracy="partially_correct_incomplete">
      <token status="ok" id="tok1896">a</token>
      <token status="ok" id="tok1897">is</token>
      <token status="ok" id="tok1898">in</token>
      <token status="ok" id="tok1899">the</token>
      <token status="ok" id="tok1900">same</token>
      <token status="ok" id="tok1901">path</token>
    </studentAnswer>
    <studentAnswer count="1" raw_text="bulb a still has a path to the battery" id="SwitchesBulbsParallel-HYBRID_BURNED_OUT_EXPLAIN_Q1.sbj26-l2.qa109" accuracy="irrelevant">
      <token status="ok" id="tok2172">bulb</token>
      <token status="ok" id="tok2173">a</token>
      <token status="ok" id="tok2174">still</token>
      <token status="ok" id="tok2175">has</token>
      <token status="ok" id="tok2176">a</token>
      <token status="ok" id="tok2177">path</token>
      <token status="ok" id="tok2178">to</token>
      <token status="ok" id="tok2179">the</token>
      <token status="ok" id="tok2180">battery</token>
    </studentAnswer>
    <studentAnswer count="1" raw_text="connection" id="SwitchesBulbsParallel-HYBRID_BURNED_OUT_EXPLAIN_Q1.sbj26-l2.qa110" accuracy="contradictory">
      <token status="ok" id="tok2203">connection</token>
    </studentAnswer>
    <studentAnswer count="1" answerMatch="answer375" raw_text="bulb a is contained in their closed paths" id="SwitchesBulbsParallel-HYBRID_BURNED_OUT_EXPLAIN_Q1.sbj27-l2.qa108" accuracy="correct">
      <token status="ok" id="tok2114">bulb</token>
      <token status="ok" id="tok2115">a</token>
      <token status="ok" id="tok2116">is</token>
      <token status="ok" id="tok2117">contained</token>
      <token status="ok" id="tok2118">in</token>
      <token status="ok" id="tok2119">their</token>
      <token status="ok" id="tok2120">closed</token>
      <token status="ok" id="tok2121">paths</token>
    </studentAnswer>
    <studentAnswer count="1" answerMatch="answer375" raw_text="bulb a is contained in the same closed path as both bulbs b and c" id="SwitchesBulbsParallel-HYBRID_BURNED_OUT_EXPLAIN_Q1.sbj27-l2.qa109" accuracy="correct">
      <token status="ok" id="tok2149">bulb</token>
      <token status="ok" id="tok2150">a</token>
      <token status="ok" id="tok2151">is</token>
      <token status="ok" id="tok2152">contained</token>
      <token status="ok" id="tok2153">in</token>
      <token status="ok" id="tok2154">the</token>
      <token status="ok" id="tok2155">same</token>
      <token status="ok" id="tok2156">closed</token>
      <token status="ok" id="tok2157">path</token>
      <token status="ok" id="tok2158">as</token>
      <token status="ok" id="tok2159">both</token>
      <token status="ok" id="tok2160">bulbs</token>
      <token status="ok" id="tok2161">b</token>
      <token status="ok" id="tok2162">and</token>
      <token status="ok" id="tok2163">c</token>
    </studentAnswer>
    <studentAnswer count="1" answerMatch="answer375" raw_text="bulb a is in the closed path" id="SwitchesBulbsParallel-HYBRID_BURNED_OUT_EXPLAIN_Q1.sbj27-l2.qa110" accuracy="partially_correct_incomplete">
      <token status="ok" id="tok2181">bulb</token>
      <token status="ok" id="tok2182">a</token>
      <token status="ok" id="tok2183">is</token>
      <token status="ok" id="tok2184">in</token>
      <token status="ok" id="tok2185">the</token>
      <token status="ok" id="tok2186">closed</token>
      <token status="ok" id="tok2187">path</token>
    </studentAnswer>
    <studentAnswer count="1" raw_text="closed path" id="SwitchesBulbsParallel-HYBRID_BURNED_OUT_EXPLAIN_Q1.sbj28-l2.qa104" accuracy="contradictory">
      <token status="ok" id="tok1968">closed</token>
      <token status="ok" id="tok1969">path</token>
    </studentAnswer>
    <studentAnswer count="1" answerMatch="answer375" raw_text="bulb a creates a gap" id="SwitchesBulbsParallel-HYBRID_BURNED_OUT_EXPLAIN_Q1.sbj28-l2.qa105" accuracy="partially_correct_incomplete">
      <token status="ok" id="tok1987">bulb</token>
      <token status="ok" id="tok1988">a</token>
      <token status="ok" id="tok1989">creates</token>
      <token status="ok" id="tok1990">a</token>
      <token status="ok" id="tok1991">gap</token>
    </studentAnswer>
    <studentAnswer count="1" answerMatch="answer375" raw_text="bulbs b and are not in a closed path with bulb a" id="SwitchesBulbsParallel-HYBRID_BURNED_OUT_EXPLAIN_Q1.sbj29-l2.qa110" accuracy="contradictory">
      <token status="ok" id="tok2222">bulbs</token>
      <token status="ok" id="tok2223">b</token>
      <token status="ok" id="tok2224">and</token>
      <token status="ok" id="tok2225">are</token>
      <token status="ok" id="tok2226">not</token>
      <token status="ok" id="tok2227">in</token>
      <token status="ok" id="tok2228">a</token>
      <token status="ok" id="tok2229">closed</token>
      <token status="ok" id="tok2230">path</token>
      <token status="ok" id="tok2231">with</token>
      <token status="ok" id="tok2232">bulb</token>
      <token status="ok" id="tok2233">a</token>
    </studentAnswer>
    <studentAnswer count="2" answerMatch="answer375" raw_text="Bulb A is on the same path as B and C" id="SwitchesBulbsParallel-HYBRID_BURNED_OUT_EXPLAIN_Q1.sbj30-l2.qa109" accuracy="correct">
      <token status="ok" id="tok2287">Bulb</token>
      <token status="ok" id="tok2288">A</token>
      <token status="ok" id="tok2289">is</token>
      <token status="ok" id="tok2290">on</token>
      <token status="ok" id="tok2291">the</token>
      <token status="ok" id="tok2292">same</token>
      <token status="ok" id="tok2293">path</token>
      <token status="ok" id="tok2294">as</token>
      <token status="ok" id="tok2295">B</token>
      <token status="ok" id="tok2296">and</token>
      <token status="ok" id="tok2297">C</token>
    </studentAnswer>
    <studentAnswer count="1" answerMatch="answer375" raw_text="Bulb A and B and C are on the same paths" id="SwitchesBulbsParallel-HYBRID_BURNED_OUT_EXPLAIN_Q1.sbj30-l2.qa110" accuracy="correct">
      <token status="ok" id="tok2315">Bulb</token>
      <token status="ok" id="tok2316">A</token>
      <token status="ok" id="tok2317">and</token>
      <token status="ok" id="tok2318">B</token>
      <token status="ok" id="tok2319">and</token>
      <token status="ok" id="tok2320">C</token>
      <token status="ok" id="tok2321">are</token>
      <token status="ok" id="tok2322">on</token>
      <token status="ok" id="tok2323">the</token>
      <token status="ok" id="tok2324">same</token>
      <token status="ok" id="tok2325">paths</token>
    </studentAnswer>
    <studentAnswer count="1" raw_text="bulb b and c are not on a closed path" id="SwitchesBulbsParallel-HYBRID_BURNED_OUT_EXPLAIN_Q1.sbj31-l2.qa112" accuracy="partially_correct_incomplete">
      <token status="ok" id="tok2148">bulb</token>
      <token status="ok" id="tok2149">b</token>
      <token status="ok" id="tok2150">and</token>
      <token status="ok" id="tok2151">c</token>
      <token status="ok" id="tok2152">are</token>
      <token status="ok" id="tok2153">not</token>
      <token status="ok" id="tok2154">on</token>
      <token status="ok" id="tok2155">a</token>
      <token status="ok" id="tok2156">closed</token>
      <token status="ok" id="tok2157">path</token>
    </studentAnswer>
    <studentAnswer count="1" answerMatch="answer375" raw_text="both bulbs B and C are in the same path as bulb A" id="SwitchesBulbsParallel-HYBRID_BURNED_OUT_EXPLAIN_Q1.sbj33-l2.qa107" accuracy="partially_correct_incomplete">
      <token status="ok" id="tok1992">both</token>
      <token status="ok" id="tok1993">bulbs</token>
      <token status="ok" id="tok1994">B</token>
      <token status="ok" id="tok1995">and</token>
      <token status="ok" id="tok1996">C</token>
      <token status="ok" id="tok1997">are</token>
      <token status="ok" id="tok1998">in</token>
      <token status="ok" id="tok1999">the</token>
      <token status="ok" id="tok2000">same</token>
      <token status="ok" id="tok2001">path</token>
      <token status="ok" id="tok2002">as</token>
      <token status="ok" id="tok2003">bulb</token>
      <token status="ok" id="tok2004">A</token>
    </studentAnswer>
    <studentAnswer count="1" raw_text="tell answer" id="SwitchesBulbsParallel-HYBRID_BURNED_OUT_EXPLAIN_Q1.sbj33-l2.qa108" accuracy="non_domain">
      <token status="ok" id="tok2022">tell</token>
      <token status="ok" id="tok2023">answer</token>
    </studentAnswer>
    <studentAnswer count="1" answerMatch="answer371" raw_text="Bulb A will create a gap in the path" id="SwitchesBulbsParallel-HYBRID_BURNED_OUT_EXPLAIN_Q1.sbj34-l2.qa111" accuracy="correct">
      <token status="ok" id="tok2094">Bulb</token>
      <token status="ok" id="tok2095">A</token>
      <token status="ok" id="tok2096">will</token>
      <token status="ok" id="tok2097">create</token>
      <token status="ok" id="tok2098">a</token>
      <token status="ok" id="tok2099">gap</token>
      <token status="ok" id="tok2100">in</token>
      <token status="ok" id="tok2101">the</token>
      <token status="ok" id="tok2102">path</token>
    </studentAnswer>
    <studentAnswer count="1" answerMatch="answer375" raw_text="Bulb a created a gap" id="SwitchesBulbsParallel-HYBRID_BURNED_OUT_EXPLAIN_Q1.sbj35-l2.qa110" accuracy="correct">
      <token status="ok" id="tok2184">Bulb</token>
      <token status="ok" id="tok2185">a</token>
      <token status="ok" id="tok2186">created</token>
      <token status="ok" id="tok2187">a</token>
      <token status="ok" id="tok2188">gap</token>
    </studentAnswer>
    <studentAnswer count="1" answerMatch="answer375" raw_text="there is no closed path" id="SwitchesBulbsParallel-HYBRID_BURNED_OUT_EXPLAIN_Q1.sbj36-l2.qa102" accuracy="partially_correct_incomplete">
      <token status="ok" id="tok1934">there</token>
      <token status="ok" id="tok1935">is</token>
      <token status="ok" id="tok1936">no</token>
      <token status="ok" id="tok1937">closed</token>
      <token status="ok" id="tok1938">path</token>
    </studentAnswer>
    <studentAnswer count="1" answerMatch="answer371" raw_text="bulb b will not be in a closed path with the battery. bulb c will not be in a closed path with the battery." id="SwitchesBulbsParallel-HYBRID_BURNED_OUT_EXPLAIN_Q1.sbj37-l2.qa99" accuracy="correct">
      <token status="ok" id="tok2023">bulb</token>
      <token status="ok" id="tok2024">b</token>
      <token status="ok" id="tok2025">will</token>
      <token status="ok" id="tok2026">not</token>
      <token status="ok" id="tok2027">be</token>
      <token status="ok" id="tok2028">in</token>
      <token status="ok" id="tok2029">a</token>
      <token status="ok" id="tok2030">closed</token>
      <token status="ok" id="tok2031">path</token>
      <token status="ok" id="tok2032">with</token>
      <token status="ok" id="tok2033">the</token>
      <token status="ok" id="tok2034">battery</token>
      <token status="ok" id="tok2035">bulb</token>
      <token status="ok" id="tok2036">c</token>
      <token status="ok" id="tok2037">will</token>
      <token status="ok" id="tok2038">not</token>
      <token status="ok" id="tok2039">be</token>
      <token status="ok" id="tok2040">in</token>
      <token status="ok" id="tok2041">a</token>
      <token status="ok" id="tok2042">closed</token>
      <token status="ok" id="tok2043">path</token>
      <token status="ok" id="tok2044">with</token>
      <token status="ok" id="tok2045">the</token>
      <token status="ok" id="tok2046">battery</token>
    </studentAnswer>
    <studentAnswer count="1" answerMatch="answer371" raw_text="if bulb A is damaged the closed path has a gap. bulb b and bulb c are no longer on a closed path." id="SwitchesBulbsParallel-HYBRID_BURNED_OUT_EXPLAIN_Q1.sbj38-l2.qa101" accuracy="correct">
      <token status="ok" id="tok2167">if</token>
      <token status="ok" id="tok2168">bulb</token>
      <token status="ok" id="tok2169">A</token>
      <token status="ok" id="tok2170">is</token>
      <token status="ok" id="tok2171">damaged</token>
      <token status="ok" id="tok2172">the</token>
      <token status="ok" id="tok2173">closed</token>
      <token status="ok" id="tok2174">path</token>
      <token status="ok" id="tok2175">has</token>
      <token status="ok" id="tok2176">a</token>
      <token status="ok" id="tok2177">gap</token>
      <token status="ok" id="tok2178">bulb</token>
      <token status="ok" id="tok2179">b</token>
      <token status="ok" id="tok2180">and</token>
      <token status="ok" id="tok2181">bulb</token>
      <token status="ok" id="tok2182">c</token>
      <token status="ok" id="tok2183">are</token>
      <token status="ok" id="tok2184">no</token>
      <token status="ok" id="tok2185">longer</token>
      <token status="ok" id="tok2186">on</token>
      <token status="ok" id="tok2187">a</token>
      <token status="ok" id="tok2188">closed</token>
      <token status="ok" id="tok2189">path</token>
    </studentAnswer>
    <studentAnswer count="1" answerMatch="answer371" raw_text="if bulb a is damaged bulb b and bulb c are no longer in a closed path with the battery." id="SwitchesBulbsParallel-HYBRID_BURNED_OUT_EXPLAIN_Q1.sbj38-l2.qa102" accuracy="correct">
      <token status="ok" id="tok2213">if</token>
      <token status="ok" id="tok2214">bulb</token>
      <token status="ok" id="tok2215">a</token>
      <token status="ok" id="tok2216">is</token>
      <token status="ok" id="tok2217">damaged</token>
      <token status="ok" id="tok2218">bulb</token>
      <token status="ok" id="tok2219">b</token>
      <token status="ok" id="tok2220">and</token>
      <token status="ok" id="tok2221">bulb</token>
      <token status="ok" id="tok2222">c</token>
      <token status="ok" id="tok2223">are</token>
      <token status="ok" id="tok2224">no</token>
      <token status="ok" id="tok2225">longer</token>
      <token status="ok" id="tok2226">in</token>
      <token status="ok" id="tok2227">a</token>
      <token status="ok" id="tok2228">closed</token>
      <token status="ok" id="tok2229">path</token>
      <token status="ok" id="tok2230">with</token>
      <token status="ok" id="tok2231">the</token>
      <token status="ok" id="tok2232">battery</token>
    </studentAnswer>
    <studentAnswer count="1" answerMatch="answer375" raw_text="There will be a gap a bulb A" id="SwitchesBulbsParallel-HYBRID_BURNED_OUT_EXPLAIN_Q1.sbj39-l2.qa117" accuracy="partially_correct_incomplete">
      <token status="ok" id="tok2253">There</token>
      <token status="ok" id="tok2254">will</token>
      <token status="ok" id="tok2255">be</token>
      <token status="ok" id="tok2256">a</token>
      <token status="ok" id="tok2257">gap</token>
      <token status="ok" id="tok2258">a</token>
      <token status="ok" id="tok2259">bulb</token>
      <token status="ok" id="tok2260">A</token>
    </studentAnswer>
    <studentAnswer count="1" answerMatch="answer375" raw_text="damaging bulb a creates a gap." id="SwitchesBulbsParallel-HYBRID_BURNED_OUT_EXPLAIN_Q1.sbj40-l2.qa111" accuracy="correct">
      <token status="ok" id="tok2244">damaging</token>
      <token status="ok" id="tok2245">bulb</token>
      <token status="ok" id="tok2246">a</token>
      <token status="ok" id="tok2247">creates</token>
      <token status="ok" id="tok2248">a</token>
      <token status="ok" id="tok2249">gap</token>
    </studentAnswer>
    <studentAnswer count="1" answerMatch="answer373" raw_text="there is not a closed path that contains the batteyr and bulb b and bulb c" id="SwitchesBulbsParallel-HYBRID_BURNED_OUT_EXPLAIN_Q1.sbj42-l2.qa103" accuracy="partially_correct_incomplete">
      <token status="ok" id="tok1899">there</token>
      <token status="ok" id="tok1900">is</token>
      <token status="ok" id="tok1901">not</token>
      <token status="ok" id="tok1902">a</token>
      <token status="ok" id="tok1903">closed</token>
      <token status="ok" id="tok1904">path</token>
      <token status="ok" id="tok1905">that</token>
      <token status="ok" id="tok1906">contains</token>
      <token status="ok" id="tok1907">the</token>
      <token status="ok" id="tok1908" original="batteyr">battery</token>
      <token status="ok" id="tok1909">and</token>
      <token status="ok" id="tok1910">bulb</token>
      <token status="ok" id="tok1911">b</token>
      <token status="ok" id="tok1912">and</token>
      <token status="ok" id="tok1913">bulb</token>
      <token status="ok" id="tok1914">c</token>
    </studentAnswer>
    <studentAnswer count="1" raw_text="bulb b and bulb c are still contained in closed paths with the battery" id="SwitchesBulbsParallel-HYBRID_BURNED_OUT_EXPLAIN_Q1.sbj43-l2.qa105" accuracy="contradictory">
      <token status="ok" id="tok2140">bulb</token>
      <token status="ok" id="tok2141">b</token>
      <token status="ok" id="tok2142">and</token>
      <token status="ok" id="tok2143">bulb</token>
      <token status="ok" id="tok2144">c</token>
      <token status="ok" id="tok2145">are</token>
      <token status="ok" id="tok2146">still</token>
      <token status="ok" id="tok2147">contained</token>
      <token status="ok" id="tok2148">in</token>
      <token status="ok" id="tok2149">closed</token>
      <token status="ok" id="tok2150">paths</token>
      <token status="ok" id="tok2151">with</token>
      <token status="ok" id="tok2152">the</token>
      <token status="ok" id="tok2153">battery</token>
    </studentAnswer>
    <studentAnswer count="1" raw_text="bulb b and bulb c are in a closed path with the battery" id="SwitchesBulbsParallel-HYBRID_BURNED_OUT_EXPLAIN_Q1.sbj43-l2.qa106" accuracy="contradictory">
      <token status="ok" id="tok2181">bulb</token>
      <token status="ok" id="tok2182">b</token>
      <token status="ok" id="tok2183">and</token>
      <token status="ok" id="tok2184">bulb</token>
      <token status="ok" id="tok2185">c</token>
      <token status="ok" id="tok2186">are</token>
      <token status="ok" id="tok2187">in</token>
      <token status="ok" id="tok2188">a</token>
      <token status="ok" id="tok2189">closed</token>
      <token status="ok" id="tok2190">path</token>
      <token status="ok" id="tok2191">with</token>
      <token status="ok" id="tok2192">the</token>
      <token status="ok" id="tok2193">battery</token>
    </studentAnswer>
    <studentAnswer count="1" raw_text="bulb b is in a closed path with the battery" id="SwitchesBulbsParallel-HYBRID_BURNED_OUT_EXPLAIN_Q1.sbj43-l2.qa107" accuracy="contradictory">
      <token status="ok" id="tok2221">bulb</token>
      <token status="ok" id="tok2222">b</token>
      <token status="ok" id="tok2223">is</token>
      <token status="ok" id="tok2224">in</token>
      <token status="ok" id="tok2225">a</token>
      <token status="ok" id="tok2226">closed</token>
      <token status="ok" id="tok2227">path</token>
      <token status="ok" id="tok2228">with</token>
      <token status="ok" id="tok2229">the</token>
      <token status="ok" id="tok2230">battery</token>
    </studentAnswer>
    <studentAnswer count="1" answerMatch="answer371" raw_text="bulb B and C will no be in a closed path with the battery" id="SwitchesBulbsParallel-HYBRID_BURNED_OUT_EXPLAIN_Q1.sbj45-l2.qa100" accuracy="correct">
      <token status="ok" id="tok1883">bulb</token>
      <token status="ok" id="tok1884">B</token>
      <token status="ok" id="tok1885">and</token>
      <token status="ok" id="tok1886">C</token>
      <token status="ok" id="tok1887">will</token>
      <token status="ok" id="tok1888">no</token>
      <token status="ok" id="tok1889">be</token>
      <token status="ok" id="tok1890">in</token>
      <token status="ok" id="tok1891">a</token>
      <token status="ok" id="tok1892">closed</token>
      <token status="ok" id="tok1893">path</token>
      <token status="ok" id="tok1894">with</token>
      <token status="ok" id="tok1895">the</token>
      <token status="ok" id="tok1896">battery</token>
    </studentAnswer>
    <studentAnswer count="1" answerMatch="answer375" raw_text="Bulb A is contained in closed paths with the battery" id="SwitchesBulbsParallel-HYBRID_BURNED_OUT_EXPLAIN_Q1.sbj46-l2.qa117" accuracy="contradictory">
      <token status="ok" id="tok2480">Bulb</token>
      <token status="ok" id="tok2481">A</token>
      <token status="ok" id="tok2482">is</token>
      <token status="ok" id="tok2483">contained</token>
      <token status="ok" id="tok2484">in</token>
      <token status="ok" id="tok2485">closed</token>
      <token status="ok" id="tok2486">paths</token>
      <token status="ok" id="tok2487">with</token>
      <token status="ok" id="tok2488">the</token>
      <token status="ok" id="tok2489">battery</token>
    </studentAnswer>
    <studentAnswer count="1" raw_text="bulbs b and c are still contained in closed paths with the battery" id="SwitchesBulbsParallel-HYBRID_BURNED_OUT_EXPLAIN_Q1.sbj47-l2.qa108" accuracy="contradictory">
      <token status="ok" id="tok2081">bulbs</token>
      <token status="ok" id="tok2082">b</token>
      <token status="ok" id="tok2083">and</token>
      <token status="ok" id="tok2084">c</token>
      <token status="ok" id="tok2085">are</token>
      <token status="ok" id="tok2086">still</token>
      <token status="ok" id="tok2087">contained</token>
      <token status="ok" id="tok2088">in</token>
      <token status="ok" id="tok2089">closed</token>
      <token status="ok" id="tok2090">paths</token>
      <token status="ok" id="tok2091">with</token>
      <token status="ok" id="tok2092">the</token>
      <token status="ok" id="tok2093">battery</token>
    </studentAnswer>
    <studentAnswer count="1" raw_text="bulbs b and c have separate paths within the closed circuit" id="SwitchesBulbsParallel-HYBRID_BURNED_OUT_EXPLAIN_Q1.sbj47-l2.qa109" accuracy="contradictory">
      <token status="ok" id="tok2121">bulbs</token>
      <token status="ok" id="tok2122">b</token>
      <token status="ok" id="tok2123">and</token>
      <token status="ok" id="tok2124">c</token>
      <token status="ok" id="tok2125">have</token>
      <token status="ok" id="tok2126">separate</token>
      <token status="ok" id="tok2127">paths</token>
      <token status="ok" id="tok2128">within</token>
      <token status="ok" id="tok2129">the</token>
      <token status="ok" id="tok2130">closed</token>
      <token status="ok" id="tok2131">circuit</token>
    </studentAnswer>
    <studentAnswer count="1" raw_text="both bulbs B and C each have their own separate path to the battery within the closed circuit" id="SwitchesBulbsParallel-HYBRID_BURNED_OUT_EXPLAIN_Q1.sbj47-l2.qa110" accuracy="contradictory">
      <token status="ok" id="tok2152">both</token>
      <token status="ok" id="tok2153">bulbs</token>
      <token status="ok" id="tok2154">B</token>
      <token status="ok" id="tok2155">and</token>
      <token status="ok" id="tok2156">C</token>
      <token status="ok" id="tok2157">each</token>
      <token status="ok" id="tok2158">have</token>
      <token status="ok" id="tok2159">their</token>
      <token status="ok" id="tok2160">own</token>
      <token status="ok" id="tok2161">separate</token>
      <token status="ok" id="tok2162">path</token>
      <token status="ok" id="tok2163">to</token>
      <token status="ok" id="tok2164">the</token>
      <token status="ok" id="tok2165">battery</token>
      <token status="ok" id="tok2166">within</token>
      <token status="ok" id="tok2167">the</token>
      <token status="ok" id="tok2168">closed</token>
      <token status="ok" id="tok2169">circuit</token>
    </studentAnswer>
    <studentAnswer count="1" answerMatch="answer371" raw_text="damaged bulb a creates a gap in the path" id="SwitchesBulbsParallel-HYBRID_BURNED_OUT_EXPLAIN_Q1.sbj48-l2.qa101" accuracy="correct">
      <token status="ok" id="tok1969">damaged</token>
      <token status="ok" id="tok1970">bulb</token>
      <token status="ok" id="tok1971">a</token>
      <token status="ok" id="tok1972">creates</token>
      <token status="ok" id="tok1973">a</token>
      <token status="ok" id="tok1974">gap</token>
      <token status="ok" id="tok1975">in</token>
      <token status="ok" id="tok1976">the</token>
      <token status="ok" id="tok1977">path</token>
    </studentAnswer>
    <studentAnswer count="1" raw_text="They are in separate paths." id="SwitchesBulbsParallel-HYBRID_BURNED_OUT_EXPLAIN_Q1.sbjb1-l2.qa91" accuracy="contradictory">
      <token status="ok" id="tok1909">They</token>
      <token status="ok" id="tok1910">are</token>
      <token status="ok" id="tok1911">in</token>
      <token status="ok" id="tok1912">separate</token>
      <token status="ok" id="tok1913">paths</token>
    </studentAnswer>
    <studentAnswer count="1" answerMatch="answer375" raw_text="There is a gap in the path" id="SwitchesBulbsParallel-HYBRID_BURNED_OUT_EXPLAIN_Q1.sbjb2-l2.qa92" accuracy="partially_correct_incomplete">
      <token status="ok" id="tok1858">There</token>
      <token status="ok" id="tok1859">is</token>
      <token status="ok" id="tok1860">a</token>
      <token status="ok" id="tok1861">gap</token>
      <token status="ok" id="tok1862">in</token>
      <token status="ok" id="tok1863">the</token>
      <token status="ok" id="tok1864">path</token>
    </studentAnswer>
    <studentAnswer count="1" answerMatch="answer375" raw_text="they are conected to each other" id="SwitchesBulbsParallel-HYBRID_BURNED_OUT_EXPLAIN_Q1.sbjb3-l2.qa94" accuracy="partially_correct_incomplete">
      <token status="ok" id="tok1905">they</token>
      <token status="ok" id="tok1906">are</token>
      <token status="ok" id="tok1907" original="conected">connected</token>
      <token status="ok" id="tok1908">to</token>
      <token status="ok" id="tok1909">each</token>
      <token status="ok" id="tok1910">other</token>
    </studentAnswer>
    <studentAnswer count="1" answerMatch="answer375" raw_text="neither bulb b or bulb c will be contained on a closed path" id="SwitchesBulbsParallel-HYBRID_BURNED_OUT_EXPLAIN_Q1.sbjb5-l2.qa90" accuracy="correct">
      <token status="ok" id="tok1946">neither</token>
      <token status="ok" id="tok1947">bulb</token>
      <token status="ok" id="tok1948">b</token>
      <token status="ok" id="tok1949">or</token>
      <token status="ok" id="tok1950">bulb</token>
      <token status="ok" id="tok1951">c</token>
      <token status="ok" id="tok1952">will</token>
      <token status="ok" id="tok1953">be</token>
      <token status="ok" id="tok1954">contained</token>
      <token status="ok" id="tok1955">on</token>
      <token status="ok" id="tok1956">a</token>
      <token status="ok" id="tok1957">closed</token>
      <token status="ok" id="tok1958">path</token>
    </studentAnswer>
    <studentAnswer count="1" answerMatch="answer375" raw_text="They are no longer on a closed cirucit" id="SwitchesBulbsParallel-HYBRID_BURNED_OUT_EXPLAIN_Q1.sbjb6-l2.qa90" accuracy="contradictory">
      <token status="ok" id="tok1837">They</token>
      <token status="ok" id="tok1838">are</token>
      <token status="ok" id="tok1839">no</token>
      <token status="ok" id="tok1840">longer</token>
      <token status="ok" id="tok1841">on</token>
      <token status="ok" id="tok1842">a</token>
      <token status="ok" id="tok1843">closed</token>
      <token status="ok" id="tok1844" original="cirucit">circuit</token>
    </studentAnswer>
    <studentAnswer count="1" answerMatch="answer375" raw_text="Without A, there&quot;s no closed path" id="SwitchesBulbsParallel-HYBRID_BURNED_OUT_EXPLAIN_Q1.sbjb7-l2.qa91" accuracy="correct">
      <token status="ok" id="tok1821">Without</token>
      <token status="ok" id="tok1822">A</token>
      <token status="ok" id="tok1823">there</token>
      <token status="pennTokenFragment" id="tok1824">'s</token>
      <token status="ok" id="tok1825">no</token>
      <token status="ok" id="tok1826">closed</token>
      <token status="ok" id="tok1827">path</token>
    </studentAnswer>
    <studentAnswer count="1" answerMatch="answer371" raw_text="B and C will no longer be contained in a closed path to the battery." id="SwitchesBulbsParallel-HYBRID_BURNED_OUT_EXPLAIN_Q1.sbjb9-l2.qa91" accuracy="correct">
      <token status="ok" id="tok1916">B</token>
      <token status="ok" id="tok1917">and</token>
      <token status="ok" id="tok1918">C</token>
      <token status="ok" id="tok1919">will</token>
      <token status="ok" id="tok1920">no</token>
      <token status="ok" id="tok1921">longer</token>
      <token status="ok" id="tok1922">be</token>
      <token status="ok" id="tok1923">contained</token>
      <token status="ok" id="tok1924">in</token>
      <token status="ok" id="tok1925">a</token>
      <token status="ok" id="tok1926">closed</token>
      <token status="ok" id="tok1927">path</token>
      <token status="ok" id="tok1928">to</token>
      <token status="ok" id="tok1929">the</token>
      <token status="ok" id="tok1930">battery</token>
    </studentAnswer>
    <studentAnswer count="1" answerMatch="answer375" raw_text="because they are in series with a" id="SwitchesBulbsParallel-HYBRID_BURNED_OUT_EXPLAIN_Q1.sbjb10-l2.qa90" accuracy="contradictory">
      <token status="ok" id="tok1823">because</token>
      <token status="ok" id="tok1824">they</token>
      <token status="ok" id="tok1825">are</token>
      <token status="ok" id="tok1826">in</token>
      <token status="ok" id="tok1827">series</token>
      <token status="ok" id="tok1828">with</token>
      <token status="ok" id="tok1829">a</token>
    </studentAnswer>
    <studentAnswer count="1" answerMatch="answer375" raw_text="Bulb A creates a gap in the path." id="SwitchesBulbsParallel-HYBRID_BURNED_OUT_EXPLAIN_Q1.sbjb11-l2.qa90" accuracy="correct">
      <token status="ok" id="tok1949">Bulb</token>
      <token status="ok" id="tok1950">A</token>
      <token status="ok" id="tok1951">creates</token>
      <token status="ok" id="tok1952">a</token>
      <token status="ok" id="tok1953">gap</token>
      <token status="ok" id="tok1954">in</token>
      <token status="ok" id="tok1955">the</token>
      <token status="ok" id="tok1956">path</token>
    </studentAnswer>
    <studentAnswer count="1" answerMatch="answer371" raw_text="there would be a gap in the closed circuit" id="SwitchesBulbsParallel-HYBRID_BURNED_OUT_EXPLAIN_Q1.sbjb12-l2.qa90" accuracy="contradictory">
      <token status="ok" id="tok1895">there</token>
      <token status="ok" id="tok1896">would</token>
      <token status="ok" id="tok1897">be</token>
      <token status="ok" id="tok1898">a</token>
      <token status="ok" id="tok1899">gap</token>
      <token status="ok" id="tok1900">in</token>
      <token status="ok" id="tok1901">the</token>
      <token status="ok" id="tok1902">closed</token>
      <token status="ok" id="tok1903">circuit</token>
    </studentAnswer>
    <studentAnswer count="1" answerMatch="answer375" raw_text="Damaged bulb A will create a gap." id="SwitchesBulbsParallel-HYBRID_BURNED_OUT_EXPLAIN_Q1.sbjb13-l2.qa90" accuracy="correct">
      <token status="ok" id="tok1905">Damaged</token>
      <token status="ok" id="tok1906">bulb</token>
      <token status="ok" id="tok1907">A</token>
      <token status="ok" id="tok1908">will</token>
      <token status="ok" id="tok1909">create</token>
      <token status="ok" id="tok1910">a</token>
      <token status="ok" id="tok1911">gap</token>
    </studentAnswer>
    <studentAnswer count="1" raw_text="still connected to the battery" id="SwitchesBulbsParallel-HYBRID_BURNED_OUT_EXPLAIN_Q1.sbjb15-l2.qa91" accuracy="contradictory">
      <token status="ok" id="tok1799">still</token>
      <token status="ok" id="tok1800">connected</token>
      <token status="ok" id="tok1801">to</token>
      <token status="ok" id="tok1802">the</token>
      <token status="ok" id="tok1803">battery</token>
    </studentAnswer>
    <studentAnswer count="1" answerMatch="answer375" raw_text="they are in the same path" id="SwitchesBulbsParallel-HYBRID_BURNED_OUT_EXPLAIN_Q1.sbjb16-l2.qa91" accuracy="partially_correct_incomplete">
      <token status="ok" id="tok1816">they</token>
      <token status="ok" id="tok1817">are</token>
      <token status="ok" id="tok1818">in</token>
      <token status="ok" id="tok1819">the</token>
      <token status="ok" id="tok1820">same</token>
      <token status="ok" id="tok1821">path</token>
    </studentAnswer>
    <studentAnswer count="1" answerMatch="answer375" raw_text="Damaged bulb A creates a gap in the circuit" id="SwitchesBulbsParallel-HYBRID_BURNED_OUT_EXPLAIN_Q1.sbjb17-l2.qa92" accuracy="partially_correct_incomplete">
      <token status="ok" id="tok1880">Damaged</token>
      <token status="ok" id="tok1881">bulb</token>
      <token status="ok" id="tok1882">A</token>
      <token status="ok" id="tok1883">creates</token>
      <token status="ok" id="tok1884">a</token>
      <token status="ok" id="tok1885">gap</token>
      <token status="ok" id="tok1886">in</token>
      <token status="ok" id="tok1887">the</token>
      <token status="ok" id="tok1888">circuit</token>
    </studentAnswer>
    <studentAnswer count="1" answerMatch="answer375" raw_text="there will be a gap" id="SwitchesBulbsParallel-HYBRID_BURNED_OUT_EXPLAIN_Q1.sbjb18-l2.qa90" accuracy="partially_correct_incomplete">
      <token status="ok" id="tok1764">there</token>
      <token status="ok" id="tok1765">will</token>
      <token status="ok" id="tok1766">be</token>
      <token status="ok" id="tok1767">a</token>
      <token status="ok" id="tok1768">gap</token>
    </studentAnswer>
    <studentAnswer count="1" answerMatch="answer375" raw_text="because the damaged bulb a creates a gap in the path" id="SwitchesBulbsParallel-HYBRID_BURNED_OUT_EXPLAIN_Q1.sbjb19-l2.qa90" accuracy="correct">
      <token status="ok" id="tok1866">because</token>
      <token status="ok" id="tok1867">the</token>
      <token status="ok" id="tok1868">damaged</token>
      <token status="ok" id="tok1869">bulb</token>
      <token status="ok" id="tok1870">a</token>
      <token status="ok" id="tok1871">creates</token>
      <token status="ok" id="tok1872">a</token>
      <token status="ok" id="tok1873">gap</token>
      <token status="ok" id="tok1874">in</token>
      <token status="ok" id="tok1875">the</token>
      <token status="ok" id="tok1876">path</token>
    </studentAnswer>
    <studentAnswer count="1" raw_text="Bulb B, and C are still ina contained path." id="SwitchesBulbsParallel-HYBRID_BURNED_OUT_EXPLAIN_Q1.sbjb20-l2.qa90" accuracy="contradictory">
      <token status="ok" id="tok1886">Bulb</token>
      <token status="ok" id="tok1887">B</token>
      <token status="ok" id="tok1888">and</token>
      <token status="ok" id="tok1889">C</token>
      <token status="ok" id="tok1890">are</token>
      <token status="ok" id="tok1891">still</token>
      <token status="ok" id="tok1892a">in</token>
      <token status="ok" id="tok1892b">a</token>
      <token status="ok" id="tok1893">contained</token>
      <token status="ok" id="tok1894">path</token>
    </studentAnswer>
    <studentAnswer count="1" raw_text="seperate circuits" id="SwitchesBulbsParallel-HYBRID_BURNED_OUT_EXPLAIN_Q1.sbjb21-l2.qa90" accuracy="contradictory">
      <token status="ok" id="tok1776" original="seperate">separate</token>
      <token status="ok" id="tok1777">circuits</token>
    </studentAnswer>
    <studentAnswer count="1" answerMatch="answer373" raw_text="contained in closed path" id="SwitchesBulbsParallel-HYBRID_BURNED_OUT_EXPLAIN_Q1.sbjb22-l2.qa90" accuracy="contradictory">
      <token status="ok" id="tok1785">contained</token>
      <token status="ok" id="tok1786">in</token>
      <token status="ok" id="tok1787">closed</token>
      <token status="ok" id="tok1788">path</token>
    </studentAnswer>
    <studentAnswer count="1" answerMatch="answer375" raw_text="A GAP WIL BE CREATED" id="SwitchesBulbsParallel-HYBRID_BURNED_OUT_EXPLAIN_Q1.sbjb24-l2.qa94" accuracy="partially_correct_incomplete">
      <token status="ok" id="tok1830">A</token>
      <token status="ok" id="tok1831">GAP</token>
      <token status="ok" id="tok1832" original="WIL">WILL</token>
      <token status="ok" id="tok1833">BE</token>
      <token status="ok" id="tok1834">CREATED</token>
    </studentAnswer>
    <studentAnswer count="1" raw_text="Bulb A is not in the same path as bulbs B and C." id="SwitchesBulbsParallel-HYBRID_BURNED_OUT_EXPLAIN_Q1.sbjb25-l2.qa91" accuracy="contradictory">
      <token status="ok" id="tok1847">Bulb</token>
      <token status="ok" id="tok1848">A</token>
      <token status="ok" id="tok1849">is</token>
      <token status="ok" id="tok1850">not</token>
      <token status="ok" id="tok1851">in</token>
      <token status="ok" id="tok1852">the</token>
      <token status="ok" id="tok1853">same</token>
      <token status="ok" id="tok1854">path</token>
      <token status="ok" id="tok1855">as</token>
      <token status="ok" id="tok1856">bulbs</token>
      <token status="ok" id="tok1857">B</token>
      <token status="ok" id="tok1858">and</token>
      <token status="ok" id="tok1859">C</token>
    </studentAnswer>
    <studentAnswer count="1" answerMatch="answer375" raw_text="Bulb A will no longer be completing the circuts." id="SwitchesBulbsParallel-HYBRID_BURNED_OUT_EXPLAIN_Q1.sbjb26-l2.qa90" accuracy="correct">
      <token status="ok" id="tok1883">Bulb</token>
      <token status="ok" id="tok1884">A</token>
      <token status="ok" id="tok1885">will</token>
      <token status="ok" id="tok1886">no</token>
      <token status="ok" id="tok1887">longer</token>
      <token status="ok" id="tok1888">be</token>
      <token status="ok" id="tok1889">completing</token>
      <token status="ok" id="tok1890">the</token>
      <token status="ok" id="tok1891" original="circuts">circuits</token>
    </studentAnswer>
    <studentAnswer count="1" answerMatch="answer375" raw_text="bulb A creates a gap in the closed circuit" id="SwitchesBulbsParallel-HYBRID_BURNED_OUT_EXPLAIN_Q1.sbjb27-l2.qa90" accuracy="contradictory">
      <token status="ok" id="tok1889">bulb</token>
      <token status="ok" id="tok1890">A</token>
      <token status="ok" id="tok1891">creates</token>
      <token status="ok" id="tok1892">a</token>
      <token status="ok" id="tok1893">gap</token>
      <token status="ok" id="tok1894">in</token>
      <token status="ok" id="tok1895">the</token>
      <token status="ok" id="tok1896">closed</token>
      <token status="ok" id="tok1897">circuit</token>
    </studentAnswer>
    <studentAnswer count="1" answerMatch="answer375" raw_text="there is a gap caused by bulb A" id="SwitchesBulbsParallel-HYBRID_BURNED_OUT_EXPLAIN_Q1.sbjb28-l2.qa90" accuracy="partially_correct_incomplete">
      <token status="ok" id="tok1857">there</token>
      <token status="ok" id="tok1858">is</token>
      <token status="ok" id="tok1859">a</token>
      <token status="ok" id="tok1860">gap</token>
      <token status="ok" id="tok1861">caused</token>
      <token status="ok" id="tok1862">by</token>
      <token status="ok" id="tok1863">bulb</token>
      <token status="ok" id="tok1864">A</token>
    </studentAnswer>
    <studentAnswer count="1" answerMatch="answer375" raw_text="because it would cause a gap" id="SwitchesBulbsParallel-HYBRID_BURNED_OUT_EXPLAIN_Q1.sbjb29-l2.qa91" accuracy="partially_correct_incomplete">
      <token status="ok" id="tok1840">because</token>
      <token status="ok" id="tok1841">it</token>
      <token status="ok" id="tok1842">would</token>
      <token status="ok" id="tok1843">cause</token>
      <token status="ok" id="tok1844">a</token>
      <token status="ok" id="tok1845">gap</token>
    </studentAnswer>
    <studentAnswer count="1" answerMatch="answer375" raw_text="the damaged bulb a creates a gap in the path." id="SwitchesBulbsParallel-HYBRID_BURNED_OUT_EXPLAIN_Q1.sbjb30-l2.qa90" accuracy="partially_correct_incomplete">
      <token status="ok" id="tok1970">the</token>
      <token status="ok" id="tok1971">damaged</token>
      <token status="ok" id="tok1972">bulb</token>
      <token status="ok" id="tok1973">a</token>
      <token status="ok" id="tok1974">creates</token>
      <token status="ok" id="tok1975">a</token>
      <token status="ok" id="tok1976">gap</token>
      <token status="ok" id="tok1977">in</token>
      <token status="ok" id="tok1978">the</token>
      <token status="ok" id="tok1979">path</token>
    </studentAnswer>
    <studentAnswer count="1" answerMatch="answer375" raw_text="because it damages the complete circuit" id="SwitchesBulbsParallel-HYBRID_BURNED_OUT_EXPLAIN_Q1.sbjb31-l2.qa90" accuracy="contradictory">
      <token status="ok" id="tok1920">because</token>
      <token status="ok" id="tok1921">it</token>
      <token status="ok" id="tok1922">damages</token>
      <token status="ok" id="tok1923">the</token>
      <token status="ok" id="tok1924">complete</token>
      <token status="ok" id="tok1925">circuit</token>
    </studentAnswer>
    <studentAnswer count="1" raw_text="it is on a closed path" id="SwitchesBulbsParallel-HYBRID_BURNED_OUT_EXPLAIN_Q1.sbjb32-l2.qa90" accuracy="contradictory">
      <token status="ok" id="tok1808">it</token>
      <token status="ok" id="tok1809">is</token>
      <token status="ok" id="tok1810">on</token>
      <token status="ok" id="tok1811">a</token>
      <token status="ok" id="tok1812">closed</token>
      <token status="ok" id="tok1813">path</token>
    </studentAnswer>
    <studentAnswer count="1" answerMatch="answer375" raw_text="There is a gap in the closed path." id="SwitchesBulbsParallel-HYBRID_BURNED_OUT_EXPLAIN_Q1.sbjb34-l2.qa91" accuracy="partially_correct_incomplete">
      <token status="ok" id="tok1901">There</token>
      <token status="ok" id="tok1902">is</token>
      <token status="ok" id="tok1903">a</token>
      <token status="ok" id="tok1904">gap</token>
      <token status="ok" id="tok1905">in</token>
      <token status="ok" id="tok1906">the</token>
      <token status="ok" id="tok1907">closed</token>
      <token status="ok" id="tok1908">path</token>
    </studentAnswer>
    <studentAnswer count="1" answerMatch="answer375" raw_text="it creats a gap so there are no closed paths" id="SwitchesBulbsParallel-HYBRID_BURNED_OUT_EXPLAIN_Q1.sbjb36-l2.qa90" accuracy="correct">
      <token status="ok" id="tok1836">it</token>
      <token status="ok" id="tok1837" original="creats">creates</token>
      <token status="ok" id="tok1838">a</token>
      <token status="ok" id="tok1839">gap</token>
      <token status="ok" id="tok1840">so</token>
      <token status="ok" id="tok1841">there</token>
      <token status="ok" id="tok1842">are</token>
      <token status="ok" id="tok1843">no</token>
      <token status="ok" id="tok1844">closed</token>
      <token status="ok" id="tok1845">paths</token>
    </studentAnswer>
    <studentAnswer count="1" raw_text="Seperate paths connected to the battery" id="SwitchesBulbsParallel-HYBRID_BURNED_OUT_EXPLAIN_Q1.sbjb37-l2.qa91" accuracy="contradictory">
      <token status="ok" id="tok1841" original="Seperate">Separate</token>
      <token status="ok" id="tok1842">paths</token>
      <token status="ok" id="tok1843">connected</token>
      <token status="ok" id="tok1844">to</token>
      <token status="ok" id="tok1845">the</token>
      <token status="ok" id="tok1846">battery</token>
    </studentAnswer>
    <studentAnswer count="1" answerMatch="answer371" raw_text="Damaging Bulb A would disrupt the closed path with the battery." id="SwitchesBulbsParallel-HYBRID_BURNED_OUT_EXPLAIN_Q1.sbjb38-l2.qa90" accuracy="correct">
      <token status="ok" id="tok1899">Damaging</token>
      <token status="ok" id="tok1900">Bulb</token>
      <token status="ok" id="tok1901">A</token>
      <token status="ok" id="tok1902">would</token>
      <token status="ok" id="tok1903">disrupt</token>
      <token status="ok" id="tok1904">the</token>
      <token status="ok" id="tok1905">closed</token>
      <token status="ok" id="tok1906">path</token>
      <token status="ok" id="tok1907">with</token>
      <token status="ok" id="tok1908">the</token>
      <token status="ok" id="tok1909">battery</token>
    </studentAnswer>
    <studentAnswer count="1" answerMatch="answer375" raw_text="if bulb A burns out then bulbs B and C will no longer be in a closed path." id="SwitchesBulbsParallel-HYBRID_BURNED_OUT_EXPLAIN_Q1.sbjb39-l2.qa90" accuracy="correct">
      <token status="ok" id="tok1889">if</token>
      <token status="ok" id="tok1890">bulb</token>
      <token status="ok" id="tok1891">A</token>
      <token status="ok" id="tok1892">burns</token>
      <token status="ok" id="tok1893">out</token>
      <token status="ok" id="tok1894">then</token>
      <token status="ok" id="tok1895">bulbs</token>
      <token status="ok" id="tok1896">B</token>
      <token status="ok" id="tok1897">and</token>
      <token status="ok" id="tok1898">C</token>
      <token status="ok" id="tok1899">will</token>
      <token status="ok" id="tok1900">no</token>
      <token status="ok" id="tok1901">longer</token>
      <token status="ok" id="tok1902">be</token>
      <token status="ok" id="tok1903">in</token>
      <token status="ok" id="tok1904">a</token>
      <token status="ok" id="tok1905">closed</token>
      <token status="ok" id="tok1906">path</token>
    </studentAnswer>
    <studentAnswer count="1" answerMatch="answer371" raw_text="B nor C will have a contained closed paths to the battery" id="SwitchesBulbsParallel-HYBRID_BURNED_OUT_EXPLAIN_Q1.sbjb40-l2.qa90" accuracy="partially_correct_incomplete">
      <token status="ok" id="tok1824">B</token>
      <token status="ok" id="tok1825">nor</token>
      <token status="ok" id="tok1826">C</token>
      <token status="ok" id="tok1827">will</token>
      <token status="ok" id="tok1828">have</token>
      <token status="ok" id="tok1829">a</token>
      <token status="ok" id="tok1830">contained</token>
      <token status="ok" id="tok1831">closed</token>
      <token status="ok" id="tok1832">paths</token>
      <token status="ok" id="tok1833">to</token>
      <token status="ok" id="tok1834">the</token>
      <token status="ok" id="tok1835">battery</token>
    </studentAnswer>
    <studentAnswer count="1" raw_text="Bulbs B and C are still contained in a closed path to the battery." id="SwitchesBulbsParallel-HYBRID_BURNED_OUT_EXPLAIN_Q1.sbjb41-l2.qa91" accuracy="contradictory">
      <token status="ok" id="tok2003">Bulbs</token>
      <token status="ok" id="tok2004">B</token>
      <token status="ok" id="tok2005">and</token>
      <token status="ok" id="tok2006">C</token>
      <token status="ok" id="tok2007">are</token>
      <token status="ok" id="tok2008">still</token>
      <token status="ok" id="tok2009">contained</token>
      <token status="ok" id="tok2010">in</token>
      <token status="ok" id="tok2011">a</token>
      <token status="ok" id="tok2012">closed</token>
      <token status="ok" id="tok2013">path</token>
      <token status="ok" id="tok2014">to</token>
      <token status="ok" id="tok2015">the</token>
      <token status="ok" id="tok2016">battery</token>
    </studentAnswer>
    <studentAnswer count="1" answerMatch="answer375" raw_text="that creates a gap" id="SwitchesBulbsParallel-HYBRID_BURNED_OUT_EXPLAIN_Q1.sbjb42-l2.qa90" accuracy="partially_correct_incomplete">
      <token status="ok" id="tok1877">that</token>
      <token status="ok" id="tok1878">creates</token>
      <token status="ok" id="tok1879">a</token>
      <token status="ok" id="tok1880">gap</token>
    </studentAnswer>
  </studentAnswers>
</question>
