<?xml version="1.0"?>
<question qtype="Q_EXPLAIN_SPECIFIC" id="SWITCH_TABLE_EXPLAIN_Q1" module="SwitchesBulbsParallel" stype="EVALUATE">
  <questionText>When switch X was closed and switch Y was open, why was bulb A on?</questionText>
  <referenceAnswers>
    <referenceAnswer category="BEST" id="answer319" fileID="SWITCH_TABLE_EXPLAIN_Q1_ANS1">Bulb A was still contained in the same closed path with the battery.</referenceAnswer>
    <referenceAnswer category="BEST" id="answer319.1" fileID="SWITCH_TABLE_EXPLAIN_Q1_ANS1a">Bulb A is still contained in a closed path with the battery and switch X.</referenceAnswer>
    <referenceAnswer category="GOOD" id="answer320" fileID="SWITCH_TABLE_EXPLAIN_Q1_ANS2">there is no path containing both switch Y and bulb A</referenceAnswer>
    <referenceAnswer category="GOOD" id="answer321" fileID="SWITCH_TABLE_EXPLAIN_Q1_ANS3">Switch Y and bulb A are not in the same closed path</referenceAnswer>
  </referenceAnswers>
  <studentAnswers>
    <studentAnswer count="1" answerMatch="answer319" raw_text="because bulb a was still in a closed path with the battery" id="SwitchesBulbsParallel-SWITCH_TABLE_EXPLAIN_Q1.sbj3-l2.qa58" accuracy="correct">
      <token status="ok" id="tok1101">because</token>
      <token status="ok" id="tok1102">bulb</token>
      <token status="ok" id="tok1103">a</token>
      <token status="ok" id="tok1104">was</token>
      <token status="ok" id="tok1105">still</token>
      <token status="ok" id="tok1106">in</token>
      <token status="ok" id="tok1107">a</token>
      <token status="ok" id="tok1108">closed</token>
      <token status="ok" id="tok1109">path</token>
      <token status="ok" id="tok1110">with</token>
      <token status="ok" id="tok1111">the</token>
      <token status="ok" id="tok1112">battery</token>
    </studentAnswer>
    <studentAnswer count="1" answerMatch="answer319" raw_text="bulb a was still contained in a closed path with the battery." id="SwitchesBulbsParallel-SWITCH_TABLE_EXPLAIN_Q1.sbj7-l2.qa58" accuracy="correct">
      <token status="ok" id="tok1087">bulb</token>
      <token status="ok" id="tok1088">a</token>
      <token status="ok" id="tok1089">was</token>
      <token status="ok" id="tok1090">still</token>
      <token status="ok" id="tok1091">contained</token>
      <token status="ok" id="tok1092">in</token>
      <token status="ok" id="tok1093">a</token>
      <token status="ok" id="tok1094">closed</token>
      <token status="ok" id="tok1095">path</token>
      <token status="ok" id="tok1096">with</token>
      <token status="ok" id="tok1097">the</token>
      <token status="ok" id="tok1098">battery</token>
    </studentAnswer>
    <studentAnswer count="1" answerMatch="answer319" raw_text="because the path was closed" id="SwitchesBulbsParallel-SWITCH_TABLE_EXPLAIN_Q1.sbj8-l2.qa61" accuracy="partially_correct_incomplete">
      <token status="ok" id="tok1232">because</token>
      <token status="ok" id="tok1233">the</token>
      <token status="ok" id="tok1234">path</token>
      <token status="ok" id="tok1235">was</token>
      <token status="ok" id="tok1236">closed</token>
    </studentAnswer>
    <studentAnswer count="1" answerMatch="answer319" raw_text="because it was contained in same path as the battery" id="SwitchesBulbsParallel-SWITCH_TABLE_EXPLAIN_Q1.sbj8-l2.qa62" accuracy="partially_correct_incomplete">
      <token status="ok" id="tok1245">because</token>
      <token status="ok" id="tok1246">it</token>
      <token status="ok" id="tok1247">was</token>
      <token status="ok" id="tok1248">contained</token>
      <token status="ok" id="tok1249">in</token>
      <token status="ok" id="tok1250">same</token>
      <token status="ok" id="tok1251">path</token>
      <token status="ok" id="tok1252">as</token>
      <token status="ok" id="tok1253">the</token>
      <token status="ok" id="tok1254">battery</token>
    </studentAnswer>
    <studentAnswer count="1" answerMatch="answer319" raw_text="because bulb a is contained within the same closed path as the battery" id="SwitchesBulbsParallel-SWITCH_TABLE_EXPLAIN_Q1.sbj8-l2.qa63" accuracy="correct">
      <token status="ok" id="tok1272">because</token>
      <token status="ok" id="tok1273">bulb</token>
      <token status="ok" id="tok1274">a</token>
      <token status="ok" id="tok1275">is</token>
      <token status="ok" id="tok1276">contained</token>
      <token status="ok" id="tok1277">within</token>
      <token status="ok" id="tok1278">the</token>
      <token status="ok" id="tok1279">same</token>
      <token status="ok" id="tok1280">closed</token>
      <token status="ok" id="tok1281">path</token>
      <token status="ok" id="tok1282">as</token>
      <token status="ok" id="tok1283">the</token>
      <token status="ok" id="tok1284">battery</token>
    </studentAnswer>
    <studentAnswer count="2" answerMatch="answer320" raw_text="switch Y does not affect bulb a" id="SwitchesBulbsParallel-SWITCH_TABLE_EXPLAIN_Q1.sbj8-l2.qa64" accuracy="partially_correct_incomplete">
      <token status="ok" id="tok1302">switch</token>
      <token status="ok" id="tok1303">Y</token>
      <token status="ok" id="tok1304">does</token>
      <token status="ok" id="tok1305">not</token>
      <token status="ok" id="tok1306">affect</token>
      <token status="ok" id="tok1307">bulb</token>
      <token status="ok" id="tok1308">a</token>
    </studentAnswer>
    <studentAnswer count="2" answerMatch="answer319" raw_text="bulb a was in a closed path with the battery." id="SwitchesBulbsParallel-SWITCH_TABLE_EXPLAIN_Q1.sbj9-l2.qa59" accuracy="correct">
      <token status="ok" id="tok1057">bulb</token>
      <token status="ok" id="tok1058">a</token>
      <token status="ok" id="tok1059">was</token>
      <token status="ok" id="tok1060">in</token>
      <token status="ok" id="tok1061">a</token>
      <token status="ok" id="tok1062">closed</token>
      <token status="ok" id="tok1063">path</token>
      <token status="ok" id="tok1064">with</token>
      <token status="ok" id="tok1065">the</token>
      <token status="ok" id="tok1066">battery</token>
    </studentAnswer>
    <studentAnswer count="1" answerMatch="answer319" raw_text="becuase bulb a is on a closed circuit with the battery" id="SwitchesBulbsParallel-SWITCH_TABLE_EXPLAIN_Q1.sbj10-l2.qa61" accuracy="contradictory">
      <token status="ok" id="tok1137" original="becuase">because</token>
      <token status="ok" id="tok1138">bulb</token>
      <token status="ok" id="tok1139">a</token>
      <token status="ok" id="tok1140">is</token>
      <token status="ok" id="tok1141">on</token>
      <token status="ok" id="tok1142">a</token>
      <token status="ok" id="tok1143">closed</token>
      <token status="ok" id="tok1144">circuit</token>
      <token status="ok" id="tok1145">with</token>
      <token status="ok" id="tok1146">the</token>
      <token status="ok" id="tok1147">battery</token>
    </studentAnswer>
    <studentAnswer count="1" answerMatch="answer319" raw_text="because bulb a is on a closed path with the battery" id="SwitchesBulbsParallel-SWITCH_TABLE_EXPLAIN_Q1.sbj10-l2.qa62" accuracy="correct">
      <token status="ok" id="tok1180">because</token>
      <token status="ok" id="tok1181">bulb</token>
      <token status="ok" id="tok1182">a</token>
      <token status="ok" id="tok1183">is</token>
      <token status="ok" id="tok1184">on</token>
      <token status="ok" id="tok1185">a</token>
      <token status="ok" id="tok1186">closed</token>
      <token status="ok" id="tok1187">path</token>
      <token status="ok" id="tok1188">with</token>
      <token status="ok" id="tok1189">the</token>
      <token status="ok" id="tok1190">battery</token>
    </studentAnswer>
    <studentAnswer count="1" answerMatch="answer319" raw_text="because bulb a is in a closed path with the battery." id="SwitchesBulbsParallel-SWITCH_TABLE_EXPLAIN_Q1.sbj11-l2.qa60" accuracy="correct">
      <token status="ok" id="tok1152">because</token>
      <token status="ok" id="tok1153">bulb</token>
      <token status="ok" id="tok1154">a</token>
      <token status="ok" id="tok1155">is</token>
      <token status="ok" id="tok1156">in</token>
      <token status="ok" id="tok1157">a</token>
      <token status="ok" id="tok1158">closed</token>
      <token status="ok" id="tok1159">path</token>
      <token status="ok" id="tok1160">with</token>
      <token status="ok" id="tok1161">the</token>
      <token status="ok" id="tok1162">battery</token>
    </studentAnswer>
    <studentAnswer count="1" raw_text="The circuit is complete with the battery and bulb a" id="SwitchesBulbsParallel-SWITCH_TABLE_EXPLAIN_Q1.sbj12-l2.qa63" accuracy="contradictory">
      <token status="ok" id="tok1158">The</token>
      <token status="ok" id="tok1159">circuit</token>
      <token status="ok" id="tok1160">is</token>
      <token status="ok" id="tok1161">complete</token>
      <token status="ok" id="tok1162">with</token>
      <token status="ok" id="tok1163">the</token>
      <token status="ok" id="tok1164">battery</token>
      <token status="ok" id="tok1165">and</token>
      <token status="ok" id="tok1166">bulb</token>
      <token status="ok" id="tok1167">a</token>
    </studentAnswer>
    <studentAnswer count="1" answerMatch="answer319.1" raw_text="they are contained in the same path." id="SwitchesBulbsParallel-SWITCH_TABLE_EXPLAIN_Q1.sbj13-l2.qa66" accuracy="partially_correct_incomplete">
      <token status="ok" id="tok1317">they</token>
      <token status="ok" id="tok1318">are</token>
      <token status="ok" id="tok1319">contained</token>
      <token status="ok" id="tok1320">in</token>
      <token status="ok" id="tok1321">the</token>
      <token status="ok" id="tok1322">same</token>
      <token status="ok" id="tok1323">path</token>
    </studentAnswer>
    <studentAnswer count="1" answerMatch="answer319.1" raw_text="switch x is contained in the same path as bulb a." id="SwitchesBulbsParallel-SWITCH_TABLE_EXPLAIN_Q1.sbj13-l2.qa67" accuracy="partially_correct_incomplete">
      <token status="ok" id="tok1338">switch</token>
      <token status="ok" id="tok1339">x</token>
      <token status="ok" id="tok1340">is</token>
      <token status="ok" id="tok1341">contained</token>
      <token status="ok" id="tok1342">in</token>
      <token status="ok" id="tok1343">the</token>
      <token status="ok" id="tok1344">same</token>
      <token status="ok" id="tok1345">path</token>
      <token status="ok" id="tok1346">as</token>
      <token status="ok" id="tok1347">bulb</token>
      <token status="ok" id="tok1348">a</token>
    </studentAnswer>
    <studentAnswer count="1" answerMatch="answer319.1" raw_text="bulb a is in the same path of switch x." id="SwitchesBulbsParallel-SWITCH_TABLE_EXPLAIN_Q1.sbj13-l2.qa68" accuracy="partially_correct_incomplete">
      <token status="ok" id="tok1366">bulb</token>
      <token status="ok" id="tok1367">a</token>
      <token status="ok" id="tok1368">is</token>
      <token status="ok" id="tok1369">in</token>
      <token status="ok" id="tok1370">the</token>
      <token status="ok" id="tok1371">same</token>
      <token status="ok" id="tok1372">path</token>
      <token status="ok" id="tok1373">of</token>
      <token status="ok" id="tok1374">switch</token>
      <token status="ok" id="tok1375">x</token>
    </studentAnswer>
    <studentAnswer count="1" raw_text="because it was not contained in the closed path." id="SwitchesBulbsParallel-SWITCH_TABLE_EXPLAIN_Q1.sbj14-l2.qa59" accuracy="contradictory">
      <token status="ok" id="tok1085">because</token>
      <token status="ok" id="tok1086">it</token>
      <token status="ok" id="tok1087">was</token>
      <token status="ok" id="tok1088">not</token>
      <token status="ok" id="tok1089">contained</token>
      <token status="ok" id="tok1090">in</token>
      <token status="ok" id="tok1091">the</token>
      <token status="ok" id="tok1092">closed</token>
      <token status="ok" id="tok1093">path</token>
    </studentAnswer>
    <studentAnswer count="1" answerMatch="answer319" raw_text="because it was contained in a closed bath with the battery." id="SwitchesBulbsParallel-SWITCH_TABLE_EXPLAIN_Q1.sbj14-l2.qa60" accuracy="correct">
      <token status="ok" id="tok1107">because</token>
      <token status="ok" id="tok1108">it</token>
      <token status="ok" id="tok1109">was</token>
      <token status="ok" id="tok1110">contained</token>
      <token status="ok" id="tok1111">in</token>
      <token status="ok" id="tok1112">a</token>
      <token status="ok" id="tok1113">closed</token>
      <token status="ok" id="tok1114">bath</token>
      <token status="ok" id="tok1115">with</token>
      <token status="ok" id="tok1116">the</token>
      <token status="ok" id="tok1117">battery</token>
    </studentAnswer>
    <studentAnswer count="1" raw_text="because there was a gap in the terminals" id="SwitchesBulbsParallel-SWITCH_TABLE_EXPLAIN_Q1.sbj15-l2.qa67" accuracy="contradictory">
      <token status="ok" id="tok1312">because</token>
      <token status="ok" id="tok1313">there</token>
      <token status="ok" id="tok1314">was</token>
      <token status="ok" id="tok1315">a</token>
      <token status="ok" id="tok1316">gap</token>
      <token status="ok" id="tok1317">in</token>
      <token status="ok" id="tok1318">the</token>
      <token status="ok" id="tok1319">terminals</token>
    </studentAnswer>
    <studentAnswer count="1" raw_text="Because the switch was connected to the closed circuit" id="SwitchesBulbsParallel-SWITCH_TABLE_EXPLAIN_Q1.sbj19-l2.qa75" accuracy="contradictory">
      <token status="ok" id="tok1560">Because</token>
      <token status="ok" id="tok1561">the</token>
      <token status="ok" id="tok1562">switch</token>
      <token status="ok" id="tok1563">was</token>
      <token status="ok" id="tok1564">connected</token>
      <token status="ok" id="tok1565">to</token>
      <token status="ok" id="tok1566">the</token>
      <token status="ok" id="tok1567">closed</token>
      <token status="ok" id="tok1568">circuit</token>
    </studentAnswer>
    <studentAnswer count="1" answerMatch="answer319" raw_text="the path was closed" id="SwitchesBulbsParallel-SWITCH_TABLE_EXPLAIN_Q1.sbj19-l2.qa76" accuracy="partially_correct_incomplete">
      <token status="ok" id="tok1601">the</token>
      <token status="ok" id="tok1602">path</token>
      <token status="ok" id="tok1603">was</token>
      <token status="ok" id="tok1604">closed</token>
    </studentAnswer>
    <studentAnswer count="1" answerMatch="answer319" raw_text="the closed path is connected to the light bulb" id="SwitchesBulbsParallel-SWITCH_TABLE_EXPLAIN_Q1.sbj19-l2.qa77" accuracy="partially_correct_incomplete">
      <token status="ok" id="tok1613">the</token>
      <token status="ok" id="tok1614">closed</token>
      <token status="ok" id="tok1615">path</token>
      <token status="ok" id="tok1616">is</token>
      <token status="ok" id="tok1617">connected</token>
      <token status="ok" id="tok1618">to</token>
      <token status="ok" id="tok1619">the</token>
      <token status="ok" id="tok1620">light</token>
      <token status="ok" id="tok1621">bulb</token>
    </studentAnswer>
    <studentAnswer count="1" answerMatch="answer319" raw_text="Bulb A is contain in a closed path" id="SwitchesBulbsParallel-SWITCH_TABLE_EXPLAIN_Q1.sbj19-l2.qa78" accuracy="partially_correct_incomplete">
      <token status="ok" id="tok1662">Bulb</token>
      <token status="ok" id="tok1663">A</token>
      <token status="ok" id="tok1664">is</token>
      <token status="ok" id="tok1665">contain</token>
      <token status="ok" id="tok1666">in</token>
      <token status="ok" id="tok1667">a</token>
      <token status="ok" id="tok1668">closed</token>
      <token status="ok" id="tok1669">path</token>
    </studentAnswer>
    <studentAnswer count="1" answerMatch="answer319" raw_text="there was closed paths between the battery" id="SwitchesBulbsParallel-SWITCH_TABLE_EXPLAIN_Q1.sbj22-l2.qa61" accuracy="partially_correct_incomplete">
      <token status="ok" id="tok1181">there</token>
      <token status="ok" id="tok1182">was</token>
      <token status="ok" id="tok1183">closed</token>
      <token status="ok" id="tok1184">paths</token>
      <token status="ok" id="tok1185">between</token>
      <token status="ok" id="tok1186">the</token>
      <token status="ok" id="tok1187">battery</token>
    </studentAnswer>
    <studentAnswer count="3" raw_text="l" id="SwitchesBulbsParallel-SWITCH_TABLE_EXPLAIN_Q1.sbj22-l2.qa62" accuracy="non_domain">
      <token status="nonWord" id="tok1196">l</token>
    </studentAnswer>
    <studentAnswer count="1" answerMatch="answer319" raw_text="Bulb A is conected to the battery." id="SwitchesBulbsParallel-SWITCH_TABLE_EXPLAIN_Q1.sbj23-l2.qa63" accuracy="partially_correct_incomplete">
      <token status="ok" id="tok1166">Bulb</token>
      <token status="ok" id="tok1167">A</token>
      <token status="ok" id="tok1168">is</token>
      <token status="ok" id="tok1169" original="conected">connected</token>
      <token status="ok" id="tok1170">to</token>
      <token status="ok" id="tok1171">the</token>
      <token status="ok" id="tok1172">battery</token>
    </studentAnswer>
    <studentAnswer count="1" answerMatch="answer319" raw_text="Bulb A is in a closed path with the battery." id="SwitchesBulbsParallel-SWITCH_TABLE_EXPLAIN_Q1.sbj23-l2.qa64" accuracy="correct">
      <token status="ok" id="tok1180">Bulb</token>
      <token status="ok" id="tok1181">A</token>
      <token status="ok" id="tok1182">is</token>
      <token status="ok" id="tok1183">in</token>
      <token status="ok" id="tok1184">a</token>
      <token status="ok" id="tok1185">closed</token>
      <token status="ok" id="tok1186">path</token>
      <token status="ok" id="tok1187">with</token>
      <token status="ok" id="tok1188">the</token>
      <token status="ok" id="tok1189">battery</token>
    </studentAnswer>
    <studentAnswer count="1" answerMatch="answer321" raw_text="switch Y does not effect bulb A" id="SwitchesBulbsParallel-SWITCH_TABLE_EXPLAIN_Q1.sbj24-l2.qa61" accuracy="partially_correct_incomplete">
      <token status="ok" id="tok1144">switch</token>
      <token status="ok" id="tok1145">Y</token>
      <token status="ok" id="tok1146">does</token>
      <token status="ok" id="tok1147">not</token>
      <token status="ok" id="tok1148">effect</token>
      <token status="ok" id="tok1149">bulb</token>
      <token status="ok" id="tok1150">A</token>
    </studentAnswer>
    <studentAnswer count="1" raw_text="i forgot" id="SwitchesBulbsParallel-SWITCH_TABLE_EXPLAIN_Q1.sbj26-l2.qa60" accuracy="non_domain">
      <token status="ok" id="tok1207">i</token>
      <token status="ok" id="tok1208">forgot</token>
    </studentAnswer>
    <studentAnswer count="1" answerMatch="answer319.1" raw_text="because switch x is in the same path as blub a" id="SwitchesBulbsParallel-SWITCH_TABLE_EXPLAIN_Q1.sbj26-l2.qa61" accuracy="correct">
      <token status="ok" id="tok1225">because</token>
      <token status="ok" id="tok1226">switch</token>
      <token status="ok" id="tok1227">x</token>
      <token status="ok" id="tok1228">is</token>
      <token status="ok" id="tok1229">in</token>
      <token status="ok" id="tok1230">the</token>
      <token status="ok" id="tok1231">same</token>
      <token status="ok" id="tok1232">path</token>
      <token status="ok" id="tok1233">as</token>
      <token status="ok" id="tok1234" original="blub">bulb</token>
      <token status="ok" id="tok1235">a</token>
    </studentAnswer>
    <studentAnswer count="1" answerMatch="answer319.1" raw_text="switch x is in the closed path with bulb a" id="SwitchesBulbsParallel-SWITCH_TABLE_EXPLAIN_Q1.sbj26-l2.qa62" accuracy="correct">
      <token status="ok" id="tok1253">switch</token>
      <token status="ok" id="tok1254">x</token>
      <token status="ok" id="tok1255">is</token>
      <token status="ok" id="tok1256">in</token>
      <token status="ok" id="tok1257">the</token>
      <token status="ok" id="tok1258">closed</token>
      <token status="ok" id="tok1259">path</token>
      <token status="ok" id="tok1260">with</token>
      <token status="ok" id="tok1261">bulb</token>
      <token status="ok" id="tok1262">a</token>
    </studentAnswer>
    <studentAnswer count="6" raw_text="yes" id="SwitchesBulbsParallel-SWITCH_TABLE_EXPLAIN_Q1.sbj27-l2.qa63" accuracy="contradictory">
      <token status="ok" id="tok1234">yes</token>
    </studentAnswer>
    <studentAnswer count="1" raw_text="bulb a was on" id="SwitchesBulbsParallel-SWITCH_TABLE_EXPLAIN_Q1.sbj27-l2.qa65" accuracy="irrelevant">
      <token status="ok" id="tok1264">bulb</token>
      <token status="ok" id="tok1265">a</token>
      <token status="ok" id="tok1266">was</token>
      <token status="ok" id="tok1267">on</token>
    </studentAnswer>
    <studentAnswer count="1" answerMatch="answer319" raw_text="it was in a closed path with a battery" id="SwitchesBulbsParallel-SWITCH_TABLE_EXPLAIN_Q1.sbj28-l2.qa61" accuracy="correct">
      <token status="ok" id="tok1147">it</token>
      <token status="ok" id="tok1148">was</token>
      <token status="ok" id="tok1149">in</token>
      <token status="ok" id="tok1150">a</token>
      <token status="ok" id="tok1151">closed</token>
      <token status="ok" id="tok1152">path</token>
      <token status="ok" id="tok1153">with</token>
      <token status="ok" id="tok1154">a</token>
      <token status="ok" id="tok1155">battery</token>
    </studentAnswer>
    <studentAnswer count="1" answerMatch="answer319.1" raw_text="bulb a and switch x are in the same closed path" id="SwitchesBulbsParallel-SWITCH_TABLE_EXPLAIN_Q1.sbj29-l2.qa64" accuracy="partially_correct_incomplete">
      <token status="ok" id="tok1313">bulb</token>
      <token status="ok" id="tok1314">a</token>
      <token status="ok" id="tok1315">and</token>
      <token status="ok" id="tok1316">switch</token>
      <token status="ok" id="tok1317">x</token>
      <token status="ok" id="tok1318">are</token>
      <token status="ok" id="tok1319">in</token>
      <token status="ok" id="tok1320">the</token>
      <token status="ok" id="tok1321">same</token>
      <token status="ok" id="tok1322">closed</token>
      <token status="ok" id="tok1323">path</token>
    </studentAnswer>
    <studentAnswer count="1" answerMatch="answer319" raw_text="Bulb A has a closed pathway" id="SwitchesBulbsParallel-SWITCH_TABLE_EXPLAIN_Q1.sbj30-l2.qa68" accuracy="partially_correct_incomplete">
      <token status="ok" id="tok1483">Bulb</token>
      <token status="ok" id="tok1484">A</token>
      <token status="ok" id="tok1485">has</token>
      <token status="ok" id="tok1486">a</token>
      <token status="ok" id="tok1487">closed</token>
      <token status="ok" id="tok1488">pathway</token>
    </studentAnswer>
    <studentAnswer count="1" answerMatch="answer319" raw_text="Bulb A is on a closed circut path" id="SwitchesBulbsParallel-SWITCH_TABLE_EXPLAIN_Q1.sbj30-l2.qa69" accuracy="partially_correct_incomplete">
      <token status="ok" id="tok1509">Bulb</token>
      <token status="ok" id="tok1510">A</token>
      <token status="ok" id="tok1511">is</token>
      <token status="ok" id="tok1512">on</token>
      <token status="ok" id="tok1513">a</token>
      <token status="ok" id="tok1514">closed</token>
      <token status="ok" id="tok1515" original="circut">circuit</token>
      <token status="ok" id="tok1516">path</token>
    </studentAnswer>
    <studentAnswer count="1" answerMatch="answer319" raw_text="Bulb A is in a closed path with the battery" id="SwitchesBulbsParallel-SWITCH_TABLE_EXPLAIN_Q1.sbj30-l2.qa70" accuracy="correct">
      <token status="ok" id="tok1556">Bulb</token>
      <token status="ok" id="tok1557">A</token>
      <token status="ok" id="tok1558">is</token>
      <token status="ok" id="tok1559">in</token>
      <token status="ok" id="tok1560">a</token>
      <token status="ok" id="tok1561">closed</token>
      <token status="ok" id="tok1562">path</token>
      <token status="ok" id="tok1563">with</token>
      <token status="ok" id="tok1564">the</token>
      <token status="ok" id="tok1565">battery</token>
    </studentAnswer>
    <studentAnswer count="1" raw_text="bulb a and the battery was on a closed path" id="SwitchesBulbsParallel-SWITCH_TABLE_EXPLAIN_Q1.sbj31-l2.qa66" accuracy="correct">
      <token status="ok" id="tok1249">bulb</token>
      <token status="ok" id="tok1250">a</token>
      <token status="ok" id="tok1251">and</token>
      <token status="ok" id="tok1252">the</token>
      <token status="ok" id="tok1253">battery</token>
      <token status="ok" id="tok1254">was</token>
      <token status="ok" id="tok1255">on</token>
      <token status="ok" id="tok1256">a</token>
      <token status="ok" id="tok1257">closed</token>
      <token status="ok" id="tok1258">path</token>
    </studentAnswer>
    <studentAnswer count="1" raw_text="dont know" id="SwitchesBulbsParallel-SWITCH_TABLE_EXPLAIN_Q1.sbj31-l2.qa67" accuracy="non_domain">
      <token status="ok" id="tok1276a">do</token>
      <token status="pennTokenFragment" id="tok1276b" original="nt">n't</token>
      <token status="ok" id="tok1277">know</token>
    </studentAnswer>
    <studentAnswer count="1" raw_text="the bulb and the battery is contained on a closed path" id="SwitchesBulbsParallel-SWITCH_TABLE_EXPLAIN_Q1.sbj31-l2.qa68" accuracy="correct">
      <token status="ok" id="tok1298">the</token>
      <token status="ok" id="tok1299">bulb</token>
      <token status="ok" id="tok1300">and</token>
      <token status="ok" id="tok1301">the</token>
      <token status="ok" id="tok1302">battery</token>
      <token status="ok" id="tok1303">is</token>
      <token status="ok" id="tok1304">contained</token>
      <token status="ok" id="tok1305">on</token>
      <token status="ok" id="tok1306">a</token>
      <token status="ok" id="tok1307">closed</token>
      <token status="ok" id="tok1308">path</token>
    </studentAnswer>
    <studentAnswer count="1" raw_text="no" id="SwitchesBulbsParallel-SWITCH_TABLE_EXPLAIN_Q1.sbj33-l2.qa66" accuracy="contradictory">
      <token status="ok" id="tok1156">no</token>
    </studentAnswer>
    <studentAnswer count="1" answerMatch="answer319" raw_text="it was is a closed circuit with the battery" id="SwitchesBulbsParallel-SWITCH_TABLE_EXPLAIN_Q1.sbj33-l2.qa68" accuracy="contradictory">
      <token status="ok" id="tok1186">it</token>
      <token status="ok" id="tok1187">was</token>
      <token status="ok" id="tok1188">is</token>
      <token status="ok" id="tok1189">a</token>
      <token status="ok" id="tok1190">closed</token>
      <token status="ok" id="tok1191">circuit</token>
      <token status="ok" id="tok1192">with</token>
      <token status="ok" id="tok1193">the</token>
      <token status="ok" id="tok1194">battery</token>
    </studentAnswer>
    <studentAnswer count="1" raw_text="tell answer" id="SwitchesBulbsParallel-SWITCH_TABLE_EXPLAIN_Q1.sbj33-l2.qa69" accuracy="non_domain">
      <token status="ok" id="tok1234">tell</token>
      <token status="ok" id="tok1235">answer</token>
    </studentAnswer>
    <studentAnswer count="1" answerMatch="answer320" raw_text="Switch Y is not in the path of Bulb A" id="SwitchesBulbsParallel-SWITCH_TABLE_EXPLAIN_Q1.sbj34-l2.qa66" accuracy="correct">
      <token status="ok" id="tok1203">Switch</token>
      <token status="ok" id="tok1204">Y</token>
      <token status="ok" id="tok1205">is</token>
      <token status="ok" id="tok1206">not</token>
      <token status="ok" id="tok1207">in</token>
      <token status="ok" id="tok1208">the</token>
      <token status="ok" id="tok1209">path</token>
      <token status="ok" id="tok1210">of</token>
      <token status="ok" id="tok1211">Bulb</token>
      <token status="ok" id="tok1212">A</token>
    </studentAnswer>
    <studentAnswer count="1" answerMatch="answer321" raw_text="Switch Y was in a dfferent path" id="SwitchesBulbsParallel-SWITCH_TABLE_EXPLAIN_Q1.sbj34-l2.qa67" accuracy="correct">
      <token status="ok" id="tok1226">Switch</token>
      <token status="ok" id="tok1227">Y</token>
      <token status="ok" id="tok1228">was</token>
      <token status="ok" id="tok1229">in</token>
      <token status="ok" id="tok1230">a</token>
      <token status="ok" id="tok1231" original="dfferent">different</token>
      <token status="ok" id="tok1232">path</token>
    </studentAnswer>
    <studentAnswer count="2" answerMatch="answer319" raw_text="Bulb A is contained in a closed path with the battery" id="SwitchesBulbsParallel-SWITCH_TABLE_EXPLAIN_Q1.sbj34-l2.qa68" accuracy="correct">
      <token status="ok" id="tok1251">Bulb</token>
      <token status="ok" id="tok1252">A</token>
      <token status="ok" id="tok1253">is</token>
      <token status="ok" id="tok1254">contained</token>
      <token status="ok" id="tok1255">in</token>
      <token status="ok" id="tok1256">a</token>
      <token status="ok" id="tok1257">closed</token>
      <token status="ok" id="tok1258">path</token>
      <token status="ok" id="tok1259">with</token>
      <token status="ok" id="tok1260">the</token>
      <token status="ok" id="tok1261">battery</token>
    </studentAnswer>
    <studentAnswer count="1" answerMatch="answer319" raw_text="Bulb A is in a closed path with a battery" id="SwitchesBulbsParallel-SWITCH_TABLE_EXPLAIN_Q1.sbj35-l2.qa66" accuracy="correct">
      <token status="ok" id="tok1245">Bulb</token>
      <token status="ok" id="tok1246">A</token>
      <token status="ok" id="tok1247">is</token>
      <token status="ok" id="tok1248">in</token>
      <token status="ok" id="tok1249">a</token>
      <token status="ok" id="tok1250">closed</token>
      <token status="ok" id="tok1251">path</token>
      <token status="ok" id="tok1252">with</token>
      <token status="ok" id="tok1253">a</token>
      <token status="ok" id="tok1254">battery</token>
    </studentAnswer>
    <studentAnswer count="1" answerMatch="answer319.1" raw_text="bulb a is contained in the closed path with switch x. switch y is not in the closed path with bulb a." id="SwitchesBulbsParallel-SWITCH_TABLE_EXPLAIN_Q1.sbj37-l2.qa60" accuracy="correct">
      <token status="ok" id="tok1219">bulb</token>
      <token status="ok" id="tok1220">a</token>
      <token status="ok" id="tok1221">is</token>
      <token status="ok" id="tok1222">contained</token>
      <token status="ok" id="tok1223">in</token>
      <token status="ok" id="tok1224">the</token>
      <token status="ok" id="tok1225">closed</token>
      <token status="ok" id="tok1226">path</token>
      <token status="ok" id="tok1227">with</token>
      <token status="ok" id="tok1228">switch</token>
      <token status="ok" id="tok1229a">x</token>
      <token status="ok" id="tok1230">switch</token>
      <token status="ok" id="tok1231">y</token>
      <token status="ok" id="tok1232">is</token>
      <token status="ok" id="tok1233">not</token>
      <token status="ok" id="tok1234">in</token>
      <token status="ok" id="tok1235">the</token>
      <token status="ok" id="tok1236">closed</token>
      <token status="ok" id="tok1237">path</token>
      <token status="ok" id="tok1238">with</token>
      <token status="ok" id="tok1239">bulb</token>
      <token status="ok" id="tok1240">a</token>
    </studentAnswer>
    <studentAnswer count="1" answerMatch="answer319" raw_text="bulb a was in a closed path with the battery" id="SwitchesBulbsParallel-SWITCH_TABLE_EXPLAIN_Q1.sbj38-l2.qa56" accuracy="correct">
      <token status="ok" id="tok1096">bulb</token>
      <token status="ok" id="tok1097">a</token>
      <token status="ok" id="tok1098">was</token>
      <token status="ok" id="tok1099">in</token>
      <token status="ok" id="tok1100">a</token>
      <token status="ok" id="tok1101">closed</token>
      <token status="ok" id="tok1102">path</token>
      <token status="ok" id="tok1103">with</token>
      <token status="ok" id="tok1104">the</token>
      <token status="ok" id="tok1105">battery</token>
    </studentAnswer>
    <studentAnswer count="2" raw_text="Yes." id="SwitchesBulbsParallel-SWITCH_TABLE_EXPLAIN_Q1.sbj39-l2.qa72" accuracy="contradictory">
      <token status="ok" id="tok1344">Yes</token>
    </studentAnswer>
    <studentAnswer count="1" answerMatch="answer319" raw_text="yes bulb A was on" id="SwitchesBulbsParallel-SWITCH_TABLE_EXPLAIN_Q1.sbj39-l2.qa73" accuracy="partially_correct_incomplete">
      <token status="ok" id="tok1359">yes</token>
      <token status="ok" id="tok1360">bulb</token>
      <token status="ok" id="tok1361">A</token>
      <token status="ok" id="tok1362">was</token>
      <token status="ok" id="tok1363">on</token>
    </studentAnswer>
    <studentAnswer count="1" answerMatch="answer319" raw_text="Because it was contained in a closed circuit" id="SwitchesBulbsParallel-SWITCH_TABLE_EXPLAIN_Q1.sbj39-l2.qa74" accuracy="contradictory">
      <token status="ok" id="tok1378">Because</token>
      <token status="ok" id="tok1379">it</token>
      <token status="ok" id="tok1380">was</token>
      <token status="ok" id="tok1381">contained</token>
      <token status="ok" id="tok1382">in</token>
      <token status="ok" id="tok1383">a</token>
      <token status="ok" id="tok1384">closed</token>
      <token status="ok" id="tok1385">circuit</token>
    </studentAnswer>
    <studentAnswer count="1" answerMatch="answer319" raw_text="Because it was contained in the battery that has a closed path" id="SwitchesBulbsParallel-SWITCH_TABLE_EXPLAIN_Q1.sbj39-l2.qa75" accuracy="correct">
      <token status="ok" id="tok1425">Because</token>
      <token status="ok" id="tok1426">it</token>
      <token status="ok" id="tok1427">was</token>
      <token status="ok" id="tok1428">contained</token>
      <token status="ok" id="tok1429">in</token>
      <token status="ok" id="tok1430">the</token>
      <token status="ok" id="tok1431">battery</token>
      <token status="ok" id="tok1432">that</token>
      <token status="ok" id="tok1433">has</token>
      <token status="ok" id="tok1434">a</token>
      <token status="ok" id="tok1435">closed</token>
      <token status="ok" id="tok1436">path</token>
    </studentAnswer>
    <studentAnswer count="1" answerMatch="answer319" raw_text="bulb a was on because it was contined in a closed path." id="SwitchesBulbsParallel-SWITCH_TABLE_EXPLAIN_Q1.sbj40-l2.qa68" accuracy="partially_correct_incomplete">
      <token status="ok" id="tok1351">bulb</token>
      <token status="ok" id="tok1352">a</token>
      <token status="ok" id="tok1353">was</token>
      <token status="ok" id="tok1354">on</token>
      <token status="ok" id="tok1355">because</token>
      <token status="ok" id="tok1356">it</token>
      <token status="ok" id="tok1357">was</token>
      <token status="ok" id="tok1358" original="contined">contained</token>
      <token status="ok" id="tok1359">in</token>
      <token status="ok" id="tok1360">a</token>
      <token status="ok" id="tok1361">closed</token>
      <token status="ok" id="tok1362">path</token>
    </studentAnswer>
    <studentAnswer count="1" raw_text="i give up." id="SwitchesBulbsParallel-SWITCH_TABLE_EXPLAIN_Q1.sbj40-l2.qa69" accuracy="non_domain">
      <token status="ok" id="tok1374">i</token>
      <token status="ok" id="tok1375">give</token>
      <token status="ok" id="tok1376">up</token>
    </studentAnswer>
    <studentAnswer count="1" answerMatch="answer319" raw_text="There was a closed path with the battery and bulb a" id="SwitchesBulbsParallel-SWITCH_TABLE_EXPLAIN_Q1.sbj42-l2.qa62" accuracy="correct">
      <token status="ok" id="tok1091">There</token>
      <token status="ok" id="tok1092">was</token>
      <token status="ok" id="tok1093">a</token>
      <token status="ok" id="tok1094">closed</token>
      <token status="ok" id="tok1095">path</token>
      <token status="ok" id="tok1096">with</token>
      <token status="ok" id="tok1097">the</token>
      <token status="ok" id="tok1098">battery</token>
      <token status="ok" id="tok1099">and</token>
      <token status="ok" id="tok1100">bulb</token>
      <token status="ok" id="tok1101">a</token>
    </studentAnswer>
    <studentAnswer count="1" answerMatch="answer319" raw_text="beacuse it was in a closed path with the battery" id="SwitchesBulbsParallel-SWITCH_TABLE_EXPLAIN_Q1.sbj43-l2.qa58" accuracy="correct">
      <token status="ok" id="tok1056" original="beacuse">because</token>
      <token status="ok" id="tok1057">it</token>
      <token status="ok" id="tok1058">was</token>
      <token status="ok" id="tok1059">in</token>
      <token status="ok" id="tok1060">a</token>
      <token status="ok" id="tok1061">closed</token>
      <token status="ok" id="tok1062">path</token>
      <token status="ok" id="tok1063">with</token>
      <token status="ok" id="tok1064">the</token>
      <token status="ok" id="tok1065">battery</token>
    </studentAnswer>
    <studentAnswer count="1" answerMatch="answer319" raw_text="Bulb A was still in a closed path with the battery" id="SwitchesBulbsParallel-SWITCH_TABLE_EXPLAIN_Q1.sbj45-l2.qa59" accuracy="correct">
      <token status="ok" id="tok1096">Bulb</token>
      <token status="ok" id="tok1097">A</token>
      <token status="ok" id="tok1098">was</token>
      <token status="ok" id="tok1099">still</token>
      <token status="ok" id="tok1100">in</token>
      <token status="ok" id="tok1101">a</token>
      <token status="ok" id="tok1102">closed</token>
      <token status="ok" id="tok1103">path</token>
      <token status="ok" id="tok1104">with</token>
      <token status="ok" id="tok1105">the</token>
      <token status="ok" id="tok1106">battery</token>
    </studentAnswer>
    <studentAnswer count="1" answerMatch="answer319" raw_text="had a closed path to the battery" id="SwitchesBulbsParallel-SWITCH_TABLE_EXPLAIN_Q1.sbj46-l2.qa67" accuracy="correct">
      <token status="ok" id="tok1351">had</token>
      <token status="ok" id="tok1352">a</token>
      <token status="ok" id="tok1353">closed</token>
      <token status="ok" id="tok1354">path</token>
      <token status="ok" id="tok1355">to</token>
      <token status="ok" id="tok1356">the</token>
      <token status="ok" id="tok1357">battery</token>
    </studentAnswer>
    <studentAnswer count="1" answerMatch="answer319" raw_text="bulb a and the battery were in a closed path" id="SwitchesBulbsParallel-SWITCH_TABLE_EXPLAIN_Q1.sbj46-l2.qa68" accuracy="correct">
      <token status="ok" id="tok1380">bulb</token>
      <token status="ok" id="tok1381">a</token>
      <token status="ok" id="tok1382">and</token>
      <token status="ok" id="tok1383">the</token>
      <token status="ok" id="tok1384">battery</token>
      <token status="ok" id="tok1385">were</token>
      <token status="ok" id="tok1386">in</token>
      <token status="ok" id="tok1387">a</token>
      <token status="ok" id="tok1388">closed</token>
      <token status="ok" id="tok1389">path</token>
    </studentAnswer>
    <studentAnswer count="1" raw_text="Yes it was on" id="SwitchesBulbsParallel-SWITCH_TABLE_EXPLAIN_Q1.sbj47-l2.qa67" accuracy="irrelevant">
      <token status="ok" id="tok1209">Yes</token>
      <token status="ok" id="tok1210">it</token>
      <token status="ok" id="tok1211">was</token>
      <token status="ok" id="tok1212">on</token>
    </studentAnswer>
    <studentAnswer count="1" answerMatch="answer319" raw_text="because bulb a is connected to switch x and the battery is in a closed path" id="SwitchesBulbsParallel-SWITCH_TABLE_EXPLAIN_Q1.sbj47-l2.qa68" accuracy="partially_correct_incomplete">
      <token status="ok" id="tok1227">because</token>
      <token status="ok" id="tok1228">bulb</token>
      <token status="ok" id="tok1229">a</token>
      <token status="ok" id="tok1230">is</token>
      <token status="ok" id="tok1231">connected</token>
      <token status="ok" id="tok1232">to</token>
      <token status="ok" id="tok1233">switch</token>
      <token status="ok" id="tok1234">x</token>
      <token status="ok" id="tok1235">and</token>
      <token status="ok" id="tok1236">the</token>
      <token status="ok" id="tok1237">battery</token>
      <token status="ok" id="tok1238">is</token>
      <token status="ok" id="tok1239">in</token>
      <token status="ok" id="tok1240">a</token>
      <token status="ok" id="tok1241">closed</token>
      <token status="ok" id="tok1242">path</token>
    </studentAnswer>
    <studentAnswer count="1" answerMatch="answer319" raw_text="Because bulb a was contained in a closed path with the battery." id="SwitchesBulbsParallel-SWITCH_TABLE_EXPLAIN_Q1.sbj48-l2.qa62" accuracy="correct">
      <token status="ok" id="tok1220">Because</token>
      <token status="ok" id="tok1221">bulb</token>
      <token status="ok" id="tok1222">a</token>
      <token status="ok" id="tok1223">was</token>
      <token status="ok" id="tok1224">contained</token>
      <token status="ok" id="tok1225">in</token>
      <token status="ok" id="tok1226">a</token>
      <token status="ok" id="tok1227">closed</token>
      <token status="ok" id="tok1228">path</token>
      <token status="ok" id="tok1229">with</token>
      <token status="ok" id="tok1230">the</token>
      <token status="ok" id="tok1231">battery</token>
    </studentAnswer>
    <studentAnswer count="1" answerMatch="answer319.1" raw_text="Bulb A and switch x are contained in the same path and the switch affects bulb A." id="SwitchesBulbsParallel-SWITCH_TABLE_EXPLAIN_Q1.sbjb1-l2.qa54" accuracy="partially_correct_incomplete">
      <token status="ok" id="tok1081">Bulb</token>
      <token status="ok" id="tok1082">A</token>
      <token status="ok" id="tok1083">and</token>
      <token status="ok" id="tok1084">switch</token>
      <token status="ok" id="tok1085">x</token>
      <token status="ok" id="tok1086">are</token>
      <token status="ok" id="tok1087">contained</token>
      <token status="ok" id="tok1088">in</token>
      <token status="ok" id="tok1089">the</token>
      <token status="ok" id="tok1090">same</token>
      <token status="ok" id="tok1091">path</token>
      <token status="ok" id="tok1092">and</token>
      <token status="ok" id="tok1093">the</token>
      <token status="ok" id="tok1094">switch</token>
      <token status="ok" id="tok1095">affects</token>
      <token status="ok" id="tok1096">bulb</token>
      <token status="ok" id="tok1097">A</token>
    </studentAnswer>
    <studentAnswer count="1" answerMatch="answer319" raw_text="It was still contained in a closed path with the battery." id="SwitchesBulbsParallel-SWITCH_TABLE_EXPLAIN_Q1.sbjb2-l2.qa55" accuracy="correct">
      <token status="ok" id="tok1082">It</token>
      <token status="ok" id="tok1083">was</token>
      <token status="ok" id="tok1084">still</token>
      <token status="ok" id="tok1085">contained</token>
      <token status="ok" id="tok1086">in</token>
      <token status="ok" id="tok1087">a</token>
      <token status="ok" id="tok1088">closed</token>
      <token status="ok" id="tok1089">path</token>
      <token status="ok" id="tok1090">with</token>
      <token status="ok" id="tok1091">the</token>
      <token status="ok" id="tok1092">battery</token>
    </studentAnswer>
    <studentAnswer count="1" raw_text="It was closest to the battery" id="SwitchesBulbsParallel-SWITCH_TABLE_EXPLAIN_Q1.sbjb3-l2.qa58" accuracy="contradictory">
      <token status="ok" id="tok1101">It</token>
      <token status="ok" id="tok1102">was</token>
      <token status="ok" id="tok1103">closest</token>
      <token status="ok" id="tok1104">to</token>
      <token status="ok" id="tok1105">the</token>
      <token status="ok" id="tok1106">battery</token>
    </studentAnswer>
    <studentAnswer count="1" answerMatch="answer319" raw_text="bulb a was contained on a closed path with the battery" id="SwitchesBulbsParallel-SWITCH_TABLE_EXPLAIN_Q1.sbjb5-l2.qa54" accuracy="correct">
      <token status="ok" id="tok1105">bulb</token>
      <token status="ok" id="tok1106">a</token>
      <token status="ok" id="tok1107">was</token>
      <token status="ok" id="tok1108">contained</token>
      <token status="ok" id="tok1109">on</token>
      <token status="ok" id="tok1110">a</token>
      <token status="ok" id="tok1111">closed</token>
      <token status="ok" id="tok1112">path</token>
      <token status="ok" id="tok1113">with</token>
      <token status="ok" id="tok1114">the</token>
      <token status="ok" id="tok1115">battery</token>
    </studentAnswer>
    <studentAnswer count="1" answerMatch="answer319" raw_text="Bulb A was still contained in a closed circuit." id="SwitchesBulbsParallel-SWITCH_TABLE_EXPLAIN_Q1.sbjb6-l2.qa54" accuracy="contradictory">
      <token status="ok" id="tok1056">Bulb</token>
      <token status="ok" id="tok1057">A</token>
      <token status="ok" id="tok1058">was</token>
      <token status="ok" id="tok1059">still</token>
      <token status="ok" id="tok1060">contained</token>
      <token status="ok" id="tok1061">in</token>
      <token status="ok" id="tok1062">a</token>
      <token status="ok" id="tok1063">closed</token>
      <token status="ok" id="tok1064">circuit</token>
    </studentAnswer>
    <studentAnswer count="1" answerMatch="answer319" raw_text="It was contained in a closed path" id="SwitchesBulbsParallel-SWITCH_TABLE_EXPLAIN_Q1.sbjb7-l2.qa55" accuracy="partially_correct_incomplete">
      <token status="ok" id="tok1056">It</token>
      <token status="ok" id="tok1057">was</token>
      <token status="ok" id="tok1058">contained</token>
      <token status="ok" id="tok1059">in</token>
      <token status="ok" id="tok1060">a</token>
      <token status="ok" id="tok1061">closed</token>
      <token status="ok" id="tok1062">path</token>
    </studentAnswer>
    <studentAnswer count="1" answerMatch="answer319" raw_text="Bulb A was still on a closed path to the battery" id="SwitchesBulbsParallel-SWITCH_TABLE_EXPLAIN_Q1.sbjb9-l2.qa54" accuracy="correct">
      <token status="ok" id="tok1090">Bulb</token>
      <token status="ok" id="tok1091">A</token>
      <token status="ok" id="tok1092">was</token>
      <token status="ok" id="tok1093">still</token>
      <token status="ok" id="tok1094">on</token>
      <token status="ok" id="tok1095">a</token>
      <token status="ok" id="tok1096">closed</token>
      <token status="ok" id="tok1097">path</token>
      <token status="ok" id="tok1098">to</token>
      <token status="ok" id="tok1099">the</token>
      <token status="ok" id="tok1100">battery</token>
    </studentAnswer>
    <studentAnswer count="1" answerMatch="answer319" raw_text="because it is still in a closed circuit" id="SwitchesBulbsParallel-SWITCH_TABLE_EXPLAIN_Q1.sbjb10-l2.qa54" accuracy="contradictory">
      <token status="ok" id="tok1055">because</token>
      <token status="ok" id="tok1056">it</token>
      <token status="ok" id="tok1057">is</token>
      <token status="ok" id="tok1058">still</token>
      <token status="ok" id="tok1059">in</token>
      <token status="ok" id="tok1060">a</token>
      <token status="ok" id="tok1061">closed</token>
      <token status="ok" id="tok1062">circuit</token>
    </studentAnswer>
    <studentAnswer count="1" answerMatch="answer319" raw_text="Bulb A was on because it was in a closed path that contained the battery" id="SwitchesBulbsParallel-SWITCH_TABLE_EXPLAIN_Q1.sbjb11-l2.qa54" accuracy="correct">
      <token status="ok" id="tok1131">Bulb</token>
      <token status="ok" id="tok1132">A</token>
      <token status="ok" id="tok1133">was</token>
      <token status="ok" id="tok1134">on</token>
      <token status="ok" id="tok1135">because</token>
      <token status="ok" id="tok1136">it</token>
      <token status="ok" id="tok1137">was</token>
      <token status="ok" id="tok1138">in</token>
      <token status="ok" id="tok1139">a</token>
      <token status="ok" id="tok1140">closed</token>
      <token status="ok" id="tok1141">path</token>
      <token status="ok" id="tok1142">that</token>
      <token status="ok" id="tok1143">contained</token>
      <token status="ok" id="tok1144">the</token>
      <token status="ok" id="tok1145">battery</token>
    </studentAnswer>
    <studentAnswer count="1" answerMatch="answer319" raw_text="bulb a was in a closed circuit with the battery" id="SwitchesBulbsParallel-SWITCH_TABLE_EXPLAIN_Q1.sbjb12-l2.qa54" accuracy="contradictory">
      <token status="ok" id="tok1075">bulb</token>
      <token status="ok" id="tok1076">a</token>
      <token status="ok" id="tok1077">was</token>
      <token status="ok" id="tok1078">in</token>
      <token status="ok" id="tok1079">a</token>
      <token status="ok" id="tok1080">closed</token>
      <token status="ok" id="tok1081">circuit</token>
      <token status="ok" id="tok1082">with</token>
      <token status="ok" id="tok1083">the</token>
      <token status="ok" id="tok1084">battery</token>
    </studentAnswer>
    <studentAnswer count="1" answerMatch="answer319" raw_text="it was enclosed in a complete circuit" id="SwitchesBulbsParallel-SWITCH_TABLE_EXPLAIN_Q1.sbjb15-l2.qa55" accuracy="partially_correct_incomplete">
      <token status="ok" id="tok1038">it</token>
      <token status="ok" id="tok1039">was</token>
      <token status="ok" id="tok1040">enclosed</token>
      <token status="ok" id="tok1041">in</token>
      <token status="ok" id="tok1042">a</token>
      <token status="ok" id="tok1043">complete</token>
      <token status="ok" id="tok1044">circuit</token>
    </studentAnswer>
    <studentAnswer count="1" answerMatch="answer319" raw_text="it was in a closed path with the battery" id="SwitchesBulbsParallel-SWITCH_TABLE_EXPLAIN_Q1.sbjb16-l2.qa54" accuracy="correct">
      <token status="ok" id="tok1056">it</token>
      <token status="ok" id="tok1057">was</token>
      <token status="ok" id="tok1058">in</token>
      <token status="ok" id="tok1059">a</token>
      <token status="ok" id="tok1060">closed</token>
      <token status="ok" id="tok1061">path</token>
      <token status="ok" id="tok1062">with</token>
      <token status="ok" id="tok1063">the</token>
      <token status="ok" id="tok1064">battery</token>
    </studentAnswer>
    <studentAnswer count="1" answerMatch="answer319" raw_text="it was contained within a closed path" id="SwitchesBulbsParallel-SWITCH_TABLE_EXPLAIN_Q1.sbjb17-l2.qa54" accuracy="partially_correct_incomplete">
      <token status="ok" id="tok1087">it</token>
      <token status="ok" id="tok1088">was</token>
      <token status="ok" id="tok1089">contained</token>
      <token status="ok" id="tok1090">within</token>
      <token status="ok" id="tok1091">a</token>
      <token status="ok" id="tok1092">closed</token>
      <token status="ok" id="tok1093">path</token>
    </studentAnswer>
    <studentAnswer count="1" answerMatch="answer319" raw_text="because that created a closed circuit" id="SwitchesBulbsParallel-SWITCH_TABLE_EXPLAIN_Q1.sbjb19-l2.qa54" accuracy="contradictory">
      <token status="ok" id="tok1068">because</token>
      <token status="ok" id="tok1069">that</token>
      <token status="ok" id="tok1070">created</token>
      <token status="ok" id="tok1071">a</token>
      <token status="ok" id="tok1072">closed</token>
      <token status="ok" id="tok1073">circuit</token>
    </studentAnswer>
    <studentAnswer count="1" answerMatch="answer319" raw_text="it was still on a closed path" id="SwitchesBulbsParallel-SWITCH_TABLE_EXPLAIN_Q1.sbjb21-l2.qa54" accuracy="partially_correct_incomplete">
      <token status="ok" id="tok1025">it</token>
      <token status="ok" id="tok1026">was</token>
      <token status="ok" id="tok1027">still</token>
      <token status="ok" id="tok1028">on</token>
      <token status="ok" id="tok1029">a</token>
      <token status="ok" id="tok1030">closed</token>
      <token status="ok" id="tok1031">path</token>
    </studentAnswer>
    <studentAnswer count="1" answerMatch="answer319.1" raw_text="it completes teh crciut" id="SwitchesBulbsParallel-SWITCH_TABLE_EXPLAIN_Q1.sbjb22-l2.qa54" accuracy="partially_correct_incomplete">
      <token status="ok" id="tok1037">it</token>
      <token status="ok" id="tok1038">completes</token>
      <token status="ok" id="tok1039" original="teh">the</token>
      <token status="ok" id="tok1040" original="crciut">circuit</token>
    </studentAnswer>
    <studentAnswer count="1" answerMatch="answer319.1" raw_text="a is in a closed circuit when x is closed" id="SwitchesBulbsParallel-SWITCH_TABLE_EXPLAIN_Q1.sbjb24-l2.qa58" accuracy="contradictory">
      <token status="ok" id="tok1080">a</token>
      <token status="ok" id="tok1081">is</token>
      <token status="ok" id="tok1082">in</token>
      <token status="ok" id="tok1083">a</token>
      <token status="ok" id="tok1084">closed</token>
      <token status="ok" id="tok1085">circuit</token>
      <token status="ok" id="tok1086">when</token>
      <token status="ok" id="tok1087">x</token>
      <token status="ok" id="tok1088">is</token>
      <token status="ok" id="tok1089">closed</token>
    </studentAnswer>
    <studentAnswer count="1" answerMatch="answer319.1" raw_text="It was in the same path as switch X." id="SwitchesBulbsParallel-SWITCH_TABLE_EXPLAIN_Q1.sbjb25-l2.qa55" accuracy="partially_correct_incomplete">
      <token status="ok" id="tok1070">It</token>
      <token status="ok" id="tok1071">was</token>
      <token status="ok" id="tok1072">in</token>
      <token status="ok" id="tok1073">the</token>
      <token status="ok" id="tok1074">same</token>
      <token status="ok" id="tok1075">path</token>
      <token status="ok" id="tok1076">as</token>
      <token status="ok" id="tok1077">switch</token>
      <token status="ok" id="tok1078">X</token>
    </studentAnswer>
    <studentAnswer count="1" answerMatch="answer319" raw_text="Bubl A was contained in a closed path with the battery." id="SwitchesBulbsParallel-SWITCH_TABLE_EXPLAIN_Q1.sbjb26-l2.qa54" accuracy="correct">
      <token status="ok" id="tok1083" original="Bubl">Bulb</token>
      <token status="ok" id="tok1084">A</token>
      <token status="ok" id="tok1085">was</token>
      <token status="ok" id="tok1086">contained</token>
      <token status="ok" id="tok1087">in</token>
      <token status="ok" id="tok1088">a</token>
      <token status="ok" id="tok1089">closed</token>
      <token status="ok" id="tok1090">path</token>
      <token status="ok" id="tok1091">with</token>
      <token status="ok" id="tok1092">the</token>
      <token status="ok" id="tok1093">battery</token>
    </studentAnswer>
    <studentAnswer count="1" answerMatch="answer321" raw_text="switch Y does not affect the closed circuit of bulb A" id="SwitchesBulbsParallel-SWITCH_TABLE_EXPLAIN_Q1.sbjb27-l2.qa54" accuracy="contradictory">
      <token status="ok" id="tok1098">switch</token>
      <token status="ok" id="tok1099">Y</token>
      <token status="ok" id="tok1100">does</token>
      <token status="ok" id="tok1101">not</token>
      <token status="ok" id="tok1102">affect</token>
      <token status="ok" id="tok1103">the</token>
      <token status="ok" id="tok1104">closed</token>
      <token status="ok" id="tok1105">circuit</token>
      <token status="ok" id="tok1106">of</token>
      <token status="ok" id="tok1107">bulb</token>
      <token status="ok" id="tok1108">A</token>
    </studentAnswer>
    <studentAnswer count="1" answerMatch="answer319.1" raw_text="Bulb A was still in a closed path" id="SwitchesBulbsParallel-SWITCH_TABLE_EXPLAIN_Q1.sbjb28-l2.qa54" accuracy="partially_correct_incomplete">
      <token status="ok" id="tok1083">Bulb</token>
      <token status="ok" id="tok1084">A</token>
      <token status="ok" id="tok1085">was</token>
      <token status="ok" id="tok1086">still</token>
      <token status="ok" id="tok1087">in</token>
      <token status="ok" id="tok1088">a</token>
      <token status="ok" id="tok1089">closed</token>
      <token status="ok" id="tok1090">path</token>
    </studentAnswer>
    <studentAnswer count="1" answerMatch="answer319" raw_text="because there was no gap in the complete circuit" id="SwitchesBulbsParallel-SWITCH_TABLE_EXPLAIN_Q1.sbjb29-l2.qa54" accuracy="contradictory">
      <token status="ok" id="tok1063">because</token>
      <token status="ok" id="tok1064">there</token>
      <token status="ok" id="tok1065">was</token>
      <token status="ok" id="tok1066">no</token>
      <token status="ok" id="tok1067">gap</token>
      <token status="ok" id="tok1068">in</token>
      <token status="ok" id="tok1069">the</token>
      <token status="ok" id="tok1070">complete</token>
      <token status="ok" id="tok1071">circuit</token>
    </studentAnswer>
    <studentAnswer count="1" answerMatch="answer319.1" raw_text="bulb a is contained in a complete circuit when switch x is closed." id="SwitchesBulbsParallel-SWITCH_TABLE_EXPLAIN_Q1.sbjb30-l2.qa54" accuracy="contradictory">
      <token status="ok" id="tok1139">bulb</token>
      <token status="ok" id="tok1140">a</token>
      <token status="ok" id="tok1141">is</token>
      <token status="ok" id="tok1142">contained</token>
      <token status="ok" id="tok1143">in</token>
      <token status="ok" id="tok1144">a</token>
      <token status="ok" id="tok1145">complete</token>
      <token status="ok" id="tok1146">circuit</token>
      <token status="ok" id="tok1147">when</token>
      <token status="ok" id="tok1148">switch</token>
      <token status="ok" id="tok1149">x</token>
      <token status="ok" id="tok1150">is</token>
      <token status="ok" id="tok1151">closed</token>
    </studentAnswer>
    <studentAnswer count="1" answerMatch="answer319.1" raw_text="because bulb a is in a closed circuit with the battery and switch x" id="SwitchesBulbsParallel-SWITCH_TABLE_EXPLAIN_Q1.sbjb31-l2.qa54" accuracy="contradictory">
      <token status="ok" id="tok1109">because</token>
      <token status="ok" id="tok1110">bulb</token>
      <token status="ok" id="tok1111">a</token>
      <token status="ok" id="tok1112">is</token>
      <token status="ok" id="tok1113">in</token>
      <token status="ok" id="tok1114">a</token>
      <token status="ok" id="tok1115">closed</token>
      <token status="ok" id="tok1116">circuit</token>
      <token status="ok" id="tok1117">with</token>
      <token status="ok" id="tok1118">the</token>
      <token status="ok" id="tok1119">battery</token>
      <token status="ok" id="tok1120">and</token>
      <token status="ok" id="tok1121">switch</token>
      <token status="ok" id="tok1122">x</token>
    </studentAnswer>
    <studentAnswer count="1" raw_text="Because switch Y didn&quot;t interfere with the current." id="SwitchesBulbsParallel-SWITCH_TABLE_EXPLAIN_Q1.sbjb32-l2.qa54" accuracy="partially_correct_incomplete">
      <token status="ok" id="tok1049">Because</token>
      <token status="ok" id="tok1050">switch</token>
      <token status="ok" id="tok1051">Y</token>
      <token status="ok" id="tok1052">did</token>
      <token status="pennTokenFragment" id="tok1053">n't</token>
      <token status="ok" id="tok1054">interfere</token>
      <token status="ok" id="tok1055">with</token>
      <token status="ok" id="tok1056">the</token>
      <token status="ok" id="tok1057">current</token>
    </studentAnswer>
    <studentAnswer count="1" answerMatch="answer319" raw_text="it was a closed path" id="SwitchesBulbsParallel-SWITCH_TABLE_EXPLAIN_Q1.sbjb36-l2.qa54" accuracy="partially_correct_incomplete">
      <token status="ok" id="tok1054">it</token>
      <token status="ok" id="tok1055">was</token>
      <token status="ok" id="tok1056">a</token>
      <token status="ok" id="tok1057">closed</token>
      <token status="ok" id="tok1058">path</token>
    </studentAnswer>
    <studentAnswer count="1" answerMatch="answer319" raw_text="It has its own closed path" id="SwitchesBulbsParallel-SWITCH_TABLE_EXPLAIN_Q1.sbjb37-l2.qa54" accuracy="partially_correct_incomplete">
      <token status="ok" id="tok1061">It</token>
      <token status="ok" id="tok1062">has</token>
      <token status="ok" id="tok1063">its</token>
      <token status="ok" id="tok1064">own</token>
      <token status="ok" id="tok1065">closed</token>
      <token status="ok" id="tok1066">path</token>
    </studentAnswer>
    <studentAnswer count="1" answerMatch="answer319" raw_text="Because a closed circuit was formed." id="SwitchesBulbsParallel-SWITCH_TABLE_EXPLAIN_Q1.sbjb38-l2.qa54" accuracy="contradictory">
      <token status="ok" id="tok1093">Because</token>
      <token status="ok" id="tok1094">a</token>
      <token status="ok" id="tok1095">closed</token>
      <token status="ok" id="tok1096">circuit</token>
      <token status="ok" id="tok1097">was</token>
      <token status="ok" id="tok1098">formed</token>
    </studentAnswer>
    <studentAnswer count="1" answerMatch="answer319" raw_text="because bulb A was still in a closed path with the battery." id="SwitchesBulbsParallel-SWITCH_TABLE_EXPLAIN_Q1.sbjb39-l2.qa54" accuracy="correct">
      <token status="ok" id="tok1082">because</token>
      <token status="ok" id="tok1083">bulb</token>
      <token status="ok" id="tok1084">A</token>
      <token status="ok" id="tok1085">was</token>
      <token status="ok" id="tok1086">still</token>
      <token status="ok" id="tok1087">in</token>
      <token status="ok" id="tok1088">a</token>
      <token status="ok" id="tok1089">closed</token>
      <token status="ok" id="tok1090">path</token>
      <token status="ok" id="tok1091">with</token>
      <token status="ok" id="tok1092">the</token>
      <token status="ok" id="tok1093">battery</token>
    </studentAnswer>
    <studentAnswer count="1" answerMatch="answer319" raw_text="There was a closed path between the battery and bulb a." id="SwitchesBulbsParallel-SWITCH_TABLE_EXPLAIN_Q1.sbjb40-l2.qa54" accuracy="correct">
      <token status="ok" id="tok1058">There</token>
      <token status="ok" id="tok1059">was</token>
      <token status="ok" id="tok1060">a</token>
      <token status="ok" id="tok1061">closed</token>
      <token status="ok" id="tok1062">path</token>
      <token status="ok" id="tok1063">between</token>
      <token status="ok" id="tok1064">the</token>
      <token status="ok" id="tok1065">battery</token>
      <token status="ok" id="tok1066">and</token>
      <token status="ok" id="tok1067">bulb</token>
      <token status="ok" id="tok1068">a</token>
    </studentAnswer>
    <studentAnswer count="1" answerMatch="answer319" raw_text="because bulb A was still contained in a closed path" id="SwitchesBulbsParallel-SWITCH_TABLE_EXPLAIN_Q1.sbjb42-l2.qa54" accuracy="partially_correct_incomplete">
      <token status="ok" id="tok1072">because</token>
      <token status="ok" id="tok1073">bulb</token>
      <token status="ok" id="tok1074">A</token>
      <token status="ok" id="tok1075">was</token>
      <token status="ok" id="tok1076">still</token>
      <token status="ok" id="tok1077">contained</token>
      <token status="ok" id="tok1078">in</token>
      <token status="ok" id="tok1079">a</token>
      <token status="ok" id="tok1080">closed</token>
      <token status="ok" id="tok1081">path</token>
    </studentAnswer>
  </studentAnswers>
</question>
