<?xml version="1.0" encoding="UTF-8"?>
<question id="EM_47" module="EM">
   <questionText>The sand and flour in the gray material from mock rocks is separated by mixing with water and allowing the mixture to settle. Explain why the sand and flour separate.</questionText>
   <referenceAnswers>
     <referenceAnswer id="EM_47-a1">The sand particles are larger and settle first. The flour particles are smaller and therefore settle more slowly.</referenceAnswer>
   </referenceAnswers>
   <studentAnswers>
     <studentAnswer id="EM.47.103.1" accuracy="correct">One is heavier than another see it settles in how many layers there is ingredients.</studentAnswer>
     <studentAnswer id="EM.47.109.1" accuracy="correct">Because the sand is heavier.</studentAnswer>
     <studentAnswer id="EM.47.116.1" accuracy="correct">Because the sand is the heaviest and the sand would go to the bottom.</studentAnswer>
     <studentAnswer id="EM.47.122.1" accuracy="correct">We shook it up and sand is heavier than water so it went to the bottom.</studentAnswer>
     <studentAnswer id="EM.47.172.1" accuracy="correct">The sand and flour separate because sand is heavier than flour.</studentAnswer>
     <studentAnswer id="EM.47.179.1" accuracy="irrelevant">Evaporating separates the 2.</studentAnswer>
     <studentAnswer id="EM.47.314.1" accuracy="partially_correct_incomplete">Sand and water have different size particles and they stick together.</studentAnswer>
     <studentAnswer id="EM.47.315.1" accuracy="partially_correct_incomplete">The sand and salt weigh different, one is big one is little.</studentAnswer>
     <studentAnswer id="EM.47.318.1" accuracy="partially_correct_incomplete">Because the water dissolves separates the sand and flour, and they group with their sister minerals that are same size.</studentAnswer>
     <studentAnswer id="EM.47.353.1" accuracy="partially_correct_incomplete">The sand is heavier than the flour.</studentAnswer>
     <studentAnswer id="EM.47.384.1" accuracy="contradictory">The sand and flour separate because the sand is heavier than the flour, so the flour goes to the top and the sand sinks.</studentAnswer>
     <studentAnswer id="EM.47.386.1" accuracy="irrelevant">They are a soft substance that disintegrates when it mixes with water.</studentAnswer>
     <studentAnswer id="EM.47.391.1" accuracy="partially_correct_incomplete">They separate because the sand is heavier than the flour.</studentAnswer>
     <studentAnswer id="EM.47.393.1" accuracy="contradictory">The sand and flour separate because sand floats to the top and the flour stays on the bottom.</studentAnswer>
     <studentAnswer id="EM.47.396.1" accuracy="contradictory">I think the sand is on the bottom because it is heavy and the flour is in the water because it is smaller and does not weigh a lot.</studentAnswer>
     <studentAnswer id="EM.47.420.1" accuracy="partially_correct_incomplete">It separated because the sand sank below the flour and the flour stayed on top.</studentAnswer>
     <studentAnswer id="EM.47.428.1" accuracy="irrelevant">The sand is harder then the flour so that is that is why they separate.</studentAnswer>
     <studentAnswer id="EM.47.429.1" accuracy="irrelevant">They separate because the water made them into layers. That is why they separated.</studentAnswer>
     <studentAnswer id="EM.47.434.1" accuracy="correct">The sand and the flour separate because the sand is heavier and it sinks to the bottom and the flour is lighter and goes on top of the sand.</studentAnswer>
     <studentAnswer id="EM.47.439.1" accuracy="irrelevant">They separate because the water makes them into layers by making water onto sand in middle and gray material on bottom.</studentAnswer>
     <studentAnswer id="EM.47.451.1" accuracy="irrelevant">It separates because of the water.</studentAnswer>
     <studentAnswer id="EM.47.488.1" accuracy="partially_correct_incomplete">The sand is the heaviest one because it is more heavier than the flour.</studentAnswer>
     <studentAnswer id="EM.47.495.1" accuracy="partially_correct_incomplete">Because sand is heavier than flour.</studentAnswer>
     <studentAnswer id="EM.47.498.1" accuracy="contradictory">Because the sand way too heavy when we put in the water, but the flour was the opposite! Because the sand was too heavy to float in the cold acid like the flour.</studentAnswer>
     <studentAnswer id="EM.47.502.1" accuracy="correct">Because the sand is big so it goes on the bottom and the flour is small so it goes on the top of the sand.</studentAnswer>
     <studentAnswer id="EM.47.509.1" accuracy="correct">Because the sand is heavier than the flour so the sand fell to the bottom before the flour had a chance to fall down and what is heavier falls down faster.</studentAnswer>
     <studentAnswer id="EM.47.532.1" accuracy="irrelevant">If you put the sand then the flour then the gray materials then the water the gray materials speeds the sand and the flour.</studentAnswer>
     <studentAnswer id="EM.47.537.1" accuracy="contradictory">By dissolving and in water the sand moves around in it.</studentAnswer>
     <studentAnswer id="EM.47.539.1" accuracy="partially_correct_incomplete">Because when the rock breaks. They break into pieces that land heavier from gets.</studentAnswer>
     <studentAnswer id="EM.47.565.1" accuracy="partially_correct_incomplete">Because the flour was lighter than the sand.</studentAnswer>
     <studentAnswer id="EM.47.568.1" accuracy="partially_correct_incomplete">Because the sand is heavy and flour is light.</studentAnswer>
     <studentAnswer id="EM.47.575.1" accuracy="correct">Sand and flour separate because sand is heavier than flour.</studentAnswer>
     <studentAnswer id="EM.47.594.1" accuracy="correct">The sand is heavier than flour the sand goes down because it is heavy the flour is light.</studentAnswer>
     <studentAnswer id="EM.47.600.1" accuracy="correct">There is layers and on the top there is flour because the heavy and the bottom is the sand because sand heavier and it goes down.</studentAnswer>
     <studentAnswer id="EM.47.634.1" accuracy="contradictory">Because if you let it sit the sand goes to the bottom and flour goes up.</studentAnswer>
   </studentAnswers>
</question>