<?xml version="1.0" encoding="UTF-8"?>
<question id="FN_24c" module="FN">
   <questionText>Diva's father told her she should not eat so many cookies because they were pure sugar. Diva decided to investigate the amount of sugar in Fruity Cream cookies. She performed the sugar test on 4 grams of pure sugar and on 4 grams of Fruity Cream cookies. The results are pictured at the right. Why did Diva need to test pure sugar?</questionText>
   <referenceAnswers>
     <referenceAnswer id="FN_24c-a1">Diva needs to know how much gas pure sugar produced in order to decide whether the cookies are pure sugar. Diva needs to make a controlled experiment.</referenceAnswer>
   </referenceAnswers>
   <studentAnswers>
     <studentAnswer id="FN.24c.101.1" accuracy="correct">Diva needed to test pure sugar so that she could make sure Fruity Cream cookies did not have as much carbon dioxide as pure sugar to see if her dad was wrong.</studentAnswer>
     <studentAnswer id="FN.24c.154.1" accuracy="partially_correct_incomplete">Diva needed to test pure sugar because that is how much she is eating with the cookies. So it is not good to have too much or else she will have diabetes.</studentAnswer>
     <studentAnswer id="FN.24c.161.1" accuracy="irrelevant">Susan will know which food contains the most sugar when the tube with bag inside can stop all the way to the top.</studentAnswer>
     <studentAnswer id="FN.24c.184.1" accuracy="irrelevant">Tube, warm water 50 milliliters, 40 to 50 bag syringe, yeast, tube, testing food, measuring utensils.</studentAnswer>
     <studentAnswer id="FN.24c.209.1" accuracy="correct">Diva needed to test pure sugar so he know if the cookies was pure sugar.</studentAnswer>
     <studentAnswer id="FN.24c.210.1" accuracy="irrelevant">Because her dad said the cookies were pure sugar.</studentAnswer>
     <studentAnswer id="FN.24c.222.1" accuracy="partially_correct_incomplete">Because Diva's dad said they were pure sugar and so Diva investigated both to see what one had more sugar.</studentAnswer>
     <studentAnswer id="FN.24c.230.1" accuracy="irrelevant">So she could prove that cream fruit cookies had less than pure sugar.</studentAnswer>
     <studentAnswer id="FN.24c.247.1" accuracy="irrelevant">To see if it as in the cookies was exactly pure sugar.</studentAnswer>
     <studentAnswer id="FN.24c.254.1" accuracy="irrelevant">A volume tube, yeast, water, and a warm bath.</studentAnswer>
     <studentAnswer id="FN.24c.256.1" accuracy="partially_correct_incomplete">To compare pure sugar and Fruity Cream cookies.</studentAnswer>
     <studentAnswer id="FN.24c.257.1" accuracy="correct">The one with the most carbon dioxide in the volume tube has the most sugar.</studentAnswer>
     <studentAnswer id="FN.24c.276.1" accuracy="correct">Diva needed to test pure sugar because if she just tested Fruity Cream cookies, she would have no proof of them having less milliliters than pure sugar.</studentAnswer>
     <studentAnswer id="FN.24c.302.1" accuracy="partially_correct_incomplete">To see if pure sugar was the same as Fruity Cream cookies.</studentAnswer>
     <studentAnswer id="FN.24c.322.1" accuracy="partially_correct_incomplete">Because she wanted to know how much sugar it has.</studentAnswer>
     <studentAnswer id="FN.24c.327.1" accuracy="correct">She needed to test the pure sugar because she needed a controlled variable because if she did not, she would not know how much sugar is in sugar and she cannot compare the cookies and the sugar.</studentAnswer>
     <studentAnswer id="FN.24c.330.1" accuracy="correct">So she could compare the results and see if they are the same.</studentAnswer>
     <studentAnswer id="FN.24c.360.1" accuracy="correct">Diva needed to test pure sugar as a control to compare with the Fruity Cream cookie.</studentAnswer>
     <studentAnswer id="FN.24c.384.1" accuracy="irrelevant">To see what Fruity Cream cookies percentage from real sugar.</studentAnswer>
     <studentAnswer id="FN.24c.418.1" accuracy="irrelevant">Because her dad does not want to eat that much sugar.</studentAnswer>
     <studentAnswer id="FN.24c.422.1" accuracy="correct">She needed to test pure sugar to find out if Fruity Cream Cookies are pure sugar.</studentAnswer>
     <studentAnswer id="FN.24c.424.1" accuracy="partially_correct_incomplete">To see how much sugar it really has.</studentAnswer>
     <studentAnswer id="FN.24c.428.1" accuracy="irrelevant">To see which one has the more sugar to compare with the Fruity Cream cookies.</studentAnswer>
     <studentAnswer id="FN.24c.451.1" accuracy="correct">She tested pure sugar because she needed something to go against with the cookies.</studentAnswer>
     <studentAnswer id="FN.24c.455.1" accuracy="irrelevant">To see what has more sugar than Fruity Cream cookies.</studentAnswer>
     <studentAnswer id="FN.24c.478.1" accuracy="partially_correct_incomplete">She needed to compare if Fruity Cream cookies is pure sugar.</studentAnswer>
     <studentAnswer id="FN.24c.490.1" accuracy="partially_correct_incomplete">She needed to test pure sugar because then there would be nothing to compare with.</studentAnswer>
     <studentAnswer id="FN.24c.511.1" accuracy="irrelevant">To show her dad the cookies are not equal to pure sugar.</studentAnswer>
     <studentAnswer id="FN.24c.512.1" accuracy="partially_correct_incomplete">So she could see which one has more sugar than the other. Then she can see which one has less sugar and she can eat that one.</studentAnswer>
     <studentAnswer id="FN.24c.548.1" accuracy="partially_correct_incomplete">Diva needed to test pure sugar because her dad said to not eat that many cookies because they are pure sugar.</studentAnswer>
     <studentAnswer id="FN.24c.568.1" accuracy="irrelevant">To see if Fruity Cream cookies was pure sugar.</studentAnswer>
     <studentAnswer id="FN.24c.572.1" accuracy="irrelevant">So she can prove to her dad that the cookies are not pure sugar. So she can have Fruity Cream Cookies.</studentAnswer>
     <studentAnswer id="FN.24c.579.1" accuracy="partially_correct_incomplete">Diva needed to test pure sugar because she needed to see if pure sugar itself had more or less than Fruity Cream cookies.</studentAnswer>
     <studentAnswer id="FN.24c.587.1" accuracy="correct">Because if she did not know it she would not know how much it was or if they were the same.</studentAnswer>
     <studentAnswer id="FN.24c.597.1" accuracy="irrelevant">So she can compare them or else she could not compare the amounts.</studentAnswer>
     <studentAnswer id="FN.24c.607.1" accuracy="irrelevant">So she can see the difference of the pure sugar and regular sugar.</studentAnswer>
   </studentAnswers>
</question>