<?xml version="1.0" encoding="UTF-8"?>
<question id="II_20b" module="II">
   <questionText>When Sarah did the chromatography test, she saw that one black ink stayed black and didn't separate. She discovered that she had used a permanent marker. She wondered what would happen if she used a different liquid. She wrote in her science notebook, What if I used vinegar in place of the water? Can I get the pigments in permanent ink to separate? How will Sarah know if vinegar separated the permanent ink?</questionText>
   <referenceAnswers>
     <referenceAnswer id="II_20b-a1">Seeing multiple colors would show that vinegar can separate the permanent ink.</referenceAnswer>
   </referenceAnswers>
   <studentAnswers>
     <studentAnswer id="II.20b.384.1" accuracy="irrelevant">By doing the steps that I told her.</studentAnswer>
     <studentAnswer id="II.20b.391.1" accuracy="correct">By the color when is changing color.</studentAnswer>
     <studentAnswer id="II.20b.398.1" accuracy="partially_correct_incomplete">The pigment will separate.</studentAnswer>
     <studentAnswer id="II.20b.401.1" accuracy="irrelevant">By looking at the vinegar.</studentAnswer>
     <studentAnswer id="II.20b.407.1" accuracy="partially_correct_incomplete">By looking at the paper and see if it ovals.</studentAnswer>
     <studentAnswer id="II.20b.417.1" accuracy="partially_correct_incomplete">She will see the different pigments.</studentAnswer>
     <studentAnswer id="II.20b.422.1" accuracy="irrelevant">She will know the vinegar separates the permanent ink.</studentAnswer>
     <studentAnswer id="II.20b.432.1" accuracy="irrelevant">It is not the same.</studentAnswer>
     <studentAnswer id="II.20b.437.1" accuracy="partially_correct_incomplete">It will have different colors on it.</studentAnswer>
     <studentAnswer id="II.20b.442.1" accuracy="partially_correct_incomplete">By looking at it when Sarah tries it.</studentAnswer>
     <studentAnswer id="II.20b.446.1" accuracy="irrelevant">Because it is liquid.</studentAnswer>
     <studentAnswer id="II.20b.451.1" accuracy="irrelevant">She will have to try it out.</studentAnswer>
     <studentAnswer id="II.20b.455.1" accuracy="irrelevant">Just wait for 3 minutes.</studentAnswer>
     <studentAnswer id="II.20b.460.1" accuracy="correct">If she sees different colored pigments.</studentAnswer>
     <studentAnswer id="II.20b.462.1" accuracy="correct">She would see if there is different pigment in the color.</studentAnswer>
     <studentAnswer id="II.20b.464.1" accuracy="partially_correct_incomplete">She will put vinegar on the permanent ink to see if it will spread.</studentAnswer>
     <studentAnswer id="II.20b.471.1" accuracy="contradictory">She will not because the ink will not separate.</studentAnswer>
     <studentAnswer id="II.20b.473.1" accuracy="irrelevant">It be better than water.</studentAnswer>
     <studentAnswer id="II.20b.485.1" accuracy="partially_correct_incomplete">You will see the ink spread on the paper.</studentAnswer>
     <studentAnswer id="II.20b.492.1" accuracy="correct">If Sarah can see what of different colors that means it worked.</studentAnswer>
     <studentAnswer id="II.20b.495.1" accuracy="correct">She will either see pigments or it will rise.</studentAnswer>
     <studentAnswer id="II.20b.521.1" accuracy="irrelevant">To do chromatography test.</studentAnswer>
     <studentAnswer id="II.20b.527.1" accuracy="partially_correct_incomplete">Because the washbowl ink will start to disappear and the permanent ink will not disappear.</studentAnswer>
     <studentAnswer id="II.20b.528.1" accuracy="partially_correct_incomplete">It will get blue and it will get dark or light.</studentAnswer>
     <studentAnswer id="II.20b.539.1" accuracy="contradictory">Because it will not do nothing and it will not wick.</studentAnswer>
     <studentAnswer id="II.20b.543.1" accuracy="irrelevant">Because it will start to do like a mountain.</studentAnswer>
     <studentAnswer id="II.20b.546.1" accuracy="irrelevant">To do chromatography tests.</studentAnswer>
     <studentAnswer id="II.20b.563.1" accuracy="partially_correct_incomplete">She just look and see if it changes.</studentAnswer>
     <studentAnswer id="II.20b.565.1" accuracy="irrelevant">The ink would separate from the paper.</studentAnswer>
     <studentAnswer id="II.20b.576.1" accuracy="partially_correct_incomplete">She will know by looking at the color and she can tell because after a while the color will start to spread.</studentAnswer>
     <studentAnswer id="II.20b.579.1" accuracy="partially_correct_incomplete">She will know because the ink will be going up and down.</studentAnswer>
     <studentAnswer id="II.20b.582.1" accuracy="irrelevant">If she tries it.</studentAnswer>
     <studentAnswer id="II.20b.591.1" accuracy="partially_correct_incomplete">Sarah will know if she watches it wick.</studentAnswer>
     <studentAnswer id="II.20b.595.1" accuracy="irrelevant">Because when you put it in it wicks.</studentAnswer>
     <studentAnswer id="II.20b.604.1" accuracy="correct">Sarah will know if there is different colors and if the moves up.</studentAnswer>
     <studentAnswer id="II.20b.611.1" accuracy="correct">If you see like colors that make the color, and even if it starts to wick.</studentAnswer>
   </studentAnswers>
</question>