<?xml version="1.0" encoding="UTF-8"?>
<question id="ME_5b" module="ME">
   <questionText>Anne is investigating which objects stick to magnets. She recorded this in her notebook. I was surprised! A nail was stuck to the magnet. When I accidentally touched the nail to a paperclip, the paperclip stuck to the nail. If Anne touched the nail to a brass ring, what do you think would happen and why?</questionText>
   <referenceAnswers>
     <referenceAnswer id="ME_5b-a1">The brass ring would not stick to the nail because the ring is not iron. The nail is a temporary magnet, but brass cannot become a temporary magnet and thus does not stick to magnets.</referenceAnswer>
   </referenceAnswers>
   <studentAnswers>
     <studentAnswer id="ME.5b.101.1" accuracy="contradictory">I think it would stick for a little bit depending on how long you hold the magnet to the nail because the nail becomes a temporary magnet.</studentAnswer>
     <studentAnswer id="ME.5b.107.1" accuracy="correct">It would not stick because it did not have iron in it.</studentAnswer>
     <studentAnswer id="ME.5b.108.1" accuracy="contradictory">It would not stick because there is no magnet involved.</studentAnswer>
     <studentAnswer id="ME.5b.113.1" accuracy="contradictory">It might because of the force might be strong enough.</studentAnswer>
     <studentAnswer id="ME.5b.115.1" accuracy="correct">It would not stick because the ring does not have iron or steel in it.</studentAnswer>
     <studentAnswer id="ME.5b.121.1" accuracy="correct">It would fall because a brass ring is not made of iron or metal.</studentAnswer>
     <studentAnswer id="ME.5b.123.1" accuracy="correct">It would not stick because a brass ring is not iron or steel.</studentAnswer>
     <studentAnswer id="ME.5b.140.1" accuracy="partially_correct_incomplete">It would not go on the nail because a brass key has no magnetism in it.</studentAnswer>
     <studentAnswer id="ME.5b.143.1" accuracy="correct">Fall off because they have no iron in them.</studentAnswer>
     <studentAnswer id="ME.5b.146.1" accuracy="correct">No because brass ring does not have iron in it.</studentAnswer>
     <studentAnswer id="ME.5b.155.1" accuracy="contradictory">I think it would not stick because it is a plastic and it cannot do that.</studentAnswer>
     <studentAnswer id="ME.5b.159.1" accuracy="partially_correct_incomplete">It will not stick to the nail because of the brass ring is not made of metal.</studentAnswer>
     <studentAnswer id="ME.5b.179.1" accuracy="correct">I do not think it would stick because a brass ring is not made out of iron.</studentAnswer>
     <studentAnswer id="ME.5b.181.1" accuracy="correct">I think it would not stick because it does not have any iron.</studentAnswer>
     <studentAnswer id="ME.5b.185.1" accuracy="correct">The brass ring would not have any iron in it so it would not stick.</studentAnswer>
     <studentAnswer id="ME.5b.189.1" accuracy="contradictory">I think the same thing will happen. The force will still flow through the nail.</studentAnswer>
     <studentAnswer id="ME.5b.190.1" accuracy="correct">The brass would not stick because it is not made of iron.</studentAnswer>
     <studentAnswer id="ME.5b.191.1" accuracy="contradictory">I think the brass ring would stick because the paper clip would probably have enough strength to hold one more thing.</studentAnswer>
     <studentAnswer id="ME.5b.192.1" accuracy="contradictory">I think the nail would stick to it because the nail will still have the magnetic force.</studentAnswer>
     <studentAnswer id="ME.5b.214.1" accuracy="partially_correct_incomplete">If she touched it to a brass ring it would not stick because copper does not stick to a magnet.</studentAnswer>
     <studentAnswer id="ME.5b.216.1" accuracy="partially_correct_incomplete">It would not stick and fall on the ground.</studentAnswer>
     <studentAnswer id="ME.5b.217.1" accuracy="partially_correct_incomplete">The brass ring would not stick to the nail.</studentAnswer>
     <studentAnswer id="ME.5b.250.1" accuracy="partially_correct_incomplete">No because brass does not stick to magnets.</studentAnswer>
     <studentAnswer id="ME.5b.252.1" accuracy="partially_correct_incomplete">If Anne touched the nail to a brass ring what do you think would happen. It will not happen because the brass ring is not a proper steel like the iron nail and the steel nail.</studentAnswer>
     <studentAnswer id="ME.5b.253.1" accuracy="correct">It will repel because brass is not iron.</studentAnswer>
     <studentAnswer id="ME.5b.256.1" accuracy="correct">It would repel because the brass ring is not iron.</studentAnswer>
     <studentAnswer id="ME.5b.276.1" accuracy="contradictory">It will because it is made with metal.</studentAnswer>
     <studentAnswer id="ME.5b.277.1" accuracy="partially_correct_incomplete">It will not attract because brass is not magnetism so it will not stick.</studentAnswer>
     <studentAnswer id="ME.5b.284.1" accuracy="contradictory">If Anne touched the nail to a brass ring it will stick to the nail just like the paperclip did.</studentAnswer>
     <studentAnswer id="ME.5b.291.1" accuracy="partially_correct_incomplete">It will fall down. I find it.</studentAnswer>
     <studentAnswer id="ME.5b.292.1" accuracy="irrelevant">It will put up the ring I think in magnet.</studentAnswer>
     <studentAnswer id="ME.5b.293.1" accuracy="partially_correct_incomplete">It would not stick because it is not magnetic.</studentAnswer>
     <studentAnswer id="ME.5b.313.1" accuracy="contradictory">The reason why is because the brass ring is a temporary magnet.</studentAnswer>
     <studentAnswer id="ME.5b.314.1" accuracy="contradictory">I think the nail will stick because the ring is made out of metal.</studentAnswer>
     <studentAnswer id="ME.5b.323.1" accuracy="correct">If Anne touched the nail to brass ring it would fall it would fall because it is not made of iron.</studentAnswer>
     <studentAnswer id="ME.5b.324.1" accuracy="partially_correct_incomplete">It will not stick to it.</studentAnswer>
   </studentAnswers>
</question>