<?xml version="1.0" encoding="UTF-8"?>
<question id="MX_24" module="MX">
   <questionText>How do you know when a solid and a liquid form a solution?</questionText>
   <referenceAnswers>
     <referenceAnswer id="MX_24-a1">The solid dissolves (seems to disappear) and the liquid remains clear.</referenceAnswer>
   </referenceAnswers>
   <studentAnswers>
     <studentAnswer id="MX.24.384.1" accuracy="partially_correct_incomplete">Because it turns clear. It bubbles.</studentAnswer>
     <studentAnswer id="MX.24.388.1" accuracy="correct">When you can see through the solution. When the solid gets dissolved into the liquid.</studentAnswer>
     <studentAnswer id="MX.24.389.1" accuracy="partially_correct_incomplete">When you mix a solid and a liquid it is clear.</studentAnswer>
     <studentAnswer id="MX.24.390.1" accuracy="partially_correct_incomplete">Because the mixture is clear.</studentAnswer>
     <studentAnswer id="MX.24.393.1" accuracy="partially_correct_incomplete">It is clear and can be separated with evaporation.</studentAnswer>
     <studentAnswer id="MX.24.394.1" accuracy="correct">You can see through the mixture, and one material has dissolved.</studentAnswer>
     <studentAnswer id="MX.24.400.1" accuracy="correct">When one seems to disappear because it has dissolved, and you can see through it.</studentAnswer>
     <studentAnswer id="MX.24.433.1" accuracy="irrelevant">When it creates one type of something. Like chocolate milk.</studentAnswer>
     <studentAnswer id="MX.24.435.1" accuracy="correct">It is when you cannot see the solid from the liquid.</studentAnswer>
     <studentAnswer id="MX.24.438.1" accuracy="partially_correct_incomplete">When you cannot separate them with filters or screens.</studentAnswer>
     <studentAnswer id="MX.24.455.1" accuracy="partially_correct_incomplete">The solid seems to disappear, or dissolve.</studentAnswer>
     <studentAnswer id="MX.24.465.1" accuracy="contradictory">Well I will see the solid at the bottom and the liquid on top of it.</studentAnswer>
     <studentAnswer id="MX.24.466.1" accuracy="partially_correct_incomplete">You know because the solid matrix I will dissolve overnight.</studentAnswer>
     <studentAnswer id="MX.24.467.1" accuracy="partially_correct_incomplete">Then material will probably split up into smaller parts.</studentAnswer>
     <studentAnswer id="MX.24.469.1" accuracy="irrelevant">Because the solid is kind of hard and liquid is more smoother.</studentAnswer>
     <studentAnswer id="MX.24.470.1" accuracy="partially_correct_incomplete">When you cannot see the solid.</studentAnswer>
     <studentAnswer id="MX.24.495.1" accuracy="correct">The solid dissolves. The solid breaks into tiny pieces so tiny no one can see it.</studentAnswer>
     <studentAnswer id="MX.24.497.1" accuracy="irrelevant">If you experiment you might find a way to separate.</studentAnswer>
     <studentAnswer id="MX.24.499.1" accuracy="partially_correct_incomplete">Of the materials dissolve.</studentAnswer>
     <studentAnswer id="MX.24.563.1" accuracy="partially_correct_incomplete">You know when the solid is dissolved.</studentAnswer>
     <studentAnswer id="MX.24.573.1" accuracy="correct">When water and salt mix the salt disappears or seems to and when you cannot see the salt that means you have made a solution.</studentAnswer>
     <studentAnswer id="MX.24.576.1" accuracy="correct">The solid disappears into air pockets.</studentAnswer>
     <studentAnswer id="MX.24.593.1" accuracy="irrelevant">When something is mixing so you get a solution.</studentAnswer>
     <studentAnswer id="MX.24.598.1" accuracy="irrelevant">You see how it mixes together and sometimes there are bubbles or wet.</studentAnswer>
     <studentAnswer id="MX.24.600.1" accuracy="partially_correct_incomplete">It is clear.</studentAnswer>
     <studentAnswer id="MX.24.601.1" accuracy="contradictory">I know that because it is mixed up because it is not clear anymore.</studentAnswer>
     <studentAnswer id="MX.24.608.1" accuracy="contradictory">When the water turns gray or a different color.</studentAnswer>
     <studentAnswer id="MX.24.610.1" accuracy="contradictory">Powder and water when they mix together. The water turn white, that how you tell or you look to the bottom.</studentAnswer>
     <studentAnswer id="MX.24.613.1" accuracy="irrelevant">When they are in the container the water brushes off some dirt from the solid.</studentAnswer>
     <studentAnswer id="MX.24.629.1" accuracy="partially_correct_incomplete">When the solid dissolves.</studentAnswer>
     <studentAnswer id="MX.24.638.1" accuracy="partially_correct_incomplete">Because one of the chemicals dissolves.</studentAnswer>
   </studentAnswers>
</question>