<?xml version="1.0" encoding="UTF-8"?>
<question id="MX_1" module="MX">
   <questionText>Gerry used a paper filter to separate a mixture of sand, salt, and water. Think about particle size and answer this question: Why did the salt go through the filter while the sand got caught?</questionText>
   <referenceAnswers>
     <referenceAnswer id="MX_1-a1">The dissolved salt particles are small enough to go through the holes in the filter paper, but the sand particles are too large.</referenceAnswer>
   </referenceAnswers>
   <studentAnswers>
     <studentAnswer id="MX.1.384.1" accuracy="correct">Because the salt was too small so small that you cannot see it.</studentAnswer>
     <studentAnswer id="MX.1.426.1" accuracy="irrelevant">Because sand is much softer and the salt.</studentAnswer>
     <studentAnswer id="MX.1.428.1" accuracy="partially_correct_incomplete">Because the salt dissolved into the water and the sand did not.</studentAnswer>
     <studentAnswer id="MX.1.430.1" accuracy="partially_correct_incomplete">Because salt and water are a solution but sand and water is just a mixture.</studentAnswer>
     <studentAnswer id="MX.1.431.1" accuracy="partially_correct_incomplete">The sand got caught because it had rocks in it.</studentAnswer>
     <studentAnswer id="MX.1.457.1" accuracy="partially_correct_incomplete">The salt went through because when the salt and water mixed the salt dissolved a little.</studentAnswer>
     <studentAnswer id="MX.1.464.1" accuracy="correct">The particle size of the sand was too big to fit through the holes of the filter. While the salt particle size was too small to get caught.</studentAnswer>
     <studentAnswer id="MX.1.470.1" accuracy="partially_correct_incomplete">The salt did not get caught because it dissolved in the water.</studentAnswer>
     <studentAnswer id="MX.1.472.1" accuracy="partially_correct_incomplete">The salt went through the filter because it dissolved and the sand did not.</studentAnswer>
     <studentAnswer id="MX.1.486.1" accuracy="partially_correct_incomplete">Because he put water in it so the salt dissolved with the water and ran right through.</studentAnswer>
     <studentAnswer id="MX.1.488.1" accuracy="correct">Because salt is so small it slid through the large coffee filter. Sand is larger so it stuck to the filter.</studentAnswer>
     <studentAnswer id="MX.1.494.1" accuracy="partially_correct_incomplete">The salt turns to liquid like an ice cube and then to water sand does not.</studentAnswer>
     <studentAnswer id="MX.1.495.1" accuracy="partially_correct_incomplete">The sand was too big to fit through the tiny holes in the filter. The salt dissolved into the water and was way too small to get caught in the filter. It just went through.</studentAnswer>
     <studentAnswer id="MX.1.498.1" accuracy="partially_correct_incomplete">The salt went through the filter because the salt mix with water to make saltwater. Sand the sand got caught because it is just like the powder it sticks to the sides.</studentAnswer>
     <studentAnswer id="MX.1.500.1" accuracy="correct">The salt is smaller and is harder.</studentAnswer>
     <studentAnswer id="MX.1.528.1" accuracy="partially_correct_incomplete">The salt had gone away or dissolved.</studentAnswer>
     <studentAnswer id="MX.1.533.1" accuracy="correct">Because the sand is bigger than the salt.</studentAnswer>
     <studentAnswer id="MX.1.539.1" accuracy="correct">The grains of salt must be smaller than the grains of sand.</studentAnswer>
     <studentAnswer id="MX.1.562.1" accuracy="partially_correct_incomplete">The salt got dissolved in the water.</studentAnswer>
     <studentAnswer id="MX.1.564.1" accuracy="irrelevant">Because the sand is thicker than the water. Water is smooth.</studentAnswer>
     <studentAnswer id="MX.1.565.1" accuracy="correct">Because the filter has smaller holes so whatever big particle will be separated.</studentAnswer>
     <studentAnswer id="MX.1.567.1" accuracy="correct">Maybe because in the little dish there is little holes and it will not go through it.</studentAnswer>
     <studentAnswer id="MX.1.569.1" accuracy="correct">The salt was small enough to go through the holes while the sand was too big to go through.</studentAnswer>
     <studentAnswer id="MX.1.599.1" accuracy="partially_correct_incomplete">The sand cannot go through because the water would not let the sand dissolve.</studentAnswer>
     <studentAnswer id="MX.1.601.1" accuracy="partially_correct_incomplete">It stayed there because of its size.</studentAnswer>
     <studentAnswer id="MX.1.604.1" accuracy="correct">Because the salt evaporated so it could go through and still have salt in it. While sand did not so it could not go through.</studentAnswer>
     <studentAnswer id="MX.1.606.1" accuracy="partially_correct_incomplete">Because salt can dissolve but sand is tiny parts of the ground.</studentAnswer>
     <studentAnswer id="MX.1.607.1" accuracy="partially_correct_incomplete">Because the salt dissolved in the water and the sand did not.</studentAnswer>
     <studentAnswer id="MX.1.613.1" accuracy="partially_correct_incomplete">Because the salt is evaporated already and the sand cannot because it is hard and it is gravel.</studentAnswer>
     <studentAnswer id="MX.1.633.1" accuracy="partially_correct_incomplete">The salt became a part of the water so it dissolve in the water so the salt went with the water. But the sand did not dissolve in the water because it was so bulky.</studentAnswer>
     <studentAnswer id="MX.1.642.1" accuracy="partially_correct_incomplete">The salt dissolved and became smaller. The sand became mud and got caught together and stayed on top.</studentAnswer>
     <studentAnswer id="MX.1.649.1" accuracy="irrelevant">They have a sticky stuff that did not work.</studentAnswer>
   </studentAnswers>
</question>