<?xml version="1.0" encoding="UTF-8"?>
<question id="VB_15b" module="VB">
   <questionText>3 girls wanted to see who could throw a ball the farthest. Each girl brought her favorite ball to the park. Ling brought her basketball, Diana brought her football, and Rachael brought her baseball. They made a line on the playground. They all had to throw the ball from that line. Ling took 2 steps up to the line and threw her basketball. Diana stood at the line and threw her football. Rachael got a running start and threw her baseball when she reached the line. Rachael threw her ball the farthest. Describe 2 variables that are not controlled in the contest.</questionText>
   <referenceAnswers>
     <referenceAnswer id="VB_15b-a1">Different girls are throwing the balls. The girls use different launch techniques. Each girl uses a different type of ball.</referenceAnswer>
   </referenceAnswers>
   <studentAnswers>
     <studentAnswer id="VB.15b.381.1" accuracy="correct">No one had the same ball and threw the ball differently.</studentAnswer>
     <studentAnswer id="VB.15b.384.1" accuracy="correct">One variable that should be controlled is the ball, everyone should use the same ball. Another is if you should get a running start.</studentAnswer>
     <studentAnswer id="VB.15b.384b.1" accuracy="correct">The type of ball they use how they got to the point of where they were supposed to throw the ball.</studentAnswer>
     <studentAnswer id="VB.15b.394.1" accuracy="correct">Size of ball because they all should have used the same ball, where to start they should have all stood in the same spot.</studentAnswer>
     <studentAnswer id="VB.15b.399.1" accuracy="correct">If they get a running start and if they had the same ball or not.</studentAnswer>
     <studentAnswer id="VB.15b.404.1" accuracy="partially_correct_incomplete">They do not use the same kind of ball and they get different speeds.</studentAnswer>
     <studentAnswer id="VB.15b.407.1" accuracy="partially_correct_incomplete">The same kind of balls. Having a running start.</studentAnswer>
     <studentAnswer id="VB.15b.416.1" accuracy="partially_correct_incomplete">One is they all have different balls. 2 is they have some bigger which makes them go not as far as distance as the smaller ones which go farther.</studentAnswer>
     <studentAnswer id="VB.15b.423.1" accuracy="partially_correct_incomplete">They did not control the size, and they did not control the type of ball they used.</studentAnswer>
     <studentAnswer id="VB.15b.429.1" accuracy="correct">The first variable they did not control is the different kind of ball. The second is the speed they went to get to the line.</studentAnswer>
     <studentAnswer id="VB.15b.432.1" accuracy="correct">They do not have the same amount of weight. And not have the same ball. And they run and step. They need to run or step.</studentAnswer>
     <studentAnswer id="VB.15b.440.1" accuracy="correct">The balls all need to be the same. And they all need to stand and throw.</studentAnswer>
     <studentAnswer id="VB.15b.448.1" accuracy="partially_correct_incomplete">Throwing at the line and using the same ball.</studentAnswer>
     <studentAnswer id="VB.15b.452.1" accuracy="partially_correct_incomplete">How far they throw the balls and the kind of balls that bring are 2 uncontrolled variables.</studentAnswer>
     <studentAnswer id="VB.15b.458.1" accuracy="correct">The variable that was not controlled was that they just brought any ball and made a line and threw it.</studentAnswer>
     <studentAnswer id="VB.15b.462.1" accuracy="correct">How they start and what ball they use.</studentAnswer>
     <studentAnswer id="VB.15b.466.1" accuracy="correct">2 variables that are not controlled in the contest were the amount of steps and what ball they are going to use.</studentAnswer>
     <studentAnswer id="VB.15b.477.1" accuracy="partially_correct_incomplete">They all brought different balls. They all started at different starting points.</studentAnswer>
     <studentAnswer id="VB.15b.481.1" accuracy="correct">One of the variables is the type of ball. And the second one is how many steps they took during the time when they were throwing balls.</studentAnswer>
     <studentAnswer id="VB.15b.483.1" accuracy="partially_correct_incomplete">What kind of ball you use, and how you throw it.</studentAnswer>
     <studentAnswer id="VB.15b.489.1" accuracy="correct">One variable they did not control was that Rachael ran. The other one is that the other 2 girls walked.</studentAnswer>
     <studentAnswer id="VB.15b.495.1" accuracy="irrelevant">That they get different lines.</studentAnswer>
     <studentAnswer id="VB.15b.497.1" accuracy="partially_correct_incomplete">That their balls are different.</studentAnswer>
     <studentAnswer id="VB.15b.501.1" accuracy="irrelevant">Ball flying in air.</studentAnswer>
     <studentAnswer id="VB.15b.506.1" accuracy="partially_correct_incomplete">When they did not throw the ball the same. When they did not do the same starting position.</studentAnswer>
     <studentAnswer id="VB.15b.511.1" accuracy="partially_correct_incomplete">How they all threw balls. They all should do the same position.</studentAnswer>
     <studentAnswer id="VB.15b.523.1" accuracy="correct">The balls and how they held the ball.</studentAnswer>
     <studentAnswer id="VB.15b.525.1" accuracy="partially_correct_incomplete">How they ran to the line and threw their balls.</studentAnswer>
     <studentAnswer id="VB.15b.530.1" accuracy="correct">Rachael had a running start and Ling took 2 steps Diana stood at the line.</studentAnswer>
     <studentAnswer id="VB.15b.533.1" accuracy="contradictory">Ran, stood, and walked 2 steps. Also the balls they used.</studentAnswer>
     <studentAnswer id="VB.15b.535.1" accuracy="correct">Having different balls, and the way they stood at the line.</studentAnswer>
     <studentAnswer id="VB.15b.537.1" accuracy="irrelevant">You have to test it out and you start with the ball to see who throws the farthest. The other thing is to not go past the line and not mess up.</studentAnswer>
     <studentAnswer id="VB.15b.539.1" accuracy="correct">They have different kind of ball. Some of them run some took 2 steps.</studentAnswer>
     <studentAnswer id="VB.15b.628.1" accuracy="partially_correct_incomplete">Basketball and football.</studentAnswer>
     <studentAnswer id="VB.15b.632.1" accuracy="partially_correct_incomplete">The balls are different.</studentAnswer>
     <studentAnswer id="VB.15b.639.1" accuracy="correct">One of them is they did not have the same kind of ball. 2 is they took different amounts of steps to the line.</studentAnswer>
   </studentAnswers>
</question>