<?xml version="1.0"?>
<question id="EM_21a" module="EM">
  <questionText>Georgia found one brown mineral and one black mineral. How can she test them for hardness using only the 2 minerals (no tools)?</questionText>
  <referenceAnswers>
    <referenceAnswer id="EM_21a-a1" text="Rub the minerals together and see which one scratches the other.">
      <tokens>
        <token id="EM_21a_ra1">Rub</token>
        <token id="EM_21a_ra2">the</token>
        <token id="EM_21a_ra3">minerals</token>
        <token id="EM_21a_ra4">together</token>
        <token id="EM_21a_ra5">and</token>
        <token id="EM_21a_ra6">see</token>
        <token id="EM_21a_ra7">which</token>
        <token id="EM_21a_ra8">one</token>
        <token id="EM_21a_ra9">scratches</token>
        <token id="EM_21a_ra10">the</token>
        <token id="EM_21a_ra11">other</token>
        <token id="EM_21a_ra12">.</token>
      </tokens>
      <facets>
        <facet id="EM_21a_f1" govNum="EM_21a_ra1" modNum="EM_21a_ra3" reltn="Theme" govText="Rub" modText="minerals"/>
        <facet id="EM_21a_f2" govNum="EM_21a_ra1" modNum="EM_21a_ra4" reltn="Manner" govText="Rub" modText="together"/>
        <facet id="EM_21a_f3" govNum="EM_21a_ra6" modNum="EM_21a_ra9" reltn="Predicate_which" childProp2Facet2="EM_21a_f6" govText="see" modText="scratches" childProp2Facet1="EM_21a_f5"/>
        <facet id="EM_21a_f4" govNum="EM_21a_ra8" modNum="EM_21a_ra7" reltn="NMod" govText="one" modText="which"/>
        <facet id="EM_21a_f5" govNum="EM_21a_ra9" modNum="EM_21a_ra8" reltn="Instrument" govText="scratches" modText="one"/>
        <facet id="EM_21a_f6" govNum="EM_21a_ra9" modNum="EM_21a_ra11" reltn="Patient" govText="scratches" modText="other"/>
        <facet id="EM_21a_f7" govNum="EM_21a_ra9" modNum="EM_21a_ra1" reltn="Cause_and" childProp2Facet2="EM_21a_f2" childProp1Facet1="EM_21a_f5" govText="scratches" childProp1Facet2="EM_21a_f6" modText="Rub" childProp2Facet1="EM_21a_f1"/>
      </facets>
    </referenceAnswer>
  </referenceAnswers>
  <studentAnswers>
    <studentAnswer id="EM.21a.137.1" answerText="She can do a scratch test and see which one is harder." accuracy="partially_correct_incomplete">
      <facetEntailment facetID="EM_21a_f1" label="Inferred"/>
      <facetEntailment facetID="EM_21a_f2" label="Inferred"/>
      <facetEntailment facetID="EM_21a_f3" label="Expressed"/>
      <facetEntailment facetID="EM_21a_f4" label="Expressed"/>
      <facetEntailment facetID="EM_21a_f5" label="Expressed"/>
      <facetEntailment facetID="EM_21a_f6" label="Expressed"/>
      <facetEntailment facetID="EM_21a_f7" label="Unaddressed"/>
    </studentAnswer>
    <studentAnswer id="EM.21a.139.1" answerText="Scratch one against the other." accuracy="correct">
      <facetEntailment facetID="EM_21a_f1" label="Expressed"/>
      <facetEntailment facetID="EM_21a_f2" label="Expressed"/>
      <facetEntailment facetID="EM_21a_f3" label="Inferred"/>
      <facetEntailment facetID="EM_21a_f4" label="Inferred"/>
      <facetEntailment facetID="EM_21a_f5" label="Expressed"/>
      <facetEntailment facetID="EM_21a_f6" label="Expressed"/>
      <facetEntailment facetID="EM_21a_f7" label="Inferred"/>
    </studentAnswer>
    <studentAnswer id="EM.21a.185.1" answerText="Rub them together." accuracy="partially_correct_incomplete">
      <facetEntailment facetID="EM_21a_f1" label="Expressed"/>
      <facetEntailment facetID="EM_21a_f2" label="Expressed"/>
      <facetEntailment facetID="EM_21a_f3" label="Unaddressed"/>
      <facetEntailment facetID="EM_21a_f4" label="Unaddressed"/>
      <facetEntailment facetID="EM_21a_f5" label="Unaddressed"/>
      <facetEntailment facetID="EM_21a_f6" label="Unaddressed"/>
      <facetEntailment facetID="EM_21a_f7" label="Unaddressed"/>
    </studentAnswer>
    <studentAnswer id="EM.21a.277.1" answerText="By scratching them." accuracy="partially_correct_incomplete">
      <facetEntailment facetID="EM_21a_f1" label="Unaddressed"/>
      <facetEntailment facetID="EM_21a_f2" label="Unaddressed"/>
      <facetEntailment facetID="EM_21a_f3" label="Unaddressed"/>
      <facetEntailment facetID="EM_21a_f4" label="Unaddressed"/>
      <facetEntailment facetID="EM_21a_f5" label="Unaddressed"/>
      <facetEntailment facetID="EM_21a_f6" label="Expressed"/>
      <facetEntailment facetID="EM_21a_f7" label="Unaddressed"/>
    </studentAnswer>
    <studentAnswer id="EM.21a.278.1" answerText="Rubbing them together." accuracy="partially_correct_incomplete">
      <facetEntailment facetID="EM_21a_f1" label="Expressed"/>
      <facetEntailment facetID="EM_21a_f2" label="Expressed"/>
      <facetEntailment facetID="EM_21a_f3" label="Unaddressed"/>
      <facetEntailment facetID="EM_21a_f4" label="Unaddressed"/>
      <facetEntailment facetID="EM_21a_f5" label="Unaddressed"/>
      <facetEntailment facetID="EM_21a_f6" label="Unaddressed"/>
      <facetEntailment facetID="EM_21a_f7" label="Unaddressed"/>
    </studentAnswer>
    <studentAnswer id="EM.21a.279.1" answerText="Scratch them together." accuracy="correct">
      <facetEntailment facetID="EM_21a_f1" label="Expressed"/>
      <facetEntailment facetID="EM_21a_f2" label="Expressed"/>
      <facetEntailment facetID="EM_21a_f3" label="Inferred"/>
      <facetEntailment facetID="EM_21a_f4" label="Inferred"/>
      <facetEntailment facetID="EM_21a_f5" label="Expressed"/>
      <facetEntailment facetID="EM_21a_f6" label="Expressed"/>
      <facetEntailment facetID="EM_21a_f7" label="Inferred"/>
    </studentAnswer>
    <studentAnswer id="EM.21a.280.1" answerText="Scratch them against each other." accuracy="correct">
      <facetEntailment facetID="EM_21a_f1" label="Expressed"/>
      <facetEntailment facetID="EM_21a_f2" label="Expressed"/>
      <facetEntailment facetID="EM_21a_f3" label="Inferred"/>
      <facetEntailment facetID="EM_21a_f4" label="Inferred"/>
      <facetEntailment facetID="EM_21a_f5" label="Expressed"/>
      <facetEntailment facetID="EM_21a_f6" label="Expressed"/>
      <facetEntailment facetID="EM_21a_f7" label="Inferred"/>
    </studentAnswer>
    <studentAnswer id="EM.21a.284.1" answerText="Use her fingernail." accuracy="irrelevant">
      <facetEntailment facetID="EM_21a_f1" label="Unaddressed"/>
      <facetEntailment facetID="EM_21a_f2" label="Unaddressed"/>
      <facetEntailment facetID="EM_21a_f3" label="Unaddressed"/>
      <facetEntailment facetID="EM_21a_f4" label="Unaddressed"/>
      <facetEntailment facetID="EM_21a_f5" label="Unaddressed"/>
      <facetEntailment facetID="EM_21a_f6" label="Unaddressed"/>
      <facetEntailment facetID="EM_21a_f7" label="Unaddressed"/>
    </studentAnswer>
    <studentAnswer id="EM.21a.311.1" answerText="A rock scratch." accuracy="partially_correct_incomplete">
      <facetEntailment facetID="EM_21a_f1" label="Unaddressed"/>
      <facetEntailment facetID="EM_21a_f2" label="Unaddressed"/>
      <facetEntailment facetID="EM_21a_f3" label="Unaddressed"/>
      <facetEntailment facetID="EM_21a_f4" label="Unaddressed"/>
      <facetEntailment facetID="EM_21a_f5" label="Unaddressed"/>
      <facetEntailment facetID="EM_21a_f6" label="Expressed"/>
      <facetEntailment facetID="EM_21a_f7" label="Unaddressed"/>
    </studentAnswer>
    <studentAnswer id="EM.21a.314.1" answerText="Use your fingernail." accuracy="partially_correct_incomplete">
      <facetEntailment facetID="EM_21a_f1" label="Unaddressed"/>
      <facetEntailment facetID="EM_21a_f2" label="Unaddressed"/>
      <facetEntailment facetID="EM_21a_f3" label="Unaddressed"/>
      <facetEntailment facetID="EM_21a_f4" label="Unaddressed"/>
      <facetEntailment facetID="EM_21a_f5" label="Unaddressed"/>
      <facetEntailment facetID="EM_21a_f6" label="Inferred"/>
      <facetEntailment facetID="EM_21a_f7" label="Unaddressed"/>
    </studentAnswer>
    <studentAnswer id="EM.21a.391.1" answerText="Scratch the 2 together." accuracy="correct">
      <facetEntailment facetID="EM_21a_f1" label="Expressed"/>
      <facetEntailment facetID="EM_21a_f2" label="Expressed"/>
      <facetEntailment facetID="EM_21a_f3" label="Inferred"/>
      <facetEntailment facetID="EM_21a_f4" label="Inferred"/>
      <facetEntailment facetID="EM_21a_f5" label="Expressed"/>
      <facetEntailment facetID="EM_21a_f6" label="Expressed"/>
      <facetEntailment facetID="EM_21a_f7" label="Inferred"/>
    </studentAnswer>
    <studentAnswer id="EM.21a.397.1" answerText="Scratch one against the other." accuracy="correct">
      <facetEntailment facetID="EM_21a_f1" label="Expressed"/>
      <facetEntailment facetID="EM_21a_f2" label="Expressed"/>
      <facetEntailment facetID="EM_21a_f3" label="Inferred"/>
      <facetEntailment facetID="EM_21a_f4" label="Inferred"/>
      <facetEntailment facetID="EM_21a_f5" label="Expressed"/>
      <facetEntailment facetID="EM_21a_f6" label="Expressed"/>
      <facetEntailment facetID="EM_21a_f7" label="Inferred"/>
    </studentAnswer>
    <studentAnswer id="EM.21a.405.1" answerText="She can use her nail and penny." accuracy="irrelevant">
      <facetEntailment facetID="EM_21a_f1" label="Diff-Arg"/>
      <facetEntailment facetID="EM_21a_f2" label="Diff-Arg"/>
      <facetEntailment facetID="EM_21a_f3" label="Unaddressed"/>
      <facetEntailment facetID="EM_21a_f4" label="Unaddressed"/>
      <facetEntailment facetID="EM_21a_f5" label="Unaddressed"/>
      <facetEntailment facetID="EM_21a_f6" label="Unaddressed"/>
      <facetEntailment facetID="EM_21a_f7" label="Unaddressed"/>
    </studentAnswer>
    <studentAnswer id="EM.21a.408.1" answerText="Scratch them together." accuracy="correct">
      <facetEntailment facetID="EM_21a_f1" label="Expressed"/>
      <facetEntailment facetID="EM_21a_f2" label="Expressed"/>
      <facetEntailment facetID="EM_21a_f3" label="Inferred"/>
      <facetEntailment facetID="EM_21a_f4" label="Inferred"/>
      <facetEntailment facetID="EM_21a_f5" label="Expressed"/>
      <facetEntailment facetID="EM_21a_f6" label="Expressed"/>
      <facetEntailment facetID="EM_21a_f7" label="Inferred"/>
    </studentAnswer>
    <studentAnswer id="EM.21a.435.1" answerText="Georgia could rub them together." accuracy="partially_correct_incomplete">
      <facetEntailment facetID="EM_21a_f1" label="Expressed"/>
      <facetEntailment facetID="EM_21a_f2" label="Expressed"/>
      <facetEntailment facetID="EM_21a_f3" label="Unaddressed"/>
      <facetEntailment facetID="EM_21a_f4" label="Unaddressed"/>
      <facetEntailment facetID="EM_21a_f5" label="Unaddressed"/>
      <facetEntailment facetID="EM_21a_f6" label="Unaddressed"/>
      <facetEntailment facetID="EM_21a_f7" label="Unaddressed"/>
    </studentAnswer>
    <studentAnswer id="EM.21a.436.1" answerText="Scratch them together." accuracy="correct">
      <facetEntailment facetID="EM_21a_f1" label="Expressed"/>
      <facetEntailment facetID="EM_21a_f2" label="Expressed"/>
      <facetEntailment facetID="EM_21a_f3" label="Inferred"/>
      <facetEntailment facetID="EM_21a_f4" label="Inferred"/>
      <facetEntailment facetID="EM_21a_f5" label="Expressed"/>
      <facetEntailment facetID="EM_21a_f6" label="Expressed"/>
      <facetEntailment facetID="EM_21a_f7" label="Inferred"/>
    </studentAnswer>
    <studentAnswer id="EM.21a.459.1" answerText="Scratch the minerals together." accuracy="correct">
      <facetEntailment facetID="EM_21a_f1" label="Expressed"/>
      <facetEntailment facetID="EM_21a_f2" label="Expressed"/>
      <facetEntailment facetID="EM_21a_f3" label="Inferred"/>
      <facetEntailment facetID="EM_21a_f4" label="Inferred"/>
      <facetEntailment facetID="EM_21a_f5" label="Expressed"/>
      <facetEntailment facetID="EM_21a_f6" label="Expressed"/>
      <facetEntailment facetID="EM_21a_f7" label="Inferred"/>
    </studentAnswer>
    <studentAnswer id="EM.21a.471.1" answerText="From scratching with another minerals." accuracy="partially_correct_incomplete">
      <facetEntailment facetID="EM_21a_f1" label="Expressed"/>
      <facetEntailment facetID="EM_21a_f2" label="Diff-Arg"/>
      <facetEntailment facetID="EM_21a_f3" label="Inferred"/>
      <facetEntailment facetID="EM_21a_f4" label="Unaddressed"/>
      <facetEntailment facetID="EM_21a_f5" label="Unaddressed"/>
      <facetEntailment facetID="EM_21a_f6" label="Expressed"/>
      <facetEntailment facetID="EM_21a_f7" label="Inferred"/>
    </studentAnswer>
    <studentAnswer id="EM.21a.508.1" answerText="She can scratch them together and the one with the mark is the soft one." accuracy="correct">
      <facetEntailment facetID="EM_21a_f1" label="Expressed"/>
      <facetEntailment facetID="EM_21a_f2" label="Expressed"/>
      <facetEntailment facetID="EM_21a_f3" label="Expressed"/>
      <facetEntailment facetID="EM_21a_f4" label="Expressed"/>
      <facetEntailment facetID="EM_21a_f5" label="Expressed"/>
      <facetEntailment facetID="EM_21a_f6" label="Expressed"/>
      <facetEntailment facetID="EM_21a_f7" label="Expressed"/>
    </studentAnswer>
    <studentAnswer id="EM.21a.510.1" answerText="She can scratch it together and look and see which leave a scratch." accuracy="correct">
      <facetEntailment facetID="EM_21a_f1" label="Expressed"/>
      <facetEntailment facetID="EM_21a_f2" label="Expressed"/>
      <facetEntailment facetID="EM_21a_f3" label="Expressed"/>
      <facetEntailment facetID="EM_21a_f4" label="Expressed"/>
      <facetEntailment facetID="EM_21a_f5" label="Expressed"/>
      <facetEntailment facetID="EM_21a_f6" label="Expressed"/>
      <facetEntailment facetID="EM_21a_f7" label="Expressed"/>
    </studentAnswer>
    <studentAnswer id="EM.21a.525.1" answerText="She could rub them together." accuracy="partially_correct_incomplete">
      <facetEntailment facetID="EM_21a_f1" label="Expressed"/>
      <facetEntailment facetID="EM_21a_f2" label="Expressed"/>
      <facetEntailment facetID="EM_21a_f3" label="Unaddressed"/>
      <facetEntailment facetID="EM_21a_f4" label="Unaddressed"/>
      <facetEntailment facetID="EM_21a_f5" label="Unaddressed"/>
      <facetEntailment facetID="EM_21a_f6" label="Unaddressed"/>
      <facetEntailment facetID="EM_21a_f7" label="Unaddressed"/>
    </studentAnswer>
    <studentAnswer id="EM.21a.529.1" answerText="Georgia could rub them together." accuracy="correct">
      <facetEntailment facetID="EM_21a_f1" label="Expressed"/>
      <facetEntailment facetID="EM_21a_f2" label="Expressed"/>
      <facetEntailment facetID="EM_21a_f3" label="Inferred"/>
      <facetEntailment facetID="EM_21a_f4" label="Inferred"/>
      <facetEntailment facetID="EM_21a_f5" label="Expressed"/>
      <facetEntailment facetID="EM_21a_f6" label="Expressed"/>
      <facetEntailment facetID="EM_21a_f7" label="Inferred"/>
    </studentAnswer>
    <studentAnswer id="EM.21a.547.1" answerText="She could rub them together." accuracy="partially_correct_incomplete">
      <facetEntailment facetID="EM_21a_f1" label="Expressed"/>
      <facetEntailment facetID="EM_21a_f2" label="Expressed"/>
      <facetEntailment facetID="EM_21a_f3" label="Unaddressed"/>
      <facetEntailment facetID="EM_21a_f4" label="Unaddressed"/>
      <facetEntailment facetID="EM_21a_f5" label="Unaddressed"/>
      <facetEntailment facetID="EM_21a_f6" label="Unaddressed"/>
      <facetEntailment facetID="EM_21a_f7" label="Unaddressed"/>
    </studentAnswer>
    <studentAnswer id="EM.21a.565.1" answerText="Scratch the 2 rocks together." accuracy="correct">
      <facetEntailment facetID="EM_21a_f1" label="Expressed"/>
      <facetEntailment facetID="EM_21a_f2" label="Expressed"/>
      <facetEntailment facetID="EM_21a_f3" label="Inferred"/>
      <facetEntailment facetID="EM_21a_f4" label="Inferred"/>
      <facetEntailment facetID="EM_21a_f5" label="Expressed"/>
      <facetEntailment facetID="EM_21a_f6" label="Expressed"/>
      <facetEntailment facetID="EM_21a_f7" label="Inferred"/>
    </studentAnswer>
    <studentAnswer id="EM.21a.570.1" answerText="By rubbing them together and touching them." accuracy="partially_correct_incomplete">
      <facetEntailment facetID="EM_21a_f1" label="Expressed"/>
      <facetEntailment facetID="EM_21a_f2" label="Expressed"/>
      <facetEntailment facetID="EM_21a_f3" label="Unaddressed"/>
      <facetEntailment facetID="EM_21a_f4" label="Unaddressed"/>
      <facetEntailment facetID="EM_21a_f5" label="Unaddressed"/>
      <facetEntailment facetID="EM_21a_f6" label="Unaddressed"/>
      <facetEntailment facetID="EM_21a_f7" label="Unaddressed"/>
    </studentAnswer>
    <studentAnswer id="EM.21a.571.1" answerText="With her nail." accuracy="irrelevant">
      <facetEntailment facetID="EM_21a_f1" label="Unaddressed"/>
      <facetEntailment facetID="EM_21a_f2" label="Unaddressed"/>
      <facetEntailment facetID="EM_21a_f3" label="Unaddressed"/>
      <facetEntailment facetID="EM_21a_f4" label="Unaddressed"/>
      <facetEntailment facetID="EM_21a_f5" label="Unaddressed"/>
      <facetEntailment facetID="EM_21a_f6" label="Unaddressed"/>
      <facetEntailment facetID="EM_21a_f7" label="Unaddressed"/>
    </studentAnswer>
    <studentAnswer id="EM.21a.572.1" answerText="Rub them together." accuracy="correct">
      <facetEntailment facetID="EM_21a_f1" label="Expressed"/>
      <facetEntailment facetID="EM_21a_f2" label="Expressed"/>
      <facetEntailment facetID="EM_21a_f3" label="Inferred"/>
      <facetEntailment facetID="EM_21a_f4" label="Inferred"/>
      <facetEntailment facetID="EM_21a_f5" label="Expressed"/>
      <facetEntailment facetID="EM_21a_f6" label="Expressed"/>
      <facetEntailment facetID="EM_21a_f7" label="Inferred"/>
    </studentAnswer>
    <studentAnswer id="EM.21a.575.1" answerText="Rub them together." accuracy="partially_correct_incomplete">
      <facetEntailment facetID="EM_21a_f1" label="Expressed"/>
      <facetEntailment facetID="EM_21a_f2" label="Expressed"/>
      <facetEntailment facetID="EM_21a_f3" label="Unaddressed"/>
      <facetEntailment facetID="EM_21a_f4" label="Unaddressed"/>
      <facetEntailment facetID="EM_21a_f5" label="Unaddressed"/>
      <facetEntailment facetID="EM_21a_f6" label="Unaddressed"/>
      <facetEntailment facetID="EM_21a_f7" label="Unaddressed"/>
    </studentAnswer>
    <studentAnswer id="EM.21a.576.1" answerText="Rubbing them together." accuracy="partially_correct_incomplete">
      <facetEntailment facetID="EM_21a_f1" label="Expressed"/>
      <facetEntailment facetID="EM_21a_f2" label="Expressed"/>
      <facetEntailment facetID="EM_21a_f3" label="Unaddressed"/>
      <facetEntailment facetID="EM_21a_f4" label="Unaddressed"/>
      <facetEntailment facetID="EM_21a_f5" label="Unaddressed"/>
      <facetEntailment facetID="EM_21a_f6" label="Unaddressed"/>
      <facetEntailment facetID="EM_21a_f7" label="Unaddressed"/>
    </studentAnswer>
    <studentAnswer id="EM.21a.594.1" answerText="She can rub them together and switch, if there is a mark on it and it goes away, it is hard." accuracy="correct">
      <facetEntailment facetID="EM_21a_f1" label="Expressed"/>
      <facetEntailment facetID="EM_21a_f2" label="Expressed"/>
      <facetEntailment facetID="EM_21a_f3" label="Expressed"/>
      <facetEntailment facetID="EM_21a_f4" label="Expressed"/>
      <facetEntailment facetID="EM_21a_f5" label="Expressed"/>
      <facetEntailment facetID="EM_21a_f6" label="Expressed"/>
      <facetEntailment facetID="EM_21a_f7" label="Expressed"/>
    </studentAnswer>
    <studentAnswer id="EM.21a.627.1" answerText="Rub them together to see if scratch the other." accuracy="correct">
      <facetEntailment facetID="EM_21a_f1" label="Expressed"/>
      <facetEntailment facetID="EM_21a_f2" label="Expressed"/>
      <facetEntailment facetID="EM_21a_f3" label="Expressed"/>
      <facetEntailment facetID="EM_21a_f4" label="Expressed"/>
      <facetEntailment facetID="EM_21a_f5" label="Expressed"/>
      <facetEntailment facetID="EM_21a_f6" label="Expressed"/>
      <facetEntailment facetID="EM_21a_f7" label="Expressed"/>
    </studentAnswer>
    <studentAnswer id="EM.21a.632.1" answerText="Rub them together." accuracy="partially_correct_incomplete">
      <facetEntailment facetID="EM_21a_f1" label="Expressed"/>
      <facetEntailment facetID="EM_21a_f2" label="Expressed"/>
      <facetEntailment facetID="EM_21a_f3" label="Unaddressed"/>
      <facetEntailment facetID="EM_21a_f4" label="Unaddressed"/>
      <facetEntailment facetID="EM_21a_f5" label="Unaddressed"/>
      <facetEntailment facetID="EM_21a_f6" label="Unaddressed"/>
      <facetEntailment facetID="EM_21a_f7" label="Unaddressed"/>
    </studentAnswer>
    <studentAnswer id="EM.21a.633.1" answerText="Rub them together, see which will scratch the other." accuracy="correct">
      <facetEntailment facetID="EM_21a_f1" label="Expressed"/>
      <facetEntailment facetID="EM_21a_f2" label="Expressed"/>
      <facetEntailment facetID="EM_21a_f3" label="Expressed"/>
      <facetEntailment facetID="EM_21a_f4" label="Expressed"/>
      <facetEntailment facetID="EM_21a_f5" label="Expressed"/>
      <facetEntailment facetID="EM_21a_f6" label="Expressed"/>
      <facetEntailment facetID="EM_21a_f7" label="Expressed"/>
    </studentAnswer>
    <studentAnswer id="EM.21a.636.1" answerText="Rub them together and see if you can scratch it harder." accuracy="correct">
      <facetEntailment facetID="EM_21a_f1" label="Expressed"/>
      <facetEntailment facetID="EM_21a_f2" label="Expressed"/>
      <facetEntailment facetID="EM_21a_f3" label="Expressed"/>
      <facetEntailment facetID="EM_21a_f4" label="Expressed"/>
      <facetEntailment facetID="EM_21a_f5" label="Expressed"/>
      <facetEntailment facetID="EM_21a_f6" label="Expressed"/>
      <facetEntailment facetID="EM_21a_f7" label="Expressed"/>
    </studentAnswer>
    <studentAnswer id="EM.21a.638.1" answerText="Rub them together and see if one scratches the other." accuracy="correct">
      <facetEntailment facetID="EM_21a_f1" label="Expressed"/>
      <facetEntailment facetID="EM_21a_f2" label="Expressed"/>
      <facetEntailment facetID="EM_21a_f3" label="Expressed"/>
      <facetEntailment facetID="EM_21a_f4" label="Expressed"/>
      <facetEntailment facetID="EM_21a_f5" label="Expressed"/>
      <facetEntailment facetID="EM_21a_f6" label="Expressed"/>
      <facetEntailment facetID="EM_21a_f7" label="Expressed"/>
    </studentAnswer>
    <studentAnswer id="EM.21a.646.1" answerText="Rub them to see if one scratches the other." accuracy="correct">
      <facetEntailment facetID="EM_21a_f1" label="Expressed"/>
      <facetEntailment facetID="EM_21a_f2" label="Expressed"/>
      <facetEntailment facetID="EM_21a_f3" label="Expressed"/>
      <facetEntailment facetID="EM_21a_f4" label="Expressed"/>
      <facetEntailment facetID="EM_21a_f5" label="Expressed"/>
      <facetEntailment facetID="EM_21a_f6" label="Expressed"/>
      <facetEntailment facetID="EM_21a_f7" label="Expressed"/>
    </studentAnswer>
  </studentAnswers>
</question>
