<?xml version="1.0"?>
<question id="EM_27b" module="EM">
  <questionText>You can tell if a rock contains calcite by putting it into a cold acid (like vinegar). Describe what you would observe if you did the acid test on a rock that contains this substance.</questionText>
  <referenceAnswers>
    <referenceAnswer id="EM_27b-a1" text="Many tiny bubbles will rise from the calcite when the calcite contacts the cold acid.">
      <tokens>
        <token id="EM_27b_ra1">Many</token>
        <token id="EM_27b_ra2">tiny</token>
        <token id="EM_27b_ra3">bubbles</token>
        <token id="EM_27b_ra4">will</token>
        <token id="EM_27b_ra5">rise</token>
        <token id="EM_27b_ra6">from</token>
        <token id="EM_27b_ra7">the</token>
        <token id="EM_27b_ra8">calcite</token>
        <token id="EM_27b_ra9">when</token>
        <token id="EM_27b_ra10">the</token>
        <token id="EM_27b_ra11">calcite</token>
        <token id="EM_27b_ra12">contacts</token>
        <token id="EM_27b_ra13">the</token>
        <token id="EM_27b_ra14">cold</token>
        <token id="EM_27b_ra15">acid</token>
        <token id="EM_27b_ra16">.</token>
      </tokens>
      <facets>
        <facet id="EM_27b_f1" govNum="EM_27b_ra3" modNum="EM_27b_ra2" reltn="NMod" govText="bubbles" modText="tiny"/>
        <facet id="EM_27b_f2" govNum="EM_27b_ra3" modNum="EM_27b_ra1" reltn="NMod" govText="bubbles" modText="Many"/>
        <facet id="EM_27b_f3" govNum="EM_27b_ra5" modNum="EM_27b_ra3" reltn="Theme" govText="rise" modText="bubbles"/>
        <facet id="EM_27b_f4" govNum="EM_27b_ra5" modNum="EM_27b_ra8" reltn="Source_from" govText="rise" modText="calcite"/>
        <facet id="EM_27b_f5" govNum="EM_27b_ra5" modNum="EM_27b_ra12" reltn="Cause_when" childProp2Facet2="EM_27b_f7" childProp1Facet1="EM_27b_f3" govText="rise" modText="contacts" childProp2Facet1="EM_27b_f6"/>
        <facet id="EM_27b_f6" govNum="EM_27b_ra12" modNum="EM_27b_ra11" reltn="Theme" govText="contacts" isAssumed="true" modText="calcite"/>
        <facet id="EM_27b_f7" govNum="EM_27b_ra12" modNum="EM_27b_ra15" reltn="Theme" govText="contacts" isAssumed="true" modText="acid"/>
        <facet id="EM_27b_f8" govNum="EM_27b_ra15" modNum="EM_27b_ra14" reltn="NMod" govText="acid" isAssumed="true" modText="cold"/>
      </facets>
    </referenceAnswer>
  </referenceAnswers>
  <studentAnswers>
    <studentAnswer id="EM.27b.386.1" answerText="You would see if it bubbles." accuracy="partially_correct_incomplete">
      <facetEntailment facetID="EM_27b_f1" label="Unaddressed"/>
      <facetEntailment facetID="EM_27b_f2" label="Unaddressed"/>
      <facetEntailment facetID="EM_27b_f3" label="Expressed"/>
      <facetEntailment facetID="EM_27b_f4" label="Expressed"/>
      <facetEntailment facetID="EM_27b_f5" label="Inferred"/>
      <facetEntailment facetID="EM_27b_f6" label="Assumed"/>
      <facetEntailment facetID="EM_27b_f7" label="Assumed"/>
      <facetEntailment facetID="EM_27b_f8" label="Assumed"/>
    </studentAnswer>
    <studentAnswer id="EM.27b.391.1" answerText="Bubbles coming out of the rock and murky water." accuracy="partially_correct_incomplete">
      <facetEntailment facetID="EM_27b_f1" label="Unaddressed"/>
      <facetEntailment facetID="EM_27b_f2" label="Unaddressed"/>
      <facetEntailment facetID="EM_27b_f3" label="Expressed"/>
      <facetEntailment facetID="EM_27b_f4" label="Expressed"/>
      <facetEntailment facetID="EM_27b_f5" label="Unaddressed"/>
      <facetEntailment facetID="EM_27b_f6" label="Assumed"/>
      <facetEntailment facetID="EM_27b_f7" label="Assumed"/>
      <facetEntailment facetID="EM_27b_f8" label="Assumed"/>
    </studentAnswer>
    <studentAnswer id="EM.27b.393.1" answerText="The vinegar would get all full with bubbles, and murky." accuracy="partially_correct_incomplete">
      <facetEntailment facetID="EM_27b_f1" label="Unaddressed"/>
      <facetEntailment facetID="EM_27b_f2" label="Unaddressed"/>
      <facetEntailment facetID="EM_27b_f3" label="Expressed"/>
      <facetEntailment facetID="EM_27b_f4" label="Inferred"/>
      <facetEntailment facetID="EM_27b_f5" label="Inferred"/>
      <facetEntailment facetID="EM_27b_f6" label="Assumed"/>
      <facetEntailment facetID="EM_27b_f7" label="Assumed"/>
      <facetEntailment facetID="EM_27b_f8" label="Assumed"/>
    </studentAnswer>
    <studentAnswer id="EM.27b.403.1" answerText="I would observe broken calcite that looks like wet baby powder." accuracy="irrelevant">
      <facetEntailment facetID="EM_27b_f1" label="Unaddressed"/>
      <facetEntailment facetID="EM_27b_f2" label="Unaddressed"/>
      <facetEntailment facetID="EM_27b_f3" label="Unaddressed"/>
      <facetEntailment facetID="EM_27b_f4" label="Unaddressed"/>
      <facetEntailment facetID="EM_27b_f5" label="Unaddressed"/>
      <facetEntailment facetID="EM_27b_f6" label="Assumed"/>
      <facetEntailment facetID="EM_27b_f7" label="Assumed"/>
      <facetEntailment facetID="EM_27b_f8" label="Assumed"/>
    </studentAnswer>
    <studentAnswer id="EM.27b.404.1" answerText="Well a mineral is in a can of rock there is." accuracy="irrelevant">
      <facetEntailment facetID="EM_27b_f1" label="Unaddressed"/>
      <facetEntailment facetID="EM_27b_f2" label="Unaddressed"/>
      <facetEntailment facetID="EM_27b_f3" label="Unaddressed"/>
      <facetEntailment facetID="EM_27b_f4" label="Unaddressed"/>
      <facetEntailment facetID="EM_27b_f5" label="Unaddressed"/>
      <facetEntailment facetID="EM_27b_f6" label="Assumed"/>
      <facetEntailment facetID="EM_27b_f7" label="Assumed"/>
      <facetEntailment facetID="EM_27b_f8" label="Assumed"/>
    </studentAnswer>
    <studentAnswer id="EM.27b.409.1" answerText="It would be mostly about minerals." accuracy="irrelevant">
      <facetEntailment facetID="EM_27b_f1" label="Unaddressed"/>
      <facetEntailment facetID="EM_27b_f2" label="Unaddressed"/>
      <facetEntailment facetID="EM_27b_f3" label="Unaddressed"/>
      <facetEntailment facetID="EM_27b_f4" label="Unaddressed"/>
      <facetEntailment facetID="EM_27b_f5" label="Unaddressed"/>
      <facetEntailment facetID="EM_27b_f6" label="Assumed"/>
      <facetEntailment facetID="EM_27b_f7" label="Assumed"/>
      <facetEntailment facetID="EM_27b_f8" label="Assumed"/>
    </studentAnswer>
    <studentAnswer id="EM.27b.416.1" answerText="I would see if the rocks bubble." accuracy="partially_correct_incomplete">
      <facetEntailment facetID="EM_27b_f1" label="Unaddressed"/>
      <facetEntailment facetID="EM_27b_f2" label="Unaddressed"/>
      <facetEntailment facetID="EM_27b_f3" label="Expressed"/>
      <facetEntailment facetID="EM_27b_f4" label="Expressed"/>
      <facetEntailment facetID="EM_27b_f5" label="Inferred"/>
      <facetEntailment facetID="EM_27b_f6" label="Assumed"/>
      <facetEntailment facetID="EM_27b_f7" label="Assumed"/>
      <facetEntailment facetID="EM_27b_f8" label="Assumed"/>
    </studentAnswer>
    <studentAnswer id="EM.27b.433.1" answerText="I would observe many bubbles staying on the calcite, and some floating to the top." accuracy="partially_correct_incomplete">
      <facetEntailment facetID="EM_27b_f1" label="Unaddressed"/>
      <facetEntailment facetID="EM_27b_f2" label="Expressed"/>
      <facetEntailment facetID="EM_27b_f3" label="Expressed"/>
      <facetEntailment facetID="EM_27b_f4" label="Expressed"/>
      <facetEntailment facetID="EM_27b_f5" label="Inferred"/>
      <facetEntailment facetID="EM_27b_f6" label="Assumed"/>
      <facetEntailment facetID="EM_27b_f7" label="Assumed"/>
      <facetEntailment facetID="EM_27b_f8" label="Assumed"/>
    </studentAnswer>
    <studentAnswer id="EM.27b.436.1" answerText="You would see bubbles." accuracy="partially_correct_incomplete">
      <facetEntailment facetID="EM_27b_f1" label="Unaddressed"/>
      <facetEntailment facetID="EM_27b_f2" label="Unaddressed"/>
      <facetEntailment facetID="EM_27b_f3" label="Expressed"/>
      <facetEntailment facetID="EM_27b_f4" label="Inferred"/>
      <facetEntailment facetID="EM_27b_f5" label="Inferred"/>
      <facetEntailment facetID="EM_27b_f6" label="Assumed"/>
      <facetEntailment facetID="EM_27b_f7" label="Assumed"/>
      <facetEntailment facetID="EM_27b_f8" label="Assumed"/>
    </studentAnswer>
    <studentAnswer id="EM.27b.438.1" answerText="You would look for bubbling." accuracy="partially_correct_incomplete">
      <facetEntailment facetID="EM_27b_f1" label="Unaddressed"/>
      <facetEntailment facetID="EM_27b_f2" label="Unaddressed"/>
      <facetEntailment facetID="EM_27b_f3" label="Expressed"/>
      <facetEntailment facetID="EM_27b_f4" label="Inferred"/>
      <facetEntailment facetID="EM_27b_f5" label="Inferred"/>
      <facetEntailment facetID="EM_27b_f6" label="Assumed"/>
      <facetEntailment facetID="EM_27b_f7" label="Assumed"/>
      <facetEntailment facetID="EM_27b_f8" label="Assumed"/>
    </studentAnswer>
    <studentAnswer id="EM.27b.441.1" answerText="I would look for bubbles if the it has bubble it has calcite." accuracy="partially_correct_incomplete">
      <facetEntailment facetID="EM_27b_f1" label="Unaddressed"/>
      <facetEntailment facetID="EM_27b_f2" label="Unaddressed"/>
      <facetEntailment facetID="EM_27b_f3" label="Expressed"/>
      <facetEntailment facetID="EM_27b_f4" label="Expressed"/>
      <facetEntailment facetID="EM_27b_f5" label="Inferred"/>
      <facetEntailment facetID="EM_27b_f6" label="Assumed"/>
      <facetEntailment facetID="EM_27b_f7" label="Assumed"/>
      <facetEntailment facetID="EM_27b_f8" label="Assumed"/>
    </studentAnswer>
    <studentAnswer id="EM.27b.454.1" answerText="If the rock fizzes it contains calcite because calcite fizzes when put with cold acid." accuracy="correct">
      <facetEntailment facetID="EM_27b_f1" label="Expressed"/>
      <facetEntailment facetID="EM_27b_f2" label="Expressed"/>
      <facetEntailment facetID="EM_27b_f3" label="Expressed"/>
      <facetEntailment facetID="EM_27b_f4" label="Expressed"/>
      <facetEntailment facetID="EM_27b_f5" label="Expressed"/>
      <facetEntailment facetID="EM_27b_f6" label="Expressed"/>
      <facetEntailment facetID="EM_27b_f7" label="Expressed"/>
      <facetEntailment facetID="EM_27b_f8" label="Expressed"/>
    </studentAnswer>
    <studentAnswer id="EM.27b.459.1" answerText="You would see the mineral fizzing." accuracy="correct">
      <facetEntailment facetID="EM_27b_f1" label="Expressed"/>
      <facetEntailment facetID="EM_27b_f2" label="Expressed"/>
      <facetEntailment facetID="EM_27b_f3" label="Expressed"/>
      <facetEntailment facetID="EM_27b_f4" label="Expressed"/>
      <facetEntailment facetID="EM_27b_f5" label="Inferred"/>
      <facetEntailment facetID="EM_27b_f6" label="Assumed"/>
      <facetEntailment facetID="EM_27b_f7" label="Assumed"/>
      <facetEntailment facetID="EM_27b_f8" label="Assumed"/>
    </studentAnswer>
    <studentAnswer id="EM.27b.467.1" answerText="I would notice that it should be bubbling." accuracy="partially_correct_incomplete">
      <facetEntailment facetID="EM_27b_f1" label="Unaddressed"/>
      <facetEntailment facetID="EM_27b_f2" label="Unaddressed"/>
      <facetEntailment facetID="EM_27b_f3" label="Expressed"/>
      <facetEntailment facetID="EM_27b_f4" label="Inferred"/>
      <facetEntailment facetID="EM_27b_f5" label="Inferred"/>
      <facetEntailment facetID="EM_27b_f6" label="Assumed"/>
      <facetEntailment facetID="EM_27b_f7" label="Assumed"/>
      <facetEntailment facetID="EM_27b_f8" label="Assumed"/>
    </studentAnswer>
    <studentAnswer id="EM.27b.487.1" answerText="The rock would be covered by bubbles and fizz." accuracy="correct">
      <facetEntailment facetID="EM_27b_f1" label="Expressed"/>
      <facetEntailment facetID="EM_27b_f2" label="Expressed"/>
      <facetEntailment facetID="EM_27b_f3" label="Expressed"/>
      <facetEntailment facetID="EM_27b_f4" label="Inferred"/>
      <facetEntailment facetID="EM_27b_f5" label="Inferred"/>
      <facetEntailment facetID="EM_27b_f6" label="Assumed"/>
      <facetEntailment facetID="EM_27b_f7" label="Assumed"/>
      <facetEntailment facetID="EM_27b_f8" label="Assumed"/>
    </studentAnswer>
    <studentAnswer id="EM.27b.489.1" answerText="You will see bubbles coming up and you will see them going fast." accuracy="partially_correct_incomplete">
      <facetEntailment facetID="EM_27b_f1" label="Unaddressed"/>
      <facetEntailment facetID="EM_27b_f2" label="Unaddressed"/>
      <facetEntailment facetID="EM_27b_f3" label="Expressed"/>
      <facetEntailment facetID="EM_27b_f4" label="Inferred"/>
      <facetEntailment facetID="EM_27b_f5" label="Inferred"/>
      <facetEntailment facetID="EM_27b_f6" label="Assumed"/>
      <facetEntailment facetID="EM_27b_f7" label="Assumed"/>
      <facetEntailment facetID="EM_27b_f8" label="Assumed"/>
    </studentAnswer>
    <studentAnswer id="EM.27b.494.1" answerText="You would see bubbles fizzing to the top." accuracy="correct">
      <facetEntailment facetID="EM_27b_f1" label="Expressed"/>
      <facetEntailment facetID="EM_27b_f2" label="Expressed"/>
      <facetEntailment facetID="EM_27b_f3" label="Expressed"/>
      <facetEntailment facetID="EM_27b_f4" label="Inferred"/>
      <facetEntailment facetID="EM_27b_f5" label="Inferred"/>
      <facetEntailment facetID="EM_27b_f6" label="Assumed"/>
      <facetEntailment facetID="EM_27b_f7" label="Assumed"/>
      <facetEntailment facetID="EM_27b_f8" label="Assumed"/>
    </studentAnswer>
    <studentAnswer id="EM.27b.501.1" answerText="You would see bubbles floating up or down." accuracy="partially_correct_incomplete">
      <facetEntailment facetID="EM_27b_f1" label="Unaddressed"/>
      <facetEntailment facetID="EM_27b_f2" label="Unaddressed"/>
      <facetEntailment facetID="EM_27b_f3" label="Expressed"/>
      <facetEntailment facetID="EM_27b_f4" label="Inferred"/>
      <facetEntailment facetID="EM_27b_f5" label="Inferred"/>
      <facetEntailment facetID="EM_27b_f6" label="Assumed"/>
      <facetEntailment facetID="EM_27b_f7" label="Assumed"/>
      <facetEntailment facetID="EM_27b_f8" label="Assumed"/>
    </studentAnswer>
    <studentAnswer id="EM.27b.505.1" answerText="The rock would covered by bubbles and fizz." accuracy="correct">
      <facetEntailment facetID="EM_27b_f1" label="Expressed"/>
      <facetEntailment facetID="EM_27b_f2" label="Expressed"/>
      <facetEntailment facetID="EM_27b_f3" label="Expressed"/>
      <facetEntailment facetID="EM_27b_f4" label="Inferred"/>
      <facetEntailment facetID="EM_27b_f5" label="Inferred"/>
      <facetEntailment facetID="EM_27b_f6" label="Assumed"/>
      <facetEntailment facetID="EM_27b_f7" label="Assumed"/>
      <facetEntailment facetID="EM_27b_f8" label="Assumed"/>
    </studentAnswer>
    <studentAnswer id="EM.27b.508.1" answerText="Some parts will fizz and bubble with rise to the top." accuracy="correct">
      <facetEntailment facetID="EM_27b_f1" label="Expressed"/>
      <facetEntailment facetID="EM_27b_f2" label="Expressed"/>
      <facetEntailment facetID="EM_27b_f3" label="Expressed"/>
      <facetEntailment facetID="EM_27b_f4" label="Inferred"/>
      <facetEntailment facetID="EM_27b_f5" label="Inferred"/>
      <facetEntailment facetID="EM_27b_f6" label="Assumed"/>
      <facetEntailment facetID="EM_27b_f7" label="Assumed"/>
      <facetEntailment facetID="EM_27b_f8" label="Assumed"/>
    </studentAnswer>
    <studentAnswer id="EM.27b.509.1" answerText="You would see bubbles rising from the calcite." accuracy="partially_correct_incomplete">
      <facetEntailment facetID="EM_27b_f1" label="Unaddressed"/>
      <facetEntailment facetID="EM_27b_f2" label="Unaddressed"/>
      <facetEntailment facetID="EM_27b_f3" label="Expressed"/>
      <facetEntailment facetID="EM_27b_f4" label="Expressed"/>
      <facetEntailment facetID="EM_27b_f5" label="Inferred"/>
      <facetEntailment facetID="EM_27b_f6" label="Assumed"/>
      <facetEntailment facetID="EM_27b_f7" label="Assumed"/>
      <facetEntailment facetID="EM_27b_f8" label="Assumed"/>
    </studentAnswer>
    <studentAnswer id="EM.27b.525.1" answerText="It would fizz and get small." accuracy="correct">
      <facetEntailment facetID="EM_27b_f1" label="Expressed"/>
      <facetEntailment facetID="EM_27b_f2" label="Expressed"/>
      <facetEntailment facetID="EM_27b_f3" label="Expressed"/>
      <facetEntailment facetID="EM_27b_f4" label="Inferred"/>
      <facetEntailment facetID="EM_27b_f5" label="Inferred"/>
      <facetEntailment facetID="EM_27b_f6" label="Assumed"/>
      <facetEntailment facetID="EM_27b_f7" label="Assumed"/>
      <facetEntailment facetID="EM_27b_f8" label="Assumed"/>
    </studentAnswer>
    <studentAnswer id="EM.27b.530.1" answerText="It would have little tiny crystals that are white." accuracy="irrelevant">
      <facetEntailment facetID="EM_27b_f1" label="Unaddressed"/>
      <facetEntailment facetID="EM_27b_f2" label="Unaddressed"/>
      <facetEntailment facetID="EM_27b_f3" label="Unaddressed"/>
      <facetEntailment facetID="EM_27b_f4" label="Unaddressed"/>
      <facetEntailment facetID="EM_27b_f5" label="Unaddressed"/>
      <facetEntailment facetID="EM_27b_f6" label="Assumed"/>
      <facetEntailment facetID="EM_27b_f7" label="Assumed"/>
      <facetEntailment facetID="EM_27b_f8" label="Assumed"/>
    </studentAnswer>
    <studentAnswer id="EM.27b.533.1" answerText="If I in a test on as rock with acid I will put acid on the rock and let it settle overnight." accuracy="irrelevant">
      <facetEntailment facetID="EM_27b_f1" label="Unaddressed"/>
      <facetEntailment facetID="EM_27b_f2" label="Unaddressed"/>
      <facetEntailment facetID="EM_27b_f3" label="Unaddressed"/>
      <facetEntailment facetID="EM_27b_f4" label="Unaddressed"/>
      <facetEntailment facetID="EM_27b_f5" label="Unaddressed"/>
      <facetEntailment facetID="EM_27b_f6" label="Expressed"/>
      <facetEntailment facetID="EM_27b_f7" label="Expressed"/>
      <facetEntailment facetID="EM_27b_f8" label="Assumed"/>
    </studentAnswer>
    <studentAnswer id="EM.27b.537.1" answerText="By it fizzing and it might take the rock apart." accuracy="correct">
      <facetEntailment facetID="EM_27b_f1" label="Expressed"/>
      <facetEntailment facetID="EM_27b_f2" label="Expressed"/>
      <facetEntailment facetID="EM_27b_f3" label="Expressed"/>
      <facetEntailment facetID="EM_27b_f4" label="Inferred"/>
      <facetEntailment facetID="EM_27b_f5" label="Inferred"/>
      <facetEntailment facetID="EM_27b_f6" label="Assumed"/>
      <facetEntailment facetID="EM_27b_f7" label="Assumed"/>
      <facetEntailment facetID="EM_27b_f8" label="Assumed"/>
    </studentAnswer>
    <studentAnswer id="EM.27b.541.1" answerText="Bubbly, shiny and kind of see through." accuracy="partially_correct_incomplete">
      <facetEntailment facetID="EM_27b_f1" label="Unaddressed"/>
      <facetEntailment facetID="EM_27b_f2" label="Unaddressed"/>
      <facetEntailment facetID="EM_27b_f3" label="Expressed"/>
      <facetEntailment facetID="EM_27b_f4" label="Inferred"/>
      <facetEntailment facetID="EM_27b_f5" label="Inferred"/>
      <facetEntailment facetID="EM_27b_f6" label="Assumed"/>
      <facetEntailment facetID="EM_27b_f7" label="Assumed"/>
      <facetEntailment facetID="EM_27b_f8" label="Assumed"/>
    </studentAnswer>
    <studentAnswer id="EM.27b.559.1" answerText="Because the one thing that you put vinegar has or has not calcite." accuracy="irrelevant">
      <facetEntailment facetID="EM_27b_f1" label="Unaddressed"/>
      <facetEntailment facetID="EM_27b_f2" label="Unaddressed"/>
      <facetEntailment facetID="EM_27b_f3" label="Unaddressed"/>
      <facetEntailment facetID="EM_27b_f4" label="Unaddressed"/>
      <facetEntailment facetID="EM_27b_f5" label="Unaddressed"/>
      <facetEntailment facetID="EM_27b_f6" label="Expressed"/>
      <facetEntailment facetID="EM_27b_f7" label="Expressed"/>
      <facetEntailment facetID="EM_27b_f8" label="Assumed"/>
    </studentAnswer>
    <studentAnswer id="EM.27b.563.1" answerText="For bubbles." accuracy="partially_correct_incomplete">
      <facetEntailment facetID="EM_27b_f1" label="Unaddressed"/>
      <facetEntailment facetID="EM_27b_f2" label="Unaddressed"/>
      <facetEntailment facetID="EM_27b_f3" label="Expressed"/>
      <facetEntailment facetID="EM_27b_f4" label="Unaddressed"/>
      <facetEntailment facetID="EM_27b_f5" label="Unaddressed"/>
      <facetEntailment facetID="EM_27b_f6" label="Assumed"/>
      <facetEntailment facetID="EM_27b_f7" label="Assumed"/>
      <facetEntailment facetID="EM_27b_f8" label="Assumed"/>
    </studentAnswer>
    <studentAnswer id="EM.27b.564.1" answerText="Calcite reacts with vinegar." accuracy="irrelevant">
      <facetEntailment facetID="EM_27b_f1" label="Unaddressed"/>
      <facetEntailment facetID="EM_27b_f2" label="Unaddressed"/>
      <facetEntailment facetID="EM_27b_f3" label="Unaddressed"/>
      <facetEntailment facetID="EM_27b_f4" label="Unaddressed"/>
      <facetEntailment facetID="EM_27b_f5" label="Unaddressed"/>
      <facetEntailment facetID="EM_27b_f6" label="Expressed"/>
      <facetEntailment facetID="EM_27b_f7" label="Expressed"/>
      <facetEntailment facetID="EM_27b_f8" label="Assumed"/>
    </studentAnswer>
    <studentAnswer id="EM.27b.569.1" answerText="Water breaks rock to little pieces." accuracy="irrelevant">
      <facetEntailment facetID="EM_27b_f1" label="Unaddressed"/>
      <facetEntailment facetID="EM_27b_f2" label="Unaddressed"/>
      <facetEntailment facetID="EM_27b_f3" label="Unaddressed"/>
      <facetEntailment facetID="EM_27b_f4" label="Unaddressed"/>
      <facetEntailment facetID="EM_27b_f5" label="Unaddressed"/>
      <facetEntailment facetID="EM_27b_f6" label="Assumed"/>
      <facetEntailment facetID="EM_27b_f7" label="Assumed"/>
      <facetEntailment facetID="EM_27b_f8" label="Assumed"/>
    </studentAnswer>
    <studentAnswer id="EM.27b.574.1" answerText="It will bubble." accuracy="partially_correct_incomplete">
      <facetEntailment facetID="EM_27b_f1" label="Unaddressed"/>
      <facetEntailment facetID="EM_27b_f2" label="Unaddressed"/>
      <facetEntailment facetID="EM_27b_f3" label="Expressed"/>
      <facetEntailment facetID="EM_27b_f4" label="Inferred"/>
      <facetEntailment facetID="EM_27b_f5" label="Inferred"/>
      <facetEntailment facetID="EM_27b_f6" label="Assumed"/>
      <facetEntailment facetID="EM_27b_f7" label="Assumed"/>
      <facetEntailment facetID="EM_27b_f8" label="Assumed"/>
    </studentAnswer>
    <studentAnswer id="EM.27b.606.1" answerText="I would describe what the rocks color is and what the mass if it is a mineral or not." accuracy="irrelevant">
      <facetEntailment facetID="EM_27b_f1" label="Unaddressed"/>
      <facetEntailment facetID="EM_27b_f2" label="Unaddressed"/>
      <facetEntailment facetID="EM_27b_f3" label="Unaddressed"/>
      <facetEntailment facetID="EM_27b_f4" label="Unaddressed"/>
      <facetEntailment facetID="EM_27b_f5" label="Unaddressed"/>
      <facetEntailment facetID="EM_27b_f6" label="Assumed"/>
      <facetEntailment facetID="EM_27b_f7" label="Assumed"/>
      <facetEntailment facetID="EM_27b_f8" label="Assumed"/>
    </studentAnswer>
    <studentAnswer id="EM.27b.609.1" answerText="The rock would fizz. If it fizzed then there is calcite in it." accuracy="correct">
      <facetEntailment facetID="EM_27b_f1" label="Expressed"/>
      <facetEntailment facetID="EM_27b_f2" label="Expressed"/>
      <facetEntailment facetID="EM_27b_f3" label="Expressed"/>
      <facetEntailment facetID="EM_27b_f4" label="Expressed"/>
      <facetEntailment facetID="EM_27b_f5" label="Inferred"/>
      <facetEntailment facetID="EM_27b_f6" label="Assumed"/>
      <facetEntailment facetID="EM_27b_f7" label="Assumed"/>
      <facetEntailment facetID="EM_27b_f8" label="Assumed"/>
    </studentAnswer>
    <studentAnswer id="EM.27b.610.1" answerText="It will be separated in groups." accuracy="irrelevant">
      <facetEntailment facetID="EM_27b_f1" label="Unaddressed"/>
      <facetEntailment facetID="EM_27b_f2" label="Unaddressed"/>
      <facetEntailment facetID="EM_27b_f3" label="Unaddressed"/>
      <facetEntailment facetID="EM_27b_f4" label="Unaddressed"/>
      <facetEntailment facetID="EM_27b_f5" label="Unaddressed"/>
      <facetEntailment facetID="EM_27b_f6" label="Assumed"/>
      <facetEntailment facetID="EM_27b_f7" label="Assumed"/>
      <facetEntailment facetID="EM_27b_f8" label="Assumed"/>
    </studentAnswer>
    <studentAnswer id="EM.27b.614.1" answerText="You would observe fizz in the rock that contains calcite." accuracy="correct">
      <facetEntailment facetID="EM_27b_f1" label="Expressed"/>
      <facetEntailment facetID="EM_27b_f2" label="Expressed"/>
      <facetEntailment facetID="EM_27b_f3" label="Expressed"/>
      <facetEntailment facetID="EM_27b_f4" label="Expressed"/>
      <facetEntailment facetID="EM_27b_f5" label="Inferred"/>
      <facetEntailment facetID="EM_27b_f6" label="Assumed"/>
      <facetEntailment facetID="EM_27b_f7" label="Assumed"/>
      <facetEntailment facetID="EM_27b_f8" label="Assumed"/>
    </studentAnswer>
    <studentAnswer id="EM.27b.632.1" answerText="It sizzles. If it first sizzles it contains calcite." accuracy="correct">
      <facetEntailment facetID="EM_27b_f1" label="Expressed"/>
      <facetEntailment facetID="EM_27b_f2" label="Expressed"/>
      <facetEntailment facetID="EM_27b_f3" label="Expressed"/>
      <facetEntailment facetID="EM_27b_f4" label="Expressed"/>
      <facetEntailment facetID="EM_27b_f5" label="Inferred"/>
      <facetEntailment facetID="EM_27b_f6" label="Assumed"/>
      <facetEntailment facetID="EM_27b_f7" label="Assumed"/>
      <facetEntailment facetID="EM_27b_f8" label="Assumed"/>
    </studentAnswer>
  </studentAnswers>
</question>
