<?xml version="1.0"?>
<question id="EM_47" module="EM">
  <questionText>The sand and flour in the gray material from mock rocks is separated by mixing with water and allowing the mixture to settle. Explain why the sand and flour separate.</questionText>
  <referenceAnswers>
    <referenceAnswer id="EM_47-a1" text="The sand particles are larger and settle first. The flour particles are smaller and therefore settle more slowly.">
      <tokens>
        <token id="EM_47_ra1">The</token>
        <token id="EM_47_ra2">sand</token>
        <token id="EM_47_ra3">particles</token>
        <token id="EM_47_ra4">are</token>
        <token id="EM_47_ra5">larger</token>
        <token id="EM_47_ra6">and</token>
        <token id="EM_47_ra7">settle</token>
        <token id="EM_47_ra8">first</token>
        <token id="EM_47_ra9">.</token>
        <token id="EM_47_ra10">The</token>
        <token id="EM_47_ra11">flour</token>
        <token id="EM_47_ra12">particles</token>
        <token id="EM_47_ra13">are</token>
        <token id="EM_47_ra14">smaller</token>
        <token id="EM_47_ra15">and</token>
        <token id="EM_47_ra16">therefore</token>
        <token id="EM_47_ra17">settle</token>
        <token id="EM_47_ra18">more</token>
        <token id="EM_47_ra19">slowly</token>
        <token id="EM_47_ra20">.</token>
      </tokens>
      <facets>
        <facet id="EM_47_f1" govNum="EM_47_ra3" modNum="EM_47_ra2" reltn="NMod" govText="particles" isAssumed="true" modText="sand"/>
        <facet id="EM_47_f2" govNum="EM_47_ra3" modNum="EM_47_ra5" reltn="Be" govText="particles" modText="larger"/>
        <facet id="EM_47_f3" govNum="EM_47_ra7" modNum="EM_47_ra3" reltn="Theme" govText="settle" modText="particles"/>
        <facet id="EM_47_f4" govNum="EM_47_ra7" modNum="EM_47_ra8" reltn="Time" govText="settle" modText="first"/>
        <facet id="EM_47_f5" govNum="EM_47_ra7" modNum="EM_47_ra4" reltn="Cause_and" childProp1Facet1="EM_47_f3" govText="settle" childProp1Facet2="EM_47_f4" modText="are" childProp2Facet1="EM_47_f2"/>
        <facet id="EM_47_f6" govNum="EM_47_ra12" modNum="EM_47_ra11" reltn="NMod" govText="particles" isAssumed="true" modText="flour"/>
        <facet id="EM_47_f7" govNum="EM_47_ra12" modNum="EM_47_ra14" reltn="Be" govText="particles" modText="smaller"/>
        <facet id="EM_47_f8" govNum="EM_47_ra17" modNum="EM_47_ra12" reltn="Theme" govText="settle" modText="particles"/>
        <facet id="EM_47_f9" govNum="EM_47_ra17" modNum="EM_47_ra19" reltn="Manner" govText="settle" modText="slowly"/>
        <facet id="EM_47_f10" govNum="EM_47_ra19" modNum="EM_47_ra18" reltn="AMod" govText="slowly" modText="more"/>
        <facet id="EM_47_f11" govNum="EM_47_ra17" modNum="EM_47_ra13" reltn="Cause_therefore" childProp1Facet1="EM_47_f8" govText="settle" childProp1Facet2="EM_47_f9" modText="are" childProp2Facet1="EM_47_f7"/>
      </facets>
    </referenceAnswer>
  </referenceAnswers>
  <studentAnswers>
    <studentAnswer id="EM.47.103.1" answerText="One is heavier than another see it settles in how many layers there is ingredients." accuracy="correct">
      <facetEntailment facetID="EM_47_f1" label="Assumed"/>
      <facetEntailment facetID="EM_47_f2" label="Expressed"/>
      <facetEntailment facetID="EM_47_f3" label="Expressed"/>
      <facetEntailment facetID="EM_47_f4" label="Inferred"/>
      <facetEntailment facetID="EM_47_f5" label="Expressed"/>
      <facetEntailment facetID="EM_47_f6" label="Assumed"/>
      <facetEntailment facetID="EM_47_f7" label="Expressed"/>
      <facetEntailment facetID="EM_47_f8" label="Unaddressed"/>
      <facetEntailment facetID="EM_47_f9" label="Unaddressed"/>
      <facetEntailment facetID="EM_47_f10" label="Unaddressed"/>
      <facetEntailment facetID="EM_47_f11" label="Unaddressed"/>
    </studentAnswer>
    <studentAnswer id="EM.47.109.1" answerText="Because the sand is heavier." accuracy="correct">
      <facetEntailment facetID="EM_47_f1" label="Expressed"/>
      <facetEntailment facetID="EM_47_f2" label="Expressed"/>
      <facetEntailment facetID="EM_47_f3" label="Inferred"/>
      <facetEntailment facetID="EM_47_f4" label="Inferred"/>
      <facetEntailment facetID="EM_47_f5" label="Inferred"/>
      <facetEntailment facetID="EM_47_f6" label="Assumed"/>
      <facetEntailment facetID="EM_47_f7" label="Inferred"/>
      <facetEntailment facetID="EM_47_f8" label="Inferred"/>
      <facetEntailment facetID="EM_47_f9" label="Inferred"/>
      <facetEntailment facetID="EM_47_f10" label="Inferred"/>
      <facetEntailment facetID="EM_47_f11" label="Inferred"/>
    </studentAnswer>
    <studentAnswer id="EM.47.116.1" answerText="Because the sand is the heaviest and the sand would go to the bottom." accuracy="correct">
      <facetEntailment facetID="EM_47_f1" label="Expressed"/>
      <facetEntailment facetID="EM_47_f2" label="Expressed"/>
      <facetEntailment facetID="EM_47_f3" label="Expressed"/>
      <facetEntailment facetID="EM_47_f4" label="Inferred"/>
      <facetEntailment facetID="EM_47_f5" label="Expressed"/>
      <facetEntailment facetID="EM_47_f6" label="Assumed"/>
      <facetEntailment facetID="EM_47_f7" label="Inferred"/>
      <facetEntailment facetID="EM_47_f8" label="Inferred"/>
      <facetEntailment facetID="EM_47_f9" label="Inferred"/>
      <facetEntailment facetID="EM_47_f10" label="Inferred"/>
      <facetEntailment facetID="EM_47_f11" label="Inferred"/>
    </studentAnswer>
    <studentAnswer id="EM.47.122.1" answerText="We shook it up and sand is heavier than water so it went to the bottom." accuracy="correct">
      <facetEntailment facetID="EM_47_f1" label="Expressed"/>
      <facetEntailment facetID="EM_47_f2" label="Expressed"/>
      <facetEntailment facetID="EM_47_f3" label="Expressed"/>
      <facetEntailment facetID="EM_47_f4" label="Inferred"/>
      <facetEntailment facetID="EM_47_f5" label="Expressed"/>
      <facetEntailment facetID="EM_47_f6" label="Assumed"/>
      <facetEntailment facetID="EM_47_f7" label="Unaddressed"/>
      <facetEntailment facetID="EM_47_f8" label="Unaddressed"/>
      <facetEntailment facetID="EM_47_f9" label="Unaddressed"/>
      <facetEntailment facetID="EM_47_f10" label="Unaddressed"/>
      <facetEntailment facetID="EM_47_f11" label="Unaddressed"/>
    </studentAnswer>
    <studentAnswer id="EM.47.172.1" answerText="The sand and flour separate because sand is heavier than flour." accuracy="correct">
      <facetEntailment facetID="EM_47_f1" label="Expressed"/>
      <facetEntailment facetID="EM_47_f2" label="Expressed"/>
      <facetEntailment facetID="EM_47_f3" label="Expressed"/>
      <facetEntailment facetID="EM_47_f4" label="Inferred"/>
      <facetEntailment facetID="EM_47_f5" label="Expressed"/>
      <facetEntailment facetID="EM_47_f6" label="Expressed"/>
      <facetEntailment facetID="EM_47_f7" label="Expressed"/>
      <facetEntailment facetID="EM_47_f8" label="Expressed"/>
      <facetEntailment facetID="EM_47_f9" label="Unaddressed"/>
      <facetEntailment facetID="EM_47_f10" label="Unaddressed"/>
      <facetEntailment facetID="EM_47_f11" label="Unaddressed"/>
    </studentAnswer>
    <studentAnswer id="EM.47.179.1" answerText="Evaporating separates the 2." accuracy="irrelevant">
      <facetEntailment facetID="EM_47_f1" label="Assumed"/>
      <facetEntailment facetID="EM_47_f2" label="Unaddressed"/>
      <facetEntailment facetID="EM_47_f3" label="Unaddressed"/>
      <facetEntailment facetID="EM_47_f4" label="Unaddressed"/>
      <facetEntailment facetID="EM_47_f5" label="Unaddressed"/>
      <facetEntailment facetID="EM_47_f6" label="Assumed"/>
      <facetEntailment facetID="EM_47_f7" label="Unaddressed"/>
      <facetEntailment facetID="EM_47_f8" label="Unaddressed"/>
      <facetEntailment facetID="EM_47_f9" label="Unaddressed"/>
      <facetEntailment facetID="EM_47_f10" label="Unaddressed"/>
      <facetEntailment facetID="EM_47_f11" label="Unaddressed"/>
    </studentAnswer>
    <studentAnswer id="EM.47.314.1" answerText="Sand and water have different size particles and they stick together." accuracy="partially_correct_incomplete">
      <facetEntailment facetID="EM_47_f1" label="Expressed"/>
      <facetEntailment facetID="EM_47_f2" label="Inferred"/>
      <facetEntailment facetID="EM_47_f3" label="Unaddressed"/>
      <facetEntailment facetID="EM_47_f4" label="Unaddressed"/>
      <facetEntailment facetID="EM_47_f5" label="Unaddressed"/>
      <facetEntailment facetID="EM_47_f6" label="Assumed"/>
      <facetEntailment facetID="EM_47_f7" label="Unaddressed"/>
      <facetEntailment facetID="EM_47_f8" label="Unaddressed"/>
      <facetEntailment facetID="EM_47_f9" label="Unaddressed"/>
      <facetEntailment facetID="EM_47_f10" label="Unaddressed"/>
      <facetEntailment facetID="EM_47_f11" label="Unaddressed"/>
    </studentAnswer>
    <studentAnswer id="EM.47.315.1" answerText="The sand and salt weigh different, one is big one is little." accuracy="partially_correct_incomplete">
      <facetEntailment facetID="EM_47_f1" label="Expressed"/>
      <facetEntailment facetID="EM_47_f2" label="Inferred"/>
      <facetEntailment facetID="EM_47_f3" label="Unaddressed"/>
      <facetEntailment facetID="EM_47_f4" label="Unaddressed"/>
      <facetEntailment facetID="EM_47_f5" label="Unaddressed"/>
      <facetEntailment facetID="EM_47_f6" label="Diff-Arg"/>
      <facetEntailment facetID="EM_47_f7" label="Inferred"/>
      <facetEntailment facetID="EM_47_f8" label="Unaddressed"/>
      <facetEntailment facetID="EM_47_f9" label="Unaddressed"/>
      <facetEntailment facetID="EM_47_f10" label="Unaddressed"/>
      <facetEntailment facetID="EM_47_f11" label="Unaddressed"/>
    </studentAnswer>
    <studentAnswer id="EM.47.318.1" answerText="Because the water dissolves separates the sand and flour, and they group with their sister minerals that are same size." accuracy="partially_correct_incomplete">
      <facetEntailment facetID="EM_47_f1" label="Expressed"/>
      <facetEntailment facetID="EM_47_f2" label="Inferred"/>
      <facetEntailment facetID="EM_47_f3" label="Diff-Arg"/>
      <facetEntailment facetID="EM_47_f4" label="Unaddressed"/>
      <facetEntailment facetID="EM_47_f5" label="Unaddressed"/>
      <facetEntailment facetID="EM_47_f6" label="Expressed"/>
      <facetEntailment facetID="EM_47_f7" label="Inferred"/>
      <facetEntailment facetID="EM_47_f8" label="Diff-Arg"/>
      <facetEntailment facetID="EM_47_f9" label="Unaddressed"/>
      <facetEntailment facetID="EM_47_f10" label="Unaddressed"/>
      <facetEntailment facetID="EM_47_f11" label="Unaddressed"/>
    </studentAnswer>
    <studentAnswer id="EM.47.353.1" answerText="The sand is heavier than the flour." accuracy="partially_correct_incomplete">
      <facetEntailment facetID="EM_47_f1" label="Expressed"/>
      <facetEntailment facetID="EM_47_f2" label="Expressed"/>
      <facetEntailment facetID="EM_47_f3" label="Unaddressed"/>
      <facetEntailment facetID="EM_47_f4" label="Unaddressed"/>
      <facetEntailment facetID="EM_47_f5" label="Unaddressed"/>
      <facetEntailment facetID="EM_47_f6" label="Expressed"/>
      <facetEntailment facetID="EM_47_f7" label="Expressed"/>
      <facetEntailment facetID="EM_47_f8" label="Unaddressed"/>
      <facetEntailment facetID="EM_47_f9" label="Unaddressed"/>
      <facetEntailment facetID="EM_47_f10" label="Unaddressed"/>
      <facetEntailment facetID="EM_47_f11" label="Unaddressed"/>
    </studentAnswer>
    <studentAnswer id="EM.47.384.1" answerText="The sand and flour separate because the sand is heavier than the flour, so the flour goes to the top and the sand sinks." accuracy="contradictory">
      <facetEntailment facetID="EM_47_f1" label="Expressed"/>
      <facetEntailment facetID="EM_47_f2" label="Expressed"/>
      <facetEntailment facetID="EM_47_f3" label="Expressed"/>
      <facetEntailment facetID="EM_47_f4" label="Expressed"/>
      <facetEntailment facetID="EM_47_f5" label="Expressed"/>
      <facetEntailment facetID="EM_47_f6" label="Expressed"/>
      <facetEntailment facetID="EM_47_f7" label="Expressed"/>
      <facetEntailment facetID="EM_47_f8" label="Contra-Infr"/>
      <facetEntailment facetID="EM_47_f9" label="Unaddressed"/>
      <facetEntailment facetID="EM_47_f10" label="Unaddressed"/>
      <facetEntailment facetID="EM_47_f11" label="Expressed"/>
    </studentAnswer>
    <studentAnswer id="EM.47.386.1" answerText="They are a soft substance that disintegrates when it mixes with water." accuracy="irrelevant">
      <facetEntailment facetID="EM_47_f1" label="Assumed"/>
      <facetEntailment facetID="EM_47_f2" label="Unaddressed"/>
      <facetEntailment facetID="EM_47_f3" label="Unaddressed"/>
      <facetEntailment facetID="EM_47_f4" label="Unaddressed"/>
      <facetEntailment facetID="EM_47_f5" label="Unaddressed"/>
      <facetEntailment facetID="EM_47_f6" label="Assumed"/>
      <facetEntailment facetID="EM_47_f7" label="Unaddressed"/>
      <facetEntailment facetID="EM_47_f8" label="Unaddressed"/>
      <facetEntailment facetID="EM_47_f9" label="Unaddressed"/>
      <facetEntailment facetID="EM_47_f10" label="Unaddressed"/>
      <facetEntailment facetID="EM_47_f11" label="Unaddressed"/>
    </studentAnswer>
    <studentAnswer id="EM.47.391.1" answerText="They separate because the sand is heavier than the flour." accuracy="partially_correct_incomplete">
      <facetEntailment facetID="EM_47_f1" label="Expressed"/>
      <facetEntailment facetID="EM_47_f2" label="Expressed"/>
      <facetEntailment facetID="EM_47_f3" label="Unaddressed"/>
      <facetEntailment facetID="EM_47_f4" label="Unaddressed"/>
      <facetEntailment facetID="EM_47_f5" label="Inferred"/>
      <facetEntailment facetID="EM_47_f6" label="Expressed"/>
      <facetEntailment facetID="EM_47_f7" label="Expressed"/>
      <facetEntailment facetID="EM_47_f8" label="Unaddressed"/>
      <facetEntailment facetID="EM_47_f9" label="Unaddressed"/>
      <facetEntailment facetID="EM_47_f10" label="Unaddressed"/>
      <facetEntailment facetID="EM_47_f11" label="Unaddressed"/>
    </studentAnswer>
    <studentAnswer id="EM.47.393.1" answerText="The sand and flour separate because sand floats to the top and the flour stays on the bottom." accuracy="contradictory">
      <facetEntailment facetID="EM_47_f1" label="Expressed"/>
      <facetEntailment facetID="EM_47_f2" label="Unaddressed"/>
      <facetEntailment facetID="EM_47_f3" label="Contra-Expr"/>
      <facetEntailment facetID="EM_47_f4" label="Contra-Expr"/>
      <facetEntailment facetID="EM_47_f5" label="Contra-Expr"/>
      <facetEntailment facetID="EM_47_f6" label="Expressed"/>
      <facetEntailment facetID="EM_47_f7" label="Unaddressed"/>
      <facetEntailment facetID="EM_47_f8" label="Expressed"/>
      <facetEntailment facetID="EM_47_f9" label="Contra-Infr"/>
      <facetEntailment facetID="EM_47_f10" label="Unaddressed"/>
      <facetEntailment facetID="EM_47_f11" label="Unaddressed"/>
    </studentAnswer>
    <studentAnswer id="EM.47.396.1" answerText="I think the sand is on the bottom because it is heavy and the flour is in the water because it is smaller and does not weigh a lot." accuracy="contradictory">
      <facetEntailment facetID="EM_47_f1" label="Expressed"/>
      <facetEntailment facetID="EM_47_f2" label="Expressed"/>
      <facetEntailment facetID="EM_47_f3" label="Expressed"/>
      <facetEntailment facetID="EM_47_f4" label="Inferred"/>
      <facetEntailment facetID="EM_47_f5" label="Expressed"/>
      <facetEntailment facetID="EM_47_f6" label="Expressed"/>
      <facetEntailment facetID="EM_47_f7" label="Expressed"/>
      <facetEntailment facetID="EM_47_f8" label="Contra-Infr"/>
      <facetEntailment facetID="EM_47_f9" label="Unaddressed"/>
      <facetEntailment facetID="EM_47_f10" label="Unaddressed"/>
      <facetEntailment facetID="EM_47_f11" label="Expressed"/>
    </studentAnswer>
    <studentAnswer id="EM.47.420.1" answerText="It separated because the sand sank below the flour and the flour stayed on top." accuracy="partially_correct_incomplete">
      <facetEntailment facetID="EM_47_f1" label="Expressed"/>
      <facetEntailment facetID="EM_47_f2" label="Unaddressed"/>
      <facetEntailment facetID="EM_47_f3" label="Expressed"/>
      <facetEntailment facetID="EM_47_f4" label="Inferred"/>
      <facetEntailment facetID="EM_47_f5" label="Unaddressed"/>
      <facetEntailment facetID="EM_47_f6" label="Expressed"/>
      <facetEntailment facetID="EM_47_f7" label="Unaddressed"/>
      <facetEntailment facetID="EM_47_f8" label="Expressed"/>
      <facetEntailment facetID="EM_47_f9" label="Unaddressed"/>
      <facetEntailment facetID="EM_47_f10" label="Unaddressed"/>
      <facetEntailment facetID="EM_47_f11" label="Unaddressed"/>
    </studentAnswer>
    <studentAnswer id="EM.47.428.1" answerText="The sand is harder then the flour so that is that is why they separate." accuracy="irrelevant">
      <facetEntailment facetID="EM_47_f1" label="Expressed"/>
      <facetEntailment facetID="EM_47_f2" label="Diff-Arg"/>
      <facetEntailment facetID="EM_47_f3" label="Unaddressed"/>
      <facetEntailment facetID="EM_47_f4" label="Unaddressed"/>
      <facetEntailment facetID="EM_47_f5" label="Unaddressed"/>
      <facetEntailment facetID="EM_47_f6" label="Expressed"/>
      <facetEntailment facetID="EM_47_f7" label="Unaddressed"/>
      <facetEntailment facetID="EM_47_f8" label="Unaddressed"/>
      <facetEntailment facetID="EM_47_f9" label="Unaddressed"/>
      <facetEntailment facetID="EM_47_f10" label="Unaddressed"/>
      <facetEntailment facetID="EM_47_f11" label="Unaddressed"/>
    </studentAnswer>
    <studentAnswer id="EM.47.429.1" answerText="They separate because the water made them into layers. That is why they separated." accuracy="irrelevant">
      <facetEntailment facetID="EM_47_f1" label="Assumed"/>
      <facetEntailment facetID="EM_47_f2" label="Unaddressed"/>
      <facetEntailment facetID="EM_47_f3" label="Unaddressed"/>
      <facetEntailment facetID="EM_47_f4" label="Unaddressed"/>
      <facetEntailment facetID="EM_47_f5" label="Unaddressed"/>
      <facetEntailment facetID="EM_47_f6" label="Assumed"/>
      <facetEntailment facetID="EM_47_f7" label="Unaddressed"/>
      <facetEntailment facetID="EM_47_f8" label="Unaddressed"/>
      <facetEntailment facetID="EM_47_f9" label="Unaddressed"/>
      <facetEntailment facetID="EM_47_f10" label="Unaddressed"/>
      <facetEntailment facetID="EM_47_f11" label="Unaddressed"/>
    </studentAnswer>
    <studentAnswer id="EM.47.434.1" answerText="The sand and the flour separate because the sand is heavier and it sinks to the bottom and the flour is lighter and goes on top of the sand." accuracy="correct">
      <facetEntailment facetID="EM_47_f1" label="Expressed"/>
      <facetEntailment facetID="EM_47_f2" label="Expressed"/>
      <facetEntailment facetID="EM_47_f3" label="Expressed"/>
      <facetEntailment facetID="EM_47_f4" label="Inferred"/>
      <facetEntailment facetID="EM_47_f5" label="Expressed"/>
      <facetEntailment facetID="EM_47_f6" label="Expressed"/>
      <facetEntailment facetID="EM_47_f7" label="Expressed"/>
      <facetEntailment facetID="EM_47_f8" label="Expressed"/>
      <facetEntailment facetID="EM_47_f9" label="Inferred"/>
      <facetEntailment facetID="EM_47_f10" label="Inferred"/>
      <facetEntailment facetID="EM_47_f11" label="Expressed"/>
    </studentAnswer>
    <studentAnswer id="EM.47.439.1" answerText="They separate because the water makes them into layers by making water onto sand in middle and gray material on bottom." accuracy="irrelevant">
      <facetEntailment facetID="EM_47_f1" label="Expressed"/>
      <facetEntailment facetID="EM_47_f2" label="Unaddressed"/>
      <facetEntailment facetID="EM_47_f3" label="Unaddressed"/>
      <facetEntailment facetID="EM_47_f4" label="Unaddressed"/>
      <facetEntailment facetID="EM_47_f5" label="Unaddressed"/>
      <facetEntailment facetID="EM_47_f6" label="Assumed"/>
      <facetEntailment facetID="EM_47_f7" label="Unaddressed"/>
      <facetEntailment facetID="EM_47_f8" label="Unaddressed"/>
      <facetEntailment facetID="EM_47_f9" label="Unaddressed"/>
      <facetEntailment facetID="EM_47_f10" label="Unaddressed"/>
      <facetEntailment facetID="EM_47_f11" label="Unaddressed"/>
    </studentAnswer>
    <studentAnswer id="EM.47.451.1" answerText="It separates because of the water." accuracy="irrelevant">
      <facetEntailment facetID="EM_47_f1" label="Assumed"/>
      <facetEntailment facetID="EM_47_f2" label="Unaddressed"/>
      <facetEntailment facetID="EM_47_f3" label="Unaddressed"/>
      <facetEntailment facetID="EM_47_f4" label="Unaddressed"/>
      <facetEntailment facetID="EM_47_f5" label="Unaddressed"/>
      <facetEntailment facetID="EM_47_f6" label="Assumed"/>
      <facetEntailment facetID="EM_47_f7" label="Unaddressed"/>
      <facetEntailment facetID="EM_47_f8" label="Unaddressed"/>
      <facetEntailment facetID="EM_47_f9" label="Unaddressed"/>
      <facetEntailment facetID="EM_47_f10" label="Unaddressed"/>
      <facetEntailment facetID="EM_47_f11" label="Unaddressed"/>
    </studentAnswer>
    <studentAnswer id="EM.47.488.1" answerText="The sand is the heaviest one because it is more heavier than the flour." accuracy="partially_correct_incomplete">
      <facetEntailment facetID="EM_47_f1" label="Expressed"/>
      <facetEntailment facetID="EM_47_f2" label="Expressed"/>
      <facetEntailment facetID="EM_47_f3" label="Unaddressed"/>
      <facetEntailment facetID="EM_47_f4" label="Unaddressed"/>
      <facetEntailment facetID="EM_47_f5" label="Unaddressed"/>
      <facetEntailment facetID="EM_47_f6" label="Expressed"/>
      <facetEntailment facetID="EM_47_f7" label="Expressed"/>
      <facetEntailment facetID="EM_47_f8" label="Unaddressed"/>
      <facetEntailment facetID="EM_47_f9" label="Unaddressed"/>
      <facetEntailment facetID="EM_47_f10" label="Unaddressed"/>
      <facetEntailment facetID="EM_47_f11" label="Unaddressed"/>
    </studentAnswer>
    <studentAnswer id="EM.47.495.1" answerText="Because sand is heavier than flour." accuracy="partially_correct_incomplete">
      <facetEntailment facetID="EM_47_f1" label="Expressed"/>
      <facetEntailment facetID="EM_47_f2" label="Expressed"/>
      <facetEntailment facetID="EM_47_f3" label="Unaddressed"/>
      <facetEntailment facetID="EM_47_f4" label="Unaddressed"/>
      <facetEntailment facetID="EM_47_f5" label="Unaddressed"/>
      <facetEntailment facetID="EM_47_f6" label="Expressed"/>
      <facetEntailment facetID="EM_47_f7" label="Expressed"/>
      <facetEntailment facetID="EM_47_f8" label="Unaddressed"/>
      <facetEntailment facetID="EM_47_f9" label="Unaddressed"/>
      <facetEntailment facetID="EM_47_f10" label="Unaddressed"/>
      <facetEntailment facetID="EM_47_f11" label="Unaddressed"/>
    </studentAnswer>
    <studentAnswer id="EM.47.498.1" answerText="Because the sand way too heavy when we put in the water, but the flour was the opposite! Because the sand was too heavy to float in the cold acid like the flour." accuracy="contradictory">
      <facetEntailment facetID="EM_47_f1" label="Expressed"/>
      <facetEntailment facetID="EM_47_f2" label="Expressed"/>
      <facetEntailment facetID="EM_47_f3" label="Inferred"/>
      <facetEntailment facetID="EM_47_f4" label="Inferred"/>
      <facetEntailment facetID="EM_47_f5" label="Expressed"/>
      <facetEntailment facetID="EM_47_f6" label="Expressed"/>
      <facetEntailment facetID="EM_47_f7" label="Expressed"/>
      <facetEntailment facetID="EM_47_f8" label="Contra-Infr"/>
      <facetEntailment facetID="EM_47_f9" label="Unaddressed"/>
      <facetEntailment facetID="EM_47_f10" label="Unaddressed"/>
      <facetEntailment facetID="EM_47_f11" label="Unaddressed"/>
    </studentAnswer>
    <studentAnswer id="EM.47.502.1" answerText="Because the sand is big so it goes on the bottom and the flour is small so it goes on the top of the sand." accuracy="correct">
      <facetEntailment facetID="EM_47_f1" label="Expressed"/>
      <facetEntailment facetID="EM_47_f2" label="Expressed"/>
      <facetEntailment facetID="EM_47_f3" label="Expressed"/>
      <facetEntailment facetID="EM_47_f4" label="Inferred"/>
      <facetEntailment facetID="EM_47_f5" label="Expressed"/>
      <facetEntailment facetID="EM_47_f6" label="Expressed"/>
      <facetEntailment facetID="EM_47_f7" label="Expressed"/>
      <facetEntailment facetID="EM_47_f8" label="Inferred"/>
      <facetEntailment facetID="EM_47_f9" label="Inferred"/>
      <facetEntailment facetID="EM_47_f10" label="Inferred"/>
      <facetEntailment facetID="EM_47_f11" label="Expressed"/>
    </studentAnswer>
    <studentAnswer id="EM.47.509.1" answerText="Because the sand is heavier than the flour so the sand fell to the bottom before the flour had a chance to fall down and what is heavier falls down faster." accuracy="correct">
      <facetEntailment facetID="EM_47_f1" label="Expressed"/>
      <facetEntailment facetID="EM_47_f2" label="Expressed"/>
      <facetEntailment facetID="EM_47_f3" label="Expressed"/>
      <facetEntailment facetID="EM_47_f4" label="Expressed"/>
      <facetEntailment facetID="EM_47_f5" label="Expressed"/>
      <facetEntailment facetID="EM_47_f6" label="Expressed"/>
      <facetEntailment facetID="EM_47_f7" label="Expressed"/>
      <facetEntailment facetID="EM_47_f8" label="Expressed"/>
      <facetEntailment facetID="EM_47_f9" label="Expressed"/>
      <facetEntailment facetID="EM_47_f10" label="Expressed"/>
      <facetEntailment facetID="EM_47_f11" label="Expressed"/>
    </studentAnswer>
    <studentAnswer id="EM.47.532.1" answerText="If you put the sand then the flour then the gray materials then the water the gray materials speeds the sand and the flour." accuracy="irrelevant">
      <facetEntailment facetID="EM_47_f1" label="Expressed"/>
      <facetEntailment facetID="EM_47_f2" label="Unaddressed"/>
      <facetEntailment facetID="EM_47_f3" label="Unaddressed"/>
      <facetEntailment facetID="EM_47_f4" label="Unaddressed"/>
      <facetEntailment facetID="EM_47_f5" label="Unaddressed"/>
      <facetEntailment facetID="EM_47_f6" label="Expressed"/>
      <facetEntailment facetID="EM_47_f7" label="Unaddressed"/>
      <facetEntailment facetID="EM_47_f8" label="Unaddressed"/>
      <facetEntailment facetID="EM_47_f9" label="Unaddressed"/>
      <facetEntailment facetID="EM_47_f10" label="Unaddressed"/>
      <facetEntailment facetID="EM_47_f11" label="Unaddressed"/>
    </studentAnswer>
    <studentAnswer id="EM.47.537.1" answerText="By dissolving and in water the sand moves around in it." accuracy="contradictory">
      <facetEntailment facetID="EM_47_f1" label="Expressed"/>
      <facetEntailment facetID="EM_47_f2" label="Unaddressed"/>
      <facetEntailment facetID="EM_47_f3" label="Contra-Infr"/>
      <facetEntailment facetID="EM_47_f4" label="Unaddressed"/>
      <facetEntailment facetID="EM_47_f5" label="Unaddressed"/>
      <facetEntailment facetID="EM_47_f6" label="Assumed"/>
      <facetEntailment facetID="EM_47_f7" label="Unaddressed"/>
      <facetEntailment facetID="EM_47_f8" label="Unaddressed"/>
      <facetEntailment facetID="EM_47_f9" label="Unaddressed"/>
      <facetEntailment facetID="EM_47_f10" label="Unaddressed"/>
      <facetEntailment facetID="EM_47_f11" label="Unaddressed"/>
    </studentAnswer>
    <studentAnswer id="EM.47.539.1" answerText="Because when the rock breaks. They break into pieces that land heavier from gets." accuracy="partially_correct_incomplete">
      <facetEntailment facetID="EM_47_f1" label="Assumed"/>
      <facetEntailment facetID="EM_47_f2" label="Inferred"/>
      <facetEntailment facetID="EM_47_f3" label="Unaddressed"/>
      <facetEntailment facetID="EM_47_f4" label="Unaddressed"/>
      <facetEntailment facetID="EM_47_f5" label="Unaddressed"/>
      <facetEntailment facetID="EM_47_f6" label="Assumed"/>
      <facetEntailment facetID="EM_47_f7" label="Unaddressed"/>
      <facetEntailment facetID="EM_47_f8" label="Unaddressed"/>
      <facetEntailment facetID="EM_47_f9" label="Unaddressed"/>
      <facetEntailment facetID="EM_47_f10" label="Unaddressed"/>
      <facetEntailment facetID="EM_47_f11" label="Unaddressed"/>
    </studentAnswer>
    <studentAnswer id="EM.47.565.1" answerText="Because the flour was lighter than the sand." accuracy="partially_correct_incomplete">
      <facetEntailment facetID="EM_47_f1" label="Expressed"/>
      <facetEntailment facetID="EM_47_f2" label="Expressed"/>
      <facetEntailment facetID="EM_47_f3" label="Unaddressed"/>
      <facetEntailment facetID="EM_47_f4" label="Unaddressed"/>
      <facetEntailment facetID="EM_47_f5" label="Unaddressed"/>
      <facetEntailment facetID="EM_47_f6" label="Expressed"/>
      <facetEntailment facetID="EM_47_f7" label="Expressed"/>
      <facetEntailment facetID="EM_47_f8" label="Unaddressed"/>
      <facetEntailment facetID="EM_47_f9" label="Unaddressed"/>
      <facetEntailment facetID="EM_47_f10" label="Unaddressed"/>
      <facetEntailment facetID="EM_47_f11" label="Unaddressed"/>
    </studentAnswer>
    <studentAnswer id="EM.47.568.1" answerText="Because the sand is heavy and flour is light." accuracy="partially_correct_incomplete">
      <facetEntailment facetID="EM_47_f1" label="Expressed"/>
      <facetEntailment facetID="EM_47_f2" label="Expressed"/>
      <facetEntailment facetID="EM_47_f3" label="Unaddressed"/>
      <facetEntailment facetID="EM_47_f4" label="Unaddressed"/>
      <facetEntailment facetID="EM_47_f5" label="Unaddressed"/>
      <facetEntailment facetID="EM_47_f6" label="Expressed"/>
      <facetEntailment facetID="EM_47_f7" label="Expressed"/>
      <facetEntailment facetID="EM_47_f8" label="Unaddressed"/>
      <facetEntailment facetID="EM_47_f9" label="Unaddressed"/>
      <facetEntailment facetID="EM_47_f10" label="Unaddressed"/>
      <facetEntailment facetID="EM_47_f11" label="Unaddressed"/>
    </studentAnswer>
    <studentAnswer id="EM.47.575.1" answerText="Sand and flour separate because sand is heavier than flour." accuracy="correct">
      <facetEntailment facetID="EM_47_f1" label="Expressed"/>
      <facetEntailment facetID="EM_47_f2" label="Expressed"/>
      <facetEntailment facetID="EM_47_f3" label="Inferred"/>
      <facetEntailment facetID="EM_47_f4" label="Inferred"/>
      <facetEntailment facetID="EM_47_f5" label="Inferred"/>
      <facetEntailment facetID="EM_47_f6" label="Expressed"/>
      <facetEntailment facetID="EM_47_f7" label="Expressed"/>
      <facetEntailment facetID="EM_47_f8" label="Unaddressed"/>
      <facetEntailment facetID="EM_47_f9" label="Unaddressed"/>
      <facetEntailment facetID="EM_47_f10" label="Unaddressed"/>
      <facetEntailment facetID="EM_47_f11" label="Unaddressed"/>
    </studentAnswer>
    <studentAnswer id="EM.47.594.1" answerText="The sand is heavier than flour the sand goes down because it is heavy the flour is light." accuracy="correct">
      <facetEntailment facetID="EM_47_f1" label="Expressed"/>
      <facetEntailment facetID="EM_47_f2" label="Expressed"/>
      <facetEntailment facetID="EM_47_f3" label="Expressed"/>
      <facetEntailment facetID="EM_47_f4" label="Inferred"/>
      <facetEntailment facetID="EM_47_f5" label="Expressed"/>
      <facetEntailment facetID="EM_47_f6" label="Expressed"/>
      <facetEntailment facetID="EM_47_f7" label="Expressed"/>
      <facetEntailment facetID="EM_47_f8" label="Unaddressed"/>
      <facetEntailment facetID="EM_47_f9" label="Unaddressed"/>
      <facetEntailment facetID="EM_47_f10" label="Unaddressed"/>
      <facetEntailment facetID="EM_47_f11" label="Unaddressed"/>
    </studentAnswer>
    <studentAnswer id="EM.47.600.1" answerText="There is layers and on the top there is flour because the heavy and the bottom is the sand because sand heavier and it goes down." accuracy="correct">
      <facetEntailment facetID="EM_47_f1" label="Expressed"/>
      <facetEntailment facetID="EM_47_f2" label="Expressed"/>
      <facetEntailment facetID="EM_47_f3" label="Expressed"/>
      <facetEntailment facetID="EM_47_f4" label="Inferred"/>
      <facetEntailment facetID="EM_47_f5" label="Expressed"/>
      <facetEntailment facetID="EM_47_f6" label="Expressed"/>
      <facetEntailment facetID="EM_47_f7" label="Inferred"/>
      <facetEntailment facetID="EM_47_f8" label="Inferred"/>
      <facetEntailment facetID="EM_47_f9" label="Inferred"/>
      <facetEntailment facetID="EM_47_f10" label="Unaddressed"/>
      <facetEntailment facetID="EM_47_f11" label="Inferred"/>
    </studentAnswer>
    <studentAnswer id="EM.47.634.1" answerText="Because if you let it sit the sand goes to the bottom and flour goes up." accuracy="contradictory">
      <facetEntailment facetID="EM_47_f1" label="Expressed"/>
      <facetEntailment facetID="EM_47_f2" label="Unaddressed"/>
      <facetEntailment facetID="EM_47_f3" label="Expressed"/>
      <facetEntailment facetID="EM_47_f4" label="Inferred"/>
      <facetEntailment facetID="EM_47_f5" label="Unaddressed"/>
      <facetEntailment facetID="EM_47_f6" label="Expressed"/>
      <facetEntailment facetID="EM_47_f7" label="Unaddressed"/>
      <facetEntailment facetID="EM_47_f8" label="Contra-Infr"/>
      <facetEntailment facetID="EM_47_f9" label="Unaddressed"/>
      <facetEntailment facetID="EM_47_f10" label="Unaddressed"/>
      <facetEntailment facetID="EM_47_f11" label="Unaddressed"/>
    </studentAnswer>
  </studentAnswers>
</question>
