<?xml version="1.0"?>
<question id="FN_17a" module="FN">
  <questionText>Paula wants to test a food to see if it contains acid and/or sugar. When Paula added water and yeast to a sample of the food and put the mixture in a warm water bath, the mixture began to fizz and bubble. What does this chemical reaction indicate?</questionText>
  <referenceAnswers>
    <referenceAnswer id="FN_17a-a1" text="The food contains sugar.">
      <tokens>
        <token id="FN_17a_ra1">The</token>
        <token id="FN_17a_ra2">food</token>
        <token id="FN_17a_ra3">contains</token>
        <token id="FN_17a_ra4">sugar</token>
        <token id="FN_17a_ra5">.</token>
      </tokens>
      <facets>
        <facet id="FN_17a_f1" govNum="FN_17a_ra3" modNum="FN_17a_ra2" reltn="Theme" govText="contains" isAssumed="true" modText="food"/>
        <facet id="FN_17a_f2" govNum="FN_17a_ra3" modNum="FN_17a_ra4" reltn="Material" govText="contains" modText="sugar"/>
      </facets>
    </referenceAnswer>
  </referenceAnswers>
  <studentAnswers>
    <studentAnswer id="FN.17a.111.1" answerText="Carbon Dioxide carbon dioxide." accuracy="irrelevant">
      <facetEntailment facetID="FN_17a_f1" label="Assumed"/>
      <facetEntailment facetID="FN_17a_f2" label="Unaddressed"/>
    </studentAnswer>
    <studentAnswer id="FN.17a.119.1" answerText="There is sugar in the mixture." accuracy="correct">
      <facetEntailment facetID="FN_17a_f1" label="Assumed"/>
      <facetEntailment facetID="FN_17a_f2" label="Expressed"/>
    </studentAnswer>
    <studentAnswer id="FN.17a.138.1" answerText="The chemical reaction indicates that it has a lot of sugar in it." accuracy="correct">
      <facetEntailment facetID="FN_17a_f1" label="Expressed"/>
      <facetEntailment facetID="FN_17a_f2" label="Expressed"/>
    </studentAnswer>
    <studentAnswer id="FN.17a.160.1" answerText="It indicates that there is acid." accuracy="irrelevant">
      <facetEntailment facetID="FN_17a_f1" label="Assumed"/>
      <facetEntailment facetID="FN_17a_f2" label="Diff-Arg"/>
    </studentAnswer>
    <studentAnswer id="FN.17a.161.1" answerText="The chemical reaction indicates sugar." accuracy="correct">
      <facetEntailment facetID="FN_17a_f1" label="Assumed"/>
      <facetEntailment facetID="FN_17a_f2" label="Expressed"/>
    </studentAnswer>
    <studentAnswer id="FN.17a.177.1" answerText="The food has sugar in it." accuracy="correct">
      <facetEntailment facetID="FN_17a_f1" label="Expressed"/>
      <facetEntailment facetID="FN_17a_f2" label="Expressed"/>
    </studentAnswer>
    <studentAnswer id="FN.17a.181.1" answerText="Chemical reaction means it has what you are looking for, sugar, acid, fat." accuracy="correct">
      <facetEntailment facetID="FN_17a_f1" label="Assumed"/>
      <facetEntailment facetID="FN_17a_f2" label="Expressed"/>
    </studentAnswer>
    <studentAnswer id="FN.17a.182.1" answerText="That it contains sugar." accuracy="correct">
      <facetEntailment facetID="FN_17a_f1" label="Expressed"/>
      <facetEntailment facetID="FN_17a_f2" label="Expressed"/>
    </studentAnswer>
    <studentAnswer id="FN.17a.184.1" answerText="That the food she tested did contain sugar." accuracy="correct">
      <facetEntailment facetID="FN_17a_f1" label="Expressed"/>
      <facetEntailment facetID="FN_17a_f2" label="Expressed"/>
    </studentAnswer>
    <studentAnswer id="FN.17a.185.1" answerText="This chemical indicates sugar." accuracy="correct">
      <facetEntailment facetID="FN_17a_f1" label="Assumed"/>
      <facetEntailment facetID="FN_17a_f2" label="Expressed"/>
    </studentAnswer>
    <studentAnswer id="FN.17a.186.1" answerText="It had acid." accuracy="irrelevant">
      <facetEntailment facetID="FN_17a_f1" label="Expressed"/>
      <facetEntailment facetID="FN_17a_f2" label="Diff-Arg"/>
    </studentAnswer>
    <studentAnswer id="FN.17a.217.1" answerText="It indicates that sugar is in the food." accuracy="correct">
      <facetEntailment facetID="FN_17a_f1" label="Expressed"/>
      <facetEntailment facetID="FN_17a_f2" label="Expressed"/>
    </studentAnswer>
    <studentAnswer id="FN.17a.218.1" answerText="It indicates that there is sugar in that food." accuracy="correct">
      <facetEntailment facetID="FN_17a_f1" label="Expressed"/>
      <facetEntailment facetID="FN_17a_f2" label="Expressed"/>
    </studentAnswer>
    <studentAnswer id="FN.17a.241.1" answerText="It indicates that sugar is in the food." accuracy="correct">
      <facetEntailment facetID="FN_17a_f1" label="Expressed"/>
      <facetEntailment facetID="FN_17a_f2" label="Expressed"/>
    </studentAnswer>
    <studentAnswer id="FN.17a.250.1" answerText="This means that there was acid and or sugar in the product." accuracy="correct">
      <facetEntailment facetID="FN_17a_f1" label="Expressed"/>
      <facetEntailment facetID="FN_17a_f2" label="Expressed"/>
    </studentAnswer>
    <studentAnswer id="FN.17a.255.1" answerText="It indicates that it has food in it." accuracy="irrelevant">
      <facetEntailment facetID="FN_17a_f1" label="Diff-Arg"/>
      <facetEntailment facetID="FN_17a_f2" label="Diff-Arg"/>
    </studentAnswer>
    <studentAnswer id="FN.17a.261.1" answerText="It indicates there is sugar in the food." accuracy="correct">
      <facetEntailment facetID="FN_17a_f1" label="Expressed"/>
      <facetEntailment facetID="FN_17a_f2" label="Expressed"/>
    </studentAnswer>
    <studentAnswer id="FN.17a.267.1" answerText="It indicates that there is sugar in the food." accuracy="correct">
      <facetEntailment facetID="FN_17a_f1" label="Expressed"/>
      <facetEntailment facetID="FN_17a_f2" label="Expressed"/>
    </studentAnswer>
    <studentAnswer id="FN.17a.287.1" answerText="It indicates a sugar test to see how much sugar there is." accuracy="correct">
      <facetEntailment facetID="FN_17a_f1" label="Assumed"/>
      <facetEntailment facetID="FN_17a_f2" label="Expressed"/>
    </studentAnswer>
    <studentAnswer id="FN.17a.311.1" answerText="It probably has a lot of acid." accuracy="irrelevant">
      <facetEntailment facetID="FN_17a_f1" label="Expressed"/>
      <facetEntailment facetID="FN_17a_f2" label="Diff-Arg"/>
    </studentAnswer>
    <studentAnswer id="FN.17a.320.1" answerText="It indicates carbon dioxide." accuracy="irrelevant">
      <facetEntailment facetID="FN_17a_f1" label="Assumed"/>
      <facetEntailment facetID="FN_17a_f2" label="Unaddressed"/>
    </studentAnswer>
    <studentAnswer id="FN.17a.334.1" answerText="That is has a lot of acid and vitamin C." accuracy="irrelevant">
      <facetEntailment facetID="FN_17a_f1" label="Expressed"/>
      <facetEntailment facetID="FN_17a_f2" label="Diff-Arg"/>
    </studentAnswer>
    <studentAnswer id="FN.17a.336.1" answerText="That there is sugar in the food." accuracy="correct">
      <facetEntailment facetID="FN_17a_f1" label="Expressed"/>
      <facetEntailment facetID="FN_17a_f2" label="Expressed"/>
    </studentAnswer>
    <studentAnswer id="FN.17a.337.1" answerText="That it has a lot of acid and sugar." accuracy="correct">
      <facetEntailment facetID="FN_17a_f1" label="Expressed"/>
      <facetEntailment facetID="FN_17a_f2" label="Expressed"/>
    </studentAnswer>
    <studentAnswer id="FN.17a.388.1" answerText="The reaction indicates that it has carbon dioxide." accuracy="irrelevant">
      <facetEntailment facetID="FN_17a_f1" label="Expressed"/>
      <facetEntailment facetID="FN_17a_f2" label="Diff-Arg"/>
    </studentAnswer>
    <studentAnswer id="FN.17a.390.1" answerText="The chemical reaction indicates sugar." accuracy="correct">
      <facetEntailment facetID="FN_17a_f1" label="Assumed"/>
      <facetEntailment facetID="FN_17a_f2" label="Expressed"/>
    </studentAnswer>
    <studentAnswer id="FN.17a.417.1" answerText="That there is acid present yeast indicates sugar." accuracy="correct">
      <facetEntailment facetID="FN_17a_f1" label="Assumed"/>
      <facetEntailment facetID="FN_17a_f2" label="Expressed"/>
    </studentAnswer>
    <studentAnswer id="FN.17a.439.1" answerText="That the food had sugar in it and carbon dioxide." accuracy="correct">
      <facetEntailment facetID="FN_17a_f1" label="Expressed"/>
      <facetEntailment facetID="FN_17a_f2" label="Expressed"/>
    </studentAnswer>
    <studentAnswer id="FN.17a.457.1" answerText="It indicates that the it has acid in it." accuracy="irrelevant">
      <facetEntailment facetID="FN_17a_f1" label="Expressed"/>
      <facetEntailment facetID="FN_17a_f2" label="Diff-Arg"/>
    </studentAnswer>
    <studentAnswer id="FN.17a.472.1" answerText="The reaction indicates that yeast contains acid." accuracy="irrelevant">
      <facetEntailment facetID="FN_17a_f1" label="Diff-Arg"/>
      <facetEntailment facetID="FN_17a_f2" label="Diff-Arg"/>
    </studentAnswer>
    <studentAnswer id="FN.17a.479.1" answerText="The she tested sugar and it also indicates that the water was too hot." accuracy="correct">
      <facetEntailment facetID="FN_17a_f1" label="Assumed"/>
      <facetEntailment facetID="FN_17a_f2" label="Inferred"/>
    </studentAnswer>
    <studentAnswer id="FN.17a.481.1" answerText="The chemical indicated carbon dioxide and sugar." accuracy="correct">
      <facetEntailment facetID="FN_17a_f1" label="Assumed"/>
      <facetEntailment facetID="FN_17a_f2" label="Expressed"/>
    </studentAnswer>
    <studentAnswer id="FN.17a.548.1" answerText="It indicates how much sugar there is." accuracy="correct">
      <facetEntailment facetID="FN_17a_f1" label="Assumed"/>
      <facetEntailment facetID="FN_17a_f2" label="Expressed"/>
    </studentAnswer>
    <studentAnswer id="FN.17a.550.1" answerText="The chemical reaction indicates how much sugar is in the food." accuracy="correct">
      <facetEntailment facetID="FN_17a_f1" label="Expressed"/>
      <facetEntailment facetID="FN_17a_f2" label="Expressed"/>
    </studentAnswer>
    <studentAnswer id="FN.17a.592.1" answerText="That the food she tested had a lot of sugar and because she probably put sugar in it." accuracy="correct">
      <facetEntailment facetID="FN_17a_f1" label="Expressed"/>
      <facetEntailment facetID="FN_17a_f2" label="Expressed"/>
    </studentAnswer>
    <studentAnswer id="FN.17a.599.1" answerText="This chemical reaction indicates that there is sugar presence in the sample of the food." accuracy="correct">
      <facetEntailment facetID="FN_17a_f1" label="Expressed"/>
      <facetEntailment facetID="FN_17a_f2" label="Expressed"/>
    </studentAnswer>
  </studentAnswers>
</question>
