<?xml version="1.0"?>
<question id="FN_20a" module="FN">
  <questionText>Anna wants to compare the fat in walnuts and peanuts, but she isn't sure how. Write a procedure Anna can use to compare the fat in walnuts and peanuts.</questionText>
  <referenceAnswers>
    <referenceAnswer id="FN_20a-a1" text="Measure out equal masses of walnuts and peanuts. Smash the samples uniformly in the same size area on brown paper. Wait the same time for each sample.">
      <tokens>
        <token id="FN_20a_ra1">Measure</token>
        <token id="FN_20a_ra2">out</token>
        <token id="FN_20a_ra3">equal</token>
        <token id="FN_20a_ra4">masses</token>
        <token id="FN_20a_ra5">of</token>
        <token id="FN_20a_ra6">walnuts</token>
        <token id="FN_20a_ra7">and</token>
        <token id="FN_20a_ra8">peanuts</token>
        <token id="FN_20a_ra9">.</token>
        <token id="FN_20a_ra10">Smash</token>
        <token id="FN_20a_ra11">the</token>
        <token id="FN_20a_ra12">samples</token>
        <token id="FN_20a_ra13">uniformly</token>
        <token id="FN_20a_ra14">in</token>
        <token id="FN_20a_ra15">the</token>
        <token id="FN_20a_ra16">same</token>
        <token id="FN_20a_ra17">size</token>
        <token id="FN_20a_ra18">area</token>
        <token id="FN_20a_ra19">on</token>
        <token id="FN_20a_ra20">brown</token>
        <token id="FN_20a_ra21">paper</token>
        <token id="FN_20a_ra22">.</token>
        <token id="FN_20a_ra23">Wait</token>
        <token id="FN_20a_ra24">the</token>
        <token id="FN_20a_ra25">same</token>
        <token id="FN_20a_ra26">time</token>
        <token id="FN_20a_ra27">for</token>
        <token id="FN_20a_ra28">each</token>
        <token id="FN_20a_ra29">sample</token>
        <token id="FN_20a_ra30">.</token>
      </tokens>
      <facets>
        <facet id="FN_20a_f1" govNum="FN_20a_ra1" modNum="FN_20a_ra4" reltn="Theme" govText="Measure" modText="masses"/>
        <facet id="FN_20a_f2" govNum="FN_20a_ra4" modNum="FN_20a_ra3" reltn="NMod" govText="masses" modText="equal"/>
        <facet id="FN_20a_f3" govNum="FN_20a_ra4" modNum="FN_20a_ra6" reltn="NMod_of" govText="masses" modText="walnuts"/>
        <facet id="FN_20a_f4" govNum="FN_20a_ra4" modNum="FN_20a_ra8" reltn="NMod_of" govText="masses" modText="peanuts"/>
        <facet id="FN_20a_f5" govNum="FN_20a_ra10" modNum="FN_20a_ra12" reltn="Patient" govText="Smash" modText="samples"/>
        <facet id="FN_20a_f6" govNum="FN_20a_ra10" modNum="FN_20a_ra13" reltn="Manner" govText="Smash" modText="uniformly"/>
        <facet id="FN_20a_f7" govNum="FN_20a_ra10" modNum="FN_20a_ra18" reltn="Location_in" govText="Smash" modText="area"/>
        <facet id="FN_20a_f8" govNum="FN_20a_ra18" modNum="FN_20a_ra17" reltn="NMod" govText="area" modText="size"/>
        <facet id="FN_20a_f9" govNum="FN_20a_ra17" modNum="FN_20a_ra16" reltn="AMod" govText="size" modText="same"/>
        <facet id="FN_20a_f10" govNum="FN_20a_ra18" modNum="FN_20a_ra21" reltn="Location_on" govText="area" modText="paper"/>
        <facet id="FN_20a_f11" govNum="FN_20a_ra21" modNum="FN_20a_ra20" reltn="NMod" govText="paper" modText="brown"/>
        <facet id="FN_20a_f12" govNum="FN_20a_ra23" modNum="FN_20a_ra29" reltn="Theme_for" govText="Wait" modText="sample"/>
        <facet id="FN_20a_f13" govNum="FN_20a_ra29" modNum="FN_20a_ra28" reltn="Quantifier" govText="sample" modText="each"/>
        <facet id="FN_20a_f14" govNum="FN_20a_ra23" modNum="FN_20a_ra26" reltn="Time" govText="Wait" modText="time"/>
        <facet id="FN_20a_f15" govNum="FN_20a_ra26" modNum="FN_20a_ra25" reltn="NMod" govText="time" modText="same"/>
      </facets>
    </referenceAnswer>
  </referenceAnswers>
  <studentAnswers>
    <studentAnswer id="FN.20a.114.1" answerText="Anna can do weigh it but she will need walnuts and peanuts. And after she weighs them wait for 2 days and the check back and will know how much more fat is in them." accuracy="partially_correct_incomplete">
      <facetEntailment facetID="FN_20a_f1" label="Expressed"/>
      <facetEntailment facetID="FN_20a_f2" label="Inferred"/>
      <facetEntailment facetID="FN_20a_f3" label="Inferred"/>
      <facetEntailment facetID="FN_20a_f4" label="Inferred"/>
      <facetEntailment facetID="FN_20a_f5" label="Unaddressed"/>
      <facetEntailment facetID="FN_20a_f6" label="Unaddressed"/>
      <facetEntailment facetID="FN_20a_f7" label="Unaddressed"/>
      <facetEntailment facetID="FN_20a_f8" label="Unaddressed"/>
      <facetEntailment facetID="FN_20a_f9" label="Unaddressed"/>
      <facetEntailment facetID="FN_20a_f10" label="Unaddressed"/>
      <facetEntailment facetID="FN_20a_f11" label="Unaddressed"/>
      <facetEntailment facetID="FN_20a_f12" label="Expressed"/>
      <facetEntailment facetID="FN_20a_f13" label="Inferred"/>
      <facetEntailment facetID="FN_20a_f14" label="Expressed"/>
      <facetEntailment facetID="FN_20a_f15" label="Inferred"/>
    </studentAnswer>
    <studentAnswer id="FN.20a.140.1" answerText="First she has to get a brown piece of paper and make sure that the walnut and the peanut are the same weight. Then she has to smash it on the paper and let it sit overnight. Then measure the grease spots." accuracy="partially_correct_incomplete">
      <facetEntailment facetID="FN_20a_f1" label="Expressed"/>
      <facetEntailment facetID="FN_20a_f2" label="Expressed"/>
      <facetEntailment facetID="FN_20a_f3" label="Expressed"/>
      <facetEntailment facetID="FN_20a_f4" label="Expressed"/>
      <facetEntailment facetID="FN_20a_f5" label="Expressed"/>
      <facetEntailment facetID="FN_20a_f6" label="Unaddressed"/>
      <facetEntailment facetID="FN_20a_f7" label="Inferred"/>
      <facetEntailment facetID="FN_20a_f8" label="Unaddressed"/>
      <facetEntailment facetID="FN_20a_f9" label="Unaddressed"/>
      <facetEntailment facetID="FN_20a_f10" label="Inferred"/>
      <facetEntailment facetID="FN_20a_f11" label="Expressed"/>
      <facetEntailment facetID="FN_20a_f12" label="Inferred"/>
      <facetEntailment facetID="FN_20a_f13" label="Inferred"/>
      <facetEntailment facetID="FN_20a_f14" label="Expressed"/>
      <facetEntailment facetID="FN_20a_f15" label="Inferred"/>
    </studentAnswer>
    <studentAnswer id="FN.20a.148.1" answerText="She can use a scale and she can but the amount of peanuts, and walnuts. And the smash it on a piece of paper and wait 2 days before you look to see how much fat there will be." accuracy="partially_correct_incomplete">
      <facetEntailment facetID="FN_20a_f1" label="Expressed"/>
      <facetEntailment facetID="FN_20a_f2" label="Inferred"/>
      <facetEntailment facetID="FN_20a_f3" label="Expressed"/>
      <facetEntailment facetID="FN_20a_f4" label="Expressed"/>
      <facetEntailment facetID="FN_20a_f5" label="Expressed"/>
      <facetEntailment facetID="FN_20a_f6" label="Unaddressed"/>
      <facetEntailment facetID="FN_20a_f7" label="Inferred"/>
      <facetEntailment facetID="FN_20a_f8" label="Unaddressed"/>
      <facetEntailment facetID="FN_20a_f9" label="Unaddressed"/>
      <facetEntailment facetID="FN_20a_f10" label="Inferred"/>
      <facetEntailment facetID="FN_20a_f11" label="Unaddressed"/>
      <facetEntailment facetID="FN_20a_f12" label="Inferred"/>
      <facetEntailment facetID="FN_20a_f13" label="Inferred"/>
      <facetEntailment facetID="FN_20a_f14" label="Expressed"/>
      <facetEntailment facetID="FN_20a_f15" label="Inferred"/>
    </studentAnswer>
    <studentAnswer id="FN.20a.188.1" answerText="Crush the peanuts and walnuts on brown piece of paper and let it sit out for a few days." accuracy="partially_correct_incomplete">
      <facetEntailment facetID="FN_20a_f1" label="Unaddressed"/>
      <facetEntailment facetID="FN_20a_f2" label="Unaddressed"/>
      <facetEntailment facetID="FN_20a_f3" label="Unaddressed"/>
      <facetEntailment facetID="FN_20a_f4" label="Unaddressed"/>
      <facetEntailment facetID="FN_20a_f5" label="Expressed"/>
      <facetEntailment facetID="FN_20a_f6" label="Unaddressed"/>
      <facetEntailment facetID="FN_20a_f7" label="Inferred"/>
      <facetEntailment facetID="FN_20a_f8" label="Unaddressed"/>
      <facetEntailment facetID="FN_20a_f9" label="Unaddressed"/>
      <facetEntailment facetID="FN_20a_f10" label="Inferred"/>
      <facetEntailment facetID="FN_20a_f11" label="Expressed"/>
      <facetEntailment facetID="FN_20a_f12" label="Inferred"/>
      <facetEntailment facetID="FN_20a_f13" label="Inferred"/>
      <facetEntailment facetID="FN_20a_f14" label="Expressed"/>
      <facetEntailment facetID="FN_20a_f15" label="Inferred"/>
    </studentAnswer>
    <studentAnswer id="FN.20a.208.1" answerText="Put the foods on 2 different papers and smash them and in 2 days look how big they are." accuracy="partially_correct_incomplete">
      <facetEntailment facetID="FN_20a_f1" label="Unaddressed"/>
      <facetEntailment facetID="FN_20a_f2" label="Unaddressed"/>
      <facetEntailment facetID="FN_20a_f3" label="Unaddressed"/>
      <facetEntailment facetID="FN_20a_f4" label="Unaddressed"/>
      <facetEntailment facetID="FN_20a_f5" label="Expressed"/>
      <facetEntailment facetID="FN_20a_f6" label="Unaddressed"/>
      <facetEntailment facetID="FN_20a_f7" label="Unaddressed"/>
      <facetEntailment facetID="FN_20a_f8" label="Inferred"/>
      <facetEntailment facetID="FN_20a_f9" label="Unaddressed"/>
      <facetEntailment facetID="FN_20a_f10" label="Inferred"/>
      <facetEntailment facetID="FN_20a_f11" label="Unaddressed"/>
      <facetEntailment facetID="FN_20a_f12" label="Inferred"/>
      <facetEntailment facetID="FN_20a_f13" label="Inferred"/>
      <facetEntailment facetID="FN_20a_f14" label="Expressed"/>
      <facetEntailment facetID="FN_20a_f15" label="Inferred"/>
    </studentAnswer>
    <studentAnswer id="FN.20a.228.1" answerText="Anna can measure one gram of peanuts and one gram of walnuts. Next she can smash the one gram of peanuts onto brown paper with a circle in the middle. Then do the same to the walnuts. Let the walnuts and peanuts sit in the same room for 2 days. Finally remove the walnuts and peanuts from the brown paper and turn over the brown paper. Then measure the grease spot with a clear centimeter graph." accuracy="correct">
      <facetEntailment facetID="FN_20a_f1" label="Expressed"/>
      <facetEntailment facetID="FN_20a_f2" label="Inferred"/>
      <facetEntailment facetID="FN_20a_f3" label="Expressed"/>
      <facetEntailment facetID="FN_20a_f4" label="Expressed"/>
      <facetEntailment facetID="FN_20a_f5" label="Expressed"/>
      <facetEntailment facetID="FN_20a_f6" label="Inferred"/>
      <facetEntailment facetID="FN_20a_f7" label="Inferred"/>
      <facetEntailment facetID="FN_20a_f8" label="Inferred"/>
      <facetEntailment facetID="FN_20a_f9" label="Inferred"/>
      <facetEntailment facetID="FN_20a_f10" label="Inferred"/>
      <facetEntailment facetID="FN_20a_f11" label="Expressed"/>
      <facetEntailment facetID="FN_20a_f12" label="Expressed"/>
      <facetEntailment facetID="FN_20a_f13" label="Inferred"/>
      <facetEntailment facetID="FN_20a_f14" label="Expressed"/>
      <facetEntailment facetID="FN_20a_f15" label="Expressed"/>
    </studentAnswer>
    <studentAnswer id="FN.20a.231.1" answerText="Anna could take a little piece of walnut and a same piece of peanut then take 2 pieces of brown paper and spread the walnut piece on one paper and the peanut piece on the other paper. Then she should wait a few days and then she should look on the back of each paper and see what nut has the biggest grease spot. That is the nut that has more fat in it." accuracy="partially_correct_incomplete">
      <facetEntailment facetID="FN_20a_f1" label="Unaddressed"/>
      <facetEntailment facetID="FN_20a_f2" label="Unaddressed"/>
      <facetEntailment facetID="FN_20a_f3" label="Unaddressed"/>
      <facetEntailment facetID="FN_20a_f4" label="Unaddressed"/>
      <facetEntailment facetID="FN_20a_f5" label="Inferred"/>
      <facetEntailment facetID="FN_20a_f6" label="Unaddressed"/>
      <facetEntailment facetID="FN_20a_f7" label="Inferred"/>
      <facetEntailment facetID="FN_20a_f8" label="Inferred"/>
      <facetEntailment facetID="FN_20a_f9" label="Unaddressed"/>
      <facetEntailment facetID="FN_20a_f10" label="Inferred"/>
      <facetEntailment facetID="FN_20a_f11" label="Expressed"/>
      <facetEntailment facetID="FN_20a_f12" label="Inferred"/>
      <facetEntailment facetID="FN_20a_f13" label="Inferred"/>
      <facetEntailment facetID="FN_20a_f14" label="Expressed"/>
      <facetEntailment facetID="FN_20a_f15" label="Inferred"/>
    </studentAnswer>
    <studentAnswer id="FN.20a.234.1" answerText="First you get the food. Then you get brown paper or some type of paper. Next you squish the peanuts and walnuts on 2 pieces of paper. Finally you wait 3 days before checking the grease marks." accuracy="partially_correct_incomplete">
      <facetEntailment facetID="FN_20a_f1" label="Unaddressed"/>
      <facetEntailment facetID="FN_20a_f2" label="Unaddressed"/>
      <facetEntailment facetID="FN_20a_f3" label="Unaddressed"/>
      <facetEntailment facetID="FN_20a_f4" label="Unaddressed"/>
      <facetEntailment facetID="FN_20a_f5" label="Expressed"/>
      <facetEntailment facetID="FN_20a_f6" label="Unaddressed"/>
      <facetEntailment facetID="FN_20a_f7" label="Inferred"/>
      <facetEntailment facetID="FN_20a_f8" label="Unaddressed"/>
      <facetEntailment facetID="FN_20a_f9" label="Unaddressed"/>
      <facetEntailment facetID="FN_20a_f10" label="Inferred"/>
      <facetEntailment facetID="FN_20a_f11" label="Expressed"/>
      <facetEntailment facetID="FN_20a_f12" label="Inferred"/>
      <facetEntailment facetID="FN_20a_f13" label="Inferred"/>
      <facetEntailment facetID="FN_20a_f14" label="Expressed"/>
      <facetEntailment facetID="FN_20a_f15" label="Inferred"/>
    </studentAnswer>
    <studentAnswer id="FN.20a.235.1" answerText="She can put them on a different piece of paper. The one that has the most biggest spot is the one that has more fat in it." accuracy="partially_correct_incomplete">
      <facetEntailment facetID="FN_20a_f1" label="Unaddressed"/>
      <facetEntailment facetID="FN_20a_f2" label="Unaddressed"/>
      <facetEntailment facetID="FN_20a_f3" label="Unaddressed"/>
      <facetEntailment facetID="FN_20a_f4" label="Unaddressed"/>
      <facetEntailment facetID="FN_20a_f5" label="Unaddressed"/>
      <facetEntailment facetID="FN_20a_f6" label="Unaddressed"/>
      <facetEntailment facetID="FN_20a_f7" label="Unaddressed"/>
      <facetEntailment facetID="FN_20a_f8" label="Unaddressed"/>
      <facetEntailment facetID="FN_20a_f9" label="Unaddressed"/>
      <facetEntailment facetID="FN_20a_f10" label="Inferred"/>
      <facetEntailment facetID="FN_20a_f11" label="Unaddressed"/>
      <facetEntailment facetID="FN_20a_f12" label="Unaddressed"/>
      <facetEntailment facetID="FN_20a_f13" label="Unaddressed"/>
      <facetEntailment facetID="FN_20a_f14" label="Unaddressed"/>
      <facetEntailment facetID="FN_20a_f15" label="Unaddressed"/>
    </studentAnswer>
    <studentAnswer id="FN.20a.245.1" answerText="She could use a brown piece of paper with a circle on it and place a walnut and on the other piece of paper place a peanut." accuracy="partially_correct_incomplete">
      <facetEntailment facetID="FN_20a_f1" label="Unaddressed"/>
      <facetEntailment facetID="FN_20a_f2" label="Unaddressed"/>
      <facetEntailment facetID="FN_20a_f3" label="Unaddressed"/>
      <facetEntailment facetID="FN_20a_f4" label="Unaddressed"/>
      <facetEntailment facetID="FN_20a_f5" label="Unaddressed"/>
      <facetEntailment facetID="FN_20a_f6" label="Unaddressed"/>
      <facetEntailment facetID="FN_20a_f7" label="Unaddressed"/>
      <facetEntailment facetID="FN_20a_f8" label="Inferred"/>
      <facetEntailment facetID="FN_20a_f9" label="Inferred"/>
      <facetEntailment facetID="FN_20a_f10" label="Expressed"/>
      <facetEntailment facetID="FN_20a_f11" label="Expressed"/>
      <facetEntailment facetID="FN_20a_f12" label="Unaddressed"/>
      <facetEntailment facetID="FN_20a_f13" label="Unaddressed"/>
      <facetEntailment facetID="FN_20a_f14" label="Unaddressed"/>
      <facetEntailment facetID="FN_20a_f15" label="Unaddressed"/>
    </studentAnswer>
    <studentAnswer id="FN.20a.254.1" answerText="Anna you can use the fat test. You will know how to do the other stuff." accuracy="irrelevant">
      <facetEntailment facetID="FN_20a_f1" label="Unaddressed"/>
      <facetEntailment facetID="FN_20a_f2" label="Unaddressed"/>
      <facetEntailment facetID="FN_20a_f3" label="Unaddressed"/>
      <facetEntailment facetID="FN_20a_f4" label="Unaddressed"/>
      <facetEntailment facetID="FN_20a_f5" label="Unaddressed"/>
      <facetEntailment facetID="FN_20a_f6" label="Unaddressed"/>
      <facetEntailment facetID="FN_20a_f7" label="Unaddressed"/>
      <facetEntailment facetID="FN_20a_f8" label="Unaddressed"/>
      <facetEntailment facetID="FN_20a_f9" label="Unaddressed"/>
      <facetEntailment facetID="FN_20a_f10" label="Unaddressed"/>
      <facetEntailment facetID="FN_20a_f11" label="Unaddressed"/>
      <facetEntailment facetID="FN_20a_f12" label="Unaddressed"/>
      <facetEntailment facetID="FN_20a_f13" label="Unaddressed"/>
      <facetEntailment facetID="FN_20a_f14" label="Unaddressed"/>
      <facetEntailment facetID="FN_20a_f15" label="Unaddressed"/>
    </studentAnswer>
    <studentAnswer id="FN.20a.276.1" answerText="First she can take 2 pieces of brown paper and make even circles on both. She then measures out a gram for each. After that she spreads around the peanut on paper, in the circle Anna does the same for the walnut. After that she waits a day. Then she takes the grease spots and measures the spots by using a grid. Whichever one has the most centimeters squared is the one with more fat." accuracy="partially_correct_incomplete">
      <facetEntailment facetID="FN_20a_f1" label="Expressed"/>
      <facetEntailment facetID="FN_20a_f2" label="Expressed"/>
      <facetEntailment facetID="FN_20a_f3" label="Expressed"/>
      <facetEntailment facetID="FN_20a_f4" label="Expressed"/>
      <facetEntailment facetID="FN_20a_f5" label="Inferred"/>
      <facetEntailment facetID="FN_20a_f6" label="Unaddressed"/>
      <facetEntailment facetID="FN_20a_f7" label="Inferred"/>
      <facetEntailment facetID="FN_20a_f8" label="Expressed"/>
      <facetEntailment facetID="FN_20a_f9" label="Expressed"/>
      <facetEntailment facetID="FN_20a_f10" label="Expressed"/>
      <facetEntailment facetID="FN_20a_f11" label="Expressed"/>
      <facetEntailment facetID="FN_20a_f12" label="Inferred"/>
      <facetEntailment facetID="FN_20a_f13" label="Inferred"/>
      <facetEntailment facetID="FN_20a_f14" label="Expressed"/>
      <facetEntailment facetID="FN_20a_f15" label="Inferred"/>
    </studentAnswer>
    <studentAnswer id="FN.20a.278.1" answerText="Anna can compare the fat in the walnuts and peanuts by doing the fat test." accuracy="irrelevant">
      <facetEntailment facetID="FN_20a_f1" label="Unaddressed"/>
      <facetEntailment facetID="FN_20a_f2" label="Unaddressed"/>
      <facetEntailment facetID="FN_20a_f3" label="Unaddressed"/>
      <facetEntailment facetID="FN_20a_f4" label="Unaddressed"/>
      <facetEntailment facetID="FN_20a_f5" label="Unaddressed"/>
      <facetEntailment facetID="FN_20a_f6" label="Unaddressed"/>
      <facetEntailment facetID="FN_20a_f7" label="Unaddressed"/>
      <facetEntailment facetID="FN_20a_f8" label="Unaddressed"/>
      <facetEntailment facetID="FN_20a_f9" label="Unaddressed"/>
      <facetEntailment facetID="FN_20a_f10" label="Unaddressed"/>
      <facetEntailment facetID="FN_20a_f11" label="Unaddressed"/>
      <facetEntailment facetID="FN_20a_f12" label="Unaddressed"/>
      <facetEntailment facetID="FN_20a_f13" label="Unaddressed"/>
      <facetEntailment facetID="FN_20a_f14" label="Unaddressed"/>
      <facetEntailment facetID="FN_20a_f15" label="Unaddressed"/>
    </studentAnswer>
    <studentAnswer id="FN.20a.313.1" answerText="Anna can put both samples on 2 different pieces of paper and see which one makes a bigger grease spot." accuracy="partially_correct_incomplete">
      <facetEntailment facetID="FN_20a_f1" label="Unaddressed"/>
      <facetEntailment facetID="FN_20a_f2" label="Unaddressed"/>
      <facetEntailment facetID="FN_20a_f3" label="Unaddressed"/>
      <facetEntailment facetID="FN_20a_f4" label="Unaddressed"/>
      <facetEntailment facetID="FN_20a_f5" label="Unaddressed"/>
      <facetEntailment facetID="FN_20a_f6" label="Unaddressed"/>
      <facetEntailment facetID="FN_20a_f7" label="Unaddressed"/>
      <facetEntailment facetID="FN_20a_f8" label="Inferred"/>
      <facetEntailment facetID="FN_20a_f9" label="Unaddressed"/>
      <facetEntailment facetID="FN_20a_f10" label="Inferred"/>
      <facetEntailment facetID="FN_20a_f11" label="Unaddressed"/>
      <facetEntailment facetID="FN_20a_f12" label="Unaddressed"/>
      <facetEntailment facetID="FN_20a_f13" label="Expressed"/>
      <facetEntailment facetID="FN_20a_f14" label="Unaddressed"/>
      <facetEntailment facetID="FN_20a_f15" label="Unaddressed"/>
    </studentAnswer>
    <studentAnswer id="FN.20a.331.1" answerText="Get a brown paper towel then put the walnuts on one paper towel and the peanuts on the other paper towel. Third you leave both nuts for 2 days after 2 days see how much of a grease spot the nuts left and write it down using square centimeters." accuracy="partially_correct_incomplete">
      <facetEntailment facetID="FN_20a_f1" label="Unaddressed"/>
      <facetEntailment facetID="FN_20a_f2" label="Unaddressed"/>
      <facetEntailment facetID="FN_20a_f3" label="Unaddressed"/>
      <facetEntailment facetID="FN_20a_f4" label="Unaddressed"/>
      <facetEntailment facetID="FN_20a_f5" label="Unaddressed"/>
      <facetEntailment facetID="FN_20a_f6" label="Unaddressed"/>
      <facetEntailment facetID="FN_20a_f7" label="Unaddressed"/>
      <facetEntailment facetID="FN_20a_f8" label="Unaddressed"/>
      <facetEntailment facetID="FN_20a_f9" label="Unaddressed"/>
      <facetEntailment facetID="FN_20a_f10" label="Inferred"/>
      <facetEntailment facetID="FN_20a_f11" label="Expressed"/>
      <facetEntailment facetID="FN_20a_f12" label="Expressed"/>
      <facetEntailment facetID="FN_20a_f13" label="Expressed"/>
      <facetEntailment facetID="FN_20a_f14" label="Expressed"/>
      <facetEntailment facetID="FN_20a_f15" label="Expressed"/>
    </studentAnswer>
    <studentAnswer id="FN.20a.365.1" answerText="First, she needs brown paper, a scale, and a gram of each food. Anna needs to take a gram of each food and let it sit for 2 days. Then she can determine how much fat is in each food by the size of the grease spot." accuracy="partially_correct_incomplete">
      <facetEntailment facetID="FN_20a_f1" label="Expressed"/>
      <facetEntailment facetID="FN_20a_f2" label="Expressed"/>
      <facetEntailment facetID="FN_20a_f3" label="Inferred"/>
      <facetEntailment facetID="FN_20a_f4" label="Inferred"/>
      <facetEntailment facetID="FN_20a_f5" label="Unaddressed"/>
      <facetEntailment facetID="FN_20a_f6" label="Unaddressed"/>
      <facetEntailment facetID="FN_20a_f7" label="Unaddressed"/>
      <facetEntailment facetID="FN_20a_f8" label="Unaddressed"/>
      <facetEntailment facetID="FN_20a_f9" label="Unaddressed"/>
      <facetEntailment facetID="FN_20a_f10" label="Inferred"/>
      <facetEntailment facetID="FN_20a_f11" label="Expressed"/>
      <facetEntailment facetID="FN_20a_f12" label="Expressed"/>
      <facetEntailment facetID="FN_20a_f13" label="Expressed"/>
      <facetEntailment facetID="FN_20a_f14" label="Expressed"/>
      <facetEntailment facetID="FN_20a_f15" label="Inferred"/>
    </studentAnswer>
    <studentAnswer id="FN.20a.367.1" answerText="1. Weigh one gram of each food. 2. Put one gram of food on 2 pieces of brown paper. 3. Leave for 2 days. 4. Check samples. 5. Compare grease spot." accuracy="partially_correct_incomplete">
      <facetEntailment facetID="FN_20a_f1" label="Expressed"/>
      <facetEntailment facetID="FN_20a_f2" label="Expressed"/>
      <facetEntailment facetID="FN_20a_f3" label="Inferred"/>
      <facetEntailment facetID="FN_20a_f4" label="Inferred"/>
      <facetEntailment facetID="FN_20a_f5" label="Unaddressed"/>
      <facetEntailment facetID="FN_20a_f6" label="Unaddressed"/>
      <facetEntailment facetID="FN_20a_f7" label="Unaddressed"/>
      <facetEntailment facetID="FN_20a_f8" label="Inferred"/>
      <facetEntailment facetID="FN_20a_f9" label="Unaddressed"/>
      <facetEntailment facetID="FN_20a_f10" label="Inferred"/>
      <facetEntailment facetID="FN_20a_f11" label="Expressed"/>
      <facetEntailment facetID="FN_20a_f12" label="Expressed"/>
      <facetEntailment facetID="FN_20a_f13" label="Expressed"/>
      <facetEntailment facetID="FN_20a_f14" label="Expressed"/>
      <facetEntailment facetID="FN_20a_f15" label="Inferred"/>
    </studentAnswer>
    <studentAnswer id="FN.20a.381.1" answerText="To compare the fat in walnuts and peanuts you will need 2 brown papers, a grid, a spoon, and a scale. 1. Draw a even circle on your indicator. Brown papers. 2. Put your walnuts and peanuts on your indicator, but it has to be a even amount. 3. Then smash it up and weigh it. When you smash it up make sure it is in the circles. 4. Let it sit for 2 days. 5. After the second day put your walnuts or peanuts under your grid and circle your grease spots and count your whole squares. Circle the center circle and the grease spot around the center circle." accuracy="correct">
      <facetEntailment facetID="FN_20a_f1" label="Expressed"/>
      <facetEntailment facetID="FN_20a_f2" label="Expressed"/>
      <facetEntailment facetID="FN_20a_f3" label="Expressed"/>
      <facetEntailment facetID="FN_20a_f4" label="Expressed"/>
      <facetEntailment facetID="FN_20a_f5" label="Expressed"/>
      <facetEntailment facetID="FN_20a_f6" label="Expressed"/>
      <facetEntailment facetID="FN_20a_f7" label="Expressed"/>
      <facetEntailment facetID="FN_20a_f8" label="Expressed"/>
      <facetEntailment facetID="FN_20a_f9" label="Expressed"/>
      <facetEntailment facetID="FN_20a_f10" label="Expressed"/>
      <facetEntailment facetID="FN_20a_f11" label="Expressed"/>
      <facetEntailment facetID="FN_20a_f12" label="Inferred"/>
      <facetEntailment facetID="FN_20a_f13" label="Inferred"/>
      <facetEntailment facetID="FN_20a_f14" label="Expressed"/>
      <facetEntailment facetID="FN_20a_f15" label="Expressed"/>
    </studentAnswer>
    <studentAnswer id="FN.20a.410.1" answerText="First you get a scale and an indicator with a circle in the middle. Second you put the walnuts in the circle of the Indicator. The mass has to be one gram. Then you do the same with the peanut. Then you let it dry for 2 days. Once you do that you get a 400 square centimeters graph and measure the." accuracy="partially_correct_incomplete">
      <facetEntailment facetID="FN_20a_f1" label="Expressed"/>
      <facetEntailment facetID="FN_20a_f2" label="Expressed"/>
      <facetEntailment facetID="FN_20a_f3" label="Expressed"/>
      <facetEntailment facetID="FN_20a_f4" label="Expressed"/>
      <facetEntailment facetID="FN_20a_f5" label="Unaddressed"/>
      <facetEntailment facetID="FN_20a_f6" label="Unaddressed"/>
      <facetEntailment facetID="FN_20a_f7" label="Unaddressed"/>
      <facetEntailment facetID="FN_20a_f8" label="Unaddressed"/>
      <facetEntailment facetID="FN_20a_f9" label="Unaddressed"/>
      <facetEntailment facetID="FN_20a_f10" label="Inferred"/>
      <facetEntailment facetID="FN_20a_f11" label="Unaddressed"/>
      <facetEntailment facetID="FN_20a_f12" label="Inferred"/>
      <facetEntailment facetID="FN_20a_f13" label="Inferred"/>
      <facetEntailment facetID="FN_20a_f14" label="Expressed"/>
      <facetEntailment facetID="FN_20a_f15" label="Inferred"/>
    </studentAnswer>
    <studentAnswer id="FN.20a.430.1" answerText="Anna can smash them and put them in a brown paper and wait a couple of days and use a paper grid and the squares and then Anna will know which one is fat." accuracy="partially_correct_incomplete">
      <facetEntailment facetID="FN_20a_f1" label="Unaddressed"/>
      <facetEntailment facetID="FN_20a_f2" label="Unaddressed"/>
      <facetEntailment facetID="FN_20a_f3" label="Unaddressed"/>
      <facetEntailment facetID="FN_20a_f4" label="Unaddressed"/>
      <facetEntailment facetID="FN_20a_f5" label="Expressed"/>
      <facetEntailment facetID="FN_20a_f6" label="Unaddressed"/>
      <facetEntailment facetID="FN_20a_f7" label="Inferred"/>
      <facetEntailment facetID="FN_20a_f8" label="Unaddressed"/>
      <facetEntailment facetID="FN_20a_f9" label="Unaddressed"/>
      <facetEntailment facetID="FN_20a_f10" label="Inferred"/>
      <facetEntailment facetID="FN_20a_f11" label="Expressed"/>
      <facetEntailment facetID="FN_20a_f12" label="Inferred"/>
      <facetEntailment facetID="FN_20a_f13" label="Inferred"/>
      <facetEntailment facetID="FN_20a_f14" label="Expressed"/>
      <facetEntailment facetID="FN_20a_f15" label="Inferred"/>
    </studentAnswer>
    <studentAnswer id="FN.20a.462.1" answerText="She can get a brown paper bag and cut it. Then she should get the peanut and smash it on the paper bag. And she should do the same with the walnut. Last she should wait 2 days and see the results. Making sure the peanut and walnut weigh one gram." accuracy="partially_correct_incomplete">
      <facetEntailment facetID="FN_20a_f1" label="Inferred"/>
      <facetEntailment facetID="FN_20a_f2" label="Expressed"/>
      <facetEntailment facetID="FN_20a_f3" label="Expressed"/>
      <facetEntailment facetID="FN_20a_f4" label="Expressed"/>
      <facetEntailment facetID="FN_20a_f5" label="Expressed"/>
      <facetEntailment facetID="FN_20a_f6" label="Unaddressed"/>
      <facetEntailment facetID="FN_20a_f7" label="Inferred"/>
      <facetEntailment facetID="FN_20a_f8" label="Unaddressed"/>
      <facetEntailment facetID="FN_20a_f9" label="Unaddressed"/>
      <facetEntailment facetID="FN_20a_f10" label="Inferred"/>
      <facetEntailment facetID="FN_20a_f11" label="Expressed"/>
      <facetEntailment facetID="FN_20a_f12" label="Inferred"/>
      <facetEntailment facetID="FN_20a_f13" label="Inferred"/>
      <facetEntailment facetID="FN_20a_f14" label="Expressed"/>
      <facetEntailment facetID="FN_20a_f15" label="Inferred"/>
    </studentAnswer>
    <studentAnswer id="FN.20a.474.1" answerText="Walnuts and peanuts are kind the same because walnuts have more centimeters squared than peanuts." accuracy="partially_correct_incomplete">
      <facetEntailment facetID="FN_20a_f1" label="Unaddressed"/>
      <facetEntailment facetID="FN_20a_f2" label="Unaddressed"/>
      <facetEntailment facetID="FN_20a_f3" label="Unaddressed"/>
      <facetEntailment facetID="FN_20a_f4" label="Unaddressed"/>
      <facetEntailment facetID="FN_20a_f5" label="Unaddressed"/>
      <facetEntailment facetID="FN_20a_f6" label="Unaddressed"/>
      <facetEntailment facetID="FN_20a_f7" label="Unaddressed"/>
      <facetEntailment facetID="FN_20a_f8" label="Unaddressed"/>
      <facetEntailment facetID="FN_20a_f9" label="Unaddressed"/>
      <facetEntailment facetID="FN_20a_f10" label="Inferred"/>
      <facetEntailment facetID="FN_20a_f11" label="Unaddressed"/>
      <facetEntailment facetID="FN_20a_f12" label="Unaddressed"/>
      <facetEntailment facetID="FN_20a_f13" label="Unaddressed"/>
      <facetEntailment facetID="FN_20a_f14" label="Unaddressed"/>
      <facetEntailment facetID="FN_20a_f15" label="Unaddressed"/>
    </studentAnswer>
    <studentAnswer id="FN.20a.476.1" answerText="1. Measure one gram of each food. 2. Crunch them up. 3. Put them on 2 pieces of brown paper. 4. Wait for 2 days. 5. Take the food off the papers and put them under a grid." accuracy="partially_correct_incomplete">
      <facetEntailment facetID="FN_20a_f1" label="Expressed"/>
      <facetEntailment facetID="FN_20a_f2" label="Expressed"/>
      <facetEntailment facetID="FN_20a_f3" label="Inferred"/>
      <facetEntailment facetID="FN_20a_f4" label="Inferred"/>
      <facetEntailment facetID="FN_20a_f5" label="Expressed"/>
      <facetEntailment facetID="FN_20a_f6" label="Unaddressed"/>
      <facetEntailment facetID="FN_20a_f7" label="Inferred"/>
      <facetEntailment facetID="FN_20a_f8" label="Inferred"/>
      <facetEntailment facetID="FN_20a_f9" label="Unaddressed"/>
      <facetEntailment facetID="FN_20a_f10" label="Inferred"/>
      <facetEntailment facetID="FN_20a_f11" label="Expressed"/>
      <facetEntailment facetID="FN_20a_f12" label="Inferred"/>
      <facetEntailment facetID="FN_20a_f13" label="Inferred"/>
      <facetEntailment facetID="FN_20a_f14" label="Expressed"/>
      <facetEntailment facetID="FN_20a_f15" label="Inferred"/>
    </studentAnswer>
    <studentAnswer id="FN.20a.499.1" answerText="First she has to weigh the food and make sure it is the same one gram. Then smear the food sample in the circle that is in the middle of brown paper. Last wait for 2 days and wait for the result if the grease spot is big it means it has a lot of fat." accuracy="correct">
      <facetEntailment facetID="FN_20a_f1" label="Expressed"/>
      <facetEntailment facetID="FN_20a_f2" label="Expressed"/>
      <facetEntailment facetID="FN_20a_f3" label="Inferred"/>
      <facetEntailment facetID="FN_20a_f4" label="Inferred"/>
      <facetEntailment facetID="FN_20a_f5" label="Expressed"/>
      <facetEntailment facetID="FN_20a_f6" label="Inferred"/>
      <facetEntailment facetID="FN_20a_f7" label="Inferred"/>
      <facetEntailment facetID="FN_20a_f8" label="Inferred"/>
      <facetEntailment facetID="FN_20a_f9" label="Inferred"/>
      <facetEntailment facetID="FN_20a_f10" label="Inferred"/>
      <facetEntailment facetID="FN_20a_f11" label="Expressed"/>
      <facetEntailment facetID="FN_20a_f12" label="Inferred"/>
      <facetEntailment facetID="FN_20a_f13" label="Inferred"/>
      <facetEntailment facetID="FN_20a_f14" label="Expressed"/>
      <facetEntailment facetID="FN_20a_f15" label="Inferred"/>
    </studentAnswer>
    <studentAnswer id="FN.20a.501.1" answerText="First, you use a scale to measure one gram. Next, you mash up the food. Then, you use brown paper with a black outline place the foods in 2 different pieces of paper. Finally, you wait 2 days and look at your results." accuracy="correct">
      <facetEntailment facetID="FN_20a_f1" label="Expressed"/>
      <facetEntailment facetID="FN_20a_f2" label="Expressed"/>
      <facetEntailment facetID="FN_20a_f3" label="Inferred"/>
      <facetEntailment facetID="FN_20a_f4" label="Inferred"/>
      <facetEntailment facetID="FN_20a_f5" label="Expressed"/>
      <facetEntailment facetID="FN_20a_f6" label="Inferred"/>
      <facetEntailment facetID="FN_20a_f7" label="Inferred"/>
      <facetEntailment facetID="FN_20a_f8" label="Inferred"/>
      <facetEntailment facetID="FN_20a_f9" label="Inferred"/>
      <facetEntailment facetID="FN_20a_f10" label="Inferred"/>
      <facetEntailment facetID="FN_20a_f11" label="Expressed"/>
      <facetEntailment facetID="FN_20a_f12" label="Inferred"/>
      <facetEntailment facetID="FN_20a_f13" label="Inferred"/>
      <facetEntailment facetID="FN_20a_f14" label="Expressed"/>
      <facetEntailment facetID="FN_20a_f15" label="Inferred"/>
    </studentAnswer>
    <studentAnswer id="FN.20a.509.1" answerText="First you must have the same mass. Then, you must smear them on the same type of brown paper, but spread evenly in the circle. Finally, you must wait the same amount of time." accuracy="correct">
      <facetEntailment facetID="FN_20a_f1" label="Inferred"/>
      <facetEntailment facetID="FN_20a_f2" label="Expressed"/>
      <facetEntailment facetID="FN_20a_f3" label="Inferred"/>
      <facetEntailment facetID="FN_20a_f4" label="Inferred"/>
      <facetEntailment facetID="FN_20a_f5" label="Expressed"/>
      <facetEntailment facetID="FN_20a_f6" label="Expressed"/>
      <facetEntailment facetID="FN_20a_f7" label="Inferred"/>
      <facetEntailment facetID="FN_20a_f8" label="Inferred"/>
      <facetEntailment facetID="FN_20a_f9" label="Expressed"/>
      <facetEntailment facetID="FN_20a_f10" label="Expressed"/>
      <facetEntailment facetID="FN_20a_f11" label="Expressed"/>
      <facetEntailment facetID="FN_20a_f12" label="Inferred"/>
      <facetEntailment facetID="FN_20a_f13" label="Inferred"/>
      <facetEntailment facetID="FN_20a_f14" label="Expressed"/>
      <facetEntailment facetID="FN_20a_f15" label="Expressed"/>
    </studentAnswer>
    <studentAnswer id="FN.20a.523.1" answerText="First you need 2 cups a little cube of a toy and a measurement and 3 brown paper with circular. And wait for 2 days." accuracy="partially_correct_incomplete">
      <facetEntailment facetID="FN_20a_f1" label="Diff-Arg"/>
      <facetEntailment facetID="FN_20a_f2" label="Unaddressed"/>
      <facetEntailment facetID="FN_20a_f3" label="Unaddressed"/>
      <facetEntailment facetID="FN_20a_f4" label="Unaddressed"/>
      <facetEntailment facetID="FN_20a_f5" label="Unaddressed"/>
      <facetEntailment facetID="FN_20a_f6" label="Unaddressed"/>
      <facetEntailment facetID="FN_20a_f7" label="Unaddressed"/>
      <facetEntailment facetID="FN_20a_f8" label="Unaddressed"/>
      <facetEntailment facetID="FN_20a_f9" label="Unaddressed"/>
      <facetEntailment facetID="FN_20a_f10" label="Inferred"/>
      <facetEntailment facetID="FN_20a_f11" label="Expressed"/>
      <facetEntailment facetID="FN_20a_f12" label="Inferred"/>
      <facetEntailment facetID="FN_20a_f13" label="Inferred"/>
      <facetEntailment facetID="FN_20a_f14" label="Expressed"/>
      <facetEntailment facetID="FN_20a_f15" label="Inferred"/>
    </studentAnswer>
    <studentAnswer id="FN.20a.530.1" answerText="First you will need 2 cups, a scale, brown paper indicator food, and the same size circle on brown paper, one gram fat the cups on the scale then put the paper on the cups. Put the one gram on one side and the food on the other side, the scale must be even. After you did that with both foods keep the food on the brown paper for 2 days. After 2 days the one with the bigger grease spot is the one with the most fat in it." accuracy="partially_correct_incomplete">
      <facetEntailment facetID="FN_20a_f1" label="Expressed"/>
      <facetEntailment facetID="FN_20a_f2" label="Expressed"/>
      <facetEntailment facetID="FN_20a_f3" label="Inferred"/>
      <facetEntailment facetID="FN_20a_f4" label="Inferred"/>
      <facetEntailment facetID="FN_20a_f5" label="Unaddressed"/>
      <facetEntailment facetID="FN_20a_f6" label="Unaddressed"/>
      <facetEntailment facetID="FN_20a_f7" label="Unaddressed"/>
      <facetEntailment facetID="FN_20a_f8" label="Inferred"/>
      <facetEntailment facetID="FN_20a_f9" label="Expressed"/>
      <facetEntailment facetID="FN_20a_f10" label="Expressed"/>
      <facetEntailment facetID="FN_20a_f11" label="Expressed"/>
      <facetEntailment facetID="FN_20a_f12" label="Inferred"/>
      <facetEntailment facetID="FN_20a_f13" label="Inferred"/>
      <facetEntailment facetID="FN_20a_f14" label="Expressed"/>
      <facetEntailment facetID="FN_20a_f15" label="Inferred"/>
    </studentAnswer>
    <studentAnswer id="FN.20a.539.1" answerText="First you need brown paper indicator weight and one gram block. Take the weight in brown paper indicator and weight one gram. For the peanuts and walnuts on the brown paper and wait 48 hours." accuracy="partially_correct_incomplete">
      <facetEntailment facetID="FN_20a_f1" label="Expressed"/>
      <facetEntailment facetID="FN_20a_f2" label="Expressed"/>
      <facetEntailment facetID="FN_20a_f3" label="Inferred"/>
      <facetEntailment facetID="FN_20a_f4" label="Inferred"/>
      <facetEntailment facetID="FN_20a_f5" label="Unaddressed"/>
      <facetEntailment facetID="FN_20a_f6" label="Unaddressed"/>
      <facetEntailment facetID="FN_20a_f7" label="Unaddressed"/>
      <facetEntailment facetID="FN_20a_f8" label="Unaddressed"/>
      <facetEntailment facetID="FN_20a_f9" label="Unaddressed"/>
      <facetEntailment facetID="FN_20a_f10" label="Inferred"/>
      <facetEntailment facetID="FN_20a_f11" label="Expressed"/>
      <facetEntailment facetID="FN_20a_f12" label="Expressed"/>
      <facetEntailment facetID="FN_20a_f13" label="Inferred"/>
      <facetEntailment facetID="FN_20a_f14" label="Expressed"/>
      <facetEntailment facetID="FN_20a_f15" label="Expressed"/>
    </studentAnswer>
    <studentAnswer id="FN.20a.550.1" answerText="First take one gram or milligram and take a brown paper indicator and put it on a scale and when the food is one gram put it aside for 2 days and then see which one has the most grease." accuracy="partially_correct_incomplete">
      <facetEntailment facetID="FN_20a_f1" label="Expressed"/>
      <facetEntailment facetID="FN_20a_f2" label="Expressed"/>
      <facetEntailment facetID="FN_20a_f3" label="Inferred"/>
      <facetEntailment facetID="FN_20a_f4" label="Inferred"/>
      <facetEntailment facetID="FN_20a_f5" label="Unaddressed"/>
      <facetEntailment facetID="FN_20a_f6" label="Unaddressed"/>
      <facetEntailment facetID="FN_20a_f7" label="Unaddressed"/>
      <facetEntailment facetID="FN_20a_f8" label="Unaddressed"/>
      <facetEntailment facetID="FN_20a_f9" label="Unaddressed"/>
      <facetEntailment facetID="FN_20a_f10" label="Inferred"/>
      <facetEntailment facetID="FN_20a_f11" label="Expressed"/>
      <facetEntailment facetID="FN_20a_f12" label="Inferred"/>
      <facetEntailment facetID="FN_20a_f13" label="Inferred"/>
      <facetEntailment facetID="FN_20a_f14" label="Expressed"/>
      <facetEntailment facetID="FN_20a_f15" label="Inferred"/>
    </studentAnswer>
    <studentAnswer id="FN.20a.568.1" answerText="You can take 2 small pieces of brown paper take one walnut out of the shell, smash it down on one of the pieces of paper, do the same with the peanut, and let them sit overnight maybe 2 nights then look at the brown papers. The one with a larger grease spot has more fat." accuracy="contradictory">
      <facetEntailment facetID="FN_20a_f1" label="Unaddressed"/>
      <facetEntailment facetID="FN_20a_f2" label="Contra-Infr"/>
      <facetEntailment facetID="FN_20a_f3" label="Inferred"/>
      <facetEntailment facetID="FN_20a_f4" label="Inferred"/>
      <facetEntailment facetID="FN_20a_f5" label="Expressed"/>
      <facetEntailment facetID="FN_20a_f6" label="Expressed"/>
      <facetEntailment facetID="FN_20a_f7" label="Unaddressed"/>
      <facetEntailment facetID="FN_20a_f8" label="Inferred"/>
      <facetEntailment facetID="FN_20a_f9" label="Unaddressed"/>
      <facetEntailment facetID="FN_20a_f10" label="Inferred"/>
      <facetEntailment facetID="FN_20a_f11" label="Expressed"/>
      <facetEntailment facetID="FN_20a_f12" label="Inferred"/>
      <facetEntailment facetID="FN_20a_f13" label="Inferred"/>
      <facetEntailment facetID="FN_20a_f14" label="Expressed"/>
      <facetEntailment facetID="FN_20a_f15" label="Inferred"/>
    </studentAnswer>
    <studentAnswer id="FN.20a.574.1" answerText="The procedure Anna can use is she can get a grit chart to count the squares to see how much fat it has. Then see if they both compare to each other." accuracy="irrelevant">
      <facetEntailment facetID="FN_20a_f1" label="Unaddressed"/>
      <facetEntailment facetID="FN_20a_f2" label="Unaddressed"/>
      <facetEntailment facetID="FN_20a_f3" label="Unaddressed"/>
      <facetEntailment facetID="FN_20a_f4" label="Unaddressed"/>
      <facetEntailment facetID="FN_20a_f5" label="Unaddressed"/>
      <facetEntailment facetID="FN_20a_f6" label="Unaddressed"/>
      <facetEntailment facetID="FN_20a_f7" label="Unaddressed"/>
      <facetEntailment facetID="FN_20a_f8" label="Unaddressed"/>
      <facetEntailment facetID="FN_20a_f9" label="Unaddressed"/>
      <facetEntailment facetID="FN_20a_f10" label="Unaddressed"/>
      <facetEntailment facetID="FN_20a_f11" label="Unaddressed"/>
      <facetEntailment facetID="FN_20a_f12" label="Unaddressed"/>
      <facetEntailment facetID="FN_20a_f13" label="Unaddressed"/>
      <facetEntailment facetID="FN_20a_f14" label="Unaddressed"/>
      <facetEntailment facetID="FN_20a_f15" label="Unaddressed"/>
    </studentAnswer>
    <studentAnswer id="FN.20a.577.1" answerText="You can grade a piece of brown paper get a walnut and peanut butter smash both on separate piece of paper and wait 24 hours. But make sure they weigh the same or the grease stain on one might be bigger." accuracy="partially_correct_incomplete">
      <facetEntailment facetID="FN_20a_f1" label="Expressed"/>
      <facetEntailment facetID="FN_20a_f2" label="Expressed"/>
      <facetEntailment facetID="FN_20a_f3" label="Expressed"/>
      <facetEntailment facetID="FN_20a_f4" label="Expressed"/>
      <facetEntailment facetID="FN_20a_f5" label="Expressed"/>
      <facetEntailment facetID="FN_20a_f6" label="Unaddressed"/>
      <facetEntailment facetID="FN_20a_f7" label="Inferred"/>
      <facetEntailment facetID="FN_20a_f8" label="Unaddressed"/>
      <facetEntailment facetID="FN_20a_f9" label="Unaddressed"/>
      <facetEntailment facetID="FN_20a_f10" label="Inferred"/>
      <facetEntailment facetID="FN_20a_f11" label="Expressed"/>
      <facetEntailment facetID="FN_20a_f12" label="Inferred"/>
      <facetEntailment facetID="FN_20a_f13" label="Inferred"/>
      <facetEntailment facetID="FN_20a_f14" label="Expressed"/>
      <facetEntailment facetID="FN_20a_f15" label="Inferred"/>
    </studentAnswer>
    <studentAnswer id="FN.20a.581.1" answerText="Anna should make sure one is not salted and one is not." accuracy="irrelevant">
      <facetEntailment facetID="FN_20a_f1" label="Unaddressed"/>
      <facetEntailment facetID="FN_20a_f2" label="Unaddressed"/>
      <facetEntailment facetID="FN_20a_f3" label="Unaddressed"/>
      <facetEntailment facetID="FN_20a_f4" label="Unaddressed"/>
      <facetEntailment facetID="FN_20a_f5" label="Unaddressed"/>
      <facetEntailment facetID="FN_20a_f6" label="Unaddressed"/>
      <facetEntailment facetID="FN_20a_f7" label="Unaddressed"/>
      <facetEntailment facetID="FN_20a_f8" label="Unaddressed"/>
      <facetEntailment facetID="FN_20a_f9" label="Unaddressed"/>
      <facetEntailment facetID="FN_20a_f10" label="Unaddressed"/>
      <facetEntailment facetID="FN_20a_f11" label="Unaddressed"/>
      <facetEntailment facetID="FN_20a_f12" label="Unaddressed"/>
      <facetEntailment facetID="FN_20a_f13" label="Unaddressed"/>
      <facetEntailment facetID="FN_20a_f14" label="Unaddressed"/>
      <facetEntailment facetID="FN_20a_f15" label="Unaddressed"/>
    </studentAnswer>
    <studentAnswer id="FN.20a.615.1" answerText="She will measure and leave them 20 day to see how much she did it." accuracy="partially_correct_incomplete">
      <facetEntailment facetID="FN_20a_f1" label="Inferred"/>
      <facetEntailment facetID="FN_20a_f2" label="Unaddressed"/>
      <facetEntailment facetID="FN_20a_f3" label="Unaddressed"/>
      <facetEntailment facetID="FN_20a_f4" label="Unaddressed"/>
      <facetEntailment facetID="FN_20a_f5" label="Unaddressed"/>
      <facetEntailment facetID="FN_20a_f6" label="Unaddressed"/>
      <facetEntailment facetID="FN_20a_f7" label="Unaddressed"/>
      <facetEntailment facetID="FN_20a_f8" label="Unaddressed"/>
      <facetEntailment facetID="FN_20a_f9" label="Unaddressed"/>
      <facetEntailment facetID="FN_20a_f10" label="Unaddressed"/>
      <facetEntailment facetID="FN_20a_f11" label="Unaddressed"/>
      <facetEntailment facetID="FN_20a_f12" label="Inferred"/>
      <facetEntailment facetID="FN_20a_f13" label="Inferred"/>
      <facetEntailment facetID="FN_20a_f14" label="Expressed"/>
      <facetEntailment facetID="FN_20a_f15" label="Inferred"/>
    </studentAnswer>
    <studentAnswer id="FN.20a.619.1" answerText="You could check on the back of the bag that sees which one have more grease." accuracy="irrelevant">
      <facetEntailment facetID="FN_20a_f1" label="Unaddressed"/>
      <facetEntailment facetID="FN_20a_f2" label="Unaddressed"/>
      <facetEntailment facetID="FN_20a_f3" label="Unaddressed"/>
      <facetEntailment facetID="FN_20a_f4" label="Unaddressed"/>
      <facetEntailment facetID="FN_20a_f5" label="Unaddressed"/>
      <facetEntailment facetID="FN_20a_f6" label="Unaddressed"/>
      <facetEntailment facetID="FN_20a_f7" label="Unaddressed"/>
      <facetEntailment facetID="FN_20a_f8" label="Unaddressed"/>
      <facetEntailment facetID="FN_20a_f9" label="Unaddressed"/>
      <facetEntailment facetID="FN_20a_f10" label="Unaddressed"/>
      <facetEntailment facetID="FN_20a_f11" label="Unaddressed"/>
      <facetEntailment facetID="FN_20a_f12" label="Unaddressed"/>
      <facetEntailment facetID="FN_20a_f13" label="Unaddressed"/>
      <facetEntailment facetID="FN_20a_f14" label="Unaddressed"/>
      <facetEntailment facetID="FN_20a_f15" label="Unaddressed"/>
    </studentAnswer>
  </studentAnswers>
</question>
