<?xml version="1.0"?>
<question id="II_26" module="II">
  <questionText>Look at the rubbings of 2 different fabrics. What do the rubbings tell us about the different textures of these 2 fabrics?</questionText>
  <referenceAnswers>
    <referenceAnswer id="II_26-a1" text="Fabric A is smoother and has a finer texture. Fabric B is rougher and has a coarser texture.">
      <tokens>
        <token id="II_26_ra1">Fabric</token>
        <token id="II_26_ra2">A</token>
        <token id="II_26_ra3">is</token>
        <token id="II_26_ra4">smoother</token>
        <token id="II_26_ra5">and</token>
        <token id="II_26_ra6">has</token>
        <token id="II_26_ra7">a</token>
        <token id="II_26_ra8">finer</token>
        <token id="II_26_ra9">texture</token>
        <token id="II_26_ra10">.</token>
        <token id="II_26_ra11">Fabric</token>
        <token id="II_26_ra12">B</token>
        <token id="II_26_ra13">is</token>
        <token id="II_26_ra14">rougher</token>
        <token id="II_26_ra15">and</token>
        <token id="II_26_ra16">has</token>
        <token id="II_26_ra17">a</token>
        <token id="II_26_ra18">coarser</token>
        <token id="II_26_ra19">texture</token>
        <token id="II_26_ra20">.</token>
      </tokens>
      <facets>
        <facet id="II_26_f1" govNum="II_26_ra2" modNum="II_26_ra1" reltn="NMod" govText="A" isAssumed="true" modText="Fabric"/>
        <facet id="II_26_f2" govNum="II_26_ra2" modNum="II_26_ra4" reltn="Be" govText="A" modText="smoother"/>
        <facet id="II_26_f3" govNum="II_26_ra2" modNum="II_26_ra9" reltn="Have" govText="A" isAssumed="true" modText="texture"/>
        <facet id="II_26_f4" govNum="II_26_ra9" modNum="II_26_ra8" reltn="NMod" govText="texture" modText="finer"/>
        <facet id="II_26_f5" govNum="II_26_ra12" modNum="II_26_ra11" reltn="NMod" govText="B" isAssumed="true" modText="Fabric"/>
        <facet id="II_26_f6" govNum="II_26_ra12" modNum="II_26_ra14" reltn="Be" govText="B" modText="rougher"/>
        <facet id="II_26_f7" govNum="II_26_ra12" modNum="II_26_ra19" reltn="Have" govText="B" isAssumed="true" modText="texture"/>
        <facet id="II_26_f8" govNum="II_26_ra19" modNum="II_26_ra18" reltn="NMod" govText="texture" modText="coarser"/>
      </facets>
    </referenceAnswer>
  </referenceAnswers>
  <studentAnswers>
    <studentAnswer id="II.26.128.1" answerText="They are different. Like bark not bark." accuracy="irrelevant">
      <facetEntailment facetID="II_26_f1" label="Assumed"/>
      <facetEntailment facetID="II_26_f2" label="Unaddressed"/>
      <facetEntailment facetID="II_26_f3" label="Assumed"/>
      <facetEntailment facetID="II_26_f4" label="Unaddressed"/>
      <facetEntailment facetID="II_26_f5" label="Assumed"/>
      <facetEntailment facetID="II_26_f6" label="Unaddressed"/>
      <facetEntailment facetID="II_26_f7" label="Assumed"/>
      <facetEntailment facetID="II_26_f8" label="Unaddressed"/>
    </studentAnswer>
    <studentAnswer id="II.26.381.1" answerText="They do not have the same rubbing material to be the same." accuracy="irrelevant">
      <facetEntailment facetID="II_26_f1" label="Assumed"/>
      <facetEntailment facetID="II_26_f2" label="Unaddressed"/>
      <facetEntailment facetID="II_26_f3" label="Assumed"/>
      <facetEntailment facetID="II_26_f4" label="Unaddressed"/>
      <facetEntailment facetID="II_26_f5" label="Assumed"/>
      <facetEntailment facetID="II_26_f6" label="Unaddressed"/>
      <facetEntailment facetID="II_26_f7" label="Assumed"/>
      <facetEntailment facetID="II_26_f8" label="Unaddressed"/>
    </studentAnswer>
    <studentAnswer id="II.26.403.1" answerText="That one has holes and the other one does not. One probably smooth and the other one bumpy." accuracy="correct">
      <facetEntailment facetID="II_26_f1" label="Assumed"/>
      <facetEntailment facetID="II_26_f2" label="Inferred"/>
      <facetEntailment facetID="II_26_f3" label="Assumed"/>
      <facetEntailment facetID="II_26_f4" label="Inferred"/>
      <facetEntailment facetID="II_26_f5" label="Assumed"/>
      <facetEntailment facetID="II_26_f6" label="Inferred"/>
      <facetEntailment facetID="II_26_f7" label="Assumed"/>
      <facetEntailment facetID="II_26_f8" label="Inferred"/>
    </studentAnswer>
    <studentAnswer id="II.26.407.1" answerText="They are not the same letter B has big spots and letter A has lines and little spots." accuracy="irrelevant">
      <facetEntailment facetID="II_26_f1" label="Assumed"/>
      <facetEntailment facetID="II_26_f2" label="Diff-Arg"/>
      <facetEntailment facetID="II_26_f3" label="Assumed"/>
      <facetEntailment facetID="II_26_f4" label="Unaddressed"/>
      <facetEntailment facetID="II_26_f5" label="Assumed"/>
      <facetEntailment facetID="II_26_f6" label="Diff-Arg"/>
      <facetEntailment facetID="II_26_f7" label="Assumed"/>
      <facetEntailment facetID="II_26_f8" label="Unaddressed"/>
    </studentAnswer>
    <studentAnswer id="II.26.424.1" answerText="Rubbing A is not that clear because they rubbed it soft and B is rubbed hard." accuracy="irrelevant">
      <facetEntailment facetID="II_26_f1" label="Assumed"/>
      <facetEntailment facetID="II_26_f2" label="Unaddressed"/>
      <facetEntailment facetID="II_26_f3" label="Assumed"/>
      <facetEntailment facetID="II_26_f4" label="Unaddressed"/>
      <facetEntailment facetID="II_26_f5" label="Assumed"/>
      <facetEntailment facetID="II_26_f6" label="Unaddressed"/>
      <facetEntailment facetID="II_26_f7" label="Assumed"/>
      <facetEntailment facetID="II_26_f8" label="Unaddressed"/>
    </studentAnswer>
    <studentAnswer id="II.26.431.1" answerText="A. Might be soft B. might be a little bumpy." accuracy="correct">
      <facetEntailment facetID="II_26_f1" label="Assumed"/>
      <facetEntailment facetID="II_26_f2" label="Inferred"/>
      <facetEntailment facetID="II_26_f3" label="Expressed"/>
      <facetEntailment facetID="II_26_f4" label="Inferred"/>
      <facetEntailment facetID="II_26_f5" label="Assumed"/>
      <facetEntailment facetID="II_26_f6" label="Expressed"/>
      <facetEntailment facetID="II_26_f7" label="Expressed"/>
      <facetEntailment facetID="II_26_f8" label="Inferred"/>
    </studentAnswer>
    <studentAnswer id="II.26.451.1" answerText="B is bumpy A is smooth." accuracy="partially_correct_incomplete">
      <facetEntailment facetID="II_26_f1" label="Assumed"/>
      <facetEntailment facetID="II_26_f2" label="Expressed"/>
      <facetEntailment facetID="II_26_f3" label="Expressed"/>
      <facetEntailment facetID="II_26_f4" label="Unaddressed"/>
      <facetEntailment facetID="II_26_f5" label="Assumed"/>
      <facetEntailment facetID="II_26_f6" label="Inferred"/>
      <facetEntailment facetID="II_26_f7" label="Expressed"/>
      <facetEntailment facetID="II_26_f8" label="Unaddressed"/>
    </studentAnswer>
    <studentAnswer id="II.26.458.1" answerText="A tells you it has dashing lines B is telling us it has bumps." accuracy="irrelevant">
      <facetEntailment facetID="II_26_f1" label="Assumed"/>
      <facetEntailment facetID="II_26_f2" label="Diff-Arg"/>
      <facetEntailment facetID="II_26_f3" label="Assumed"/>
      <facetEntailment facetID="II_26_f4" label="Unaddressed"/>
      <facetEntailment facetID="II_26_f5" label="Assumed"/>
      <facetEntailment facetID="II_26_f6" label="Diff-Arg"/>
      <facetEntailment facetID="II_26_f7" label="Assumed"/>
      <facetEntailment facetID="II_26_f8" label="Unaddressed"/>
    </studentAnswer>
    <studentAnswer id="II.26.460.1" answerText="Fabric B has lots of clear, round bumps. Fabric A has smaller, blurry bumps." accuracy="partially_correct_incomplete">
      <facetEntailment facetID="II_26_f1" label="Assumed"/>
      <facetEntailment facetID="II_26_f2" label="Inferred"/>
      <facetEntailment facetID="II_26_f3" label="Expressed"/>
      <facetEntailment facetID="II_26_f4" label="Unaddressed"/>
      <facetEntailment facetID="II_26_f5" label="Assumed"/>
      <facetEntailment facetID="II_26_f6" label="Inferred"/>
      <facetEntailment facetID="II_26_f7" label="Expressed"/>
      <facetEntailment facetID="II_26_f8" label="Unaddressed"/>
    </studentAnswer>
    <studentAnswer id="II.26.467.1" answerText="They are bumpy." accuracy="irrelevant">
      <facetEntailment facetID="II_26_f1" label="Assumed"/>
      <facetEntailment facetID="II_26_f2" label="Unaddressed"/>
      <facetEntailment facetID="II_26_f3" label="Expressed"/>
      <facetEntailment facetID="II_26_f4" label="Unaddressed"/>
      <facetEntailment facetID="II_26_f5" label="Assumed"/>
      <facetEntailment facetID="II_26_f6" label="Unaddressed"/>
      <facetEntailment facetID="II_26_f7" label="Expressed"/>
      <facetEntailment facetID="II_26_f8" label="Unaddressed"/>
    </studentAnswer>
    <studentAnswer id="II.26.470.1" answerText="If you look you can tell that B is sort of like a metal gate and A is sort of like a wall." accuracy="correct">
      <facetEntailment facetID="II_26_f1" label="Assumed"/>
      <facetEntailment facetID="II_26_f2" label="Inferred"/>
      <facetEntailment facetID="II_26_f3" label="Assumed"/>
      <facetEntailment facetID="II_26_f4" label="Unaddressed"/>
      <facetEntailment facetID="II_26_f5" label="Assumed"/>
      <facetEntailment facetID="II_26_f6" label="Inferred"/>
      <facetEntailment facetID="II_26_f7" label="Assumed"/>
      <facetEntailment facetID="II_26_f8" label="Inferred"/>
    </studentAnswer>
    <studentAnswer id="II.26.471.1" answerText="It is different because rubbing B has holes that are dark shaded wide and rubbing A has small holes that are mostly rough." accuracy="contradictory">
      <facetEntailment facetID="II_26_f1" label="Assumed"/>
      <facetEntailment facetID="II_26_f2" label="Contra-Infr"/>
      <facetEntailment facetID="II_26_f3" label="Expressed"/>
      <facetEntailment facetID="II_26_f4" label="Unaddressed"/>
      <facetEntailment facetID="II_26_f5" label="Assumed"/>
      <facetEntailment facetID="II_26_f6" label="Contra-Infr"/>
      <facetEntailment facetID="II_26_f7" label="Expressed"/>
      <facetEntailment facetID="II_26_f8" label="Unaddressed"/>
    </studentAnswer>
    <studentAnswer id="II.26.495.1" answerText="A is harder to read than B." accuracy="irrelevant">
      <facetEntailment facetID="II_26_f1" label="Assumed"/>
      <facetEntailment facetID="II_26_f2" label="Diff-Arg"/>
      <facetEntailment facetID="II_26_f3" label="Assumed"/>
      <facetEntailment facetID="II_26_f4" label="Unaddressed"/>
      <facetEntailment facetID="II_26_f5" label="Assumed"/>
      <facetEntailment facetID="II_26_f6" label="Unaddressed"/>
      <facetEntailment facetID="II_26_f7" label="Assumed"/>
      <facetEntailment facetID="II_26_f8" label="Unaddressed"/>
    </studentAnswer>
    <studentAnswer id="II.26.501.1" answerText="One of the rubbings are smooth and the other one looks rough." accuracy="partially_correct_incomplete">
      <facetEntailment facetID="II_26_f1" label="Assumed"/>
      <facetEntailment facetID="II_26_f2" label="Inferred"/>
      <facetEntailment facetID="II_26_f3" label="Assumed"/>
      <facetEntailment facetID="II_26_f4" label="Unaddressed"/>
      <facetEntailment facetID="II_26_f5" label="Assumed"/>
      <facetEntailment facetID="II_26_f6" label="Inferred"/>
      <facetEntailment facetID="II_26_f7" label="Assumed"/>
      <facetEntailment facetID="II_26_f8" label="Unaddressed"/>
    </studentAnswer>
    <studentAnswer id="II.26.522.1" answerText="A was the second one behind the second one and B was the one that got rubbed." accuracy="irrelevant">
      <facetEntailment facetID="II_26_f1" label="Assumed"/>
      <facetEntailment facetID="II_26_f2" label="Unaddressed"/>
      <facetEntailment facetID="II_26_f3" label="Assumed"/>
      <facetEntailment facetID="II_26_f4" label="Unaddressed"/>
      <facetEntailment facetID="II_26_f5" label="Assumed"/>
      <facetEntailment facetID="II_26_f6" label="Unaddressed"/>
      <facetEntailment facetID="II_26_f7" label="Assumed"/>
      <facetEntailment facetID="II_26_f8" label="Unaddressed"/>
    </studentAnswer>
    <studentAnswer id="II.26.524.1" answerText="On A they colored it light and on B they colored it hard." accuracy="irrelevant">
      <facetEntailment facetID="II_26_f1" label="Assumed"/>
      <facetEntailment facetID="II_26_f2" label="Diff-Arg"/>
      <facetEntailment facetID="II_26_f3" label="Assumed"/>
      <facetEntailment facetID="II_26_f4" label="Unaddressed"/>
      <facetEntailment facetID="II_26_f5" label="Assumed"/>
      <facetEntailment facetID="II_26_f6" label="Diff-Arg"/>
      <facetEntailment facetID="II_26_f7" label="Assumed"/>
      <facetEntailment facetID="II_26_f8" label="Unaddressed"/>
    </studentAnswer>
    <studentAnswer id="II.26.525.1" answerText="A looks kind of smooth and the other one has bumps." accuracy="partially_correct_incomplete">
      <facetEntailment facetID="II_26_f1" label="Assumed"/>
      <facetEntailment facetID="II_26_f2" label="Expressed"/>
      <facetEntailment facetID="II_26_f3" label="Expressed"/>
      <facetEntailment facetID="II_26_f4" label="Unaddressed"/>
      <facetEntailment facetID="II_26_f5" label="Assumed"/>
      <facetEntailment facetID="II_26_f6" label="Inferred"/>
      <facetEntailment facetID="II_26_f7" label="Expressed"/>
      <facetEntailment facetID="II_26_f8" label="Unaddressed"/>
    </studentAnswer>
    <studentAnswer id="II.26.526.1" answerText="I now one is same an hard." accuracy="irrelevant">
      <facetEntailment facetID="II_26_f1" label="Assumed"/>
      <facetEntailment facetID="II_26_f2" label="Unaddressed"/>
      <facetEntailment facetID="II_26_f3" label="Assumed"/>
      <facetEntailment facetID="II_26_f4" label="Unaddressed"/>
      <facetEntailment facetID="II_26_f5" label="Assumed"/>
      <facetEntailment facetID="II_26_f6" label="Unaddressed"/>
      <facetEntailment facetID="II_26_f7" label="Assumed"/>
      <facetEntailment facetID="II_26_f8" label="Unaddressed"/>
    </studentAnswer>
    <studentAnswer id="II.26.527.1" answerText="A is real bumping and it is hard B has small holes." accuracy="contradictory">
      <facetEntailment facetID="II_26_f1" label="Assumed"/>
      <facetEntailment facetID="II_26_f2" label="Contra-Infr"/>
      <facetEntailment facetID="II_26_f3" label="Expressed"/>
      <facetEntailment facetID="II_26_f4" label="Unaddressed"/>
      <facetEntailment facetID="II_26_f5" label="Assumed"/>
      <facetEntailment facetID="II_26_f6" label="Unaddressed"/>
      <facetEntailment facetID="II_26_f7" label="Assumed"/>
      <facetEntailment facetID="II_26_f8" label="Unaddressed"/>
    </studentAnswer>
    <studentAnswer id="II.26.528.1" answerText="A texture is smooth. B's texture is rough and bumpy." accuracy="correct">
      <facetEntailment facetID="II_26_f1" label="Assumed"/>
      <facetEntailment facetID="II_26_f2" label="Expressed"/>
      <facetEntailment facetID="II_26_f3" label="Expressed"/>
      <facetEntailment facetID="II_26_f4" label="Expressed"/>
      <facetEntailment facetID="II_26_f5" label="Assumed"/>
      <facetEntailment facetID="II_26_f6" label="Expressed"/>
      <facetEntailment facetID="II_26_f7" label="Expressed"/>
      <facetEntailment facetID="II_26_f8" label="Expressed"/>
    </studentAnswer>
    <studentAnswer id="II.26.531.1" answerText="The fabrics in A show that the fabrics is not show up fabrics and B it tells you that it was bumpy." accuracy="partially_correct_incomplete">
      <facetEntailment facetID="II_26_f1" label="Expressed"/>
      <facetEntailment facetID="II_26_f2" label="Unaddressed"/>
      <facetEntailment facetID="II_26_f3" label="Assumed"/>
      <facetEntailment facetID="II_26_f4" label="Unaddressed"/>
      <facetEntailment facetID="II_26_f5" label="Expressed"/>
      <facetEntailment facetID="II_26_f6" label="Inferred"/>
      <facetEntailment facetID="II_26_f7" label="Expressed"/>
      <facetEntailment facetID="II_26_f8" label="Unaddressed"/>
    </studentAnswer>
    <studentAnswer id="II.26.536.1" answerText="The B it shows be rubbing when we color." accuracy="irrelevant">
      <facetEntailment facetID="II_26_f1" label="Assumed"/>
      <facetEntailment facetID="II_26_f2" label="Unaddressed"/>
      <facetEntailment facetID="II_26_f3" label="Assumed"/>
      <facetEntailment facetID="II_26_f4" label="Unaddressed"/>
      <facetEntailment facetID="II_26_f5" label="Assumed"/>
      <facetEntailment facetID="II_26_f6" label="Unaddressed"/>
      <facetEntailment facetID="II_26_f7" label="Assumed"/>
      <facetEntailment facetID="II_26_f8" label="Unaddressed"/>
    </studentAnswer>
    <studentAnswer id="II.26.539.1" answerText="B has some rough and A is not that rough and A is smooth. And B is darker then A." accuracy="correct">
      <facetEntailment facetID="II_26_f1" label="Assumed"/>
      <facetEntailment facetID="II_26_f2" label="Expressed"/>
      <facetEntailment facetID="II_26_f3" label="Expressed"/>
      <facetEntailment facetID="II_26_f4" label="Expressed"/>
      <facetEntailment facetID="II_26_f5" label="Assumed"/>
      <facetEntailment facetID="II_26_f6" label="Expressed"/>
      <facetEntailment facetID="II_26_f7" label="Expressed"/>
      <facetEntailment facetID="II_26_f8" label="Expressed"/>
    </studentAnswer>
    <studentAnswer id="II.26.540.1" answerText="The A one is kind of bluer and it must have been smooth because it does not have any bumps. B you could see it was bumpy." accuracy="partially_correct_incomplete">
      <facetEntailment facetID="II_26_f1" label="Assumed"/>
      <facetEntailment facetID="II_26_f2" label="Expressed"/>
      <facetEntailment facetID="II_26_f3" label="Assumed"/>
      <facetEntailment facetID="II_26_f4" label="Unaddressed"/>
      <facetEntailment facetID="II_26_f5" label="Assumed"/>
      <facetEntailment facetID="II_26_f6" label="Inferred"/>
      <facetEntailment facetID="II_26_f7" label="Assumed"/>
      <facetEntailment facetID="II_26_f8" label="Unaddressed"/>
    </studentAnswer>
    <studentAnswer id="II.26.543.1" answerText="They are rubbed smooth and hard." accuracy="irrelevant">
      <facetEntailment facetID="II_26_f1" label="Assumed"/>
      <facetEntailment facetID="II_26_f2" label="Unaddressed"/>
      <facetEntailment facetID="II_26_f3" label="Assumed"/>
      <facetEntailment facetID="II_26_f4" label="Unaddressed"/>
      <facetEntailment facetID="II_26_f5" label="Assumed"/>
      <facetEntailment facetID="II_26_f6" label="Unaddressed"/>
      <facetEntailment facetID="II_26_f7" label="Assumed"/>
      <facetEntailment facetID="II_26_f8" label="Unaddressed"/>
    </studentAnswer>
    <studentAnswer id="II.26.560.1" answerText="I can tell that they are different fabrics because one of the fabrics are darker and have more lines and spots than the lighter one." accuracy="irrelevant">
      <facetEntailment facetID="II_26_f1" label="Assumed"/>
      <facetEntailment facetID="II_26_f2" label="Diff-Arg"/>
      <facetEntailment facetID="II_26_f3" label="Assumed"/>
      <facetEntailment facetID="II_26_f4" label="Unaddressed"/>
      <facetEntailment facetID="II_26_f5" label="Assumed"/>
      <facetEntailment facetID="II_26_f6" label="Diff-Arg"/>
      <facetEntailment facetID="II_26_f7" label="Assumed"/>
      <facetEntailment facetID="II_26_f8" label="Unaddressed"/>
    </studentAnswer>
    <studentAnswer id="II.26.578.1" answerText="If there bumpy or smooth or rough and show what the texture is." accuracy="irrelevant">
      <facetEntailment facetID="II_26_f1" label="Assumed"/>
      <facetEntailment facetID="II_26_f2" label="Unaddressed"/>
      <facetEntailment facetID="II_26_f3" label="Assumed"/>
      <facetEntailment facetID="II_26_f4" label="Unaddressed"/>
      <facetEntailment facetID="II_26_f5" label="Assumed"/>
      <facetEntailment facetID="II_26_f6" label="Unaddressed"/>
      <facetEntailment facetID="II_26_f7" label="Assumed"/>
      <facetEntailment facetID="II_26_f8" label="Unaddressed"/>
    </studentAnswer>
    <studentAnswer id="II.26.580.1" answerText="Well there are lines on A and on B it kind of looks like a screen." accuracy="irrelevant">
      <facetEntailment facetID="II_26_f1" label="Assumed"/>
      <facetEntailment facetID="II_26_f2" label="Diff-Arg"/>
      <facetEntailment facetID="II_26_f3" label="Assumed"/>
      <facetEntailment facetID="II_26_f4" label="Unaddressed"/>
      <facetEntailment facetID="II_26_f5" label="Assumed"/>
      <facetEntailment facetID="II_26_f6" label="Diff-Arg"/>
      <facetEntailment facetID="II_26_f7" label="Assumed"/>
      <facetEntailment facetID="II_26_f8" label="Unaddressed"/>
    </studentAnswer>
    <studentAnswer id="II.26.581.1" answerText="One is dark and the other is not and okay you can see them better." accuracy="irrelevant">
      <facetEntailment facetID="II_26_f1" label="Assumed"/>
      <facetEntailment facetID="II_26_f2" label="Unaddressed"/>
      <facetEntailment facetID="II_26_f3" label="Assumed"/>
      <facetEntailment facetID="II_26_f4" label="Unaddressed"/>
      <facetEntailment facetID="II_26_f5" label="Assumed"/>
      <facetEntailment facetID="II_26_f6" label="Unaddressed"/>
      <facetEntailment facetID="II_26_f7" label="Assumed"/>
      <facetEntailment facetID="II_26_f8" label="Unaddressed"/>
    </studentAnswer>
    <studentAnswer id="II.26.593.1" answerText="A was probably a much smoother fabric than B. Because B probably had more creases in it." accuracy="correct">
      <facetEntailment facetID="II_26_f1" label="Expressed"/>
      <facetEntailment facetID="II_26_f2" label="Expressed"/>
      <facetEntailment facetID="II_26_f3" label="Expressed"/>
      <facetEntailment facetID="II_26_f4" label="Expressed"/>
      <facetEntailment facetID="II_26_f5" label="Assumed"/>
      <facetEntailment facetID="II_26_f6" label="Expressed"/>
      <facetEntailment facetID="II_26_f7" label="Expressed"/>
      <facetEntailment facetID="II_26_f8" label="Expressed"/>
    </studentAnswer>
    <studentAnswer id="II.26.595.1" answerText="The rubbings tell you that you cannot see A. And later a string to tell you that it is darker than A." accuracy="irrelevant">
      <facetEntailment facetID="II_26_f1" label="Assumed"/>
      <facetEntailment facetID="II_26_f2" label="Diff-Arg"/>
      <facetEntailment facetID="II_26_f3" label="Assumed"/>
      <facetEntailment facetID="II_26_f4" label="Unaddressed"/>
      <facetEntailment facetID="II_26_f5" label="Assumed"/>
      <facetEntailment facetID="II_26_f6" label="Unaddressed"/>
      <facetEntailment facetID="II_26_f7" label="Assumed"/>
      <facetEntailment facetID="II_26_f8" label="Unaddressed"/>
    </studentAnswer>
    <studentAnswer id="II.26.598.1" answerText="B shows us that there is a design on it, and you could probably fill it. A shows us that this fabric is not very noticeable." accuracy="irrelevant">
      <facetEntailment facetID="II_26_f1" label="Expressed"/>
      <facetEntailment facetID="II_26_f2" label="Diff-Arg"/>
      <facetEntailment facetID="II_26_f3" label="Assumed"/>
      <facetEntailment facetID="II_26_f4" label="Unaddressed"/>
      <facetEntailment facetID="II_26_f5" label="Assumed"/>
      <facetEntailment facetID="II_26_f6" label="Diff-Arg"/>
      <facetEntailment facetID="II_26_f7" label="Assumed"/>
      <facetEntailment facetID="II_26_f8" label="Unaddressed"/>
    </studentAnswer>
    <studentAnswer id="II.26.606.1" answerText="A has marks and lines and B does not have marks and lines like A it has polka dots on it and lines through the polka dots." accuracy="irrelevant">
      <facetEntailment facetID="II_26_f1" label="Assumed"/>
      <facetEntailment facetID="II_26_f2" label="Unaddressed"/>
      <facetEntailment facetID="II_26_f3" label="Assumed"/>
      <facetEntailment facetID="II_26_f4" label="Unaddressed"/>
      <facetEntailment facetID="II_26_f5" label="Assumed"/>
      <facetEntailment facetID="II_26_f6" label="Unaddressed"/>
      <facetEntailment facetID="II_26_f7" label="Assumed"/>
      <facetEntailment facetID="II_26_f8" label="Unaddressed"/>
    </studentAnswer>
    <studentAnswer id="II.26.613.1" answerText="Rubbing A was smooth, and rubbing B was rough and bumpy." accuracy="correct">
      <facetEntailment facetID="II_26_f1" label="Assumed"/>
      <facetEntailment facetID="II_26_f2" label="Expressed"/>
      <facetEntailment facetID="II_26_f3" label="Expressed"/>
      <facetEntailment facetID="II_26_f4" label="Inferred"/>
      <facetEntailment facetID="II_26_f5" label="Assumed"/>
      <facetEntailment facetID="II_26_f6" label="Expressed"/>
      <facetEntailment facetID="II_26_f7" label="Expressed"/>
      <facetEntailment facetID="II_26_f8" label="Inferred"/>
    </studentAnswer>
  </studentAnswers>
</question>
