<?xml version="1.0"?>
<question id="II_13a" module="II">
  <questionText>Look at the finger patterns below, then answer the questions. What is the same about the finger patterns?</questionText>
  <referenceAnswers>
    <referenceAnswer id="II_13a-a1" text="Both finger patterns are loops.">
      <tokens>
        <token id="II_13a_ra1">Both</token>
        <token id="II_13a_ra2">finger</token>
        <token id="II_13a_ra3">patterns</token>
        <token id="II_13a_ra4">are</token>
        <token id="II_13a_ra5">loops</token>
        <token id="II_13a_ra6">.</token>
      </tokens>
      <facets>
        <facet id="II_13a_f1" govNum="II_13a_ra3" modNum="II_13a_ra2" reltn="NMod" govText="patterns" isAssumed="true" modText="finger"/>
        <facet id="II_13a_f2" govNum="II_13a_ra3" modNum="II_13a_ra1" reltn="Quantifier" govText="patterns" isAssumed="true" modText="Both"/>
        <facet id="II_13a_f3" govNum="II_13a_ra3" modNum="II_13a_ra5" reltn="Be" govText="patterns" modText="loops"/>
      </facets>
    </referenceAnswer>
  </referenceAnswers>
  <studentAnswers>
    <studentAnswer id="II.13a.303.1" answerText="They are loop." accuracy="correct">
      <facetEntailment facetID="II_13a_f1" label="Assumed"/>
      <facetEntailment facetID="II_13a_f2" label="Assumed"/>
      <facetEntailment facetID="II_13a_f3" label="Expressed"/>
    </studentAnswer>
    <studentAnswer id="II.13a.391.1" answerText="One is a loop and one is arch." accuracy="irrelevant">
      <facetEntailment facetID="II_13a_f1" label="Assumed"/>
      <facetEntailment facetID="II_13a_f2" label="Assumed"/>
      <facetEntailment facetID="II_13a_f3" label="Diff-Arg"/>
    </studentAnswer>
    <studentAnswer id="II.13a.396.1" answerText="They are the same." accuracy="irrelevant">
      <facetEntailment facetID="II_13a_f1" label="Assumed"/>
      <facetEntailment facetID="II_13a_f2" label="Assumed"/>
      <facetEntailment facetID="II_13a_f3" label="Unaddressed"/>
    </studentAnswer>
    <studentAnswer id="II.13a.401.1" answerText="The both finer patterns are loop." accuracy="correct">
      <facetEntailment facetID="II_13a_f1" label="Expressed"/>
      <facetEntailment facetID="II_13a_f2" label="Expressed"/>
      <facetEntailment facetID="II_13a_f3" label="Expressed"/>
    </studentAnswer>
    <studentAnswer id="II.13a.409.1" answerText="They are same loop." accuracy="correct">
      <facetEntailment facetID="II_13a_f1" label="Assumed"/>
      <facetEntailment facetID="II_13a_f2" label="Assumed"/>
      <facetEntailment facetID="II_13a_f3" label="Expressed"/>
    </studentAnswer>
    <studentAnswer id="II.13a.420.1" answerText="They are both loops." accuracy="correct">
      <facetEntailment facetID="II_13a_f1" label="Assumed"/>
      <facetEntailment facetID="II_13a_f2" label="Expressed"/>
      <facetEntailment facetID="II_13a_f3" label="Expressed"/>
    </studentAnswer>
    <studentAnswer id="II.13a.424.1" answerText="They are loop." accuracy="correct">
      <facetEntailment facetID="II_13a_f1" label="Assumed"/>
      <facetEntailment facetID="II_13a_f2" label="Assumed"/>
      <facetEntailment facetID="II_13a_f3" label="Expressed"/>
    </studentAnswer>
    <studentAnswer id="II.13a.428.1" answerText="Because you look at the finger patterns." accuracy="irrelevant">
      <facetEntailment facetID="II_13a_f1" label="Expressed"/>
      <facetEntailment facetID="II_13a_f2" label="Assumed"/>
      <facetEntailment facetID="II_13a_f3" label="Unaddressed"/>
    </studentAnswer>
    <studentAnswer id="II.13a.430.1" answerText="They are loop." accuracy="correct">
      <facetEntailment facetID="II_13a_f1" label="Assumed"/>
      <facetEntailment facetID="II_13a_f2" label="Assumed"/>
      <facetEntailment facetID="II_13a_f3" label="Expressed"/>
    </studentAnswer>
    <studentAnswer id="II.13a.432.1" answerText="They are both a loop." accuracy="correct">
      <facetEntailment facetID="II_13a_f1" label="Assumed"/>
      <facetEntailment facetID="II_13a_f2" label="Expressed"/>
      <facetEntailment facetID="II_13a_f3" label="Expressed"/>
    </studentAnswer>
    <studentAnswer id="II.13a.439.1" answerText="Loop." accuracy="correct">
      <facetEntailment facetID="II_13a_f1" label="Assumed"/>
      <facetEntailment facetID="II_13a_f2" label="Assumed"/>
      <facetEntailment facetID="II_13a_f3" label="Inferred"/>
    </studentAnswer>
    <studentAnswer id="II.13a.441.1" answerText="Both loops." accuracy="correct">
      <facetEntailment facetID="II_13a_f1" label="Assumed"/>
      <facetEntailment facetID="II_13a_f2" label="Expressed"/>
      <facetEntailment facetID="II_13a_f3" label="Expressed"/>
    </studentAnswer>
    <studentAnswer id="II.13a.457.1" answerText="They are both loops." accuracy="correct">
      <facetEntailment facetID="II_13a_f1" label="Assumed"/>
      <facetEntailment facetID="II_13a_f2" label="Expressed"/>
      <facetEntailment facetID="II_13a_f3" label="Expressed"/>
    </studentAnswer>
    <studentAnswer id="II.13a.465.1" answerText="They are both loops." accuracy="correct">
      <facetEntailment facetID="II_13a_f1" label="Assumed"/>
      <facetEntailment facetID="II_13a_f2" label="Expressed"/>
      <facetEntailment facetID="II_13a_f3" label="Expressed"/>
    </studentAnswer>
    <studentAnswer id="II.13a.472.1" answerText="They are both loops." accuracy="correct">
      <facetEntailment facetID="II_13a_f1" label="Assumed"/>
      <facetEntailment facetID="II_13a_f2" label="Expressed"/>
      <facetEntailment facetID="II_13a_f3" label="Expressed"/>
    </studentAnswer>
    <studentAnswer id="II.13a.474.1" answerText="They are loops." accuracy="correct">
      <facetEntailment facetID="II_13a_f1" label="Assumed"/>
      <facetEntailment facetID="II_13a_f2" label="Assumed"/>
      <facetEntailment facetID="II_13a_f3" label="Expressed"/>
    </studentAnswer>
    <studentAnswer id="II.13a.493.1" answerText="They both loops." accuracy="correct">
      <facetEntailment facetID="II_13a_f1" label="Assumed"/>
      <facetEntailment facetID="II_13a_f2" label="Expressed"/>
      <facetEntailment facetID="II_13a_f3" label="Expressed"/>
    </studentAnswer>
    <studentAnswer id="II.13a.497.1" answerText="They are both loops." accuracy="correct">
      <facetEntailment facetID="II_13a_f1" label="Assumed"/>
      <facetEntailment facetID="II_13a_f2" label="Expressed"/>
      <facetEntailment facetID="II_13a_f3" label="Expressed"/>
    </studentAnswer>
    <studentAnswer id="II.13a.499.1" answerText="They are both the same pattern." accuracy="irrelevant">
      <facetEntailment facetID="II_13a_f1" label="Expressed"/>
      <facetEntailment facetID="II_13a_f2" label="Expressed"/>
      <facetEntailment facetID="II_13a_f3" label="Unaddressed"/>
    </studentAnswer>
    <studentAnswer id="II.13a.510.1" answerText="Their shape is the same." accuracy="irrelevant">
      <facetEntailment facetID="II_13a_f1" label="Assumed"/>
      <facetEntailment facetID="II_13a_f2" label="Assumed"/>
      <facetEntailment facetID="II_13a_f3" label="Unaddressed"/>
    </studentAnswer>
    <studentAnswer id="II.13a.524.1" answerText="They have lines." accuracy="irrelevant">
      <facetEntailment facetID="II_13a_f1" label="Assumed"/>
      <facetEntailment facetID="II_13a_f2" label="Assumed"/>
      <facetEntailment facetID="II_13a_f3" label="Diff-Arg"/>
    </studentAnswer>
    <studentAnswer id="II.13a.528.1" answerText="They are both arches." accuracy="contradictory">
      <facetEntailment facetID="II_13a_f1" label="Assumed"/>
      <facetEntailment facetID="II_13a_f2" label="Expressed"/>
      <facetEntailment facetID="II_13a_f3" label="Contra-Expr"/>
    </studentAnswer>
    <studentAnswer id="II.13a.540.1" answerText="It is the same because it has loops." accuracy="correct">
      <facetEntailment facetID="II_13a_f1" label="Assumed"/>
      <facetEntailment facetID="II_13a_f2" label="Assumed"/>
      <facetEntailment facetID="II_13a_f3" label="Expressed"/>
    </studentAnswer>
    <studentAnswer id="II.13a.541.1" answerText="Patterns below then." accuracy="irrelevant">
      <facetEntailment facetID="II_13a_f1" label="Assumed"/>
      <facetEntailment facetID="II_13a_f2" label="Assumed"/>
      <facetEntailment facetID="II_13a_f3" label="Unaddressed"/>
    </studentAnswer>
    <studentAnswer id="II.13a.546.1" answerText="They both have loops." accuracy="correct">
      <facetEntailment facetID="II_13a_f1" label="Assumed"/>
      <facetEntailment facetID="II_13a_f2" label="Expressed"/>
      <facetEntailment facetID="II_13a_f3" label="Expressed"/>
    </studentAnswer>
    <studentAnswer id="II.13a.556.1" answerText="They all have lines." accuracy="irrelevant">
      <facetEntailment facetID="II_13a_f1" label="Assumed"/>
      <facetEntailment facetID="II_13a_f2" label="Assumed"/>
      <facetEntailment facetID="II_13a_f3" label="Diff-Arg"/>
    </studentAnswer>
    <studentAnswer id="II.13a.557.1" answerText="They are both are loops." accuracy="correct">
      <facetEntailment facetID="II_13a_f1" label="Assumed"/>
      <facetEntailment facetID="II_13a_f2" label="Expressed"/>
      <facetEntailment facetID="II_13a_f3" label="Expressed"/>
    </studentAnswer>
    <studentAnswer id="II.13a.558.1" answerText="They are both loops." accuracy="correct">
      <facetEntailment facetID="II_13a_f1" label="Assumed"/>
      <facetEntailment facetID="II_13a_f2" label="Expressed"/>
      <facetEntailment facetID="II_13a_f3" label="Expressed"/>
    </studentAnswer>
    <studentAnswer id="II.13a.563.1" answerText="They are both thumbs." accuracy="irrelevant">
      <facetEntailment facetID="II_13a_f1" label="Assumed"/>
      <facetEntailment facetID="II_13a_f2" label="Assumed"/>
      <facetEntailment facetID="II_13a_f3" label="Diff-Arg"/>
    </studentAnswer>
    <studentAnswer id="II.13a.564.1" answerText="Both of the finger points have a loop." accuracy="correct">
      <facetEntailment facetID="II_13a_f1" label="Expressed"/>
      <facetEntailment facetID="II_13a_f2" label="Expressed"/>
      <facetEntailment facetID="II_13a_f3" label="Expressed"/>
    </studentAnswer>
    <studentAnswer id="II.13a.566.1" answerText="They are both a loop." accuracy="correct">
      <facetEntailment facetID="II_13a_f1" label="Assumed"/>
      <facetEntailment facetID="II_13a_f2" label="Expressed"/>
      <facetEntailment facetID="II_13a_f3" label="Expressed"/>
    </studentAnswer>
    <studentAnswer id="II.13a.571.1" answerText="They both have a loop in them." accuracy="correct">
      <facetEntailment facetID="II_13a_f1" label="Assumed"/>
      <facetEntailment facetID="II_13a_f2" label="Expressed"/>
      <facetEntailment facetID="II_13a_f3" label="Expressed"/>
    </studentAnswer>
    <studentAnswer id="II.13a.578.1" answerText="They are both loops." accuracy="correct">
      <facetEntailment facetID="II_13a_f1" label="Assumed"/>
      <facetEntailment facetID="II_13a_f2" label="Expressed"/>
      <facetEntailment facetID="II_13a_f3" label="Expressed"/>
    </studentAnswer>
    <studentAnswer id="II.13a.596.1" answerText="They are both loops." accuracy="correct">
      <facetEntailment facetID="II_13a_f1" label="Assumed"/>
      <facetEntailment facetID="II_13a_f2" label="Expressed"/>
      <facetEntailment facetID="II_13a_f3" label="Expressed"/>
    </studentAnswer>
    <studentAnswer id="II.13a.597.1" answerText="They are the same kind of finger patterns." accuracy="irrelevant">
      <facetEntailment facetID="II_13a_f1" label="Expressed"/>
      <facetEntailment facetID="II_13a_f2" label="Expressed"/>
      <facetEntailment facetID="II_13a_f3" label="Unaddressed"/>
    </studentAnswer>
    <studentAnswer id="II.13a.615.1" answerText="They are both loops." accuracy="correct">
      <facetEntailment facetID="II_13a_f1" label="Assumed"/>
      <facetEntailment facetID="II_13a_f2" label="Expressed"/>
      <facetEntailment facetID="II_13a_f3" label="Expressed"/>
    </studentAnswer>
  </studentAnswers>
</question>
