<?xml version="1.0"?>
<question id="LF_18a" module="LF">
  <questionText>How does the water flow in a creek during a flood compared to normal water flow?</questionText>
  <referenceAnswers>
    <referenceAnswer id="LF_18a-a1" text="During a flood there is more water in the creek and the water flows faster.">
      <tokens>
        <token id="LF_18a_ra1">During</token>
        <token id="LF_18a_ra2">a</token>
        <token id="LF_18a_ra3">flood</token>
        <token id="LF_18a_ra4">there</token>
        <token id="LF_18a_ra5">is</token>
        <token id="LF_18a_ra6">more</token>
        <token id="LF_18a_ra7">water</token>
        <token id="LF_18a_ra8">in</token>
        <token id="LF_18a_ra9">the</token>
        <token id="LF_18a_ra10">creek</token>
        <token id="LF_18a_ra11">and</token>
        <token id="LF_18a_ra12">the</token>
        <token id="LF_18a_ra13">water</token>
        <token id="LF_18a_ra14">flows</token>
        <token id="LF_18a_ra15">faster</token>
        <token id="LF_18a_ra16">.</token>
      </tokens>
      <facets>
        <facet id="LF_18a_f1" govNum="LF_18a_ra7" modNum="LF_18a_ra3" reltn="Cause_during" govText="water" isAssumed="true" modText="flood"/>
        <facet id="LF_18a_f2" govNum="LF_18a_ra7" modNum="LF_18a_ra6" reltn="NMod" govText="water" modText="more"/>
        <facet id="LF_18a_f3" govNum="LF_18a_ra7" modNum="LF_18a_ra10" reltn="Location_in" govText="water" isAssumed="true" modText="creek"/>
        <facet id="LF_18a_f4" govNum="LF_18a_ra14" modNum="LF_18a_ra13" reltn="Theme" govText="flows" isAssumed="true" modText="water"/>
        <facet id="LF_18a_f5" govNum="LF_18a_ra14" modNum="LF_18a_ra15" reltn="Manner" govText="flows" modText="faster"/>
        <facet id="LF_18a_f6" govNum="LF_18a_ra14" modNum="LF_18a_ra3" reltn="Cause_during" govText="flows" isAssumed="true" modText="flood"/>
      </facets>
    </referenceAnswer>
  </referenceAnswers>
  <studentAnswers>
    <studentAnswer id="LF.18a.101.1" answerText="It depends on if it has a slope or no slope." accuracy="irrelevant">
      <facetEntailment facetID="LF_18a_f1" label="Assumed"/>
      <facetEntailment facetID="LF_18a_f2" label="Unaddressed"/>
      <facetEntailment facetID="LF_18a_f3" label="Assumed"/>
      <facetEntailment facetID="LF_18a_f4" label="Assumed"/>
      <facetEntailment facetID="LF_18a_f5" label="Unaddressed"/>
      <facetEntailment facetID="LF_18a_f6" label="Assumed"/>
    </studentAnswer>
    <studentAnswer id="LF.18a.114.1" answerText="A flood will make the creek overflow faster and will make more damage." accuracy="correct">
      <facetEntailment facetID="LF_18a_f1" label="Expressed"/>
      <facetEntailment facetID="LF_18a_f2" label="Expressed"/>
      <facetEntailment facetID="LF_18a_f3" label="Expressed"/>
      <facetEntailment facetID="LF_18a_f4" label="Expressed"/>
      <facetEntailment facetID="LF_18a_f5" label="Expressed"/>
      <facetEntailment facetID="LF_18a_f6" label="Expressed"/>
    </studentAnswer>
    <studentAnswer id="LF.18a.120.1" answerText="It flows faster and carries lots of birdie." accuracy="partially_correct_incomplete">
      <facetEntailment facetID="LF_18a_f1" label="Assumed"/>
      <facetEntailment facetID="LF_18a_f2" label="Unaddressed"/>
      <facetEntailment facetID="LF_18a_f3" label="Assumed"/>
      <facetEntailment facetID="LF_18a_f4" label="Expressed"/>
      <facetEntailment facetID="LF_18a_f5" label="Expressed"/>
      <facetEntailment facetID="LF_18a_f6" label="Assumed"/>
    </studentAnswer>
    <studentAnswer id="LF.18a.122.1" answerText="With normal water flow there is not as much water than a flood." accuracy="partially_correct_incomplete">
      <facetEntailment facetID="LF_18a_f1" label="Expressed"/>
      <facetEntailment facetID="LF_18a_f2" label="Expressed"/>
      <facetEntailment facetID="LF_18a_f3" label="Assumed"/>
      <facetEntailment facetID="LF_18a_f4" label="Assumed"/>
      <facetEntailment facetID="LF_18a_f5" label="Unaddressed"/>
      <facetEntailment facetID="LF_18a_f6" label="Expressed"/>
    </studentAnswer>
    <studentAnswer id="LF.18a.148.1" answerText="The flood water rises and goes really fast picking up sand and dirt." accuracy="correct">
      <facetEntailment facetID="LF_18a_f1" label="Expressed"/>
      <facetEntailment facetID="LF_18a_f2" label="Expressed"/>
      <facetEntailment facetID="LF_18a_f3" label="Assumed"/>
      <facetEntailment facetID="LF_18a_f4" label="Expressed"/>
      <facetEntailment facetID="LF_18a_f5" label="Expressed"/>
      <facetEntailment facetID="LF_18a_f6" label="Expressed"/>
    </studentAnswer>
    <studentAnswer id="LF.18a.184.1" answerText="Water flows with a lot more force normal water goes a lot less fast." accuracy="contradictory">
      <facetEntailment facetID="LF_18a_f1" label="Assumed"/>
      <facetEntailment facetID="LF_18a_f2" label="Unaddressed"/>
      <facetEntailment facetID="LF_18a_f3" label="Assumed"/>
      <facetEntailment facetID="LF_18a_f4" label="Expressed"/>
      <facetEntailment facetID="LF_18a_f5" label="Contra-Expr"/>
      <facetEntailment facetID="LF_18a_f6" label="Assumed"/>
    </studentAnswer>
    <studentAnswer id="LF.18a.189.1" answerText="They both create erosion." accuracy="irrelevant">
      <facetEntailment facetID="LF_18a_f1" label="Assumed"/>
      <facetEntailment facetID="LF_18a_f2" label="Unaddressed"/>
      <facetEntailment facetID="LF_18a_f3" label="Assumed"/>
      <facetEntailment facetID="LF_18a_f4" label="Assumed"/>
      <facetEntailment facetID="LF_18a_f5" label="Unaddressed"/>
      <facetEntailment facetID="LF_18a_f6" label="Assumed"/>
    </studentAnswer>
    <studentAnswer id="LF.18a.221.1" answerText="During a flood the creek's volume will increase greatly, the water will run faster, and there will be mudslides, compared to normal water flow, which is constant and steady, and erodes less." accuracy="correct">
      <facetEntailment facetID="LF_18a_f1" label="Expressed"/>
      <facetEntailment facetID="LF_18a_f2" label="Expressed"/>
      <facetEntailment facetID="LF_18a_f3" label="Expressed"/>
      <facetEntailment facetID="LF_18a_f4" label="Expressed"/>
      <facetEntailment facetID="LF_18a_f5" label="Expressed"/>
      <facetEntailment facetID="LF_18a_f6" label="Expressed"/>
    </studentAnswer>
    <studentAnswer id="LF.18a.223.1" answerText="It will flow fast and crazy, but with a normal one it floods slow and calm." accuracy="contradictory">
      <facetEntailment facetID="LF_18a_f1" label="Expressed"/>
      <facetEntailment facetID="LF_18a_f2" label="Unaddressed"/>
      <facetEntailment facetID="LF_18a_f3" label="Assumed"/>
      <facetEntailment facetID="LF_18a_f4" label="Expressed"/>
      <facetEntailment facetID="LF_18a_f5" label="Self-Contra"/>
      <facetEntailment facetID="LF_18a_f6" label="Expressed"/>
    </studentAnswer>
    <studentAnswer id="LF.18a.248.1" answerText="The water flow in a creek during a flood is different from normal water flow because the water during a flood would flow more rapidly than the normal flow." accuracy="partially_correct_incomplete">
      <facetEntailment facetID="LF_18a_f1" label="Expressed"/>
      <facetEntailment facetID="LF_18a_f2" label="Unaddressed"/>
      <facetEntailment facetID="LF_18a_f3" label="Expressed"/>
      <facetEntailment facetID="LF_18a_f4" label="Expressed"/>
      <facetEntailment facetID="LF_18a_f5" label="Expressed"/>
      <facetEntailment facetID="LF_18a_f6" label="Expressed"/>
    </studentAnswer>
    <studentAnswer id="LF.18a.256.1" answerText="The difference between a flooded creek and a normal creek is water level and water pressure." accuracy="correct">
      <facetEntailment facetID="LF_18a_f1" label="Expressed"/>
      <facetEntailment facetID="LF_18a_f2" label="Inferred"/>
      <facetEntailment facetID="LF_18a_f3" label="Expressed"/>
      <facetEntailment facetID="LF_18a_f4" label="Assumed"/>
      <facetEntailment facetID="LF_18a_f5" label="Inferred"/>
      <facetEntailment facetID="LF_18a_f6" label="Assumed"/>
    </studentAnswer>
    <studentAnswer id="LF.18a.258.1" answerText="During a flood, the water flow is faster and heavier." accuracy="partially_correct_incomplete">
      <facetEntailment facetID="LF_18a_f1" label="Expressed"/>
      <facetEntailment facetID="LF_18a_f2" label="Inferred"/>
      <facetEntailment facetID="LF_18a_f3" label="Assumed"/>
      <facetEntailment facetID="LF_18a_f4" label="Expressed"/>
      <facetEntailment facetID="LF_18a_f5" label="Unaddressed"/>
      <facetEntailment facetID="LF_18a_f6" label="Expressed"/>
    </studentAnswer>
    <studentAnswer id="LF.18a.265.1" answerText="The water goes faster and the water gets higher and it start to overflow." accuracy="correct">
      <facetEntailment facetID="LF_18a_f1" label="Assumed"/>
      <facetEntailment facetID="LF_18a_f2" label="Expressed"/>
      <facetEntailment facetID="LF_18a_f3" label="Assumed"/>
      <facetEntailment facetID="LF_18a_f4" label="Expressed"/>
      <facetEntailment facetID="LF_18a_f5" label="Expressed"/>
      <facetEntailment facetID="LF_18a_f6" label="Expressed"/>
    </studentAnswer>
    <studentAnswer id="LF.18a.281.1" answerText="The water flows quickly during floods and also the water is high and normal water flows pretty calm and is not usually as high as water is during floods." accuracy="correct">
      <facetEntailment facetID="LF_18a_f1" label="Expressed"/>
      <facetEntailment facetID="LF_18a_f2" label="Expressed"/>
      <facetEntailment facetID="LF_18a_f3" label="Assumed"/>
      <facetEntailment facetID="LF_18a_f4" label="Expressed"/>
      <facetEntailment facetID="LF_18a_f5" label="Expressed"/>
      <facetEntailment facetID="LF_18a_f6" label="Expressed"/>
    </studentAnswer>
    <studentAnswer id="LF.18a.282.1" answerText="The water in a chart is much higher during a flood and it goes faster." accuracy="correct">
      <facetEntailment facetID="LF_18a_f1" label="Expressed"/>
      <facetEntailment facetID="LF_18a_f2" label="Expressed"/>
      <facetEntailment facetID="LF_18a_f3" label="Assumed"/>
      <facetEntailment facetID="LF_18a_f4" label="Expressed"/>
      <facetEntailment facetID="LF_18a_f5" label="Expressed"/>
      <facetEntailment facetID="LF_18a_f6" label="Expressed"/>
    </studentAnswer>
    <studentAnswer id="LF.18a.284.1" answerText="The water rises and starts getting wavy and out of hand." accuracy="correct">
      <facetEntailment facetID="LF_18a_f1" label="Assumed"/>
      <facetEntailment facetID="LF_18a_f2" label="Expressed"/>
      <facetEntailment facetID="LF_18a_f3" label="Assumed"/>
      <facetEntailment facetID="LF_18a_f4" label="Assumed"/>
      <facetEntailment facetID="LF_18a_f5" label="Inferred"/>
      <facetEntailment facetID="LF_18a_f6" label="Assumed"/>
    </studentAnswer>
    <studentAnswer id="LF.18a.285.1" answerText="In a flood it would spread farther." accuracy="partially_correct_incomplete">
      <facetEntailment facetID="LF_18a_f1" label="Expressed"/>
      <facetEntailment facetID="LF_18a_f2" label="Inferred"/>
      <facetEntailment facetID="LF_18a_f3" label="Assumed"/>
      <facetEntailment facetID="LF_18a_f4" label="Assumed"/>
      <facetEntailment facetID="LF_18a_f5" label="Unaddressed"/>
      <facetEntailment facetID="LF_18a_f6" label="Assumed"/>
    </studentAnswer>
    <studentAnswer id="LF.18a.288.1" answerText="In a flood the water flows faster than in normal water level." accuracy="correct">
      <facetEntailment facetID="LF_18a_f1" label="Expressed"/>
      <facetEntailment facetID="LF_18a_f2" label="Inferred"/>
      <facetEntailment facetID="LF_18a_f3" label="Assumed"/>
      <facetEntailment facetID="LF_18a_f4" label="Expressed"/>
      <facetEntailment facetID="LF_18a_f5" label="Expressed"/>
      <facetEntailment facetID="LF_18a_f6" label="Expressed"/>
    </studentAnswer>
    <studentAnswer id="LF.18a.289.1" answerText="A creek usually flows slowly and floods usually flow quickly." accuracy="partially_correct_incomplete">
      <facetEntailment facetID="LF_18a_f1" label="Expressed"/>
      <facetEntailment facetID="LF_18a_f2" label="Unaddressed"/>
      <facetEntailment facetID="LF_18a_f3" label="Expressed"/>
      <facetEntailment facetID="LF_18a_f4" label="Expressed"/>
      <facetEntailment facetID="LF_18a_f5" label="Expressed"/>
      <facetEntailment facetID="LF_18a_f6" label="Expressed"/>
    </studentAnswer>
    <studentAnswer id="LF.18a.295.1" answerText="It flows faster because of the water current pushing the other one." accuracy="partially_correct_incomplete">
      <facetEntailment facetID="LF_18a_f1" label="Assumed"/>
      <facetEntailment facetID="LF_18a_f2" label="Unaddressed"/>
      <facetEntailment facetID="LF_18a_f3" label="Assumed"/>
      <facetEntailment facetID="LF_18a_f4" label="Expressed"/>
      <facetEntailment facetID="LF_18a_f5" label="Expressed"/>
      <facetEntailment facetID="LF_18a_f6" label="Assumed"/>
    </studentAnswer>
    <studentAnswer id="LF.18a.350.1" answerText="It will flow faster and might swerve off track." accuracy="partially_correct_incomplete">
      <facetEntailment facetID="LF_18a_f1" label="Assumed"/>
      <facetEntailment facetID="LF_18a_f2" label="Unaddressed"/>
      <facetEntailment facetID="LF_18a_f3" label="Assumed"/>
      <facetEntailment facetID="LF_18a_f4" label="Expressed"/>
      <facetEntailment facetID="LF_18a_f5" label="Expressed"/>
      <facetEntailment facetID="LF_18a_f6" label="Assumed"/>
    </studentAnswer>
    <studentAnswer id="LF.18a.352.1" answerText="The writer in the flood goes faster and more water comes out at once." accuracy="correct">
      <facetEntailment facetID="LF_18a_f1" label="Expressed"/>
      <facetEntailment facetID="LF_18a_f2" label="Expressed"/>
      <facetEntailment facetID="LF_18a_f3" label="Assumed"/>
      <facetEntailment facetID="LF_18a_f4" label="Expressed"/>
      <facetEntailment facetID="LF_18a_f5" label="Expressed"/>
      <facetEntailment facetID="LF_18a_f6" label="Expressed"/>
    </studentAnswer>
    <studentAnswer id="LF.18a.673.1" answerText="The water in the creek during a flood is more capped than a normal molten. During a flood the water runs through more quickly and picks up earth materials in deposition first and takes them further. Also erosion happen more quickly." accuracy="partially_correct_incomplete">
      <facetEntailment facetID="LF_18a_f1" label="Expressed"/>
      <facetEntailment facetID="LF_18a_f2" label="Unaddressed"/>
      <facetEntailment facetID="LF_18a_f3" label="Expressed"/>
      <facetEntailment facetID="LF_18a_f4" label="Expressed"/>
      <facetEntailment facetID="LF_18a_f5" label="Expressed"/>
      <facetEntailment facetID="LF_18a_f6" label="Expressed"/>
    </studentAnswer>
    <studentAnswer id="LF.18a.674.1" answerText="The water would flow much faster and rise above the marshes. During a normal day the water would not be moving very fast and if would not be over the marshes." accuracy="correct">
      <facetEntailment facetID="LF_18a_f1" label="Assumed"/>
      <facetEntailment facetID="LF_18a_f2" label="Inferred"/>
      <facetEntailment facetID="LF_18a_f3" label="Assumed"/>
      <facetEntailment facetID="LF_18a_f4" label="Expressed"/>
      <facetEntailment facetID="LF_18a_f5" label="Expressed"/>
      <facetEntailment facetID="LF_18a_f6" label="Assumed"/>
    </studentAnswer>
    <studentAnswer id="LF.18a.676.1" answerText="When there is a flood the water flow is much faster. It is also stronger." accuracy="partially_correct_incomplete">
      <facetEntailment facetID="LF_18a_f1" label="Expressed"/>
      <facetEntailment facetID="LF_18a_f2" label="Unaddressed"/>
      <facetEntailment facetID="LF_18a_f3" label="Assumed"/>
      <facetEntailment facetID="LF_18a_f4" label="Expressed"/>
      <facetEntailment facetID="LF_18a_f5" label="Expressed"/>
      <facetEntailment facetID="LF_18a_f6" label="Expressed"/>
    </studentAnswer>
    <studentAnswer id="LF.18a.678.1" answerText="It flows faster." accuracy="partially_correct_incomplete">
      <facetEntailment facetID="LF_18a_f1" label="Assumed"/>
      <facetEntailment facetID="LF_18a_f2" label="Unaddressed"/>
      <facetEntailment facetID="LF_18a_f3" label="Assumed"/>
      <facetEntailment facetID="LF_18a_f4" label="Assumed"/>
      <facetEntailment facetID="LF_18a_f5" label="Expressed"/>
      <facetEntailment facetID="LF_18a_f6" label="Assumed"/>
    </studentAnswer>
    <studentAnswer id="LF.18a.701.1" answerText="The water flows a lot faster during a flood compared to the speed flowing during a normal flow." accuracy="partially_correct_incomplete">
      <facetEntailment facetID="LF_18a_f1" label="Expressed"/>
      <facetEntailment facetID="LF_18a_f2" label="Unaddressed"/>
      <facetEntailment facetID="LF_18a_f3" label="Assumed"/>
      <facetEntailment facetID="LF_18a_f4" label="Expressed"/>
      <facetEntailment facetID="LF_18a_f5" label="Expressed"/>
      <facetEntailment facetID="LF_18a_f6" label="Expressed"/>
    </studentAnswer>
    <studentAnswer id="LF.18a.702.1" answerText="It overflows in a creek and a lake on river." accuracy="partially_correct_incomplete">
      <facetEntailment facetID="LF_18a_f1" label="Expressed"/>
      <facetEntailment facetID="LF_18a_f2" label="Expressed"/>
      <facetEntailment facetID="LF_18a_f3" label="Expressed"/>
      <facetEntailment facetID="LF_18a_f4" label="Expressed"/>
      <facetEntailment facetID="LF_18a_f5" label="Unaddressed"/>
      <facetEntailment facetID="LF_18a_f6" label="Expressed"/>
    </studentAnswer>
    <studentAnswer id="LF.18a.779.1" answerText="In a flood the water would be moving stronger and faster than usual." accuracy="partially_correct_incomplete">
      <facetEntailment facetID="LF_18a_f1" label="Expressed"/>
      <facetEntailment facetID="LF_18a_f2" label="Unaddressed"/>
      <facetEntailment facetID="LF_18a_f3" label="Assumed"/>
      <facetEntailment facetID="LF_18a_f4" label="Expressed"/>
      <facetEntailment facetID="LF_18a_f5" label="Expressed"/>
      <facetEntailment facetID="LF_18a_f6" label="Expressed"/>
    </studentAnswer>
    <studentAnswer id="LF.18a.801.1" answerText="Flood water has a great velocity and force." accuracy="partially_correct_incomplete">
      <facetEntailment facetID="LF_18a_f1" label="Expressed"/>
      <facetEntailment facetID="LF_18a_f2" label="Unaddressed"/>
      <facetEntailment facetID="LF_18a_f3" label="Assumed"/>
      <facetEntailment facetID="LF_18a_f4" label="Expressed"/>
      <facetEntailment facetID="LF_18a_f5" label="Expressed"/>
      <facetEntailment facetID="LF_18a_f6" label="Expressed"/>
    </studentAnswer>
    <studentAnswer id="LF.18a.811.1" answerText="The water overlaps the area around the creek during a flood." accuracy="partially_correct_incomplete">
      <facetEntailment facetID="LF_18a_f1" label="Expressed"/>
      <facetEntailment facetID="LF_18a_f2" label="Inferred"/>
      <facetEntailment facetID="LF_18a_f3" label="Expressed"/>
      <facetEntailment facetID="LF_18a_f4" label="Assumed"/>
      <facetEntailment facetID="LF_18a_f5" label="Unaddressed"/>
      <facetEntailment facetID="LF_18a_f6" label="Assumed"/>
    </studentAnswer>
    <studentAnswer id="LF.18a.823.1" answerText="The water goes out of its channel. The water speeds up." accuracy="correct">
      <facetEntailment facetID="LF_18a_f1" label="Assumed"/>
      <facetEntailment facetID="LF_18a_f2" label="Expressed"/>
      <facetEntailment facetID="LF_18a_f3" label="Assumed"/>
      <facetEntailment facetID="LF_18a_f4" label="Expressed"/>
      <facetEntailment facetID="LF_18a_f5" label="Expressed"/>
      <facetEntailment facetID="LF_18a_f6" label="Expressed"/>
    </studentAnswer>
    <studentAnswer id="LF.18a.825.1" answerText="The water in the creek during a flood will flow much harder and faster causing more and more erosion compared to water flow without creek." accuracy="partially_correct_incomplete">
      <facetEntailment facetID="LF_18a_f1" label="Expressed"/>
      <facetEntailment facetID="LF_18a_f2" label="Unaddressed"/>
      <facetEntailment facetID="LF_18a_f3" label="Expressed"/>
      <facetEntailment facetID="LF_18a_f4" label="Expressed"/>
      <facetEntailment facetID="LF_18a_f5" label="Expressed"/>
      <facetEntailment facetID="LF_18a_f6" label="Expressed"/>
    </studentAnswer>
    <studentAnswer id="LF.18a.838.1" answerText="It is compared to different speed a flow patterns." accuracy="irrelevant">
      <facetEntailment facetID="LF_18a_f1" label="Assumed"/>
      <facetEntailment facetID="LF_18a_f2" label="Unaddressed"/>
      <facetEntailment facetID="LF_18a_f3" label="Assumed"/>
      <facetEntailment facetID="LF_18a_f4" label="Assumed"/>
      <facetEntailment facetID="LF_18a_f5" label="Unaddressed"/>
      <facetEntailment facetID="LF_18a_f6" label="Assumed"/>
    </studentAnswer>
    <studentAnswer id="LF.18a.848.1" answerText="The water flows in a faster range than normal because there is more water." accuracy="correct">
      <facetEntailment facetID="LF_18a_f1" label="Assumed"/>
      <facetEntailment facetID="LF_18a_f2" label="Expressed"/>
      <facetEntailment facetID="LF_18a_f3" label="Assumed"/>
      <facetEntailment facetID="LF_18a_f4" label="Expressed"/>
      <facetEntailment facetID="LF_18a_f5" label="Expressed"/>
      <facetEntailment facetID="LF_18a_f6" label="Assumed"/>
    </studentAnswer>
    <studentAnswer id="LF.18a.940.1" answerText="The water flow in a creek during a flood compared to normal water flow is the same." accuracy="contradictory">
      <facetEntailment facetID="LF_18a_f1" label="Expressed"/>
      <facetEntailment facetID="LF_18a_f2" label="Unaddressed"/>
      <facetEntailment facetID="LF_18a_f3" label="Expressed"/>
      <facetEntailment facetID="LF_18a_f4" label="Expressed"/>
      <facetEntailment facetID="LF_18a_f5" label="Contra-Expr"/>
      <facetEntailment facetID="LF_18a_f6" label="Expressed"/>
    </studentAnswer>
  </studentAnswers>
</question>
