<?xml version="1.0"?>
<question id="LF_28a2" module="LF">
  <questionText>Use the "slope" and "no slope" stream-table maps and logs on the facing page to answer these questions. What information do you get from the stream-table logs that you do not get from the stream-table maps?</questionText>
  <referenceAnswers>
    <referenceAnswer id="LF_28a2-a1" text="You can see how much time is taken for the earth materials to move.">
      <tokens>
        <token id="LF_28a2_ra1">You</token>
        <token id="LF_28a2_ra2">can</token>
        <token id="LF_28a2_ra3">see</token>
        <token id="LF_28a2_ra4">how</token>
        <token id="LF_28a2_ra5">much</token>
        <token id="LF_28a2_ra6">time</token>
        <token id="LF_28a2_ra7">is</token>
        <token id="LF_28a2_ra8">taken</token>
        <token id="LF_28a2_ra9">for</token>
        <token id="LF_28a2_ra10">the</token>
        <token id="LF_28a2_ra11">earth</token>
        <token id="LF_28a2_ra12">materials</token>
        <token id="LF_28a2_ra13">to</token>
        <token id="LF_28a2_ra14">move</token>
        <token id="LF_28a2_ra15">.</token>
      </tokens>
      <facets>
        <facet id="LF_28a2_f1" govNum="LF_28a2_ra3" modNum="LF_28a2_ra1" reltn="Experiencer" govText="see" isAssumed="true" modText="You"/>
        <facet id="LF_28a2_f2" govNum="LF_28a2_ra3" modNum="LF_28a2_ra6" reltn="Stimulus" govText="see" modText="time"/>
        <facet id="LF_28a2_f3" govNum="LF_28a2_ra6" modNum="LF_28a2_ra4" reltn="NMod" govText="time" modText="how much"/>
        <facet id="LF_28a2_f4" govNum="LF_28a2_ra6" modNum="LF_28a2_ra14" reltn="NMod_to" govText="time" modText="move"/>
        <facet id="LF_28a2_f5" govNum="LF_28a2_ra14" modNum="LF_28a2_ra12" reltn="Theme" govText="move" modText="materials"/>
        <facet id="LF_28a2_f6" govNum="LF_28a2_ra12" modNum="LF_28a2_ra11" reltn="NMod" govText="materials" modText="earth"/>
      </facets>
    </referenceAnswer>
  </referenceAnswers>
  <studentAnswers>
    <studentAnswer id="LF.28a2.381.1" answerText="The minutes and seconds of when the events happened." accuracy="partially_correct_incomplete">
      <facetEntailment facetID="LF_28a2_f1" label="Assumed"/>
      <facetEntailment facetID="LF_28a2_f2" label="Expressed"/>
      <facetEntailment facetID="LF_28a2_f3" label="Inferred"/>
      <facetEntailment facetID="LF_28a2_f4" label="Unaddressed"/>
      <facetEntailment facetID="LF_28a2_f5" label="Unaddressed"/>
      <facetEntailment facetID="LF_28a2_f6" label="Unaddressed"/>
    </studentAnswer>
    <studentAnswer id="LF.28a2.403.1" answerText="What time everything happened." accuracy="partially_correct_incomplete">
      <facetEntailment facetID="LF_28a2_f1" label="Assumed"/>
      <facetEntailment facetID="LF_28a2_f2" label="Expressed"/>
      <facetEntailment facetID="LF_28a2_f3" label="Inferred"/>
      <facetEntailment facetID="LF_28a2_f4" label="Unaddressed"/>
      <facetEntailment facetID="LF_28a2_f5" label="Unaddressed"/>
      <facetEntailment facetID="LF_28a2_f6" label="Unaddressed"/>
    </studentAnswer>
    <studentAnswer id="LF.28a2.412.1" answerText="Whether it is slope or not." accuracy="irrelevant">
      <facetEntailment facetID="LF_28a2_f1" label="Assumed"/>
      <facetEntailment facetID="LF_28a2_f2" label="Unaddressed"/>
      <facetEntailment facetID="LF_28a2_f3" label="Unaddressed"/>
      <facetEntailment facetID="LF_28a2_f4" label="Unaddressed"/>
      <facetEntailment facetID="LF_28a2_f5" label="Unaddressed"/>
      <facetEntailment facetID="LF_28a2_f6" label="Unaddressed"/>
    </studentAnswer>
    <studentAnswer id="LF.28a2.416.1" answerText="That how much is the land that moved." accuracy="partially_correct_incomplete">
      <facetEntailment facetID="LF_28a2_f1" label="Assumed"/>
      <facetEntailment facetID="LF_28a2_f2" label="Unaddressed"/>
      <facetEntailment facetID="LF_28a2_f3" label="Unaddressed"/>
      <facetEntailment facetID="LF_28a2_f4" label="Unaddressed"/>
      <facetEntailment facetID="LF_28a2_f5" label="Expressed"/>
      <facetEntailment facetID="LF_28a2_f6" label="Inferred"/>
    </studentAnswer>
    <studentAnswer id="LF.28a2.422.1" answerText="The information I got from the stream table but not from the stream tables are when earth materials slump and hole under the water source." accuracy="correct">
      <facetEntailment facetID="LF_28a2_f1" label="Assumed"/>
      <facetEntailment facetID="LF_28a2_f2" label="Inferred"/>
      <facetEntailment facetID="LF_28a2_f3" label="Inferred"/>
      <facetEntailment facetID="LF_28a2_f4" label="Inferred"/>
      <facetEntailment facetID="LF_28a2_f5" label="Inferred"/>
      <facetEntailment facetID="LF_28a2_f6" label="Expressed"/>
    </studentAnswer>
    <studentAnswer id="LF.28a2.430.1" answerText="What the who form." accuracy="irrelevant">
      <facetEntailment facetID="LF_28a2_f1" label="Assumed"/>
      <facetEntailment facetID="LF_28a2_f2" label="Unaddressed"/>
      <facetEntailment facetID="LF_28a2_f3" label="Unaddressed"/>
      <facetEntailment facetID="LF_28a2_f4" label="Unaddressed"/>
      <facetEntailment facetID="LF_28a2_f5" label="Unaddressed"/>
      <facetEntailment facetID="LF_28a2_f6" label="Unaddressed"/>
    </studentAnswer>
    <studentAnswer id="LF.28a2.432.1" answerText="More info of the experiment." accuracy="irrelevant">
      <facetEntailment facetID="LF_28a2_f1" label="Assumed"/>
      <facetEntailment facetID="LF_28a2_f2" label="Unaddressed"/>
      <facetEntailment facetID="LF_28a2_f3" label="Unaddressed"/>
      <facetEntailment facetID="LF_28a2_f4" label="Unaddressed"/>
      <facetEntailment facetID="LF_28a2_f5" label="Unaddressed"/>
      <facetEntailment facetID="LF_28a2_f6" label="Unaddressed"/>
    </studentAnswer>
    <studentAnswer id="LF.28a2.472.1" answerText="When the event happens and time between them." accuracy="partially_correct_incomplete">
      <facetEntailment facetID="LF_28a2_f1" label="Assumed"/>
      <facetEntailment facetID="LF_28a2_f2" label="Expressed"/>
      <facetEntailment facetID="LF_28a2_f3" label="Inferred"/>
      <facetEntailment facetID="LF_28a2_f4" label="Unaddressed"/>
      <facetEntailment facetID="LF_28a2_f5" label="Unaddressed"/>
      <facetEntailment facetID="LF_28a2_f6" label="Unaddressed"/>
    </studentAnswer>
    <studentAnswer id="LF.28a2.473.1" answerText="On the stream table logs show when each event happened on the map show where each events looks like." accuracy="partially_correct_incomplete">
      <facetEntailment facetID="LF_28a2_f1" label="Expressed"/>
      <facetEntailment facetID="LF_28a2_f2" label="Expressed"/>
      <facetEntailment facetID="LF_28a2_f3" label="Inferred"/>
      <facetEntailment facetID="LF_28a2_f4" label="Unaddressed"/>
      <facetEntailment facetID="LF_28a2_f5" label="Unaddressed"/>
      <facetEntailment facetID="LF_28a2_f6" label="Unaddressed"/>
    </studentAnswer>
    <studentAnswer id="LF.28a2.474.1" answerText="You can get information and time of how fast where and how." accuracy="partially_correct_incomplete">
      <facetEntailment facetID="LF_28a2_f1" label="Diff-Arg"/>
      <facetEntailment facetID="LF_28a2_f2" label="Expressed"/>
      <facetEntailment facetID="LF_28a2_f3" label="Expressed"/>
      <facetEntailment facetID="LF_28a2_f4" label="Unaddressed"/>
      <facetEntailment facetID="LF_28a2_f5" label="Unaddressed"/>
      <facetEntailment facetID="LF_28a2_f6" label="Unaddressed"/>
    </studentAnswer>
    <studentAnswer id="LF.28a2.522.1" answerText="Clay sand pebbles." accuracy="partially_correct_incomplete">
      <facetEntailment facetID="LF_28a2_f1" label="Assumed"/>
      <facetEntailment facetID="LF_28a2_f2" label="Unaddressed"/>
      <facetEntailment facetID="LF_28a2_f3" label="Unaddressed"/>
      <facetEntailment facetID="LF_28a2_f4" label="Unaddressed"/>
      <facetEntailment facetID="LF_28a2_f5" label="Unaddressed"/>
      <facetEntailment facetID="LF_28a2_f6" label="Inferred"/>
    </studentAnswer>
    <studentAnswer id="LF.28a2.525.1" answerText="What time something happened." accuracy="partially_correct_incomplete">
      <facetEntailment facetID="LF_28a2_f1" label="Assumed"/>
      <facetEntailment facetID="LF_28a2_f2" label="Expressed"/>
      <facetEntailment facetID="LF_28a2_f3" label="Inferred"/>
      <facetEntailment facetID="LF_28a2_f4" label="Unaddressed"/>
      <facetEntailment facetID="LF_28a2_f5" label="Unaddressed"/>
      <facetEntailment facetID="LF_28a2_f6" label="Unaddressed"/>
    </studentAnswer>
    <studentAnswer id="LF.28a2.556.1" answerText="In a log it tells how is the canyons, deltas, erosions are happening at times. And it shows what the important times are there." accuracy="correct">
      <facetEntailment facetID="LF_28a2_f1" label="Expressed"/>
      <facetEntailment facetID="LF_28a2_f2" label="Expressed"/>
      <facetEntailment facetID="LF_28a2_f3" label="Inferred"/>
      <facetEntailment facetID="LF_28a2_f4" label="Expressed"/>
      <facetEntailment facetID="LF_28a2_f5" label="Expressed"/>
      <facetEntailment facetID="LF_28a2_f6" label="Expressed"/>
    </studentAnswer>
    <studentAnswer id="LF.28a2.569.1" answerText="On the stream table log I got the times of everything." accuracy="partially_correct_incomplete">
      <facetEntailment facetID="LF_28a2_f1" label="Expressed"/>
      <facetEntailment facetID="LF_28a2_f2" label="Expressed"/>
      <facetEntailment facetID="LF_28a2_f3" label="Inferred"/>
      <facetEntailment facetID="LF_28a2_f4" label="Unaddressed"/>
      <facetEntailment facetID="LF_28a2_f5" label="Unaddressed"/>
      <facetEntailment facetID="LF_28a2_f6" label="Unaddressed"/>
    </studentAnswer>
    <studentAnswer id="LF.28a2.595.1" answerText="When important events happened." accuracy="partially_correct_incomplete">
      <facetEntailment facetID="LF_28a2_f1" label="Assumed"/>
      <facetEntailment facetID="LF_28a2_f2" label="Expressed"/>
      <facetEntailment facetID="LF_28a2_f3" label="Inferred"/>
      <facetEntailment facetID="LF_28a2_f4" label="Unaddressed"/>
      <facetEntailment facetID="LF_28a2_f5" label="Unaddressed"/>
      <facetEntailment facetID="LF_28a2_f6" label="Unaddressed"/>
    </studentAnswer>
    <studentAnswer id="LF.28a2.596.1" answerText="You get from a stream table log is a log that tells main events in a certain time and not from a stream table map." accuracy="partially_correct_incomplete">
      <facetEntailment facetID="LF_28a2_f1" label="Expressed"/>
      <facetEntailment facetID="LF_28a2_f2" label="Expressed"/>
      <facetEntailment facetID="LF_28a2_f3" label="Inferred"/>
      <facetEntailment facetID="LF_28a2_f4" label="Unaddressed"/>
      <facetEntailment facetID="LF_28a2_f5" label="Unaddressed"/>
      <facetEntailment facetID="LF_28a2_f6" label="Unaddressed"/>
    </studentAnswer>
    <studentAnswer id="LF.28a2.600.1" answerText="You get the time in which things happened." accuracy="partially_correct_incomplete">
      <facetEntailment facetID="LF_28a2_f1" label="Assumed"/>
      <facetEntailment facetID="LF_28a2_f2" label="Expressed"/>
      <facetEntailment facetID="LF_28a2_f3" label="Inferred"/>
      <facetEntailment facetID="LF_28a2_f4" label="Unaddressed"/>
      <facetEntailment facetID="LF_28a2_f5" label="Unaddressed"/>
      <facetEntailment facetID="LF_28a2_f6" label="Unaddressed"/>
    </studentAnswer>
    <studentAnswer id="LF.28a2.608.1" answerText="You get what time an important event happened." accuracy="partially_correct_incomplete">
      <facetEntailment facetID="LF_28a2_f1" label="Expressed"/>
      <facetEntailment facetID="LF_28a2_f2" label="Expressed"/>
      <facetEntailment facetID="LF_28a2_f3" label="Inferred"/>
      <facetEntailment facetID="LF_28a2_f4" label="Unaddressed"/>
      <facetEntailment facetID="LF_28a2_f5" label="Unaddressed"/>
      <facetEntailment facetID="LF_28a2_f6" label="Unaddressed"/>
    </studentAnswer>
    <studentAnswer id="LF.28a2.688.1" answerText="You can see when all the important happened." accuracy="partially_correct_incomplete">
      <facetEntailment facetID="LF_28a2_f1" label="Expressed"/>
      <facetEntailment facetID="LF_28a2_f2" label="Expressed"/>
      <facetEntailment facetID="LF_28a2_f3" label="Inferred"/>
      <facetEntailment facetID="LF_28a2_f4" label="Unaddressed"/>
      <facetEntailment facetID="LF_28a2_f5" label="Unaddressed"/>
      <facetEntailment facetID="LF_28a2_f6" label="Unaddressed"/>
    </studentAnswer>
    <studentAnswer id="LF.28a2.743.1" answerText="You get a chart telling you what happened during the time periods." accuracy="partially_correct_incomplete">
      <facetEntailment facetID="LF_28a2_f1" label="Expressed"/>
      <facetEntailment facetID="LF_28a2_f2" label="Expressed"/>
      <facetEntailment facetID="LF_28a2_f3" label="Inferred"/>
      <facetEntailment facetID="LF_28a2_f4" label="Unaddressed"/>
      <facetEntailment facetID="LF_28a2_f5" label="Unaddressed"/>
      <facetEntailment facetID="LF_28a2_f6" label="Unaddressed"/>
    </studentAnswer>
    <studentAnswer id="LF.28a2.752.1" answerText="You get to see how long it took." accuracy="partially_correct_incomplete">
      <facetEntailment facetID="LF_28a2_f1" label="Expressed"/>
      <facetEntailment facetID="LF_28a2_f2" label="Expressed"/>
      <facetEntailment facetID="LF_28a2_f3" label="Expressed"/>
      <facetEntailment facetID="LF_28a2_f4" label="Unaddressed"/>
      <facetEntailment facetID="LF_28a2_f5" label="Unaddressed"/>
      <facetEntailment facetID="LF_28a2_f6" label="Unaddressed"/>
    </studentAnswer>
    <studentAnswer id="LF.28a2.778.1" answerText="They explain it in words instead of using pictures." accuracy="irrelevant">
      <facetEntailment facetID="LF_28a2_f1" label="Assumed"/>
      <facetEntailment facetID="LF_28a2_f2" label="Unaddressed"/>
      <facetEntailment facetID="LF_28a2_f3" label="Unaddressed"/>
      <facetEntailment facetID="LF_28a2_f4" label="Unaddressed"/>
      <facetEntailment facetID="LF_28a2_f5" label="Unaddressed"/>
      <facetEntailment facetID="LF_28a2_f6" label="Unaddressed"/>
    </studentAnswer>
    <studentAnswer id="LF.28a2.808.1" answerText="The time the erosion and deposition happens." accuracy="correct">
      <facetEntailment facetID="LF_28a2_f1" label="Assumed"/>
      <facetEntailment facetID="LF_28a2_f2" label="Inferred"/>
      <facetEntailment facetID="LF_28a2_f3" label="Inferred"/>
      <facetEntailment facetID="LF_28a2_f4" label="Inferred"/>
      <facetEntailment facetID="LF_28a2_f5" label="Expressed"/>
      <facetEntailment facetID="LF_28a2_f6" label="Inferred"/>
    </studentAnswer>
    <studentAnswer id="LF.28a2.826.1" answerText="You can see what time the events occurred." accuracy="partially_correct_incomplete">
      <facetEntailment facetID="LF_28a2_f1" label="Expressed"/>
      <facetEntailment facetID="LF_28a2_f2" label="Expressed"/>
      <facetEntailment facetID="LF_28a2_f3" label="Inferred"/>
      <facetEntailment facetID="LF_28a2_f4" label="Unaddressed"/>
      <facetEntailment facetID="LF_28a2_f5" label="Unaddressed"/>
      <facetEntailment facetID="LF_28a2_f6" label="Unaddressed"/>
    </studentAnswer>
    <studentAnswer id="LF.28a2.839.1" answerText="The information I get from the stream table logs that I do not get from the maps is how long it took for it to form." accuracy="irrelevant">
      <facetEntailment facetID="LF_28a2_f1" label="Assumed"/>
      <facetEntailment facetID="LF_28a2_f2" label="Unaddressed"/>
      <facetEntailment facetID="LF_28a2_f3" label="Unaddressed"/>
      <facetEntailment facetID="LF_28a2_f4" label="Diff-Arg"/>
      <facetEntailment facetID="LF_28a2_f5" label="Unaddressed"/>
      <facetEntailment facetID="LF_28a2_f6" label="Unaddressed"/>
    </studentAnswer>
    <studentAnswer id="LF.28a2.841.1" answerText="Elapsed time." accuracy="partially_correct_incomplete">
      <facetEntailment facetID="LF_28a2_f1" label="Assumed"/>
      <facetEntailment facetID="LF_28a2_f2" label="Inferred"/>
      <facetEntailment facetID="LF_28a2_f3" label="Inferred"/>
      <facetEntailment facetID="LF_28a2_f4" label="Unaddressed"/>
      <facetEntailment facetID="LF_28a2_f5" label="Unaddressed"/>
      <facetEntailment facetID="LF_28a2_f6" label="Unaddressed"/>
    </studentAnswer>
    <studentAnswer id="LF.28a2.845.1" answerText="The information that you get from stream table logs rather from stream table maps is a log showing you the events of how the slope started from beginning to end." accuracy="partially_correct_incomplete">
      <facetEntailment facetID="LF_28a2_f1" label="Assumed"/>
      <facetEntailment facetID="LF_28a2_f2" label="Unaddressed"/>
      <facetEntailment facetID="LF_28a2_f3" label="Unaddressed"/>
      <facetEntailment facetID="LF_28a2_f4" label="Unaddressed"/>
      <facetEntailment facetID="LF_28a2_f5" label="Inferred"/>
      <facetEntailment facetID="LF_28a2_f6" label="Inferred"/>
    </studentAnswer>
    <studentAnswer id="LF.28a2.846.1" answerText="What you get from the logs are the times." accuracy="partially_correct_incomplete">
      <facetEntailment facetID="LF_28a2_f1" label="Expressed"/>
      <facetEntailment facetID="LF_28a2_f2" label="Expressed"/>
      <facetEntailment facetID="LF_28a2_f3" label="Inferred"/>
      <facetEntailment facetID="LF_28a2_f4" label="Unaddressed"/>
      <facetEntailment facetID="LF_28a2_f5" label="Unaddressed"/>
      <facetEntailment facetID="LF_28a2_f6" label="Unaddressed"/>
    </studentAnswer>
    <studentAnswer id="LF.28a2.855.1" answerText="Stream table logs show time while maps do not." accuracy="partially_correct_incomplete">
      <facetEntailment facetID="LF_28a2_f1" label="Assumed"/>
      <facetEntailment facetID="LF_28a2_f2" label="Expressed"/>
      <facetEntailment facetID="LF_28a2_f3" label="Inferred"/>
      <facetEntailment facetID="LF_28a2_f4" label="Unaddressed"/>
      <facetEntailment facetID="LF_28a2_f5" label="Unaddressed"/>
      <facetEntailment facetID="LF_28a2_f6" label="Unaddressed"/>
    </studentAnswer>
    <studentAnswer id="LF.28a2.873.1" answerText="The information you get is that you do not see the hole in the materials sand." accuracy="irrelevant">
      <facetEntailment facetID="LF_28a2_f1" label="Assumed"/>
      <facetEntailment facetID="LF_28a2_f2" label="Unaddressed"/>
      <facetEntailment facetID="LF_28a2_f3" label="Unaddressed"/>
      <facetEntailment facetID="LF_28a2_f4" label="Unaddressed"/>
      <facetEntailment facetID="LF_28a2_f5" label="Unaddressed"/>
      <facetEntailment facetID="LF_28a2_f6" label="Unaddressed"/>
    </studentAnswer>
    <studentAnswer id="LF.28a2.885.1" answerText="You cannot see in the maps, the time where the things happen." accuracy="partially_correct_incomplete">
      <facetEntailment facetID="LF_28a2_f1" label="Expressed"/>
      <facetEntailment facetID="LF_28a2_f2" label="Expressed"/>
      <facetEntailment facetID="LF_28a2_f3" label="Inferred"/>
      <facetEntailment facetID="LF_28a2_f4" label="Unaddressed"/>
      <facetEntailment facetID="LF_28a2_f5" label="Unaddressed"/>
      <facetEntailment facetID="LF_28a2_f6" label="Unaddressed"/>
    </studentAnswer>
    <studentAnswer id="LF.28a2.886.1" answerText="The time it happens." accuracy="partially_correct_incomplete">
      <facetEntailment facetID="LF_28a2_f1" label="Assumed"/>
      <facetEntailment facetID="LF_28a2_f2" label="Expressed"/>
      <facetEntailment facetID="LF_28a2_f3" label="Inferred"/>
      <facetEntailment facetID="LF_28a2_f4" label="Unaddressed"/>
      <facetEntailment facetID="LF_28a2_f5" label="Unaddressed"/>
      <facetEntailment facetID="LF_28a2_f6" label="Unaddressed"/>
    </studentAnswer>
    <studentAnswer id="LF.28a2.923.1" answerText="The information that you do get is what happens and what form." accuracy="irrelevant">
      <facetEntailment facetID="LF_28a2_f1" label="Assumed"/>
      <facetEntailment facetID="LF_28a2_f2" label="Unaddressed"/>
      <facetEntailment facetID="LF_28a2_f3" label="Unaddressed"/>
      <facetEntailment facetID="LF_28a2_f4" label="Unaddressed"/>
      <facetEntailment facetID="LF_28a2_f5" label="Unaddressed"/>
      <facetEntailment facetID="LF_28a2_f6" label="Unaddressed"/>
    </studentAnswer>
    <studentAnswer id="LF.28a2.928.1" answerText="The information I did not get from the stream table logs that I did not get from the stream table maps was the events in order of time." accuracy="partially_correct_incomplete">
      <facetEntailment facetID="LF_28a2_f1" label="Assumed"/>
      <facetEntailment facetID="LF_28a2_f2" label="Expressed"/>
      <facetEntailment facetID="LF_28a2_f3" label="Inferred"/>
      <facetEntailment facetID="LF_28a2_f4" label="Unaddressed"/>
      <facetEntailment facetID="LF_28a2_f5" label="Unaddressed"/>
      <facetEntailment facetID="LF_28a2_f6" label="Unaddressed"/>
    </studentAnswer>
    <studentAnswer id="LF.28a2.929.1" answerText="The information you get from a stream table log that you do not get on a stream table map are the keys that tells you what is what." accuracy="irrelevant">
      <facetEntailment facetID="LF_28a2_f1" label="Assumed"/>
      <facetEntailment facetID="LF_28a2_f2" label="Unaddressed"/>
      <facetEntailment facetID="LF_28a2_f3" label="Unaddressed"/>
      <facetEntailment facetID="LF_28a2_f4" label="Unaddressed"/>
      <facetEntailment facetID="LF_28a2_f5" label="Unaddressed"/>
      <facetEntailment facetID="LF_28a2_f6" label="Unaddressed"/>
    </studentAnswer>
    <studentAnswer id="LF.28a2.931.1" answerText="Is that the stream table log is much straight and more details." accuracy="irrelevant">
      <facetEntailment facetID="LF_28a2_f1" label="Assumed"/>
      <facetEntailment facetID="LF_28a2_f2" label="Unaddressed"/>
      <facetEntailment facetID="LF_28a2_f3" label="Unaddressed"/>
      <facetEntailment facetID="LF_28a2_f4" label="Unaddressed"/>
      <facetEntailment facetID="LF_28a2_f5" label="Unaddressed"/>
      <facetEntailment facetID="LF_28a2_f6" label="Unaddressed"/>
    </studentAnswer>
  </studentAnswers>
</question>
