<?xml version="1.0"?>
<question id="LF_39" module="LF">
  <questionText>Don wants to make a map of his neighborhood that fits into his notebook. He has a photograph of the neighborhood but it is too large. Complete the description of how Don can draw an accurate map that fits into his notebook: 1. Put an overlay grid over the model. 2. ____ 3. Draw a smaller grid with the same number of squares in your notebook. 4. ____ 5. Create a key to go with the map.</questionText>
  <referenceAnswers>
    <referenceAnswer id="LF_39-a1" text="2: Trace the features from the photograph onto the overlay grid. 4: Transfer the features to the matching squares on the smaller grid in your notebook.">
      <tokens>
        <token id="LF_39_ra1">2</token>
        <token id="LF_39_ra2">:</token>
        <token id="LF_39_ra3">Trace</token>
        <token id="LF_39_ra4">the</token>
        <token id="LF_39_ra5">features</token>
        <token id="LF_39_ra6">from</token>
        <token id="LF_39_ra7">the</token>
        <token id="LF_39_ra8">photograph</token>
        <token id="LF_39_ra9">onto</token>
        <token id="LF_39_ra10">the</token>
        <token id="LF_39_ra11">overlay</token>
        <token id="LF_39_ra12">grid</token>
        <token id="LF_39_ra13">.</token>
        <token id="LF_39_ra14">4</token>
        <token id="LF_39_ra15">:</token>
        <token id="LF_39_ra16">Transfer</token>
        <token id="LF_39_ra17">the</token>
        <token id="LF_39_ra18">features</token>
        <token id="LF_39_ra19">to</token>
        <token id="LF_39_ra20">the</token>
        <token id="LF_39_ra21">matching</token>
        <token id="LF_39_ra22">squares</token>
        <token id="LF_39_ra23">on</token>
        <token id="LF_39_ra24">the</token>
        <token id="LF_39_ra25">smaller</token>
        <token id="LF_39_ra26">grid</token>
        <token id="LF_39_ra27">in</token>
        <token id="LF_39_ra28">your</token>
        <token id="LF_39_ra29">notebook</token>
        <token id="LF_39_ra30">.</token>
      </tokens>
      <facets>
        <facet id="LF_39_f1" govNum="LF_39_ra3" modNum="LF_39_ra5" reltn="Theme" govText="Trace" modText="features"/>
        <facet id="LF_39_f2" govNum="LF_39_ra3" modNum="LF_39_ra8" reltn="Source_from" govText="Trace" modText="photograph"/>
        <facet id="LF_39_f3" govNum="LF_39_ra3" modNum="LF_39_ra12" reltn="Destination_onto" govText="Trace" modText="grid"/>
        <facet id="LF_39_f4" govNum="LF_39_ra12" modNum="LF_39_ra11" reltn="NMod" govText="grid" isAssumed="true" modText="overlay"/>
        <facet id="LF_39_f5" govNum="LF_39_ra16" modNum="LF_39_ra18" reltn="Theme" govText="Transfer" modText="features"/>
        <facet id="LF_39_f6" govNum="LF_39_ra16" modNum="LF_39_ra22" reltn="Destination_to" govText="Transfer" modText="squares"/>
        <facet id="LF_39_f7" govNum="LF_39_ra22" modNum="LF_39_ra21" reltn="NMod" govText="squares" modText="matching"/>
        <facet id="LF_39_f8" govNum="LF_39_ra22" modNum="LF_39_ra26" reltn="Location_on" govText="squares" isAssumed="true" modText="grid"/>
        <facet id="LF_39_f9" govNum="LF_39_ra26" modNum="LF_39_ra25" reltn="NMod" govText="grid" isAssumed="true" modText="smaller"/>
        <facet id="LF_39_f10" govNum="LF_39_ra26" modNum="LF_39_ra29" reltn="Location_in" govText="grid" isAssumed="true" modText="notebook"/>
        <facet id="LF_39_f11" govNum="LF_39_ra29" modNum="LF_39_ra28" reltn="NMod_pos" govText="notebook" isAssumed="true" modText="your"/>
      </facets>
    </referenceAnswer>
  </referenceAnswers>
  <studentAnswers>
    <studentAnswer id="LF.39.387.1" answerText="2. Trace the model onto the overlay grid. 4. And copy the overlay grid onto the smaller grid that is in your notebook." accuracy="correct">
      <facetEntailment facetID="LF_39_f1" label="Expressed"/>
      <facetEntailment facetID="LF_39_f2" label="Inferred"/>
      <facetEntailment facetID="LF_39_f3" label="Expressed"/>
      <facetEntailment facetID="LF_39_f4" label="Expressed"/>
      <facetEntailment facetID="LF_39_f5" label="Inferred"/>
      <facetEntailment facetID="LF_39_f6" label="Inferred"/>
      <facetEntailment facetID="LF_39_f7" label="Inferred"/>
      <facetEntailment facetID="LF_39_f8" label="Assumed"/>
      <facetEntailment facetID="LF_39_f9" label="Expressed"/>
      <facetEntailment facetID="LF_39_f10" label="Expressed"/>
      <facetEntailment facetID="LF_39_f11" label="Expressed"/>
    </studentAnswer>
    <studentAnswer id="LF.39.397.1" answerText="2. And trace it but make it littler." accuracy="partially_correct_incomplete">
      <facetEntailment facetID="LF_39_f1" label="Expressed"/>
      <facetEntailment facetID="LF_39_f2" label="Inferred"/>
      <facetEntailment facetID="LF_39_f3" label="Inferred"/>
      <facetEntailment facetID="LF_39_f4" label="Assumed"/>
      <facetEntailment facetID="LF_39_f5" label="Unaddressed"/>
      <facetEntailment facetID="LF_39_f6" label="Unaddressed"/>
      <facetEntailment facetID="LF_39_f7" label="Unaddressed"/>
      <facetEntailment facetID="LF_39_f8" label="Assumed"/>
      <facetEntailment facetID="LF_39_f9" label="Assumed"/>
      <facetEntailment facetID="LF_39_f10" label="Assumed"/>
      <facetEntailment facetID="LF_39_f11" label="Assumed"/>
    </studentAnswer>
    <studentAnswer id="LF.39.401.1" answerText="2. Copy it in the journal. 4. Draw any boundaries that you need." accuracy="irrelevant">
      <facetEntailment facetID="LF_39_f1" label="Diff-Arg"/>
      <facetEntailment facetID="LF_39_f2" label="Unaddressed"/>
      <facetEntailment facetID="LF_39_f3" label="Unaddressed"/>
      <facetEntailment facetID="LF_39_f4" label="Assumed"/>
      <facetEntailment facetID="LF_39_f5" label="Unaddressed"/>
      <facetEntailment facetID="LF_39_f6" label="Unaddressed"/>
      <facetEntailment facetID="LF_39_f7" label="Unaddressed"/>
      <facetEntailment facetID="LF_39_f8" label="Assumed"/>
      <facetEntailment facetID="LF_39_f9" label="Assumed"/>
      <facetEntailment facetID="LF_39_f10" label="Assumed"/>
      <facetEntailment facetID="LF_39_f11" label="Assumed"/>
    </studentAnswer>
    <studentAnswer id="LF.39.403.1" answerText="2. Trace the grid with a marker on the overlay grid. 4. Color the smaller grid." accuracy="partially_correct_incomplete">
      <facetEntailment facetID="LF_39_f1" label="Diff-Arg"/>
      <facetEntailment facetID="LF_39_f2" label="Inferred"/>
      <facetEntailment facetID="LF_39_f3" label="Expressed"/>
      <facetEntailment facetID="LF_39_f4" label="Expressed"/>
      <facetEntailment facetID="LF_39_f5" label="Inferred"/>
      <facetEntailment facetID="LF_39_f6" label="Unaddressed"/>
      <facetEntailment facetID="LF_39_f7" label="Unaddressed"/>
      <facetEntailment facetID="LF_39_f8" label="Assumed"/>
      <facetEntailment facetID="LF_39_f9" label="Expressed"/>
      <facetEntailment facetID="LF_39_f10" label="Assumed"/>
      <facetEntailment facetID="LF_39_f11" label="Assumed"/>
    </studentAnswer>
    <studentAnswer id="LF.39.404.1" answerText="2. Draw your model on the overlay grid. 4. Draw it." accuracy="irrelevant">
      <facetEntailment facetID="LF_39_f1" label="Diff-Arg"/>
      <facetEntailment facetID="LF_39_f2" label="Unaddressed"/>
      <facetEntailment facetID="LF_39_f3" label="Diff-Arg"/>
      <facetEntailment facetID="LF_39_f4" label="Expressed"/>
      <facetEntailment facetID="LF_39_f5" label="Diff-Arg"/>
      <facetEntailment facetID="LF_39_f6" label="Unaddressed"/>
      <facetEntailment facetID="LF_39_f7" label="Unaddressed"/>
      <facetEntailment facetID="LF_39_f8" label="Assumed"/>
      <facetEntailment facetID="LF_39_f9" label="Assumed"/>
      <facetEntailment facetID="LF_39_f10" label="Assumed"/>
      <facetEntailment facetID="LF_39_f11" label="Assumed"/>
    </studentAnswer>
    <studentAnswer id="LF.39.417.1" answerText="2. Trace every detail to the overlay grid. 4. Make the drawing of the overlay grid on the smaller grid with the same coordinates." accuracy="correct">
      <facetEntailment facetID="LF_39_f1" label="Expressed"/>
      <facetEntailment facetID="LF_39_f2" label="Inferred"/>
      <facetEntailment facetID="LF_39_f3" label="Expressed"/>
      <facetEntailment facetID="LF_39_f4" label="Expressed"/>
      <facetEntailment facetID="LF_39_f5" label="Inferred"/>
      <facetEntailment facetID="LF_39_f6" label="Inferred"/>
      <facetEntailment facetID="LF_39_f7" label="Inferred"/>
      <facetEntailment facetID="LF_39_f8" label="Assumed"/>
      <facetEntailment facetID="LF_39_f9" label="Expressed"/>
      <facetEntailment facetID="LF_39_f10" label="Assumed"/>
      <facetEntailment facetID="LF_39_f11" label="Assumed"/>
    </studentAnswer>
    <studentAnswer id="LF.39.427.1" answerText="2. And trace it the into your book. 4. And a key." accuracy="partially_correct_incomplete">
      <facetEntailment facetID="LF_39_f1" label="Inferred"/>
      <facetEntailment facetID="LF_39_f2" label="Inferred"/>
      <facetEntailment facetID="LF_39_f3" label="Diff-Arg"/>
      <facetEntailment facetID="LF_39_f4" label="Assumed"/>
      <facetEntailment facetID="LF_39_f5" label="Unaddressed"/>
      <facetEntailment facetID="LF_39_f6" label="Unaddressed"/>
      <facetEntailment facetID="LF_39_f7" label="Unaddressed"/>
      <facetEntailment facetID="LF_39_f8" label="Assumed"/>
      <facetEntailment facetID="LF_39_f9" label="Assumed"/>
      <facetEntailment facetID="LF_39_f10" label="Assumed"/>
      <facetEntailment facetID="LF_39_f11" label="Expressed"/>
    </studentAnswer>
    <studentAnswer id="LF.39.432.1" answerText="2. Then trace it. 4. Then add detail." accuracy="partially_correct_incomplete">
      <facetEntailment facetID="LF_39_f1" label="Expressed"/>
      <facetEntailment facetID="LF_39_f2" label="Unaddressed"/>
      <facetEntailment facetID="LF_39_f3" label="Unaddressed"/>
      <facetEntailment facetID="LF_39_f4" label="Assumed"/>
      <facetEntailment facetID="LF_39_f5" label="Unaddressed"/>
      <facetEntailment facetID="LF_39_f6" label="Unaddressed"/>
      <facetEntailment facetID="LF_39_f7" label="Unaddressed"/>
      <facetEntailment facetID="LF_39_f8" label="Assumed"/>
      <facetEntailment facetID="LF_39_f9" label="Assumed"/>
      <facetEntailment facetID="LF_39_f10" label="Assumed"/>
      <facetEntailment facetID="LF_39_f11" label="Assumed"/>
    </studentAnswer>
    <studentAnswer id="LF.39.440.1" answerText="2. Do not put so much detail. 4. He can put on side on 2 pages and the other on the other 2 pages." accuracy="contradictory">
      <facetEntailment facetID="LF_39_f1" label="Contra-Infr"/>
      <facetEntailment facetID="LF_39_f2" label="Unaddressed"/>
      <facetEntailment facetID="LF_39_f3" label="Unaddressed"/>
      <facetEntailment facetID="LF_39_f4" label="Assumed"/>
      <facetEntailment facetID="LF_39_f5" label="Unaddressed"/>
      <facetEntailment facetID="LF_39_f6" label="Unaddressed"/>
      <facetEntailment facetID="LF_39_f7" label="Unaddressed"/>
      <facetEntailment facetID="LF_39_f8" label="Assumed"/>
      <facetEntailment facetID="LF_39_f9" label="Assumed"/>
      <facetEntailment facetID="LF_39_f10" label="Assumed"/>
      <facetEntailment facetID="LF_39_f11" label="Assumed"/>
    </studentAnswer>
    <studentAnswer id="LF.39.441.1" answerText="2. Copy it to his grid. 4. Copy that to the notebook." accuracy="partially_correct_incomplete">
      <facetEntailment facetID="LF_39_f1" label="Diff-Arg"/>
      <facetEntailment facetID="LF_39_f2" label="Unaddressed"/>
      <facetEntailment facetID="LF_39_f3" label="Inferred"/>
      <facetEntailment facetID="LF_39_f4" label="Assumed"/>
      <facetEntailment facetID="LF_39_f5" label="Inferred"/>
      <facetEntailment facetID="LF_39_f6" label="Unaddressed"/>
      <facetEntailment facetID="LF_39_f7" label="Unaddressed"/>
      <facetEntailment facetID="LF_39_f8" label="Assumed"/>
      <facetEntailment facetID="LF_39_f9" label="Assumed"/>
      <facetEntailment facetID="LF_39_f10" label="Assumed"/>
      <facetEntailment facetID="LF_39_f11" label="Assumed"/>
    </studentAnswer>
    <studentAnswer id="LF.39.489.1" answerText="2. Put a compass rose on the map. 4. Trace the grid on the notebook." accuracy="partially_correct_incomplete">
      <facetEntailment facetID="LF_39_f1" label="Unaddressed"/>
      <facetEntailment facetID="LF_39_f2" label="Unaddressed"/>
      <facetEntailment facetID="LF_39_f3" label="Unaddressed"/>
      <facetEntailment facetID="LF_39_f4" label="Assumed"/>
      <facetEntailment facetID="LF_39_f5" label="Inferred"/>
      <facetEntailment facetID="LF_39_f6" label="Unaddressed"/>
      <facetEntailment facetID="LF_39_f7" label="Unaddressed"/>
      <facetEntailment facetID="LF_39_f8" label="Assumed"/>
      <facetEntailment facetID="LF_39_f9" label="Assumed"/>
      <facetEntailment facetID="LF_39_f10" label="Expressed"/>
      <facetEntailment facetID="LF_39_f11" label="Assumed"/>
    </studentAnswer>
    <studentAnswer id="LF.39.509.1" answerText="2. Then trace the model. 4. You draw the map like the overlay grid." accuracy="partially_correct_incomplete">
      <facetEntailment facetID="LF_39_f1" label="Inferred"/>
      <facetEntailment facetID="LF_39_f2" label="Inferred"/>
      <facetEntailment facetID="LF_39_f3" label="Inferred"/>
      <facetEntailment facetID="LF_39_f4" label="Expressed"/>
      <facetEntailment facetID="LF_39_f5" label="Inferred"/>
      <facetEntailment facetID="LF_39_f6" label="Unaddressed"/>
      <facetEntailment facetID="LF_39_f7" label="Unaddressed"/>
      <facetEntailment facetID="LF_39_f8" label="Assumed"/>
      <facetEntailment facetID="LF_39_f9" label="Assumed"/>
      <facetEntailment facetID="LF_39_f10" label="Assumed"/>
      <facetEntailment facetID="LF_39_f11" label="Assumed"/>
    </studentAnswer>
    <studentAnswer id="LF.39.516.1" answerText="2. The trace the things like the places. 4. The draw the thing on where it is." accuracy="partially_correct_incomplete">
      <facetEntailment facetID="LF_39_f1" label="Expressed"/>
      <facetEntailment facetID="LF_39_f2" label="Inferred"/>
      <facetEntailment facetID="LF_39_f3" label="Unaddressed"/>
      <facetEntailment facetID="LF_39_f4" label="Assumed"/>
      <facetEntailment facetID="LF_39_f5" label="Inferred"/>
      <facetEntailment facetID="LF_39_f6" label="Unaddressed"/>
      <facetEntailment facetID="LF_39_f7" label="Unaddressed"/>
      <facetEntailment facetID="LF_39_f8" label="Assumed"/>
      <facetEntailment facetID="LF_39_f9" label="Assumed"/>
      <facetEntailment facetID="LF_39_f10" label="Assumed"/>
      <facetEntailment facetID="LF_39_f11" label="Assumed"/>
    </studentAnswer>
    <studentAnswer id="LF.39.533.1" answerText="2. Copy all objects from a bird's eye view. 4. See what square has what in it and copy it in the same square on the smaller one." accuracy="partially_correct_incomplete">
      <facetEntailment facetID="LF_39_f1" label="Inferred"/>
      <facetEntailment facetID="LF_39_f2" label="Inferred"/>
      <facetEntailment facetID="LF_39_f3" label="Inferred"/>
      <facetEntailment facetID="LF_39_f4" label="Assumed"/>
      <facetEntailment facetID="LF_39_f5" label="Inferred"/>
      <facetEntailment facetID="LF_39_f6" label="Expressed"/>
      <facetEntailment facetID="LF_39_f7" label="Unaddressed"/>
      <facetEntailment facetID="LF_39_f8" label="Assumed"/>
      <facetEntailment facetID="LF_39_f9" label="Assumed"/>
      <facetEntailment facetID="LF_39_f10" label="Assumed"/>
      <facetEntailment facetID="LF_39_f11" label="Assumed"/>
    </studentAnswer>
    <studentAnswer id="LF.39.552.1" answerText="2. Trace over with a marker or Sharpie. 4. Color it." accuracy="partially_correct_incomplete">
      <facetEntailment facetID="LF_39_f1" label="Inferred"/>
      <facetEntailment facetID="LF_39_f2" label="Unaddressed"/>
      <facetEntailment facetID="LF_39_f3" label="Unaddressed"/>
      <facetEntailment facetID="LF_39_f4" label="Assumed"/>
      <facetEntailment facetID="LF_39_f5" label="Unaddressed"/>
      <facetEntailment facetID="LF_39_f6" label="Unaddressed"/>
      <facetEntailment facetID="LF_39_f7" label="Unaddressed"/>
      <facetEntailment facetID="LF_39_f8" label="Assumed"/>
      <facetEntailment facetID="LF_39_f9" label="Assumed"/>
      <facetEntailment facetID="LF_39_f10" label="Assumed"/>
      <facetEntailment facetID="LF_39_f11" label="Assumed"/>
    </studentAnswer>
    <studentAnswer id="LF.39.574.1" answerText="2. Measure your photo and your notebook. 4. Then draw everything smaller onto your notebook paper." accuracy="partially_correct_incomplete">
      <facetEntailment facetID="LF_39_f1" label="Unaddressed"/>
      <facetEntailment facetID="LF_39_f2" label="Diff-Arg"/>
      <facetEntailment facetID="LF_39_f3" label="Unaddressed"/>
      <facetEntailment facetID="LF_39_f4" label="Assumed"/>
      <facetEntailment facetID="LF_39_f5" label="Inferred"/>
      <facetEntailment facetID="LF_39_f6" label="Unaddressed"/>
      <facetEntailment facetID="LF_39_f7" label="Unaddressed"/>
      <facetEntailment facetID="LF_39_f8" label="Assumed"/>
      <facetEntailment facetID="LF_39_f9" label="Assumed"/>
      <facetEntailment facetID="LF_39_f10" label="Assumed"/>
      <facetEntailment facetID="LF_39_f11" label="Expressed"/>
    </studentAnswer>
    <studentAnswer id="LF.39.577.1" answerText="2. Copy the thing under the grid on the grid. 4. Actually draw it." accuracy="partially_correct_incomplete">
      <facetEntailment facetID="LF_39_f1" label="Diff-Arg"/>
      <facetEntailment facetID="LF_39_f2" label="Inferred"/>
      <facetEntailment facetID="LF_39_f3" label="Diff-Arg"/>
      <facetEntailment facetID="LF_39_f4" label="Assumed"/>
      <facetEntailment facetID="LF_39_f5" label="Diff-Arg"/>
      <facetEntailment facetID="LF_39_f6" label="Unaddressed"/>
      <facetEntailment facetID="LF_39_f7" label="Unaddressed"/>
      <facetEntailment facetID="LF_39_f8" label="Assumed"/>
      <facetEntailment facetID="LF_39_f9" label="Assumed"/>
      <facetEntailment facetID="LF_39_f10" label="Assumed"/>
      <facetEntailment facetID="LF_39_f11" label="Assumed"/>
    </studentAnswer>
    <studentAnswer id="LF.39.579.1" answerText="2. Trace over the objects on the model. Only trace the outline of the objects. 4. Redraw the traced figures on your small grid." accuracy="partially_correct_incomplete">
      <facetEntailment facetID="LF_39_f1" label="Expressed"/>
      <facetEntailment facetID="LF_39_f2" label="Diff-Arg"/>
      <facetEntailment facetID="LF_39_f3" label="Inferred"/>
      <facetEntailment facetID="LF_39_f4" label="Assumed"/>
      <facetEntailment facetID="LF_39_f5" label="Diff-Arg"/>
      <facetEntailment facetID="LF_39_f6" label="Inferred"/>
      <facetEntailment facetID="LF_39_f7" label="Inferred"/>
      <facetEntailment facetID="LF_39_f8" label="Assumed"/>
      <facetEntailment facetID="LF_39_f9" label="Expressed"/>
      <facetEntailment facetID="LF_39_f10" label="Assumed"/>
      <facetEntailment facetID="LF_39_f11" label="Assumed"/>
    </studentAnswer>
    <studentAnswer id="LF.39.662.1" answerText="2. Label the places on the grid. 4. And label them and then color them." accuracy="irrelevant">
      <facetEntailment facetID="LF_39_f1" label="Diff-Arg"/>
      <facetEntailment facetID="LF_39_f2" label="Unaddressed"/>
      <facetEntailment facetID="LF_39_f3" label="Diff-Arg"/>
      <facetEntailment facetID="LF_39_f4" label="Assumed"/>
      <facetEntailment facetID="LF_39_f5" label="Diff-Arg"/>
      <facetEntailment facetID="LF_39_f6" label="Unaddressed"/>
      <facetEntailment facetID="LF_39_f7" label="Unaddressed"/>
      <facetEntailment facetID="LF_39_f8" label="Assumed"/>
      <facetEntailment facetID="LF_39_f9" label="Assumed"/>
      <facetEntailment facetID="LF_39_f10" label="Assumed"/>
      <facetEntailment facetID="LF_39_f11" label="Assumed"/>
    </studentAnswer>
    <studentAnswer id="LF.39.673.1" answerText="2. Trace the structures onto the overlay grid. 4. Look at the smaller grid and draw the structures in the notebook." accuracy="correct">
      <facetEntailment facetID="LF_39_f1" label="Expressed"/>
      <facetEntailment facetID="LF_39_f2" label="Inferred"/>
      <facetEntailment facetID="LF_39_f3" label="Expressed"/>
      <facetEntailment facetID="LF_39_f4" label="Expressed"/>
      <facetEntailment facetID="LF_39_f5" label="Inferred"/>
      <facetEntailment facetID="LF_39_f6" label="Inferred"/>
      <facetEntailment facetID="LF_39_f7" label="Inferred"/>
      <facetEntailment facetID="LF_39_f8" label="Assumed"/>
      <facetEntailment facetID="LF_39_f9" label="Expressed"/>
      <facetEntailment facetID="LF_39_f10" label="Expressed"/>
      <facetEntailment facetID="LF_39_f11" label="Assumed"/>
    </studentAnswer>
    <studentAnswer id="LF.39.677.1" answerText="2. Get a writing utensil. 4. Trace the model." accuracy="irrelevant">
      <facetEntailment facetID="LF_39_f1" label="Unaddressed"/>
      <facetEntailment facetID="LF_39_f2" label="Unaddressed"/>
      <facetEntailment facetID="LF_39_f3" label="Unaddressed"/>
      <facetEntailment facetID="LF_39_f4" label="Assumed"/>
      <facetEntailment facetID="LF_39_f5" label="Diff-Arg"/>
      <facetEntailment facetID="LF_39_f6" label="Unaddressed"/>
      <facetEntailment facetID="LF_39_f7" label="Unaddressed"/>
      <facetEntailment facetID="LF_39_f8" label="Assumed"/>
      <facetEntailment facetID="LF_39_f9" label="Assumed"/>
      <facetEntailment facetID="LF_39_f10" label="Assumed"/>
      <facetEntailment facetID="LF_39_f11" label="Assumed"/>
    </studentAnswer>
    <studentAnswer id="LF.39.681.1" answerText="2. Copy the pitcher onto the grid paper. 4. Make a little model that could maybe be flat then pop up." accuracy="partially_correct_incomplete">
      <facetEntailment facetID="LF_39_f1" label="Diff-Arg"/>
      <facetEntailment facetID="LF_39_f2" label="Unaddressed"/>
      <facetEntailment facetID="LF_39_f3" label="Expressed"/>
      <facetEntailment facetID="LF_39_f4" label="Assumed"/>
      <facetEntailment facetID="LF_39_f5" label="Unaddressed"/>
      <facetEntailment facetID="LF_39_f6" label="Unaddressed"/>
      <facetEntailment facetID="LF_39_f7" label="Unaddressed"/>
      <facetEntailment facetID="LF_39_f8" label="Assumed"/>
      <facetEntailment facetID="LF_39_f9" label="Assumed"/>
      <facetEntailment facetID="LF_39_f10" label="Assumed"/>
      <facetEntailment facetID="LF_39_f11" label="Assumed"/>
    </studentAnswer>
    <studentAnswer id="LF.39.732.1" answerText="2. Put everything on scale and draw a map. 4. Draw the map to look like the previous one." accuracy="irrelevant">
      <facetEntailment facetID="LF_39_f1" label="Diff-Arg"/>
      <facetEntailment facetID="LF_39_f2" label="Unaddressed"/>
      <facetEntailment facetID="LF_39_f3" label="Unaddressed"/>
      <facetEntailment facetID="LF_39_f4" label="Assumed"/>
      <facetEntailment facetID="LF_39_f5" label="Diff-Arg"/>
      <facetEntailment facetID="LF_39_f6" label="Unaddressed"/>
      <facetEntailment facetID="LF_39_f7" label="Unaddressed"/>
      <facetEntailment facetID="LF_39_f8" label="Assumed"/>
      <facetEntailment facetID="LF_39_f9" label="Assumed"/>
      <facetEntailment facetID="LF_39_f10" label="Assumed"/>
      <facetEntailment facetID="LF_39_f11" label="Assumed"/>
    </studentAnswer>
    <studentAnswer id="LF.39.734.1" answerText="2. Draw everything on the big map on the overlay grid. 4. Copy the drawings from the overlay grid on to the grid on your notebook paper." accuracy="partially_correct_incomplete">
      <facetEntailment facetID="LF_39_f1" label="Diff-Arg"/>
      <facetEntailment facetID="LF_39_f2" label="Unaddressed"/>
      <facetEntailment facetID="LF_39_f3" label="Diff-Arg"/>
      <facetEntailment facetID="LF_39_f4" label="Expressed"/>
      <facetEntailment facetID="LF_39_f5" label="Expressed"/>
      <facetEntailment facetID="LF_39_f6" label="Inferred"/>
      <facetEntailment facetID="LF_39_f7" label="Inferred"/>
      <facetEntailment facetID="LF_39_f8" label="Assumed"/>
      <facetEntailment facetID="LF_39_f9" label="Assumed"/>
      <facetEntailment facetID="LF_39_f10" label="Expressed"/>
      <facetEntailment facetID="LF_39_f11" label="Expressed"/>
    </studentAnswer>
    <studentAnswer id="LF.39.735.1" answerText="2. He can get a smaller picture of his neighbor." accuracy="irrelevant">
      <facetEntailment facetID="LF_39_f1" label="Unaddressed"/>
      <facetEntailment facetID="LF_39_f2" label="Unaddressed"/>
      <facetEntailment facetID="LF_39_f3" label="Unaddressed"/>
      <facetEntailment facetID="LF_39_f4" label="Assumed"/>
      <facetEntailment facetID="LF_39_f5" label="Unaddressed"/>
      <facetEntailment facetID="LF_39_f6" label="Unaddressed"/>
      <facetEntailment facetID="LF_39_f7" label="Unaddressed"/>
      <facetEntailment facetID="LF_39_f8" label="Assumed"/>
      <facetEntailment facetID="LF_39_f9" label="Assumed"/>
      <facetEntailment facetID="LF_39_f10" label="Assumed"/>
      <facetEntailment facetID="LF_39_f11" label="Assumed"/>
    </studentAnswer>
    <studentAnswer id="LF.39.775.1" answerText="2. Draw where everything is, on the overlay. 4. Try to copy the exact locations as the higher grid on the smaller grid." accuracy="partially_correct_incomplete">
      <facetEntailment facetID="LF_39_f1" label="Diff-Arg"/>
      <facetEntailment facetID="LF_39_f2" label="Unaddressed"/>
      <facetEntailment facetID="LF_39_f3" label="Unaddressed"/>
      <facetEntailment facetID="LF_39_f4" label="Expressed"/>
      <facetEntailment facetID="LF_39_f5" label="Inferred"/>
      <facetEntailment facetID="LF_39_f6" label="Inferred"/>
      <facetEntailment facetID="LF_39_f7" label="Inferred"/>
      <facetEntailment facetID="LF_39_f8" label="Assumed"/>
      <facetEntailment facetID="LF_39_f9" label="Expressed"/>
      <facetEntailment facetID="LF_39_f10" label="Assumed"/>
      <facetEntailment facetID="LF_39_f11" label="Assumed"/>
    </studentAnswer>
    <studentAnswer id="LF.39.780.1" answerText="2. Use the blocks and draw the picture on the blocks of the overlay sheet. 4. Draw what you have on that sheet you just did in your notebook." accuracy="partially_correct_incomplete">
      <facetEntailment facetID="LF_39_f1" label="Diff-Arg"/>
      <facetEntailment facetID="LF_39_f2" label="Unaddressed"/>
      <facetEntailment facetID="LF_39_f3" label="Unaddressed"/>
      <facetEntailment facetID="LF_39_f4" label="Diff-Arg"/>
      <facetEntailment facetID="LF_39_f5" label="Inferred"/>
      <facetEntailment facetID="LF_39_f6" label="Inferred"/>
      <facetEntailment facetID="LF_39_f7" label="Inferred"/>
      <facetEntailment facetID="LF_39_f8" label="Assumed"/>
      <facetEntailment facetID="LF_39_f9" label="Assumed"/>
      <facetEntailment facetID="LF_39_f10" label="Assumed"/>
      <facetEntailment facetID="LF_39_f11" label="Expressed"/>
    </studentAnswer>
    <studentAnswer id="LF.39.784.1" answerText="2. Trace over with marker on overlay. 4. Then draw what is on your overlay in pencil in your notebook." accuracy="partially_correct_incomplete">
      <facetEntailment facetID="LF_39_f1" label="Inferred"/>
      <facetEntailment facetID="LF_39_f2" label="Inferred"/>
      <facetEntailment facetID="LF_39_f3" label="Inferred"/>
      <facetEntailment facetID="LF_39_f4" label="Assumed"/>
      <facetEntailment facetID="LF_39_f5" label="Inferred"/>
      <facetEntailment facetID="LF_39_f6" label="Unaddressed"/>
      <facetEntailment facetID="LF_39_f7" label="Unaddressed"/>
      <facetEntailment facetID="LF_39_f8" label="Assumed"/>
      <facetEntailment facetID="LF_39_f9" label="Assumed"/>
      <facetEntailment facetID="LF_39_f10" label="Assumed"/>
      <facetEntailment facetID="LF_39_f11" label="Expressed"/>
    </studentAnswer>
    <studentAnswer id="LF.39.805.1" answerText="2. See how much square cubes on the overlay grid fit in the photograph. 2. Count how much fits in the smaller cubes." accuracy="irrelevant">
      <facetEntailment facetID="LF_39_f1" label="Unaddressed"/>
      <facetEntailment facetID="LF_39_f2" label="Unaddressed"/>
      <facetEntailment facetID="LF_39_f3" label="Unaddressed"/>
      <facetEntailment facetID="LF_39_f4" label="Expressed"/>
      <facetEntailment facetID="LF_39_f5" label="Unaddressed"/>
      <facetEntailment facetID="LF_39_f6" label="Unaddressed"/>
      <facetEntailment facetID="LF_39_f7" label="Unaddressed"/>
      <facetEntailment facetID="LF_39_f8" label="Assumed"/>
      <facetEntailment facetID="LF_39_f9" label="Assumed"/>
      <facetEntailment facetID="LF_39_f10" label="Assumed"/>
      <facetEntailment facetID="LF_39_f11" label="Assumed"/>
    </studentAnswer>
    <studentAnswer id="LF.39.820.1" answerText="2. Then draw all of it on the grid. 4. Then fix all the little problems with it." accuracy="irrelevant">
      <facetEntailment facetID="LF_39_f1" label="Diff-Arg"/>
      <facetEntailment facetID="LF_39_f2" label="Unaddressed"/>
      <facetEntailment facetID="LF_39_f3" label="Diff-Arg"/>
      <facetEntailment facetID="LF_39_f4" label="Assumed"/>
      <facetEntailment facetID="LF_39_f5" label="Unaddressed"/>
      <facetEntailment facetID="LF_39_f6" label="Unaddressed"/>
      <facetEntailment facetID="LF_39_f7" label="Unaddressed"/>
      <facetEntailment facetID="LF_39_f8" label="Assumed"/>
      <facetEntailment facetID="LF_39_f9" label="Assumed"/>
      <facetEntailment facetID="LF_39_f10" label="Assumed"/>
      <facetEntailment facetID="LF_39_f11" label="Assumed"/>
    </studentAnswer>
    <studentAnswer id="LF.39.837.1" answerText="2. Then you use a marker to trace the items on the map. 4. Do it again then color what you did." accuracy="partially_correct_incomplete">
      <facetEntailment facetID="LF_39_f1" label="Expressed"/>
      <facetEntailment facetID="LF_39_f2" label="Inferred"/>
      <facetEntailment facetID="LF_39_f3" label="Inferred"/>
      <facetEntailment facetID="LF_39_f4" label="Assumed"/>
      <facetEntailment facetID="LF_39_f5" label="Inferred"/>
      <facetEntailment facetID="LF_39_f6" label="Unaddressed"/>
      <facetEntailment facetID="LF_39_f7" label="Unaddressed"/>
      <facetEntailment facetID="LF_39_f8" label="Assumed"/>
      <facetEntailment facetID="LF_39_f9" label="Assumed"/>
      <facetEntailment facetID="LF_39_f10" label="Assumed"/>
      <facetEntailment facetID="LF_39_f11" label="Assumed"/>
    </studentAnswer>
    <studentAnswer id="LF.39.840.1" answerText="2. Draw a overlay grid. 4. Draw a map grid." accuracy="irrelevant">
      <facetEntailment facetID="LF_39_f1" label="Diff-Arg"/>
      <facetEntailment facetID="LF_39_f2" label="Unaddressed"/>
      <facetEntailment facetID="LF_39_f3" label="Unaddressed"/>
      <facetEntailment facetID="LF_39_f4" label="Expressed"/>
      <facetEntailment facetID="LF_39_f5" label="Diff-Arg"/>
      <facetEntailment facetID="LF_39_f6" label="Unaddressed"/>
      <facetEntailment facetID="LF_39_f7" label="Unaddressed"/>
      <facetEntailment facetID="LF_39_f8" label="Assumed"/>
      <facetEntailment facetID="LF_39_f9" label="Assumed"/>
      <facetEntailment facetID="LF_39_f10" label="Assumed"/>
      <facetEntailment facetID="LF_39_f11" label="Assumed"/>
    </studentAnswer>
    <studentAnswer id="LF.39.886.1" answerText="2. Draw what it looks like from the top. 4. Make the neighborhood buildings and other object smaller." accuracy="irrelevant">
      <facetEntailment facetID="LF_39_f1" label="Diff-Arg"/>
      <facetEntailment facetID="LF_39_f2" label="Diff-Arg"/>
      <facetEntailment facetID="LF_39_f3" label="Unaddressed"/>
      <facetEntailment facetID="LF_39_f4" label="Assumed"/>
      <facetEntailment facetID="LF_39_f5" label="Diff-Arg"/>
      <facetEntailment facetID="LF_39_f6" label="Unaddressed"/>
      <facetEntailment facetID="LF_39_f7" label="Unaddressed"/>
      <facetEntailment facetID="LF_39_f8" label="Assumed"/>
      <facetEntailment facetID="LF_39_f9" label="Assumed"/>
      <facetEntailment facetID="LF_39_f10" label="Assumed"/>
      <facetEntailment facetID="LF_39_f11" label="Assumed"/>
    </studentAnswer>
    <studentAnswer id="LF.39.937.1" answerText="2. Put something on the sides of the grid to hold it down. 4. Then color it." accuracy="irrelevant">
      <facetEntailment facetID="LF_39_f1" label="Unaddressed"/>
      <facetEntailment facetID="LF_39_f2" label="Unaddressed"/>
      <facetEntailment facetID="LF_39_f3" label="Unaddressed"/>
      <facetEntailment facetID="LF_39_f4" label="Assumed"/>
      <facetEntailment facetID="LF_39_f5" label="Unaddressed"/>
      <facetEntailment facetID="LF_39_f6" label="Unaddressed"/>
      <facetEntailment facetID="LF_39_f7" label="Unaddressed"/>
      <facetEntailment facetID="LF_39_f8" label="Assumed"/>
      <facetEntailment facetID="LF_39_f9" label="Assumed"/>
      <facetEntailment facetID="LF_39_f10" label="Assumed"/>
      <facetEntailment facetID="LF_39_f11" label="Assumed"/>
    </studentAnswer>
    <studentAnswer id="LF.39.940.1" answerText="2. Draw it smaller than it really is. 4. Take a farther away picture so it is small enough so it can fit in your notebooks." accuracy="irrelevant">
      <facetEntailment facetID="LF_39_f1" label="Diff-Arg"/>
      <facetEntailment facetID="LF_39_f2" label="Diff-Arg"/>
      <facetEntailment facetID="LF_39_f3" label="Unaddressed"/>
      <facetEntailment facetID="LF_39_f4" label="Assumed"/>
      <facetEntailment facetID="LF_39_f5" label="Unaddressed"/>
      <facetEntailment facetID="LF_39_f6" label="Unaddressed"/>
      <facetEntailment facetID="LF_39_f7" label="Unaddressed"/>
      <facetEntailment facetID="LF_39_f8" label="Assumed"/>
      <facetEntailment facetID="LF_39_f9" label="Assumed"/>
      <facetEntailment facetID="LF_39_f10" label="Assumed"/>
      <facetEntailment facetID="LF_39_f11" label="Expressed"/>
    </studentAnswer>
    <studentAnswer id="LF.39.992.1" answerText="2. Trace the neighborhood. 4. Transfer it." accuracy="partially_correct_incomplete">
      <facetEntailment facetID="LF_39_f1" label="Inferred"/>
      <facetEntailment facetID="LF_39_f2" label="Inferred"/>
      <facetEntailment facetID="LF_39_f3" label="Unaddressed"/>
      <facetEntailment facetID="LF_39_f4" label="Assumed"/>
      <facetEntailment facetID="LF_39_f5" label="Expressed"/>
      <facetEntailment facetID="LF_39_f6" label="Unaddressed"/>
      <facetEntailment facetID="LF_39_f7" label="Unaddressed"/>
      <facetEntailment facetID="LF_39_f8" label="Assumed"/>
      <facetEntailment facetID="LF_39_f9" label="Assumed"/>
      <facetEntailment facetID="LF_39_f10" label="Assumed"/>
      <facetEntailment facetID="LF_39_f11" label="Assumed"/>
    </studentAnswer>
  </studentAnswers>
</question>
