<?xml version="1.0"?>
<question id="LF_26b2" module="LF">
  <questionText>Pam and her family were planning a hike. Pam found 2 maps of the same area. Her friend recommended she use the topographic map when they went to the lake. Which letter (Q, R, or S) on the map is on the steepest part of the trail? (Q) How do you know it is the steepest part of the trail?</questionText>
  <referenceAnswers>
    <referenceAnswer id="LF_26b2-a1" text="The contour lines are closest together at Q.">
      <tokens>
        <token id="LF_26b2_ra1">The</token>
        <token id="LF_26b2_ra2">contour</token>
        <token id="LF_26b2_ra3">lines</token>
        <token id="LF_26b2_ra4">are</token>
        <token id="LF_26b2_ra5">closest</token>
        <token id="LF_26b2_ra6">together</token>
        <token id="LF_26b2_ra7">at</token>
        <token id="LF_26b2_ra8">Q</token>
        <token id="LF_26b2_ra9">.</token>
      </tokens>
      <facets>
        <facet id="LF_26b2_f1" govNum="LF_26b2_ra3" modNum="LF_26b2_ra2" reltn="NMod" govText="lines" modText="contour"/>
        <facet id="LF_26b2_f2" govNum="LF_26b2_ra3" modNum="LF_26b2_ra5" reltn="Be" govText="lines" modText="closest"/>
        <facet id="LF_26b2_f3" govNum="LF_26b2_ra5" modNum="LF_26b2_ra6" reltn="AMod" govText="closest" modText="together"/>
        <facet id="LF_26b2_f4" govNum="LF_26b2_ra5" modNum="LF_26b2_ra8" reltn="Location_at" govText="closest" modText="Q"/>
      </facets>
    </referenceAnswer>
  </referenceAnswers>
  <studentAnswers>
    <studentAnswer id="LF.26b2.393.1" answerText="As the contour lines get closer the mountain side gets steeper." accuracy="partially_correct_incomplete">
      <facetEntailment facetID="LF_26b2_f1" label="Expressed"/>
      <facetEntailment facetID="LF_26b2_f2" label="Expressed"/>
      <facetEntailment facetID="LF_26b2_f3" label="Inferred"/>
      <facetEntailment facetID="LF_26b2_f4" label="Unaddressed"/>
    </studentAnswer>
    <studentAnswer id="LF.26b2.403.1" answerText="The lines are close together." accuracy="partially_correct_incomplete">
      <facetEntailment facetID="LF_26b2_f1" label="Inferred"/>
      <facetEntailment facetID="LF_26b2_f2" label="Expressed"/>
      <facetEntailment facetID="LF_26b2_f3" label="Expressed"/>
      <facetEntailment facetID="LF_26b2_f4" label="Unaddressed"/>
    </studentAnswer>
    <studentAnswer id="LF.26b2.408.1" answerText="You can tell because it is at the top and it is 5000." accuracy="irrelevant">
      <facetEntailment facetID="LF_26b2_f1" label="Unaddressed"/>
      <facetEntailment facetID="LF_26b2_f2" label="Unaddressed"/>
      <facetEntailment facetID="LF_26b2_f3" label="Unaddressed"/>
      <facetEntailment facetID="LF_26b2_f4" label="Unaddressed"/>
    </studentAnswer>
    <studentAnswer id="LF.26b2.416.1" answerText="Because the contour lines are closer than the others." accuracy="partially_correct_incomplete">
      <facetEntailment facetID="LF_26b2_f1" label="Expressed"/>
      <facetEntailment facetID="LF_26b2_f2" label="Expressed"/>
      <facetEntailment facetID="LF_26b2_f3" label="Expressed"/>
      <facetEntailment facetID="LF_26b2_f4" label="Unaddressed"/>
    </studentAnswer>
    <studentAnswer id="LF.26b2.417.1" answerText="I can tell because the contour lines closer." accuracy="partially_correct_incomplete">
      <facetEntailment facetID="LF_26b2_f1" label="Expressed"/>
      <facetEntailment facetID="LF_26b2_f2" label="Expressed"/>
      <facetEntailment facetID="LF_26b2_f3" label="Expressed"/>
      <facetEntailment facetID="LF_26b2_f4" label="Unaddressed"/>
    </studentAnswer>
    <studentAnswer id="LF.26b2.421.1" answerText="S because it is closer together." accuracy="contradictory">
      <facetEntailment facetID="LF_26b2_f1" label="Inferred"/>
      <facetEntailment facetID="LF_26b2_f2" label="Expressed"/>
      <facetEntailment facetID="LF_26b2_f3" label="Expressed"/>
      <facetEntailment facetID="LF_26b2_f4" label="Contra-Expr"/>
    </studentAnswer>
    <studentAnswer id="LF.26b2.430.1" answerText="It is steeper because it is below sea level." accuracy="irrelevant">
      <facetEntailment facetID="LF_26b2_f1" label="Unaddressed"/>
      <facetEntailment facetID="LF_26b2_f2" label="Unaddressed"/>
      <facetEntailment facetID="LF_26b2_f3" label="Unaddressed"/>
      <facetEntailment facetID="LF_26b2_f4" label="Unaddressed"/>
    </studentAnswer>
    <studentAnswer id="LF.26b2.433.1" answerText="Because it looks like it is going further down than the others." accuracy="irrelevant">
      <facetEntailment facetID="LF_26b2_f1" label="Unaddressed"/>
      <facetEntailment facetID="LF_26b2_f2" label="Unaddressed"/>
      <facetEntailment facetID="LF_26b2_f3" label="Unaddressed"/>
      <facetEntailment facetID="LF_26b2_f4" label="Unaddressed"/>
    </studentAnswer>
    <studentAnswer id="LF.26b2.436.1" answerText="How do I know it is the steepest because the lines are closer." accuracy="correct">
      <facetEntailment facetID="LF_26b2_f1" label="Inferred"/>
      <facetEntailment facetID="LF_26b2_f2" label="Expressed"/>
      <facetEntailment facetID="LF_26b2_f3" label="Inferred"/>
      <facetEntailment facetID="LF_26b2_f4" label="Inferred"/>
    </studentAnswer>
    <studentAnswer id="LF.26b2.445.1" answerText="I know because Q is at the bottom of the map." accuracy="irrelevant">
      <facetEntailment facetID="LF_26b2_f1" label="Unaddressed"/>
      <facetEntailment facetID="LF_26b2_f2" label="Unaddressed"/>
      <facetEntailment facetID="LF_26b2_f3" label="Unaddressed"/>
      <facetEntailment facetID="LF_26b2_f4" label="Unaddressed"/>
    </studentAnswer>
    <studentAnswer id="LF.26b2.446.1" answerText="Because the line is closer." accuracy="partially_correct_incomplete">
      <facetEntailment facetID="LF_26b2_f1" label="Unaddressed"/>
      <facetEntailment facetID="LF_26b2_f2" label="Expressed"/>
      <facetEntailment facetID="LF_26b2_f3" label="Inferred"/>
      <facetEntailment facetID="LF_26b2_f4" label="Unaddressed"/>
    </studentAnswer>
    <studentAnswer id="LF.26b2.464.1" answerText="Because it has a line in it and probably it is a valley or something." accuracy="partially_correct_incomplete">
      <facetEntailment facetID="LF_26b2_f1" label="Inferred"/>
      <facetEntailment facetID="LF_26b2_f2" label="Unaddressed"/>
      <facetEntailment facetID="LF_26b2_f3" label="Unaddressed"/>
      <facetEntailment facetID="LF_26b2_f4" label="Unaddressed"/>
    </studentAnswer>
    <studentAnswer id="LF.26b2.476.1" answerText="Because the contour lines are close to each other." accuracy="partially_correct_incomplete">
      <facetEntailment facetID="LF_26b2_f1" label="Expressed"/>
      <facetEntailment facetID="LF_26b2_f2" label="Expressed"/>
      <facetEntailment facetID="LF_26b2_f3" label="Expressed"/>
      <facetEntailment facetID="LF_26b2_f4" label="Unaddressed"/>
    </studentAnswer>
    <studentAnswer id="LF.26b2.477.1" answerText="Because you can see that her lines has the top and it is steeper." accuracy="partially_correct_incomplete">
      <facetEntailment facetID="LF_26b2_f1" label="Inferred"/>
      <facetEntailment facetID="LF_26b2_f2" label="Unaddressed"/>
      <facetEntailment facetID="LF_26b2_f3" label="Unaddressed"/>
      <facetEntailment facetID="LF_26b2_f4" label="Unaddressed"/>
    </studentAnswer>
    <studentAnswer id="LF.26b2.479.1" answerText="Because it is in the middle and it is steeper." accuracy="irrelevant">
      <facetEntailment facetID="LF_26b2_f1" label="Unaddressed"/>
      <facetEntailment facetID="LF_26b2_f2" label="Unaddressed"/>
      <facetEntailment facetID="LF_26b2_f3" label="Unaddressed"/>
      <facetEntailment facetID="LF_26b2_f4" label="Unaddressed"/>
    </studentAnswer>
    <studentAnswer id="LF.26b2.486.1" answerText="Q is the steepest part of the map the line is close together." accuracy="correct">
      <facetEntailment facetID="LF_26b2_f1" label="Inferred"/>
      <facetEntailment facetID="LF_26b2_f2" label="Expressed"/>
      <facetEntailment facetID="LF_26b2_f3" label="Expressed"/>
      <facetEntailment facetID="LF_26b2_f4" label="Expressed"/>
    </studentAnswer>
    <studentAnswer id="LF.26b2.492.1" answerText="Because Q is moving like a snake and it is hard to go swirl like this." accuracy="irrelevant">
      <facetEntailment facetID="LF_26b2_f1" label="Unaddressed"/>
      <facetEntailment facetID="LF_26b2_f2" label="Unaddressed"/>
      <facetEntailment facetID="LF_26b2_f3" label="Unaddressed"/>
      <facetEntailment facetID="LF_26b2_f4" label="Unaddressed"/>
    </studentAnswer>
    <studentAnswer id="LF.26b2.511.1" answerText="Q. Because the contour lines are closer together to make it steeper." accuracy="correct">
      <facetEntailment facetID="LF_26b2_f1" label="Expressed"/>
      <facetEntailment facetID="LF_26b2_f2" label="Expressed"/>
      <facetEntailment facetID="LF_26b2_f3" label="Expressed"/>
      <facetEntailment facetID="LF_26b2_f4" label="Expressed"/>
    </studentAnswer>
    <studentAnswer id="LF.26b2.527.1" answerText="Because it curves going up the mountain." accuracy="irrelevant">
      <facetEntailment facetID="LF_26b2_f1" label="Unaddressed"/>
      <facetEntailment facetID="LF_26b2_f2" label="Unaddressed"/>
      <facetEntailment facetID="LF_26b2_f3" label="Unaddressed"/>
      <facetEntailment facetID="LF_26b2_f4" label="Unaddressed"/>
    </studentAnswer>
    <studentAnswer id="LF.26b2.531.1" answerText="Because the contour lines are closer together than the other R and S." accuracy="correct">
      <facetEntailment facetID="LF_26b2_f1" label="Expressed"/>
      <facetEntailment facetID="LF_26b2_f2" label="Expressed"/>
      <facetEntailment facetID="LF_26b2_f3" label="Expressed"/>
      <facetEntailment facetID="LF_26b2_f4" label="Inferred"/>
    </studentAnswer>
    <studentAnswer id="LF.26b2.537.1" answerText="Because the elevation increases and does not decrease." accuracy="irrelevant">
      <facetEntailment facetID="LF_26b2_f1" label="Unaddressed"/>
      <facetEntailment facetID="LF_26b2_f2" label="Unaddressed"/>
      <facetEntailment facetID="LF_26b2_f3" label="Unaddressed"/>
      <facetEntailment facetID="LF_26b2_f4" label="Unaddressed"/>
    </studentAnswer>
    <studentAnswer id="LF.26b2.680.1" answerText="I know because the contour lines are closer together." accuracy="partially_correct_incomplete">
      <facetEntailment facetID="LF_26b2_f1" label="Expressed"/>
      <facetEntailment facetID="LF_26b2_f2" label="Expressed"/>
      <facetEntailment facetID="LF_26b2_f3" label="Expressed"/>
      <facetEntailment facetID="LF_26b2_f4" label="Unaddressed"/>
    </studentAnswer>
    <studentAnswer id="LF.26b2.708.1" answerText="Because the lines are closer together." accuracy="partially_correct_incomplete">
      <facetEntailment facetID="LF_26b2_f1" label="Inferred"/>
      <facetEntailment facetID="LF_26b2_f2" label="Expressed"/>
      <facetEntailment facetID="LF_26b2_f3" label="Expressed"/>
      <facetEntailment facetID="LF_26b2_f4" label="Unaddressed"/>
    </studentAnswer>
    <studentAnswer id="LF.26b2.717.1" answerText="The land lines are close." accuracy="partially_correct_incomplete">
      <facetEntailment facetID="LF_26b2_f1" label="Diff-Arg"/>
      <facetEntailment facetID="LF_26b2_f2" label="Expressed"/>
      <facetEntailment facetID="LF_26b2_f3" label="Expressed"/>
      <facetEntailment facetID="LF_26b2_f4" label="Unaddressed"/>
    </studentAnswer>
    <studentAnswer id="LF.26b2.740.1" answerText="The lines are closer together." accuracy="partially_correct_incomplete">
      <facetEntailment facetID="LF_26b2_f1" label="Inferred"/>
      <facetEntailment facetID="LF_26b2_f2" label="Expressed"/>
      <facetEntailment facetID="LF_26b2_f3" label="Expressed"/>
      <facetEntailment facetID="LF_26b2_f4" label="Unaddressed"/>
    </studentAnswer>
    <studentAnswer id="LF.26b2.743.1" answerText="Because it is the straightest part." accuracy="irrelevant">
      <facetEntailment facetID="LF_26b2_f1" label="Unaddressed"/>
      <facetEntailment facetID="LF_26b2_f2" label="Unaddressed"/>
      <facetEntailment facetID="LF_26b2_f3" label="Unaddressed"/>
      <facetEntailment facetID="LF_26b2_f4" label="Unaddressed"/>
    </studentAnswer>
    <studentAnswer id="LF.26b2.778.1" answerText="The contour lines are closer together." accuracy="correct">
      <facetEntailment facetID="LF_26b2_f1" label="Expressed"/>
      <facetEntailment facetID="LF_26b2_f2" label="Expressed"/>
      <facetEntailment facetID="LF_26b2_f3" label="Expressed"/>
      <facetEntailment facetID="LF_26b2_f4" label="Inferred"/>
    </studentAnswer>
    <studentAnswer id="LF.26b2.786.1" answerText="I know because the contour lines are closer together." accuracy="partially_correct_incomplete">
      <facetEntailment facetID="LF_26b2_f1" label="Expressed"/>
      <facetEntailment facetID="LF_26b2_f2" label="Expressed"/>
      <facetEntailment facetID="LF_26b2_f3" label="Expressed"/>
      <facetEntailment facetID="LF_26b2_f4" label="Unaddressed"/>
    </studentAnswer>
    <studentAnswer id="LF.26b2.802.1" answerText="I know it is the steepest part because the contour lines are closer together." accuracy="correct">
      <facetEntailment facetID="LF_26b2_f1" label="Expressed"/>
      <facetEntailment facetID="LF_26b2_f2" label="Expressed"/>
      <facetEntailment facetID="LF_26b2_f3" label="Expressed"/>
      <facetEntailment facetID="LF_26b2_f4" label="Inferred"/>
    </studentAnswer>
    <studentAnswer id="LF.26b2.808.1" answerText="The contour lines are close together." accuracy="partially_correct_incomplete">
      <facetEntailment facetID="LF_26b2_f1" label="Expressed"/>
      <facetEntailment facetID="LF_26b2_f2" label="Expressed"/>
      <facetEntailment facetID="LF_26b2_f3" label="Expressed"/>
      <facetEntailment facetID="LF_26b2_f4" label="Unaddressed"/>
    </studentAnswer>
    <studentAnswer id="LF.26b2.814.1" answerText="I know it is the steepest part of the trail because the lines are the closest together." accuracy="correct">
      <facetEntailment facetID="LF_26b2_f1" label="Inferred"/>
      <facetEntailment facetID="LF_26b2_f2" label="Expressed"/>
      <facetEntailment facetID="LF_26b2_f3" label="Expressed"/>
      <facetEntailment facetID="LF_26b2_f4" label="Inferred"/>
    </studentAnswer>
    <studentAnswer id="LF.26b2.823.1" answerText="Because the contour lines are closer." accuracy="partially_correct_incomplete">
      <facetEntailment facetID="LF_26b2_f1" label="Expressed"/>
      <facetEntailment facetID="LF_26b2_f2" label="Expressed"/>
      <facetEntailment facetID="LF_26b2_f3" label="Expressed"/>
      <facetEntailment facetID="LF_26b2_f4" label="Unaddressed"/>
    </studentAnswer>
    <studentAnswer id="LF.26b2.838.1" answerText="Q because the place it is located." accuracy="irrelevant">
      <facetEntailment facetID="LF_26b2_f1" label="Unaddressed"/>
      <facetEntailment facetID="LF_26b2_f2" label="Unaddressed"/>
      <facetEntailment facetID="LF_26b2_f3" label="Unaddressed"/>
      <facetEntailment facetID="LF_26b2_f4" label="Unaddressed"/>
    </studentAnswer>
    <studentAnswer id="LF.26b2.839.1" answerText="Q is on the steepest part of the trail. I know this because the lines are closer together." accuracy="correct">
      <facetEntailment facetID="LF_26b2_f1" label="Inferred"/>
      <facetEntailment facetID="LF_26b2_f2" label="Expressed"/>
      <facetEntailment facetID="LF_26b2_f3" label="Expressed"/>
      <facetEntailment facetID="LF_26b2_f4" label="Expressed"/>
    </studentAnswer>
    <studentAnswer id="LF.26b2.846.1" answerText="The contour lines are close together." accuracy="partially_correct_incomplete">
      <facetEntailment facetID="LF_26b2_f1" label="Expressed"/>
      <facetEntailment facetID="LF_26b2_f2" label="Expressed"/>
      <facetEntailment facetID="LF_26b2_f3" label="Expressed"/>
      <facetEntailment facetID="LF_26b2_f4" label="Unaddressed"/>
    </studentAnswer>
    <studentAnswer id="LF.26b2.922.1" answerText="I know it is the steepest trail because the lines are close together." accuracy="correct">
      <facetEntailment facetID="LF_26b2_f1" label="Inferred"/>
      <facetEntailment facetID="LF_26b2_f2" label="Expressed"/>
      <facetEntailment facetID="LF_26b2_f3" label="Expressed"/>
      <facetEntailment facetID="LF_26b2_f4" label="Inferred"/>
    </studentAnswer>
  </studentAnswers>
</question>
