<?xml version="1.0"?>
<question id="LF_34b" module="LF">
  <questionText>Draw an arrow to show which direction the water flows in the river. (Rose Mountain is on the left and Happy Valley is on the right in the drawing.) Why do you think the water flows in that direction?</questionText>
  <referenceAnswers>
    <referenceAnswer id="LF_34b-a1" text="Water will always flow downhill (mountain to valley).">
      <tokens>
        <token id="LF_34b_ra1">Water</token>
        <token id="LF_34b_ra2">will</token>
        <token id="LF_34b_ra3">always</token>
        <token id="LF_34b_ra4">flow</token>
        <token id="LF_34b_ra5">downhill</token>
        <token id="LF_34b_ra6">(</token>
        <token id="LF_34b_ra7">mountain</token>
        <token id="LF_34b_ra8">to</token>
        <token id="LF_34b_ra9">valley</token>
        <token id="LF_34b_ra10">)</token>
        <token id="LF_34b_ra11">.</token>
      </tokens>
      <facets>
        <facet id="LF_34b_f1" govNum="LF_34b_ra4" modNum="LF_34b_ra1" reltn="Theme" govText="flow" isAssumed="true" modText="Water"/>
        <facet id="LF_34b_f2" govNum="LF_34b_ra4" modNum="LF_34b_ra3" reltn="VMod" govText="flow" modText="always"/>
        <facet id="LF_34b_f3" govNum="LF_34b_ra4" modNum="LF_34b_ra5" reltn="Direction" govText="flow" modText="downhill"/>
        <facet id="LF_34b_f4" govNum="LF_34b_ra4" modNum="LF_34b_ra7" reltn="Source" govText="flow" modText="mountain"/>
        <facet id="LF_34b_f5" govNum="LF_34b_ra4" modNum="LF_34b_ra9" reltn="Destination_to" govText="flow" modText="valley"/>
      </facets>
    </referenceAnswer>
  </referenceAnswers>
  <studentAnswers>
    <studentAnswer id="LF.34b.103.1" answerText="The river dries as it gets to the mountains." accuracy="irrelevant">
      <facetEntailment facetID="LF_34b_f1" label="Assumed"/>
      <facetEntailment facetID="LF_34b_f2" label="Unaddressed"/>
      <facetEntailment facetID="LF_34b_f3" label="Unaddressed"/>
      <facetEntailment facetID="LF_34b_f4" label="Unaddressed"/>
      <facetEntailment facetID="LF_34b_f5" label="Unaddressed"/>
    </studentAnswer>
    <studentAnswer id="LF.34b.108.1" answerText="It flows that way because you cannot make a river flow uphill." accuracy="partially_correct_incomplete">
      <facetEntailment facetID="LF_34b_f1" label="Expressed"/>
      <facetEntailment facetID="LF_34b_f2" label="Unaddressed"/>
      <facetEntailment facetID="LF_34b_f3" label="Inferred"/>
      <facetEntailment facetID="LF_34b_f4" label="Unaddressed"/>
      <facetEntailment facetID="LF_34b_f5" label="Unaddressed"/>
    </studentAnswer>
    <studentAnswer id="LF.34b.109.1" answerText="Because it starts between a valley and mountains and goes the opposite direction." accuracy="irrelevant">
      <facetEntailment facetID="LF_34b_f1" label="Expressed"/>
      <facetEntailment facetID="LF_34b_f2" label="Unaddressed"/>
      <facetEntailment facetID="LF_34b_f3" label="Unaddressed"/>
      <facetEntailment facetID="LF_34b_f4" label="Unaddressed"/>
      <facetEntailment facetID="LF_34b_f5" label="Unaddressed"/>
    </studentAnswer>
    <studentAnswer id="LF.34b.137.1" answerText="Because it flows down from the mountains." accuracy="partially_correct_incomplete">
      <facetEntailment facetID="LF_34b_f1" label="Expressed"/>
      <facetEntailment facetID="LF_34b_f2" label="Unaddressed"/>
      <facetEntailment facetID="LF_34b_f3" label="Expressed"/>
      <facetEntailment facetID="LF_34b_f4" label="Expressed"/>
      <facetEntailment facetID="LF_34b_f5" label="Unaddressed"/>
    </studentAnswer>
    <studentAnswer id="LF.34b.177.1" answerText="I think the water flows that way because it is going from happy valley to the river." accuracy="contradictory">
      <facetEntailment facetID="LF_34b_f1" label="Expressed"/>
      <facetEntailment facetID="LF_34b_f2" label="Unaddressed"/>
      <facetEntailment facetID="LF_34b_f3" label="Unaddressed"/>
      <facetEntailment facetID="LF_34b_f4" label="Unaddressed"/>
      <facetEntailment facetID="LF_34b_f5" label="Contra-Infr"/>
    </studentAnswer>
    <studentAnswer id="LF.34b.212.1" answerText="Why is that the water flows down away from the mountain." accuracy="correct">
      <facetEntailment facetID="LF_34b_f1" label="Expressed"/>
      <facetEntailment facetID="LF_34b_f2" label="Inferred"/>
      <facetEntailment facetID="LF_34b_f3" label="Expressed"/>
      <facetEntailment facetID="LF_34b_f4" label="Expressed"/>
      <facetEntailment facetID="LF_34b_f5" label="Unaddressed"/>
    </studentAnswer>
    <studentAnswer id="LF.34b.213.1" answerText="Because it is big at beginning then slowly gets smaller and branches out." accuracy="irrelevant">
      <facetEntailment facetID="LF_34b_f1" label="Assumed"/>
      <facetEntailment facetID="LF_34b_f2" label="Unaddressed"/>
      <facetEntailment facetID="LF_34b_f3" label="Unaddressed"/>
      <facetEntailment facetID="LF_34b_f4" label="Unaddressed"/>
      <facetEntailment facetID="LF_34b_f5" label="Unaddressed"/>
    </studentAnswer>
    <studentAnswer id="LF.34b.216.1" answerText="Because it goes happy valley then the river." accuracy="irrelevant">
      <facetEntailment facetID="LF_34b_f1" label="Assumed"/>
      <facetEntailment facetID="LF_34b_f2" label="Unaddressed"/>
      <facetEntailment facetID="LF_34b_f3" label="Unaddressed"/>
      <facetEntailment facetID="LF_34b_f4" label="Unaddressed"/>
      <facetEntailment facetID="LF_34b_f5" label="Unaddressed"/>
    </studentAnswer>
    <studentAnswer id="LF.34b.223.1" answerText="Because it does not go into the mountain." accuracy="contradictory">
      <facetEntailment facetID="LF_34b_f1" label="Assumed"/>
      <facetEntailment facetID="LF_34b_f2" label="Unaddressed"/>
      <facetEntailment facetID="LF_34b_f3" label="Unaddressed"/>
      <facetEntailment facetID="LF_34b_f4" label="Contra-Infr"/>
      <facetEntailment facetID="LF_34b_f5" label="Unaddressed"/>
    </studentAnswer>
    <studentAnswer id="LF.34b.225.1" answerText="The river flows from biggest to smallest. That is why." accuracy="irrelevant">
      <facetEntailment facetID="LF_34b_f1" label="Expressed"/>
      <facetEntailment facetID="LF_34b_f2" label="Unaddressed"/>
      <facetEntailment facetID="LF_34b_f3" label="Unaddressed"/>
      <facetEntailment facetID="LF_34b_f4" label="Unaddressed"/>
      <facetEntailment facetID="LF_34b_f5" label="Unaddressed"/>
    </studentAnswer>
    <studentAnswer id="LF.34b.253.1" answerText="Because rivers sometimes end in valleys." accuracy="partially_correct_incomplete">
      <facetEntailment facetID="LF_34b_f1" label="Assumed"/>
      <facetEntailment facetID="LF_34b_f2" label="Unaddressed"/>
      <facetEntailment facetID="LF_34b_f3" label="Unaddressed"/>
      <facetEntailment facetID="LF_34b_f4" label="Unaddressed"/>
      <facetEntailment facetID="LF_34b_f5" label="Expressed"/>
    </studentAnswer>
    <studentAnswer id="LF.34b.262.1" answerText="The delta." accuracy="irrelevant">
      <facetEntailment facetID="LF_34b_f1" label="Assumed"/>
      <facetEntailment facetID="LF_34b_f2" label="Unaddressed"/>
      <facetEntailment facetID="LF_34b_f3" label="Unaddressed"/>
      <facetEntailment facetID="LF_34b_f4" label="Unaddressed"/>
      <facetEntailment facetID="LF_34b_f5" label="Unaddressed"/>
    </studentAnswer>
    <studentAnswer id="LF.34b.357.1" answerText="Because the water flow to the basin which is the rose mountains." accuracy="contradictory">
      <facetEntailment facetID="LF_34b_f1" label="Expressed"/>
      <facetEntailment facetID="LF_34b_f2" label="Unaddressed"/>
      <facetEntailment facetID="LF_34b_f3" label="Unaddressed"/>
      <facetEntailment facetID="LF_34b_f4" label="Contra-Infr"/>
      <facetEntailment facetID="LF_34b_f5" label="Contra-Infr"/>
    </studentAnswer>
    <studentAnswer id="LF.34b.667.1" answerText="It flows in that direction because the water is going high land to low land." accuracy="correct">
      <facetEntailment facetID="LF_34b_f1" label="Expressed"/>
      <facetEntailment facetID="LF_34b_f2" label="Inferred"/>
      <facetEntailment facetID="LF_34b_f3" label="Expressed"/>
      <facetEntailment facetID="LF_34b_f4" label="Unaddressed"/>
      <facetEntailment facetID="LF_34b_f5" label="Unaddressed"/>
    </studentAnswer>
    <studentAnswer id="LF.34b.668.1" answerText="Maybe because the mountains are that way, or there are cracks and the water goes through." accuracy="irrelevant">
      <facetEntailment facetID="LF_34b_f1" label="Assumed"/>
      <facetEntailment facetID="LF_34b_f2" label="Unaddressed"/>
      <facetEntailment facetID="LF_34b_f3" label="Unaddressed"/>
      <facetEntailment facetID="LF_34b_f4" label="Unaddressed"/>
      <facetEntailment facetID="LF_34b_f5" label="Unaddressed"/>
    </studentAnswer>
    <studentAnswer id="LF.34b.670.1" answerText="Because the mountain is the highest peak and water flows downhill." accuracy="correct">
      <facetEntailment facetID="LF_34b_f1" label="Expressed"/>
      <facetEntailment facetID="LF_34b_f2" label="Inferred"/>
      <facetEntailment facetID="LF_34b_f3" label="Expressed"/>
      <facetEntailment facetID="LF_34b_f4" label="Expressed"/>
      <facetEntailment facetID="LF_34b_f5" label="Unaddressed"/>
    </studentAnswer>
    <studentAnswer id="LF.34b.673.1" answerText="I think that because the water flows down from the mountain first." accuracy="correct">
      <facetEntailment facetID="LF_34b_f1" label="Expressed"/>
      <facetEntailment facetID="LF_34b_f2" label="Inferred"/>
      <facetEntailment facetID="LF_34b_f3" label="Expressed"/>
      <facetEntailment facetID="LF_34b_f4" label="Expressed"/>
      <facetEntailment facetID="LF_34b_f5" label="Unaddressed"/>
    </studentAnswer>
    <studentAnswer id="LF.34b.684.1" answerText="Because there are little slots that take them that way." accuracy="irrelevant">
      <facetEntailment facetID="LF_34b_f1" label="Assumed"/>
      <facetEntailment facetID="LF_34b_f2" label="Unaddressed"/>
      <facetEntailment facetID="LF_34b_f3" label="Unaddressed"/>
      <facetEntailment facetID="LF_34b_f4" label="Unaddressed"/>
      <facetEntailment facetID="LF_34b_f5" label="Unaddressed"/>
    </studentAnswer>
    <studentAnswer id="LF.34b.707.1" answerText="I think it flows that way because rivers usually flow from valleys into mountains." accuracy="contradictory">
      <facetEntailment facetID="LF_34b_f1" label="Expressed"/>
      <facetEntailment facetID="LF_34b_f2" label="Unaddressed"/>
      <facetEntailment facetID="LF_34b_f3" label="Contra-Expr"/>
      <facetEntailment facetID="LF_34b_f4" label="Contra-Expr"/>
      <facetEntailment facetID="LF_34b_f5" label="Contra-Expr"/>
    </studentAnswer>
    <studentAnswer id="LF.34b.734.1" answerText="I think the water flows in that direction because the river is still trying to find the easiest route." accuracy="irrelevant">
      <facetEntailment facetID="LF_34b_f1" label="Expressed"/>
      <facetEntailment facetID="LF_34b_f2" label="Unaddressed"/>
      <facetEntailment facetID="LF_34b_f3" label="Unaddressed"/>
      <facetEntailment facetID="LF_34b_f4" label="Unaddressed"/>
      <facetEntailment facetID="LF_34b_f5" label="Unaddressed"/>
    </studentAnswer>
    <studentAnswer id="LF.34b.753.1" answerText="Because the earth's gravitational pull." accuracy="partially_correct_incomplete">
      <facetEntailment facetID="LF_34b_f1" label="Assumed"/>
      <facetEntailment facetID="LF_34b_f2" label="Unaddressed"/>
      <facetEntailment facetID="LF_34b_f3" label="Inferred"/>
      <facetEntailment facetID="LF_34b_f4" label="Unaddressed"/>
      <facetEntailment facetID="LF_34b_f5" label="Unaddressed"/>
    </studentAnswer>
    <studentAnswer id="LF.34b.768.1" answerText="Because the river leads to an open delta." accuracy="irrelevant">
      <facetEntailment facetID="LF_34b_f1" label="Assumed"/>
      <facetEntailment facetID="LF_34b_f2" label="Unaddressed"/>
      <facetEntailment facetID="LF_34b_f3" label="Unaddressed"/>
      <facetEntailment facetID="LF_34b_f4" label="Unaddressed"/>
      <facetEntailment facetID="LF_34b_f5" label="Unaddressed"/>
    </studentAnswer>
    <studentAnswer id="LF.34b.769.1" answerText="It flows in that direction because the mountain usually carries the water down the side of the mountain." accuracy="partially_correct_incomplete">
      <facetEntailment facetID="LF_34b_f1" label="Assumed"/>
      <facetEntailment facetID="LF_34b_f2" label="Unaddressed"/>
      <facetEntailment facetID="LF_34b_f3" label="Inferred"/>
      <facetEntailment facetID="LF_34b_f4" label="Expressed"/>
      <facetEntailment facetID="LF_34b_f5" label="Unaddressed"/>
    </studentAnswer>
    <studentAnswer id="LF.34b.776.1" answerText="I think the water flows in that direction because water cannot flow uphill." accuracy="partially_correct_incomplete">
      <facetEntailment facetID="LF_34b_f1" label="Expressed"/>
      <facetEntailment facetID="LF_34b_f2" label="Unaddressed"/>
      <facetEntailment facetID="LF_34b_f3" label="Inferred"/>
      <facetEntailment facetID="LF_34b_f4" label="Unaddressed"/>
      <facetEntailment facetID="LF_34b_f5" label="Unaddressed"/>
    </studentAnswer>
    <studentAnswer id="LF.34b.779.1" answerText="Rivers usually flow through valley. It grow weaker at the mountain because it cannot go uphill." accuracy="contradictory">
      <facetEntailment facetID="LF_34b_f1" label="Expressed"/>
      <facetEntailment facetID="LF_34b_f2" label="Inferred"/>
      <facetEntailment facetID="LF_34b_f3" label="Inferred"/>
      <facetEntailment facetID="LF_34b_f4" label="Contra-Infr"/>
      <facetEntailment facetID="LF_34b_f5" label="Expressed"/>
    </studentAnswer>
    <studentAnswer id="LF.34b.787.1" answerText="There are other little streams at that end that was formed by water." accuracy="irrelevant">
      <facetEntailment facetID="LF_34b_f1" label="Assumed"/>
      <facetEntailment facetID="LF_34b_f2" label="Unaddressed"/>
      <facetEntailment facetID="LF_34b_f3" label="Unaddressed"/>
      <facetEntailment facetID="LF_34b_f4" label="Unaddressed"/>
      <facetEntailment facetID="LF_34b_f5" label="Unaddressed"/>
    </studentAnswer>
    <studentAnswer id="LF.34b.788.1" answerText="Rivers cannot flow up mountain and valleys cannot be on mountain so it is flowing towards happy valley." accuracy="correct">
      <facetEntailment facetID="LF_34b_f1" label="Expressed"/>
      <facetEntailment facetID="LF_34b_f2" label="Inferred"/>
      <facetEntailment facetID="LF_34b_f3" label="Inferred"/>
      <facetEntailment facetID="LF_34b_f4" label="Inferred"/>
      <facetEntailment facetID="LF_34b_f5" label="Expressed"/>
    </studentAnswer>
    <studentAnswer id="LF.34b.802.1" answerText="I think that way, because the water will flow down the mountain, not up it." accuracy="partially_correct_incomplete">
      <facetEntailment facetID="LF_34b_f1" label="Expressed"/>
      <facetEntailment facetID="LF_34b_f2" label="Unaddressed"/>
      <facetEntailment facetID="LF_34b_f3" label="Expressed"/>
      <facetEntailment facetID="LF_34b_f4" label="Expressed"/>
      <facetEntailment facetID="LF_34b_f5" label="Unaddressed"/>
    </studentAnswer>
    <studentAnswer id="LF.34b.807.1" answerText="All the streams flow together forming one bigger river." accuracy="irrelevant">
      <facetEntailment facetID="LF_34b_f1" label="Expressed"/>
      <facetEntailment facetID="LF_34b_f2" label="Unaddressed"/>
      <facetEntailment facetID="LF_34b_f3" label="Unaddressed"/>
      <facetEntailment facetID="LF_34b_f4" label="Unaddressed"/>
      <facetEntailment facetID="LF_34b_f5" label="Unaddressed"/>
    </studentAnswer>
    <studentAnswer id="LF.34b.810.1" answerText="I think this because the stream is getting wider as it goes on." accuracy="irrelevant">
      <facetEntailment facetID="LF_34b_f1" label="Assumed"/>
      <facetEntailment facetID="LF_34b_f2" label="Unaddressed"/>
      <facetEntailment facetID="LF_34b_f3" label="Unaddressed"/>
      <facetEntailment facetID="LF_34b_f4" label="Unaddressed"/>
      <facetEntailment facetID="LF_34b_f5" label="Unaddressed"/>
    </studentAnswer>
    <studentAnswer id="LF.34b.811.1" answerText="Because that is downhill." accuracy="partially_correct_incomplete">
      <facetEntailment facetID="LF_34b_f1" label="Assumed"/>
      <facetEntailment facetID="LF_34b_f2" label="Unaddressed"/>
      <facetEntailment facetID="LF_34b_f3" label="Expressed"/>
      <facetEntailment facetID="LF_34b_f4" label="Unaddressed"/>
      <facetEntailment facetID="LF_34b_f5" label="Unaddressed"/>
    </studentAnswer>
    <studentAnswer id="LF.34b.817.1" answerText="I think it flows there because the river eroded the valley and the water would be flowing down the valley." accuracy="partially_correct_incomplete">
      <facetEntailment facetID="LF_34b_f1" label="Expressed"/>
      <facetEntailment facetID="LF_34b_f2" label="Unaddressed"/>
      <facetEntailment facetID="LF_34b_f3" label="Expressed"/>
      <facetEntailment facetID="LF_34b_f4" label="Unaddressed"/>
      <facetEntailment facetID="LF_34b_f5" label="Expressed"/>
    </studentAnswer>
    <studentAnswer id="LF.34b.819.1" answerText="The river gets the water from the mountain and takes it to happy valley." accuracy="partially_correct_incomplete">
      <facetEntailment facetID="LF_34b_f1" label="Expressed"/>
      <facetEntailment facetID="LF_34b_f2" label="Unaddressed"/>
      <facetEntailment facetID="LF_34b_f3" label="Expressed"/>
      <facetEntailment facetID="LF_34b_f4" label="Expressed"/>
      <facetEntailment facetID="LF_34b_f5" label="Expressed"/>
    </studentAnswer>
    <studentAnswer id="LF.34b.827.1" answerText="I think the water flows in the direction because that is where the crack is." accuracy="irrelevant">
      <facetEntailment facetID="LF_34b_f1" label="Expressed"/>
      <facetEntailment facetID="LF_34b_f2" label="Unaddressed"/>
      <facetEntailment facetID="LF_34b_f3" label="Diff-Arg"/>
      <facetEntailment facetID="LF_34b_f4" label="Unaddressed"/>
      <facetEntailment facetID="LF_34b_f5" label="Unaddressed"/>
    </studentAnswer>
    <studentAnswer id="LF.34b.840.1" answerText="I think flows in that direction because it starts small and it gets bigger." accuracy="irrelevant">
      <facetEntailment facetID="LF_34b_f1" label="Expressed"/>
      <facetEntailment facetID="LF_34b_f2" label="Unaddressed"/>
      <facetEntailment facetID="LF_34b_f3" label="Unaddressed"/>
      <facetEntailment facetID="LF_34b_f4" label="Unaddressed"/>
      <facetEntailment facetID="LF_34b_f5" label="Unaddressed"/>
    </studentAnswer>
    <studentAnswer id="LF.34b.844.1" answerText="I think the water flows in that direction because water cannot flow up a mountain." accuracy="partially_correct_incomplete">
      <facetEntailment facetID="LF_34b_f1" label="Expressed"/>
      <facetEntailment facetID="LF_34b_f2" label="Unaddressed"/>
      <facetEntailment facetID="LF_34b_f3" label="Inferred"/>
      <facetEntailment facetID="LF_34b_f4" label="Unaddressed"/>
      <facetEntailment facetID="LF_34b_f5" label="Unaddressed"/>
    </studentAnswer>
  </studentAnswers>
</question>
