<?xml version="1.0"?>
<question id="LF_27a" module="LF">
  <questionText>The change in elevation between contour line A and contour line B is 20 meters. What is the change in elevation between contour line A and contour line C? How do you know that is the change in elevation between A and C?</questionText>
  <referenceAnswers>
    <referenceAnswer id="LF_27a-a1" text="40 meters. The change in elevation is 20 meters between A and B and 20 meters between B and C. So the change between A and C is 40 meters. 20 m plus 20 m equals 40 m.">
      <tokens>
        <token id="LF_27a_ra1">40</token>
        <token id="LF_27a_ra2">meters</token>
        <token id="LF_27a_ra3">.</token>
        <token id="LF_27a_ra4">The</token>
        <token id="LF_27a_ra5">change</token>
        <token id="LF_27a_ra6">in</token>
        <token id="LF_27a_ra7">elevation</token>
        <token id="LF_27a_ra8">is</token>
        <token id="LF_27a_ra9">20</token>
        <token id="LF_27a_ra10">meters</token>
        <token id="LF_27a_ra11">between</token>
        <token id="LF_27a_ra12">A</token>
        <token id="LF_27a_ra13">and</token>
        <token id="LF_27a_ra14">B</token>
        <token id="LF_27a_ra15">and</token>
        <token id="LF_27a_ra16">20</token>
        <token id="LF_27a_ra17">meters</token>
        <token id="LF_27a_ra18">between</token>
        <token id="LF_27a_ra19">B</token>
        <token id="LF_27a_ra20">and</token>
        <token id="LF_27a_ra21">C</token>
        <token id="LF_27a_ra22">.</token>
        <token id="LF_27a_ra23">So</token>
        <token id="LF_27a_ra24">the</token>
        <token id="LF_27a_ra25">change</token>
        <token id="LF_27a_ra26">between</token>
        <token id="LF_27a_ra27">A</token>
        <token id="LF_27a_ra28">and</token>
        <token id="LF_27a_ra29">C</token>
        <token id="LF_27a_ra30">is</token>
        <token id="LF_27a_ra31">40</token>
        <token id="LF_27a_ra32">meters</token>
        <token id="LF_27a_ra33">.</token>
        <token id="LF_27a_ra34">20</token>
        <token id="LF_27a_ra35">m</token>
        <token id="LF_27a_ra36">plus</token>
        <token id="LF_27a_ra37">20</token>
        <token id="LF_27a_ra38">m</token>
        <token id="LF_27a_ra39">equals</token>
        <token id="LF_27a_ra40">40</token>
        <token id="LF_27a_ra41">m</token>
        <token id="LF_27a_ra42">.</token>
      </tokens>
      <facets>
        <facet id="LF_27a_f1" govNum="LF_27a_ra2" modNum="LF_27a_ra1" reltn="NMod" govText="meters" modText="40"/>
        <facet id="LF_27a_f2" govNum="LF_27a_ra5" modNum="LF_27a_ra7" reltn="Patient_in" govText="change" isAssumed="true" modText="elevation"/>
        <facet id="LF_27a_f3" govNum="LF_27a_ra5" modNum="LF_27a_ra10" reltn="Extent" govText="change" isAssumed="true" modText="meters"/>
        <facet id="LF_27a_f4" govNum="LF_27a_ra10" modNum="LF_27a_ra9" reltn="NMod" govText="meters" isAssumed="true" modText="20"/>
        <facet id="LF_27a_f5" govNum="LF_27a_ra5" modNum="LF_27a_ra12" reltn="Location_between" govText="change" isAssumed="true" modText="A"/>
        <facet id="LF_27a_f6" govNum="LF_27a_ra5" modNum="LF_27a_ra14" reltn="Location_between" govText="change" isAssumed="true" modText="B"/>
        <facet id="LF_27a_f7" govNum="LF_27a_ra5" modNum="LF_27a_ra17" reltn="Extent" govText="change" isAssumed="true" modText="meters"/>
        <facet id="LF_27a_f8" govNum="LF_27a_ra17" modNum="LF_27a_ra16" reltn="NMod" govText="meters" modText="20"/>
        <facet id="LF_27a_f9" govNum="LF_27a_ra5" modNum="LF_27a_ra19" reltn="Location_between" govText="change" isAssumed="true" modText="B"/>
        <facet id="LF_27a_f10" govNum="LF_27a_ra5" modNum="LF_27a_ra21" reltn="Location_between" govText="change" isAssumed="true" modText="C"/>
        <facet id="LF_27a_f11" govNum="LF_27a_ra25" modNum="LF_27a_ra32" reltn="Extent" govText="change" isAssumed="true" modText="meters"/>
        <facet id="LF_27a_f12" govNum="LF_27a_ra32" modNum="LF_27a_ra31" reltn="NMod" govText="meters" modText="40"/>
        <facet id="LF_27a_f13" govNum="LF_27a_ra25" modNum="LF_27a_ra27" reltn="Location_between" govText="change" isAssumed="true" modText="A"/>
        <facet id="LF_27a_f14" govNum="LF_27a_ra25" modNum="LF_27a_ra29" reltn="Location_between" govText="change" isAssumed="true" modText="C"/>
        <facet id="LF_27a_f15" govNum="LF_27a_ra30" modNum="LF_27a_ra8" reltn="Cause_so" childProp2Facet2="LF_27a_f4" childProp1Facet1="LF_27a_f11" govText="is" isAssumed="true" childProp1Facet2="LF_27a_f12" modText="is" childProp2Facet1="LF_27a_f3"/>
        <facet id="LF_27a_f16" govNum="LF_27a_ra36" modNum="LF_27a_ra35" reltn="Patient" govText="plus" modText="m"/>
        <facet id="LF_27a_f17" govNum="LF_27a_ra36" modNum="LF_27a_ra38" reltn="Patient" govText="plus" modText="m"/>
        <facet id="LF_27a_f18" govNum="LF_27a_ra35" modNum="LF_27a_ra34" reltn="NMod" govText="m" isAssumed="true" modText="20"/>
        <facet id="LF_27a_f19" govNum="LF_27a_ra38" modNum="LF_27a_ra34" reltn="NMod" govText="m" modText="20"/>
        <facet id="LF_27a_f20" govNum="LF_27a_ra39" modNum="LF_27a_ra36" reltn="Theme" childProp1Facet1="LF_27a_f16" govText="equals" childProp1Facet2="LF_27a_f17" modText="plus"/>
        <facet id="LF_27a_f21" govNum="LF_27a_ra39" modNum="LF_27a_ra41" reltn="Theme" govText="equals" isAssumed="true" modText="m"/>
        <facet id="LF_27a_f22" govNum="LF_27a_ra41" modNum="LF_27a_ra40" reltn="NMod" govText="m" modText="40"/>
      </facets>
    </referenceAnswer>
  </referenceAnswers>
  <studentAnswers>
    <studentAnswer id="LF.27a.391.1" answerText="40, Because between each is 20 and if you times 20 twice you will get 40." accuracy="correct">
      <facetEntailment facetID="LF_27a_f1" label="Inferred"/>
      <facetEntailment facetID="LF_27a_f2" label="Assumed"/>
      <facetEntailment facetID="LF_27a_f3" label="Assumed"/>
      <facetEntailment facetID="LF_27a_f4" label="Assumed"/>
      <facetEntailment facetID="LF_27a_f5" label="Assumed"/>
      <facetEntailment facetID="LF_27a_f6" label="Assumed"/>
      <facetEntailment facetID="LF_27a_f7" label="Assumed"/>
      <facetEntailment facetID="LF_27a_f8" label="Inferred"/>
      <facetEntailment facetID="LF_27a_f9" label="Assumed"/>
      <facetEntailment facetID="LF_27a_f10" label="Assumed"/>
      <facetEntailment facetID="LF_27a_f11" label="Assumed"/>
      <facetEntailment facetID="LF_27a_f12" label="Inferred"/>
      <facetEntailment facetID="LF_27a_f13" label="Assumed"/>
      <facetEntailment facetID="LF_27a_f14" label="Assumed"/>
      <facetEntailment facetID="LF_27a_f15" label="Assumed"/>
      <facetEntailment facetID="LF_27a_f16" label="Inferred"/>
      <facetEntailment facetID="LF_27a_f17" label="Inferred"/>
      <facetEntailment facetID="LF_27a_f18" label="Assumed"/>
      <facetEntailment facetID="LF_27a_f19" label="Inferred"/>
      <facetEntailment facetID="LF_27a_f20" label="Inferred"/>
      <facetEntailment facetID="LF_27a_f21" label="Assumed"/>
      <facetEntailment facetID="LF_27a_f22" label="Inferred"/>
    </studentAnswer>
    <studentAnswer id="LF.27a.393.1" answerText="40, C is next to B so you add 20 meters to the elevation contour line band A." accuracy="correct">
      <facetEntailment facetID="LF_27a_f1" label="Inferred"/>
      <facetEntailment facetID="LF_27a_f2" label="Assumed"/>
      <facetEntailment facetID="LF_27a_f3" label="Assumed"/>
      <facetEntailment facetID="LF_27a_f4" label="Assumed"/>
      <facetEntailment facetID="LF_27a_f5" label="Assumed"/>
      <facetEntailment facetID="LF_27a_f6" label="Assumed"/>
      <facetEntailment facetID="LF_27a_f7" label="Expressed"/>
      <facetEntailment facetID="LF_27a_f8" label="Expressed"/>
      <facetEntailment facetID="LF_27a_f9" label="Expressed"/>
      <facetEntailment facetID="LF_27a_f10" label="Expressed"/>
      <facetEntailment facetID="LF_27a_f11" label="Assumed"/>
      <facetEntailment facetID="LF_27a_f12" label="Inferred"/>
      <facetEntailment facetID="LF_27a_f13" label="Assumed"/>
      <facetEntailment facetID="LF_27a_f14" label="Assumed"/>
      <facetEntailment facetID="LF_27a_f15" label="Assumed"/>
      <facetEntailment facetID="LF_27a_f16" label="Inferred"/>
      <facetEntailment facetID="LF_27a_f17" label="Inferred"/>
      <facetEntailment facetID="LF_27a_f18" label="Assumed"/>
      <facetEntailment facetID="LF_27a_f19" label="Inferred"/>
      <facetEntailment facetID="LF_27a_f20" label="Inferred"/>
      <facetEntailment facetID="LF_27a_f21" label="Assumed"/>
      <facetEntailment facetID="LF_27a_f22" label="Inferred"/>
    </studentAnswer>
    <studentAnswer id="LF.27a.400.1" answerText="40 meters, The contour interval is 20 meters." accuracy="correct">
      <facetEntailment facetID="LF_27a_f1" label="Expressed"/>
      <facetEntailment facetID="LF_27a_f2" label="Assumed"/>
      <facetEntailment facetID="LF_27a_f3" label="Assumed"/>
      <facetEntailment facetID="LF_27a_f4" label="Expressed"/>
      <facetEntailment facetID="LF_27a_f5" label="Assumed"/>
      <facetEntailment facetID="LF_27a_f6" label="Assumed"/>
      <facetEntailment facetID="LF_27a_f7" label="Assumed"/>
      <facetEntailment facetID="LF_27a_f8" label="Inferred"/>
      <facetEntailment facetID="LF_27a_f9" label="Assumed"/>
      <facetEntailment facetID="LF_27a_f10" label="Assumed"/>
      <facetEntailment facetID="LF_27a_f11" label="Assumed"/>
      <facetEntailment facetID="LF_27a_f12" label="Inferred"/>
      <facetEntailment facetID="LF_27a_f13" label="Assumed"/>
      <facetEntailment facetID="LF_27a_f14" label="Assumed"/>
      <facetEntailment facetID="LF_27a_f15" label="Assumed"/>
      <facetEntailment facetID="LF_27a_f16" label="Inferred"/>
      <facetEntailment facetID="LF_27a_f17" label="Inferred"/>
      <facetEntailment facetID="LF_27a_f18" label="Assumed"/>
      <facetEntailment facetID="LF_27a_f19" label="Inferred"/>
      <facetEntailment facetID="LF_27a_f20" label="Inferred"/>
      <facetEntailment facetID="LF_27a_f21" label="Assumed"/>
      <facetEntailment facetID="LF_27a_f22" label="Expressed"/>
    </studentAnswer>
    <studentAnswer id="LF.27a.404.1" answerText="225, You keep adding 75." accuracy="contradictory">
      <facetEntailment facetID="LF_27a_f1" label="Contra-Infr"/>
      <facetEntailment facetID="LF_27a_f2" label="Assumed"/>
      <facetEntailment facetID="LF_27a_f3" label="Assumed"/>
      <facetEntailment facetID="LF_27a_f4" label="Assumed"/>
      <facetEntailment facetID="LF_27a_f5" label="Assumed"/>
      <facetEntailment facetID="LF_27a_f6" label="Assumed"/>
      <facetEntailment facetID="LF_27a_f7" label="Assumed"/>
      <facetEntailment facetID="LF_27a_f8" label="Contra-Infr"/>
      <facetEntailment facetID="LF_27a_f9" label="Assumed"/>
      <facetEntailment facetID="LF_27a_f10" label="Assumed"/>
      <facetEntailment facetID="LF_27a_f11" label="Assumed"/>
      <facetEntailment facetID="LF_27a_f12" label="Contra-Infr"/>
      <facetEntailment facetID="LF_27a_f13" label="Assumed"/>
      <facetEntailment facetID="LF_27a_f14" label="Assumed"/>
      <facetEntailment facetID="LF_27a_f15" label="Assumed"/>
      <facetEntailment facetID="LF_27a_f16" label="Inferred"/>
      <facetEntailment facetID="LF_27a_f17" label="Inferred"/>
      <facetEntailment facetID="LF_27a_f18" label="Contra-Infr"/>
      <facetEntailment facetID="LF_27a_f19" label="Contra-Infr"/>
      <facetEntailment facetID="LF_27a_f20" label="Inferred"/>
      <facetEntailment facetID="LF_27a_f21" label="Assumed"/>
      <facetEntailment facetID="LF_27a_f22" label="Contra-Infr"/>
    </studentAnswer>
    <studentAnswer id="LF.27a.405.1" answerText="Because it is the its spread apart." accuracy="irrelevant">
      <facetEntailment facetID="LF_27a_f1" label="Unaddressed"/>
      <facetEntailment facetID="LF_27a_f2" label="Assumed"/>
      <facetEntailment facetID="LF_27a_f3" label="Assumed"/>
      <facetEntailment facetID="LF_27a_f4" label="Assumed"/>
      <facetEntailment facetID="LF_27a_f5" label="Assumed"/>
      <facetEntailment facetID="LF_27a_f6" label="Assumed"/>
      <facetEntailment facetID="LF_27a_f7" label="Assumed"/>
      <facetEntailment facetID="LF_27a_f8" label="Unaddressed"/>
      <facetEntailment facetID="LF_27a_f9" label="Assumed"/>
      <facetEntailment facetID="LF_27a_f10" label="Assumed"/>
      <facetEntailment facetID="LF_27a_f11" label="Assumed"/>
      <facetEntailment facetID="LF_27a_f12" label="Unaddressed"/>
      <facetEntailment facetID="LF_27a_f13" label="Assumed"/>
      <facetEntailment facetID="LF_27a_f14" label="Assumed"/>
      <facetEntailment facetID="LF_27a_f15" label="Assumed"/>
      <facetEntailment facetID="LF_27a_f16" label="Unaddressed"/>
      <facetEntailment facetID="LF_27a_f17" label="Unaddressed"/>
      <facetEntailment facetID="LF_27a_f18" label="Assumed"/>
      <facetEntailment facetID="LF_27a_f19" label="Unaddressed"/>
      <facetEntailment facetID="LF_27a_f20" label="Unaddressed"/>
      <facetEntailment facetID="LF_27a_f21" label="Assumed"/>
      <facetEntailment facetID="LF_27a_f22" label="Unaddressed"/>
    </studentAnswer>
    <studentAnswer id="LF.27a.408.1" answerText="60 meters, Because it said the change in elevation from line A to B is 20 meters so that lets me know to count by 20 meters." accuracy="contradictory">
      <facetEntailment facetID="LF_27a_f1" label="Contra-Expr"/>
      <facetEntailment facetID="LF_27a_f2" label="Expressed"/>
      <facetEntailment facetID="LF_27a_f3" label="Expressed"/>
      <facetEntailment facetID="LF_27a_f4" label="Expressed"/>
      <facetEntailment facetID="LF_27a_f5" label="Expressed"/>
      <facetEntailment facetID="LF_27a_f6" label="Expressed"/>
      <facetEntailment facetID="LF_27a_f7" label="Assumed"/>
      <facetEntailment facetID="LF_27a_f8" label="Inferred"/>
      <facetEntailment facetID="LF_27a_f9" label="Assumed"/>
      <facetEntailment facetID="LF_27a_f10" label="Assumed"/>
      <facetEntailment facetID="LF_27a_f11" label="Assumed"/>
      <facetEntailment facetID="LF_27a_f12" label="Contra-Expr"/>
      <facetEntailment facetID="LF_27a_f13" label="Assumed"/>
      <facetEntailment facetID="LF_27a_f14" label="Assumed"/>
      <facetEntailment facetID="LF_27a_f15" label="Assumed"/>
      <facetEntailment facetID="LF_27a_f16" label="Inferred"/>
      <facetEntailment facetID="LF_27a_f17" label="Inferred"/>
      <facetEntailment facetID="LF_27a_f18" label="Expressed"/>
      <facetEntailment facetID="LF_27a_f19" label="Expressed"/>
      <facetEntailment facetID="LF_27a_f20" label="Inferred"/>
      <facetEntailment facetID="LF_27a_f21" label="Assumed"/>
      <facetEntailment facetID="LF_27a_f22" label="Contra-Expr"/>
    </studentAnswer>
    <studentAnswer id="LF.27a.421.1" answerText="40, Because it is 20 thought A to B and B to C." accuracy="correct">
      <facetEntailment facetID="LF_27a_f1" label="Inferred"/>
      <facetEntailment facetID="LF_27a_f2" label="Assumed"/>
      <facetEntailment facetID="LF_27a_f3" label="Assumed"/>
      <facetEntailment facetID="LF_27a_f4" label="Assumed"/>
      <facetEntailment facetID="LF_27a_f5" label="Expressed"/>
      <facetEntailment facetID="LF_27a_f6" label="Expressed"/>
      <facetEntailment facetID="LF_27a_f7" label="Assumed"/>
      <facetEntailment facetID="LF_27a_f8" label="Inferred"/>
      <facetEntailment facetID="LF_27a_f9" label="Expressed"/>
      <facetEntailment facetID="LF_27a_f10" label="Expressed"/>
      <facetEntailment facetID="LF_27a_f11" label="Assumed"/>
      <facetEntailment facetID="LF_27a_f12" label="Inferred"/>
      <facetEntailment facetID="LF_27a_f13" label="Assumed"/>
      <facetEntailment facetID="LF_27a_f14" label="Assumed"/>
      <facetEntailment facetID="LF_27a_f15" label="Assumed"/>
      <facetEntailment facetID="LF_27a_f16" label="Inferred"/>
      <facetEntailment facetID="LF_27a_f17" label="Inferred"/>
      <facetEntailment facetID="LF_27a_f18" label="Assumed"/>
      <facetEntailment facetID="LF_27a_f19" label="Inferred"/>
      <facetEntailment facetID="LF_27a_f20" label="Inferred"/>
      <facetEntailment facetID="LF_27a_f21" label="Assumed"/>
      <facetEntailment facetID="LF_27a_f22" label="Inferred"/>
    </studentAnswer>
    <studentAnswer id="LF.27a.427.1" answerText="283 meters, Because A is higher." accuracy="contradictory">
      <facetEntailment facetID="LF_27a_f1" label="Contra-Expr"/>
      <facetEntailment facetID="LF_27a_f2" label="Assumed"/>
      <facetEntailment facetID="LF_27a_f3" label="Assumed"/>
      <facetEntailment facetID="LF_27a_f4" label="Assumed"/>
      <facetEntailment facetID="LF_27a_f5" label="Assumed"/>
      <facetEntailment facetID="LF_27a_f6" label="Assumed"/>
      <facetEntailment facetID="LF_27a_f7" label="Assumed"/>
      <facetEntailment facetID="LF_27a_f8" label="Unaddressed"/>
      <facetEntailment facetID="LF_27a_f9" label="Assumed"/>
      <facetEntailment facetID="LF_27a_f10" label="Assumed"/>
      <facetEntailment facetID="LF_27a_f11" label="Assumed"/>
      <facetEntailment facetID="LF_27a_f12" label="Unaddressed"/>
      <facetEntailment facetID="LF_27a_f13" label="Assumed"/>
      <facetEntailment facetID="LF_27a_f14" label="Assumed"/>
      <facetEntailment facetID="LF_27a_f15" label="Assumed"/>
      <facetEntailment facetID="LF_27a_f16" label="Unaddressed"/>
      <facetEntailment facetID="LF_27a_f17" label="Unaddressed"/>
      <facetEntailment facetID="LF_27a_f18" label="Assumed"/>
      <facetEntailment facetID="LF_27a_f19" label="Unaddressed"/>
      <facetEntailment facetID="LF_27a_f20" label="Unaddressed"/>
      <facetEntailment facetID="LF_27a_f21" label="Assumed"/>
      <facetEntailment facetID="LF_27a_f22" label="Unaddressed"/>
    </studentAnswer>
    <studentAnswer id="LF.27a.436.1" answerText="45, Because you can tell by the lines." accuracy="contradictory">
      <facetEntailment facetID="LF_27a_f1" label="Contra-Expr"/>
      <facetEntailment facetID="LF_27a_f2" label="Assumed"/>
      <facetEntailment facetID="LF_27a_f3" label="Assumed"/>
      <facetEntailment facetID="LF_27a_f4" label="Assumed"/>
      <facetEntailment facetID="LF_27a_f5" label="Assumed"/>
      <facetEntailment facetID="LF_27a_f6" label="Assumed"/>
      <facetEntailment facetID="LF_27a_f7" label="Assumed"/>
      <facetEntailment facetID="LF_27a_f8" label="Unaddressed"/>
      <facetEntailment facetID="LF_27a_f9" label="Assumed"/>
      <facetEntailment facetID="LF_27a_f10" label="Assumed"/>
      <facetEntailment facetID="LF_27a_f11" label="Assumed"/>
      <facetEntailment facetID="LF_27a_f12" label="Unaddressed"/>
      <facetEntailment facetID="LF_27a_f13" label="Assumed"/>
      <facetEntailment facetID="LF_27a_f14" label="Assumed"/>
      <facetEntailment facetID="LF_27a_f15" label="Assumed"/>
      <facetEntailment facetID="LF_27a_f16" label="Unaddressed"/>
      <facetEntailment facetID="LF_27a_f17" label="Unaddressed"/>
      <facetEntailment facetID="LF_27a_f18" label="Assumed"/>
      <facetEntailment facetID="LF_27a_f19" label="Unaddressed"/>
      <facetEntailment facetID="LF_27a_f20" label="Unaddressed"/>
      <facetEntailment facetID="LF_27a_f21" label="Assumed"/>
      <facetEntailment facetID="LF_27a_f22" label="Unaddressed"/>
    </studentAnswer>
    <studentAnswer id="LF.27a.437.1" answerText="25 meters." accuracy="contradictory">
      <facetEntailment facetID="LF_27a_f1" label="Contra-Expr"/>
      <facetEntailment facetID="LF_27a_f2" label="Assumed"/>
      <facetEntailment facetID="LF_27a_f3" label="Assumed"/>
      <facetEntailment facetID="LF_27a_f4" label="Assumed"/>
      <facetEntailment facetID="LF_27a_f5" label="Assumed"/>
      <facetEntailment facetID="LF_27a_f6" label="Assumed"/>
      <facetEntailment facetID="LF_27a_f7" label="Assumed"/>
      <facetEntailment facetID="LF_27a_f8" label="Unaddressed"/>
      <facetEntailment facetID="LF_27a_f9" label="Assumed"/>
      <facetEntailment facetID="LF_27a_f10" label="Assumed"/>
      <facetEntailment facetID="LF_27a_f11" label="Assumed"/>
      <facetEntailment facetID="LF_27a_f12" label="Unaddressed"/>
      <facetEntailment facetID="LF_27a_f13" label="Assumed"/>
      <facetEntailment facetID="LF_27a_f14" label="Assumed"/>
      <facetEntailment facetID="LF_27a_f15" label="Assumed"/>
      <facetEntailment facetID="LF_27a_f16" label="Unaddressed"/>
      <facetEntailment facetID="LF_27a_f17" label="Unaddressed"/>
      <facetEntailment facetID="LF_27a_f18" label="Assumed"/>
      <facetEntailment facetID="LF_27a_f19" label="Unaddressed"/>
      <facetEntailment facetID="LF_27a_f20" label="Unaddressed"/>
      <facetEntailment facetID="LF_27a_f21" label="Assumed"/>
      <facetEntailment facetID="LF_27a_f22" label="Unaddressed"/>
    </studentAnswer>
    <studentAnswer id="LF.27a.444.1" answerText="30 meters, I measured with my fingers that C was half of B, and since B is 20 and half of that is 10 I added both of them together and got 30 meters." accuracy="contradictory">
      <facetEntailment facetID="LF_27a_f1" label="Contra-Expr"/>
      <facetEntailment facetID="LF_27a_f2" label="Assumed"/>
      <facetEntailment facetID="LF_27a_f3" label="Assumed"/>
      <facetEntailment facetID="LF_27a_f4" label="Assumed"/>
      <facetEntailment facetID="LF_27a_f5" label="Assumed"/>
      <facetEntailment facetID="LF_27a_f6" label="Assumed"/>
      <facetEntailment facetID="LF_27a_f7" label="Assumed"/>
      <facetEntailment facetID="LF_27a_f8" label="Contra-Expr"/>
      <facetEntailment facetID="LF_27a_f9" label="Assumed"/>
      <facetEntailment facetID="LF_27a_f10" label="Assumed"/>
      <facetEntailment facetID="LF_27a_f11" label="Assumed"/>
      <facetEntailment facetID="LF_27a_f12" label="Contra-Expr"/>
      <facetEntailment facetID="LF_27a_f13" label="Assumed"/>
      <facetEntailment facetID="LF_27a_f14" label="Assumed"/>
      <facetEntailment facetID="LF_27a_f15" label="Assumed"/>
      <facetEntailment facetID="LF_27a_f16" label="Inferred"/>
      <facetEntailment facetID="LF_27a_f17" label="Inferred"/>
      <facetEntailment facetID="LF_27a_f18" label="Assumed"/>
      <facetEntailment facetID="LF_27a_f19" label="Contra-Expr"/>
      <facetEntailment facetID="LF_27a_f20" label="Inferred"/>
      <facetEntailment facetID="LF_27a_f21" label="Assumed"/>
      <facetEntailment facetID="LF_27a_f22" label="Contra-Expr"/>
    </studentAnswer>
    <studentAnswer id="LF.27a.446.1" answerText="360, big the line of the A, B, C, D." accuracy="contradictory">
      <facetEntailment facetID="LF_27a_f1" label="Contra-Expr"/>
      <facetEntailment facetID="LF_27a_f2" label="Assumed"/>
      <facetEntailment facetID="LF_27a_f3" label="Assumed"/>
      <facetEntailment facetID="LF_27a_f4" label="Assumed"/>
      <facetEntailment facetID="LF_27a_f5" label="Assumed"/>
      <facetEntailment facetID="LF_27a_f6" label="Assumed"/>
      <facetEntailment facetID="LF_27a_f7" label="Assumed"/>
      <facetEntailment facetID="LF_27a_f8" label="Unaddressed"/>
      <facetEntailment facetID="LF_27a_f9" label="Assumed"/>
      <facetEntailment facetID="LF_27a_f10" label="Assumed"/>
      <facetEntailment facetID="LF_27a_f11" label="Assumed"/>
      <facetEntailment facetID="LF_27a_f12" label="Contra-Expr"/>
      <facetEntailment facetID="LF_27a_f13" label="Assumed"/>
      <facetEntailment facetID="LF_27a_f14" label="Assumed"/>
      <facetEntailment facetID="LF_27a_f15" label="Assumed"/>
      <facetEntailment facetID="LF_27a_f16" label="Unaddressed"/>
      <facetEntailment facetID="LF_27a_f17" label="Unaddressed"/>
      <facetEntailment facetID="LF_27a_f18" label="Assumed"/>
      <facetEntailment facetID="LF_27a_f19" label="Unaddressed"/>
      <facetEntailment facetID="LF_27a_f20" label="Unaddressed"/>
      <facetEntailment facetID="LF_27a_f21" label="Assumed"/>
      <facetEntailment facetID="LF_27a_f22" label="Unaddressed"/>
    </studentAnswer>
    <studentAnswer id="LF.27a.452.1" answerText="C, Because it said the change in elevation for A and B was 20 meters and since it 20 they might be counting by 20's so that is my answer." accuracy="partially_correct_incomplete">
      <facetEntailment facetID="LF_27a_f1" label="Unaddressed"/>
      <facetEntailment facetID="LF_27a_f2" label="Expressed"/>
      <facetEntailment facetID="LF_27a_f3" label="Expressed"/>
      <facetEntailment facetID="LF_27a_f4" label="Expressed"/>
      <facetEntailment facetID="LF_27a_f5" label="Expressed"/>
      <facetEntailment facetID="LF_27a_f6" label="Expressed"/>
      <facetEntailment facetID="LF_27a_f7" label="Assumed"/>
      <facetEntailment facetID="LF_27a_f8" label="Inferred"/>
      <facetEntailment facetID="LF_27a_f9" label="Assumed"/>
      <facetEntailment facetID="LF_27a_f10" label="Assumed"/>
      <facetEntailment facetID="LF_27a_f11" label="Assumed"/>
      <facetEntailment facetID="LF_27a_f12" label="Inferred"/>
      <facetEntailment facetID="LF_27a_f13" label="Assumed"/>
      <facetEntailment facetID="LF_27a_f14" label="Assumed"/>
      <facetEntailment facetID="LF_27a_f15" label="Assumed"/>
      <facetEntailment facetID="LF_27a_f16" label="Expressed"/>
      <facetEntailment facetID="LF_27a_f17" label="Expressed"/>
      <facetEntailment facetID="LF_27a_f18" label="Expressed"/>
      <facetEntailment facetID="LF_27a_f19" label="Inferred"/>
      <facetEntailment facetID="LF_27a_f20" label="Inferred"/>
      <facetEntailment facetID="LF_27a_f21" label="Assumed"/>
      <facetEntailment facetID="LF_27a_f22" label="Inferred"/>
    </studentAnswer>
    <studentAnswer id="LF.27a.462.1" answerText="40, because if it is like then to get to C just add another 20 meters." accuracy="correct">
      <facetEntailment facetID="LF_27a_f1" label="Inferred"/>
      <facetEntailment facetID="LF_27a_f2" label="Assumed"/>
      <facetEntailment facetID="LF_27a_f3" label="Assumed"/>
      <facetEntailment facetID="LF_27a_f4" label="Expressed"/>
      <facetEntailment facetID="LF_27a_f5" label="Assumed"/>
      <facetEntailment facetID="LF_27a_f6" label="Assumed"/>
      <facetEntailment facetID="LF_27a_f7" label="Assumed"/>
      <facetEntailment facetID="LF_27a_f8" label="Inferred"/>
      <facetEntailment facetID="LF_27a_f9" label="Assumed"/>
      <facetEntailment facetID="LF_27a_f10" label="Assumed"/>
      <facetEntailment facetID="LF_27a_f11" label="Assumed"/>
      <facetEntailment facetID="LF_27a_f12" label="Expressed"/>
      <facetEntailment facetID="LF_27a_f13" label="Assumed"/>
      <facetEntailment facetID="LF_27a_f14" label="Assumed"/>
      <facetEntailment facetID="LF_27a_f15" label="Assumed"/>
      <facetEntailment facetID="LF_27a_f16" label="Inferred"/>
      <facetEntailment facetID="LF_27a_f17" label="Inferred"/>
      <facetEntailment facetID="LF_27a_f18" label="Assumed"/>
      <facetEntailment facetID="LF_27a_f19" label="Inferred"/>
      <facetEntailment facetID="LF_27a_f20" label="Inferred"/>
      <facetEntailment facetID="LF_27a_f21" label="Assumed"/>
      <facetEntailment facetID="LF_27a_f22" label="Expressed"/>
    </studentAnswer>
    <studentAnswer id="LF.27a.468.1" answerText="30, well because if A and B equals 20 meters and B true C looked like 10 more meters and I think is 30 meters." accuracy="contradictory">
      <facetEntailment facetID="LF_27a_f1" label="Contra-Expr"/>
      <facetEntailment facetID="LF_27a_f2" label="Assumed"/>
      <facetEntailment facetID="LF_27a_f3" label="Expressed"/>
      <facetEntailment facetID="LF_27a_f4" label="Expressed"/>
      <facetEntailment facetID="LF_27a_f5" label="Expressed"/>
      <facetEntailment facetID="LF_27a_f6" label="Expressed"/>
      <facetEntailment facetID="LF_27a_f7" label="Expressed"/>
      <facetEntailment facetID="LF_27a_f8" label="Contra-Expr"/>
      <facetEntailment facetID="LF_27a_f9" label="Expressed"/>
      <facetEntailment facetID="LF_27a_f10" label="Expressed"/>
      <facetEntailment facetID="LF_27a_f11" label="Assumed"/>
      <facetEntailment facetID="LF_27a_f12" label="Contra-Expr"/>
      <facetEntailment facetID="LF_27a_f13" label="Assumed"/>
      <facetEntailment facetID="LF_27a_f14" label="Assumed"/>
      <facetEntailment facetID="LF_27a_f15" label="Assumed"/>
      <facetEntailment facetID="LF_27a_f16" label="Inferred"/>
      <facetEntailment facetID="LF_27a_f17" label="Inferred"/>
      <facetEntailment facetID="LF_27a_f18" label="Expressed"/>
      <facetEntailment facetID="LF_27a_f19" label="Contra-Expr"/>
      <facetEntailment facetID="LF_27a_f20" label="Inferred"/>
      <facetEntailment facetID="LF_27a_f21" label="Assumed"/>
      <facetEntailment facetID="LF_27a_f22" label="Contra-Expr"/>
    </studentAnswer>
    <studentAnswer id="LF.27a.471.1" answerText="30, I know because A and B is 20 meters and B to C is about 10 meters and it is almost close together." accuracy="contradictory">
      <facetEntailment facetID="LF_27a_f1" label="Contra-Expr"/>
      <facetEntailment facetID="LF_27a_f2" label="Assumed"/>
      <facetEntailment facetID="LF_27a_f3" label="Expressed"/>
      <facetEntailment facetID="LF_27a_f4" label="Expressed"/>
      <facetEntailment facetID="LF_27a_f5" label="Expressed"/>
      <facetEntailment facetID="LF_27a_f6" label="Expressed"/>
      <facetEntailment facetID="LF_27a_f7" label="Expressed"/>
      <facetEntailment facetID="LF_27a_f8" label="Contra-Expr"/>
      <facetEntailment facetID="LF_27a_f9" label="Expressed"/>
      <facetEntailment facetID="LF_27a_f10" label="Expressed"/>
      <facetEntailment facetID="LF_27a_f11" label="Expressed"/>
      <facetEntailment facetID="LF_27a_f12" label="Contra-Expr"/>
      <facetEntailment facetID="LF_27a_f13" label="Assumed"/>
      <facetEntailment facetID="LF_27a_f14" label="Assumed"/>
      <facetEntailment facetID="LF_27a_f15" label="Assumed"/>
      <facetEntailment facetID="LF_27a_f16" label="Inferred"/>
      <facetEntailment facetID="LF_27a_f17" label="Inferred"/>
      <facetEntailment facetID="LF_27a_f18" label="Assumed"/>
      <facetEntailment facetID="LF_27a_f19" label="Contra-Expr"/>
      <facetEntailment facetID="LF_27a_f20" label="Inferred"/>
      <facetEntailment facetID="LF_27a_f21" label="Assumed"/>
      <facetEntailment facetID="LF_27a_f22" label="Contra-Expr"/>
    </studentAnswer>
    <studentAnswer id="LF.27a.481.1" answerText="30, because if you could change A on B so you A and C." accuracy="contradictory">
      <facetEntailment facetID="LF_27a_f1" label="Contra-Expr"/>
      <facetEntailment facetID="LF_27a_f2" label="Assumed"/>
      <facetEntailment facetID="LF_27a_f3" label="Assumed"/>
      <facetEntailment facetID="LF_27a_f4" label="Assumed"/>
      <facetEntailment facetID="LF_27a_f5" label="Assumed"/>
      <facetEntailment facetID="LF_27a_f6" label="Assumed"/>
      <facetEntailment facetID="LF_27a_f7" label="Assumed"/>
      <facetEntailment facetID="LF_27a_f8" label="Unaddressed"/>
      <facetEntailment facetID="LF_27a_f9" label="Assumed"/>
      <facetEntailment facetID="LF_27a_f10" label="Assumed"/>
      <facetEntailment facetID="LF_27a_f11" label="Assumed"/>
      <facetEntailment facetID="LF_27a_f12" label="Unaddressed"/>
      <facetEntailment facetID="LF_27a_f13" label="Assumed"/>
      <facetEntailment facetID="LF_27a_f14" label="Assumed"/>
      <facetEntailment facetID="LF_27a_f15" label="Assumed"/>
      <facetEntailment facetID="LF_27a_f16" label="Unaddressed"/>
      <facetEntailment facetID="LF_27a_f17" label="Unaddressed"/>
      <facetEntailment facetID="LF_27a_f18" label="Assumed"/>
      <facetEntailment facetID="LF_27a_f19" label="Unaddressed"/>
      <facetEntailment facetID="LF_27a_f20" label="Unaddressed"/>
      <facetEntailment facetID="LF_27a_f21" label="Assumed"/>
      <facetEntailment facetID="LF_27a_f22" label="Unaddressed"/>
    </studentAnswer>
    <studentAnswer id="LF.27a.487.1" answerText="40 meters, now I know is if A to B is 20 meters than A to C is 40 because you add another." accuracy="correct">
      <facetEntailment facetID="LF_27a_f1" label="Expressed"/>
      <facetEntailment facetID="LF_27a_f2" label="Assumed"/>
      <facetEntailment facetID="LF_27a_f3" label="Expressed"/>
      <facetEntailment facetID="LF_27a_f4" label="Expressed"/>
      <facetEntailment facetID="LF_27a_f5" label="Expressed"/>
      <facetEntailment facetID="LF_27a_f6" label="Expressed"/>
      <facetEntailment facetID="LF_27a_f7" label="Assumed"/>
      <facetEntailment facetID="LF_27a_f8" label="Inferred"/>
      <facetEntailment facetID="LF_27a_f9" label="Assumed"/>
      <facetEntailment facetID="LF_27a_f10" label="Assumed"/>
      <facetEntailment facetID="LF_27a_f11" label="Assumed"/>
      <facetEntailment facetID="LF_27a_f12" label="Expressed"/>
      <facetEntailment facetID="LF_27a_f13" label="Expressed"/>
      <facetEntailment facetID="LF_27a_f14" label="Expressed"/>
      <facetEntailment facetID="LF_27a_f15" label="Expressed"/>
      <facetEntailment facetID="LF_27a_f16" label="Expressed"/>
      <facetEntailment facetID="LF_27a_f17" label="Expressed"/>
      <facetEntailment facetID="LF_27a_f18" label="Expressed"/>
      <facetEntailment facetID="LF_27a_f19" label="Expressed"/>
      <facetEntailment facetID="LF_27a_f20" label="Inferred"/>
      <facetEntailment facetID="LF_27a_f21" label="Assumed"/>
      <facetEntailment facetID="LF_27a_f22" label="Expressed"/>
    </studentAnswer>
    <studentAnswer id="LF.27a.492.1" answerText="A, they are closer to each other." accuracy="irrelevant">
      <facetEntailment facetID="LF_27a_f1" label="Unaddressed"/>
      <facetEntailment facetID="LF_27a_f2" label="Assumed"/>
      <facetEntailment facetID="LF_27a_f3" label="Assumed"/>
      <facetEntailment facetID="LF_27a_f4" label="Assumed"/>
      <facetEntailment facetID="LF_27a_f5" label="Assumed"/>
      <facetEntailment facetID="LF_27a_f6" label="Assumed"/>
      <facetEntailment facetID="LF_27a_f7" label="Assumed"/>
      <facetEntailment facetID="LF_27a_f8" label="Unaddressed"/>
      <facetEntailment facetID="LF_27a_f9" label="Assumed"/>
      <facetEntailment facetID="LF_27a_f10" label="Assumed"/>
      <facetEntailment facetID="LF_27a_f11" label="Assumed"/>
      <facetEntailment facetID="LF_27a_f12" label="Unaddressed"/>
      <facetEntailment facetID="LF_27a_f13" label="Assumed"/>
      <facetEntailment facetID="LF_27a_f14" label="Assumed"/>
      <facetEntailment facetID="LF_27a_f15" label="Assumed"/>
      <facetEntailment facetID="LF_27a_f16" label="Unaddressed"/>
      <facetEntailment facetID="LF_27a_f17" label="Unaddressed"/>
      <facetEntailment facetID="LF_27a_f18" label="Assumed"/>
      <facetEntailment facetID="LF_27a_f19" label="Unaddressed"/>
      <facetEntailment facetID="LF_27a_f20" label="Unaddressed"/>
      <facetEntailment facetID="LF_27a_f21" label="Assumed"/>
      <facetEntailment facetID="LF_27a_f22" label="Unaddressed"/>
    </studentAnswer>
    <studentAnswer id="LF.27a.497.1" answerText="40 meters, Because the contour numbers or lines are counting by 20 meters." accuracy="correct">
      <facetEntailment facetID="LF_27a_f1" label="Expressed"/>
      <facetEntailment facetID="LF_27a_f2" label="Expressed"/>
      <facetEntailment facetID="LF_27a_f3" label="Expressed"/>
      <facetEntailment facetID="LF_27a_f4" label="Expressed"/>
      <facetEntailment facetID="LF_27a_f5" label="Assumed"/>
      <facetEntailment facetID="LF_27a_f6" label="Assumed"/>
      <facetEntailment facetID="LF_27a_f7" label="Assumed"/>
      <facetEntailment facetID="LF_27a_f8" label="Inferred"/>
      <facetEntailment facetID="LF_27a_f9" label="Assumed"/>
      <facetEntailment facetID="LF_27a_f10" label="Assumed"/>
      <facetEntailment facetID="LF_27a_f11" label="Assumed"/>
      <facetEntailment facetID="LF_27a_f12" label="Inferred"/>
      <facetEntailment facetID="LF_27a_f13" label="Assumed"/>
      <facetEntailment facetID="LF_27a_f14" label="Assumed"/>
      <facetEntailment facetID="LF_27a_f15" label="Assumed"/>
      <facetEntailment facetID="LF_27a_f16" label="Inferred"/>
      <facetEntailment facetID="LF_27a_f17" label="Inferred"/>
      <facetEntailment facetID="LF_27a_f18" label="Expressed"/>
      <facetEntailment facetID="LF_27a_f19" label="Expressed"/>
      <facetEntailment facetID="LF_27a_f20" label="Inferred"/>
      <facetEntailment facetID="LF_27a_f21" label="Assumed"/>
      <facetEntailment facetID="LF_27a_f22" label="Expressed"/>
    </studentAnswer>
    <studentAnswer id="LF.27a.499.1" answerText="60 meters, you are just doubling it." accuracy="contradictory">
      <facetEntailment facetID="LF_27a_f1" label="Contra-Expr"/>
      <facetEntailment facetID="LF_27a_f2" label="Assumed"/>
      <facetEntailment facetID="LF_27a_f3" label="Assumed"/>
      <facetEntailment facetID="LF_27a_f4" label="Assumed"/>
      <facetEntailment facetID="LF_27a_f5" label="Assumed"/>
      <facetEntailment facetID="LF_27a_f6" label="Assumed"/>
      <facetEntailment facetID="LF_27a_f7" label="Assumed"/>
      <facetEntailment facetID="LF_27a_f8" label="Unaddressed"/>
      <facetEntailment facetID="LF_27a_f9" label="Assumed"/>
      <facetEntailment facetID="LF_27a_f10" label="Assumed"/>
      <facetEntailment facetID="LF_27a_f11" label="Assumed"/>
      <facetEntailment facetID="LF_27a_f12" label="Unaddressed"/>
      <facetEntailment facetID="LF_27a_f13" label="Assumed"/>
      <facetEntailment facetID="LF_27a_f14" label="Assumed"/>
      <facetEntailment facetID="LF_27a_f15" label="Assumed"/>
      <facetEntailment facetID="LF_27a_f16" label="Contra-Infr"/>
      <facetEntailment facetID="LF_27a_f17" label="Unaddressed"/>
      <facetEntailment facetID="LF_27a_f18" label="Assumed"/>
      <facetEntailment facetID="LF_27a_f19" label="Unaddressed"/>
      <facetEntailment facetID="LF_27a_f20" label="Inferred"/>
      <facetEntailment facetID="LF_27a_f21" label="Assumed"/>
      <facetEntailment facetID="LF_27a_f22" label="Contra-Expr"/>
    </studentAnswer>
    <studentAnswer id="LF.27a.501.1" answerText="60 meters, I labeled them. I also knew C is the third letter in the alphabet so I counted by 20 3 times." accuracy="contradictory">
      <facetEntailment facetID="LF_27a_f1" label="Contra-Expr"/>
      <facetEntailment facetID="LF_27a_f2" label="Assumed"/>
      <facetEntailment facetID="LF_27a_f3" label="Assumed"/>
      <facetEntailment facetID="LF_27a_f4" label="Assumed"/>
      <facetEntailment facetID="LF_27a_f5" label="Assumed"/>
      <facetEntailment facetID="LF_27a_f6" label="Assumed"/>
      <facetEntailment facetID="LF_27a_f7" label="Assumed"/>
      <facetEntailment facetID="LF_27a_f8" label="Inferred"/>
      <facetEntailment facetID="LF_27a_f9" label="Assumed"/>
      <facetEntailment facetID="LF_27a_f10" label="Assumed"/>
      <facetEntailment facetID="LF_27a_f11" label="Assumed"/>
      <facetEntailment facetID="LF_27a_f12" label="Contra-Infr"/>
      <facetEntailment facetID="LF_27a_f13" label="Assumed"/>
      <facetEntailment facetID="LF_27a_f14" label="Assumed"/>
      <facetEntailment facetID="LF_27a_f15" label="Assumed"/>
      <facetEntailment facetID="LF_27a_f16" label="Inferred"/>
      <facetEntailment facetID="LF_27a_f17" label="Inferred"/>
      <facetEntailment facetID="LF_27a_f18" label="Assumed"/>
      <facetEntailment facetID="LF_27a_f19" label="Inferred"/>
      <facetEntailment facetID="LF_27a_f20" label="Inferred"/>
      <facetEntailment facetID="LF_27a_f21" label="Assumed"/>
      <facetEntailment facetID="LF_27a_f22" label="Contra-Infr"/>
    </studentAnswer>
    <studentAnswer id="LF.27a.507.1" answerText="30 meters, Because if you look at A and then C. C get a lower amount by subtracting." accuracy="contradictory">
      <facetEntailment facetID="LF_27a_f1" label="Contra-Expr"/>
      <facetEntailment facetID="LF_27a_f2" label="Assumed"/>
      <facetEntailment facetID="LF_27a_f3" label="Assumed"/>
      <facetEntailment facetID="LF_27a_f4" label="Assumed"/>
      <facetEntailment facetID="LF_27a_f5" label="Assumed"/>
      <facetEntailment facetID="LF_27a_f6" label="Assumed"/>
      <facetEntailment facetID="LF_27a_f7" label="Assumed"/>
      <facetEntailment facetID="LF_27a_f8" label="Unaddressed"/>
      <facetEntailment facetID="LF_27a_f9" label="Assumed"/>
      <facetEntailment facetID="LF_27a_f10" label="Assumed"/>
      <facetEntailment facetID="LF_27a_f11" label="Assumed"/>
      <facetEntailment facetID="LF_27a_f12" label="Contra-Expr"/>
      <facetEntailment facetID="LF_27a_f13" label="Expressed"/>
      <facetEntailment facetID="LF_27a_f14" label="Expressed"/>
      <facetEntailment facetID="LF_27a_f15" label="Assumed"/>
      <facetEntailment facetID="LF_27a_f16" label="Diff-Arg"/>
      <facetEntailment facetID="LF_27a_f17" label="Diff-Arg"/>
      <facetEntailment facetID="LF_27a_f18" label="Assumed"/>
      <facetEntailment facetID="LF_27a_f19" label="Unaddressed"/>
      <facetEntailment facetID="LF_27a_f20" label="Inferred"/>
      <facetEntailment facetID="LF_27a_f21" label="Assumed"/>
      <facetEntailment facetID="LF_27a_f22" label="Contra-Expr"/>
    </studentAnswer>
    <studentAnswer id="LF.27a.510.1" answerText="40 meters, I know this because A to B is 20 meters and the next contour line is another 20 meters away it must be 40 meters." accuracy="correct">
      <facetEntailment facetID="LF_27a_f1" label="Expressed"/>
      <facetEntailment facetID="LF_27a_f2" label="Assumed"/>
      <facetEntailment facetID="LF_27a_f3" label="Expressed"/>
      <facetEntailment facetID="LF_27a_f4" label="Expressed"/>
      <facetEntailment facetID="LF_27a_f5" label="Expressed"/>
      <facetEntailment facetID="LF_27a_f6" label="Expressed"/>
      <facetEntailment facetID="LF_27a_f7" label="Expressed"/>
      <facetEntailment facetID="LF_27a_f8" label="Expressed"/>
      <facetEntailment facetID="LF_27a_f9" label="Assumed"/>
      <facetEntailment facetID="LF_27a_f10" label="Assumed"/>
      <facetEntailment facetID="LF_27a_f11" label="Expressed"/>
      <facetEntailment facetID="LF_27a_f12" label="Expressed"/>
      <facetEntailment facetID="LF_27a_f13" label="Assumed"/>
      <facetEntailment facetID="LF_27a_f14" label="Assumed"/>
      <facetEntailment facetID="LF_27a_f15" label="Assumed"/>
      <facetEntailment facetID="LF_27a_f16" label="Inferred"/>
      <facetEntailment facetID="LF_27a_f17" label="Inferred"/>
      <facetEntailment facetID="LF_27a_f18" label="Assumed"/>
      <facetEntailment facetID="LF_27a_f19" label="Inferred"/>
      <facetEntailment facetID="LF_27a_f20" label="Inferred"/>
      <facetEntailment facetID="LF_27a_f21" label="Assumed"/>
      <facetEntailment facetID="LF_27a_f22" label="Expressed"/>
    </studentAnswer>
    <studentAnswer id="LF.27a.512.1" answerText="Feet, because it has a great space between." accuracy="irrelevant">
      <facetEntailment facetID="LF_27a_f1" label="Unaddressed"/>
      <facetEntailment facetID="LF_27a_f2" label="Assumed"/>
      <facetEntailment facetID="LF_27a_f3" label="Assumed"/>
      <facetEntailment facetID="LF_27a_f4" label="Assumed"/>
      <facetEntailment facetID="LF_27a_f5" label="Assumed"/>
      <facetEntailment facetID="LF_27a_f6" label="Assumed"/>
      <facetEntailment facetID="LF_27a_f7" label="Assumed"/>
      <facetEntailment facetID="LF_27a_f8" label="Unaddressed"/>
      <facetEntailment facetID="LF_27a_f9" label="Assumed"/>
      <facetEntailment facetID="LF_27a_f10" label="Assumed"/>
      <facetEntailment facetID="LF_27a_f11" label="Assumed"/>
      <facetEntailment facetID="LF_27a_f12" label="Unaddressed"/>
      <facetEntailment facetID="LF_27a_f13" label="Assumed"/>
      <facetEntailment facetID="LF_27a_f14" label="Assumed"/>
      <facetEntailment facetID="LF_27a_f15" label="Assumed"/>
      <facetEntailment facetID="LF_27a_f16" label="Unaddressed"/>
      <facetEntailment facetID="LF_27a_f17" label="Unaddressed"/>
      <facetEntailment facetID="LF_27a_f18" label="Assumed"/>
      <facetEntailment facetID="LF_27a_f19" label="Unaddressed"/>
      <facetEntailment facetID="LF_27a_f20" label="Unaddressed"/>
      <facetEntailment facetID="LF_27a_f21" label="Assumed"/>
      <facetEntailment facetID="LF_27a_f22" label="Unaddressed"/>
    </studentAnswer>
    <studentAnswer id="LF.27a.517.1" answerText="40 meters, I know this because the contour interval is 20 meters." accuracy="correct">
      <facetEntailment facetID="LF_27a_f1" label="Expressed"/>
      <facetEntailment facetID="LF_27a_f2" label="Assumed"/>
      <facetEntailment facetID="LF_27a_f3" label="Assumed"/>
      <facetEntailment facetID="LF_27a_f4" label="Assumed"/>
      <facetEntailment facetID="LF_27a_f5" label="Assumed"/>
      <facetEntailment facetID="LF_27a_f6" label="Assumed"/>
      <facetEntailment facetID="LF_27a_f7" label="Assumed"/>
      <facetEntailment facetID="LF_27a_f8" label="Inferred"/>
      <facetEntailment facetID="LF_27a_f9" label="Assumed"/>
      <facetEntailment facetID="LF_27a_f10" label="Assumed"/>
      <facetEntailment facetID="LF_27a_f11" label="Assumed"/>
      <facetEntailment facetID="LF_27a_f12" label="Inferred"/>
      <facetEntailment facetID="LF_27a_f13" label="Assumed"/>
      <facetEntailment facetID="LF_27a_f14" label="Assumed"/>
      <facetEntailment facetID="LF_27a_f15" label="Assumed"/>
      <facetEntailment facetID="LF_27a_f16" label="Inferred"/>
      <facetEntailment facetID="LF_27a_f17" label="Inferred"/>
      <facetEntailment facetID="LF_27a_f18" label="Assumed"/>
      <facetEntailment facetID="LF_27a_f19" label="Inferred"/>
      <facetEntailment facetID="LF_27a_f20" label="Inferred"/>
      <facetEntailment facetID="LF_27a_f21" label="Assumed"/>
      <facetEntailment facetID="LF_27a_f22" label="Expressed"/>
    </studentAnswer>
    <studentAnswer id="LF.27a.664.1" answerText="40 meters, each line goes up 20 meters." accuracy="contradictory">
      <facetEntailment facetID="LF_27a_f1" label="Expressed"/>
      <facetEntailment facetID="LF_27a_f2" label="Assumed"/>
      <facetEntailment facetID="LF_27a_f3" label="Assumed"/>
      <facetEntailment facetID="LF_27a_f4" label="Contra-Expr"/>
      <facetEntailment facetID="LF_27a_f5" label="Diff-Arg"/>
      <facetEntailment facetID="LF_27a_f6" label="Diff-Arg"/>
      <facetEntailment facetID="LF_27a_f7" label="Diff-Arg"/>
      <facetEntailment facetID="LF_27a_f8" label="Inferred"/>
      <facetEntailment facetID="LF_27a_f9" label="Assumed"/>
      <facetEntailment facetID="LF_27a_f10" label="Assumed"/>
      <facetEntailment facetID="LF_27a_f11" label="Assumed"/>
      <facetEntailment facetID="LF_27a_f12" label="Inferred"/>
      <facetEntailment facetID="LF_27a_f13" label="Assumed"/>
      <facetEntailment facetID="LF_27a_f14" label="Assumed"/>
      <facetEntailment facetID="LF_27a_f15" label="Assumed"/>
      <facetEntailment facetID="LF_27a_f16" label="Inferred"/>
      <facetEntailment facetID="LF_27a_f17" label="Inferred"/>
      <facetEntailment facetID="LF_27a_f18" label="Expressed"/>
      <facetEntailment facetID="LF_27a_f19" label="Inferred"/>
      <facetEntailment facetID="LF_27a_f20" label="Unaddressed"/>
      <facetEntailment facetID="LF_27a_f21" label="Assumed"/>
      <facetEntailment facetID="LF_27a_f22" label="Expressed"/>
    </studentAnswer>
    <studentAnswer id="LF.27a.668.1" answerText="40 meters, It is counting by 20's, 0, 20, 40, 60." accuracy="correct">
      <facetEntailment facetID="LF_27a_f1" label="Expressed"/>
      <facetEntailment facetID="LF_27a_f2" label="Assumed"/>
      <facetEntailment facetID="LF_27a_f3" label="Assumed"/>
      <facetEntailment facetID="LF_27a_f4" label="Assumed"/>
      <facetEntailment facetID="LF_27a_f5" label="Assumed"/>
      <facetEntailment facetID="LF_27a_f6" label="Assumed"/>
      <facetEntailment facetID="LF_27a_f7" label="Assumed"/>
      <facetEntailment facetID="LF_27a_f8" label="Inferred"/>
      <facetEntailment facetID="LF_27a_f9" label="Assumed"/>
      <facetEntailment facetID="LF_27a_f10" label="Assumed"/>
      <facetEntailment facetID="LF_27a_f11" label="Assumed"/>
      <facetEntailment facetID="LF_27a_f12" label="Expressed"/>
      <facetEntailment facetID="LF_27a_f13" label="Assumed"/>
      <facetEntailment facetID="LF_27a_f14" label="Assumed"/>
      <facetEntailment facetID="LF_27a_f15" label="Assumed"/>
      <facetEntailment facetID="LF_27a_f16" label="Inferred"/>
      <facetEntailment facetID="LF_27a_f17" label="Inferred"/>
      <facetEntailment facetID="LF_27a_f18" label="Assumed"/>
      <facetEntailment facetID="LF_27a_f19" label="Inferred"/>
      <facetEntailment facetID="LF_27a_f20" label="Inferred"/>
      <facetEntailment facetID="LF_27a_f21" label="Assumed"/>
      <facetEntailment facetID="LF_27a_f22" label="Expressed"/>
    </studentAnswer>
    <studentAnswer id="LF.27a.676.1" answerText="40 meters, It is on an accurate scale." accuracy="partially_correct_incomplete">
      <facetEntailment facetID="LF_27a_f1" label="Expressed"/>
      <facetEntailment facetID="LF_27a_f2" label="Assumed"/>
      <facetEntailment facetID="LF_27a_f3" label="Assumed"/>
      <facetEntailment facetID="LF_27a_f4" label="Assumed"/>
      <facetEntailment facetID="LF_27a_f5" label="Assumed"/>
      <facetEntailment facetID="LF_27a_f6" label="Assumed"/>
      <facetEntailment facetID="LF_27a_f7" label="Assumed"/>
      <facetEntailment facetID="LF_27a_f8" label="Unaddressed"/>
      <facetEntailment facetID="LF_27a_f9" label="Assumed"/>
      <facetEntailment facetID="LF_27a_f10" label="Assumed"/>
      <facetEntailment facetID="LF_27a_f11" label="Assumed"/>
      <facetEntailment facetID="LF_27a_f12" label="Unaddressed"/>
      <facetEntailment facetID="LF_27a_f13" label="Assumed"/>
      <facetEntailment facetID="LF_27a_f14" label="Assumed"/>
      <facetEntailment facetID="LF_27a_f15" label="Assumed"/>
      <facetEntailment facetID="LF_27a_f16" label="Unaddressed"/>
      <facetEntailment facetID="LF_27a_f17" label="Unaddressed"/>
      <facetEntailment facetID="LF_27a_f18" label="Assumed"/>
      <facetEntailment facetID="LF_27a_f19" label="Unaddressed"/>
      <facetEntailment facetID="LF_27a_f20" label="Unaddressed"/>
      <facetEntailment facetID="LF_27a_f21" label="Assumed"/>
      <facetEntailment facetID="LF_27a_f22" label="Unaddressed"/>
    </studentAnswer>
    <studentAnswer id="LF.27a.850.1" answerText="30, I halved what A and B was." accuracy="contradictory">
      <facetEntailment facetID="LF_27a_f1" label="Contra-Expr"/>
      <facetEntailment facetID="LF_27a_f2" label="Assumed"/>
      <facetEntailment facetID="LF_27a_f3" label="Assumed"/>
      <facetEntailment facetID="LF_27a_f4" label="Assumed"/>
      <facetEntailment facetID="LF_27a_f5" label="Assumed"/>
      <facetEntailment facetID="LF_27a_f6" label="Assumed"/>
      <facetEntailment facetID="LF_27a_f7" label="Assumed"/>
      <facetEntailment facetID="LF_27a_f8" label="Contra-Infr"/>
      <facetEntailment facetID="LF_27a_f9" label="Assumed"/>
      <facetEntailment facetID="LF_27a_f10" label="Assumed"/>
      <facetEntailment facetID="LF_27a_f11" label="Assumed"/>
      <facetEntailment facetID="LF_27a_f12" label="Contra-Infr"/>
      <facetEntailment facetID="LF_27a_f13" label="Assumed"/>
      <facetEntailment facetID="LF_27a_f14" label="Assumed"/>
      <facetEntailment facetID="LF_27a_f15" label="Assumed"/>
      <facetEntailment facetID="LF_27a_f16" label="Diff-Arg"/>
      <facetEntailment facetID="LF_27a_f17" label="Unaddressed"/>
      <facetEntailment facetID="LF_27a_f18" label="Assumed"/>
      <facetEntailment facetID="LF_27a_f19" label="Unaddressed"/>
      <facetEntailment facetID="LF_27a_f20" label="Unaddressed"/>
      <facetEntailment facetID="LF_27a_f21" label="Assumed"/>
      <facetEntailment facetID="LF_27a_f22" label="Contra-Expr"/>
    </studentAnswer>
    <studentAnswer id="LF.27a.855.1" answerText="40 meters, I know this because contour intervals do not change and 20 plus 20 equals 40." accuracy="correct">
      <facetEntailment facetID="LF_27a_f1" label="Expressed"/>
      <facetEntailment facetID="LF_27a_f2" label="Assumed"/>
      <facetEntailment facetID="LF_27a_f3" label="Assumed"/>
      <facetEntailment facetID="LF_27a_f4" label="Assumed"/>
      <facetEntailment facetID="LF_27a_f5" label="Assumed"/>
      <facetEntailment facetID="LF_27a_f6" label="Assumed"/>
      <facetEntailment facetID="LF_27a_f7" label="Assumed"/>
      <facetEntailment facetID="LF_27a_f8" label="Inferred"/>
      <facetEntailment facetID="LF_27a_f9" label="Assumed"/>
      <facetEntailment facetID="LF_27a_f10" label="Assumed"/>
      <facetEntailment facetID="LF_27a_f11" label="Assumed"/>
      <facetEntailment facetID="LF_27a_f12" label="Inferred"/>
      <facetEntailment facetID="LF_27a_f13" label="Assumed"/>
      <facetEntailment facetID="LF_27a_f14" label="Assumed"/>
      <facetEntailment facetID="LF_27a_f15" label="Assumed"/>
      <facetEntailment facetID="LF_27a_f16" label="Expressed"/>
      <facetEntailment facetID="LF_27a_f17" label="Expressed"/>
      <facetEntailment facetID="LF_27a_f18" label="Expressed"/>
      <facetEntailment facetID="LF_27a_f19" label="Expressed"/>
      <facetEntailment facetID="LF_27a_f20" label="Expressed"/>
      <facetEntailment facetID="LF_27a_f21" label="Expressed"/>
      <facetEntailment facetID="LF_27a_f22" label="Expressed"/>
    </studentAnswer>
    <studentAnswer id="LF.27a.856.1" answerText="50 meters, It is double the length of B plus 10 meters." accuracy="contradictory">
      <facetEntailment facetID="LF_27a_f1" label="Contra-Expr"/>
      <facetEntailment facetID="LF_27a_f2" label="Assumed"/>
      <facetEntailment facetID="LF_27a_f3" label="Assumed"/>
      <facetEntailment facetID="LF_27a_f4" label="Assumed"/>
      <facetEntailment facetID="LF_27a_f5" label="Assumed"/>
      <facetEntailment facetID="LF_27a_f6" label="Assumed"/>
      <facetEntailment facetID="LF_27a_f7" label="Assumed"/>
      <facetEntailment facetID="LF_27a_f8" label="Unaddressed"/>
      <facetEntailment facetID="LF_27a_f9" label="Assumed"/>
      <facetEntailment facetID="LF_27a_f10" label="Assumed"/>
      <facetEntailment facetID="LF_27a_f11" label="Assumed"/>
      <facetEntailment facetID="LF_27a_f12" label="Contra-Expr"/>
      <facetEntailment facetID="LF_27a_f13" label="Assumed"/>
      <facetEntailment facetID="LF_27a_f14" label="Assumed"/>
      <facetEntailment facetID="LF_27a_f15" label="Assumed"/>
      <facetEntailment facetID="LF_27a_f16" label="Diff-Arg"/>
      <facetEntailment facetID="LF_27a_f17" label="Expressed"/>
      <facetEntailment facetID="LF_27a_f18" label="Expressed"/>
      <facetEntailment facetID="LF_27a_f19" label="Contra-Expr"/>
      <facetEntailment facetID="LF_27a_f20" label="Inferred"/>
      <facetEntailment facetID="LF_27a_f21" label="Assumed"/>
      <facetEntailment facetID="LF_27a_f22" label="Contra-Expr"/>
    </studentAnswer>
    <studentAnswer id="LF.27a.873.1" answerText="23 meters, I know because all you do is draw a line to line C." accuracy="contradictory">
      <facetEntailment facetID="LF_27a_f1" label="Contra-Expr"/>
      <facetEntailment facetID="LF_27a_f2" label="Assumed"/>
      <facetEntailment facetID="LF_27a_f3" label="Assumed"/>
      <facetEntailment facetID="LF_27a_f4" label="Assumed"/>
      <facetEntailment facetID="LF_27a_f5" label="Assumed"/>
      <facetEntailment facetID="LF_27a_f6" label="Assumed"/>
      <facetEntailment facetID="LF_27a_f7" label="Assumed"/>
      <facetEntailment facetID="LF_27a_f8" label="Unaddressed"/>
      <facetEntailment facetID="LF_27a_f9" label="Assumed"/>
      <facetEntailment facetID="LF_27a_f10" label="Assumed"/>
      <facetEntailment facetID="LF_27a_f11" label="Assumed"/>
      <facetEntailment facetID="LF_27a_f12" label="Unaddressed"/>
      <facetEntailment facetID="LF_27a_f13" label="Assumed"/>
      <facetEntailment facetID="LF_27a_f14" label="Assumed"/>
      <facetEntailment facetID="LF_27a_f15" label="Assumed"/>
      <facetEntailment facetID="LF_27a_f16" label="Unaddressed"/>
      <facetEntailment facetID="LF_27a_f17" label="Unaddressed"/>
      <facetEntailment facetID="LF_27a_f18" label="Assumed"/>
      <facetEntailment facetID="LF_27a_f19" label="Unaddressed"/>
      <facetEntailment facetID="LF_27a_f20" label="Unaddressed"/>
      <facetEntailment facetID="LF_27a_f21" label="Assumed"/>
      <facetEntailment facetID="LF_27a_f22" label="Unaddressed"/>
    </studentAnswer>
    <studentAnswer id="LF.27a.906.1" answerText="40 meters, I know because the distance between contour lines do not change." accuracy="correct">
      <facetEntailment facetID="LF_27a_f1" label="Expressed"/>
      <facetEntailment facetID="LF_27a_f2" label="Assumed"/>
      <facetEntailment facetID="LF_27a_f3" label="Assumed"/>
      <facetEntailment facetID="LF_27a_f4" label="Assumed"/>
      <facetEntailment facetID="LF_27a_f5" label="Assumed"/>
      <facetEntailment facetID="LF_27a_f6" label="Assumed"/>
      <facetEntailment facetID="LF_27a_f7" label="Assumed"/>
      <facetEntailment facetID="LF_27a_f8" label="Inferred"/>
      <facetEntailment facetID="LF_27a_f9" label="Assumed"/>
      <facetEntailment facetID="LF_27a_f10" label="Assumed"/>
      <facetEntailment facetID="LF_27a_f11" label="Assumed"/>
      <facetEntailment facetID="LF_27a_f12" label="Inferred"/>
      <facetEntailment facetID="LF_27a_f13" label="Assumed"/>
      <facetEntailment facetID="LF_27a_f14" label="Assumed"/>
      <facetEntailment facetID="LF_27a_f15" label="Assumed"/>
      <facetEntailment facetID="LF_27a_f16" label="Inferred"/>
      <facetEntailment facetID="LF_27a_f17" label="Inferred"/>
      <facetEntailment facetID="LF_27a_f18" label="Assumed"/>
      <facetEntailment facetID="LF_27a_f19" label="Inferred"/>
      <facetEntailment facetID="LF_27a_f20" label="Inferred"/>
      <facetEntailment facetID="LF_27a_f21" label="Assumed"/>
      <facetEntailment facetID="LF_27a_f22" label="Expressed"/>
    </studentAnswer>
    <studentAnswer id="LF.27a.922.1" answerText="40, I know because the distance between every line is 20, since 20 plus 20 equals 40." accuracy="correct">
      <facetEntailment facetID="LF_27a_f1" label="Inferred"/>
      <facetEntailment facetID="LF_27a_f2" label="Assumed"/>
      <facetEntailment facetID="LF_27a_f3" label="Assumed"/>
      <facetEntailment facetID="LF_27a_f4" label="Assumed"/>
      <facetEntailment facetID="LF_27a_f5" label="Assumed"/>
      <facetEntailment facetID="LF_27a_f6" label="Assumed"/>
      <facetEntailment facetID="LF_27a_f7" label="Assumed"/>
      <facetEntailment facetID="LF_27a_f8" label="Inferred"/>
      <facetEntailment facetID="LF_27a_f9" label="Assumed"/>
      <facetEntailment facetID="LF_27a_f10" label="Assumed"/>
      <facetEntailment facetID="LF_27a_f11" label="Assumed"/>
      <facetEntailment facetID="LF_27a_f12" label="Inferred"/>
      <facetEntailment facetID="LF_27a_f13" label="Assumed"/>
      <facetEntailment facetID="LF_27a_f14" label="Assumed"/>
      <facetEntailment facetID="LF_27a_f15" label="Assumed"/>
      <facetEntailment facetID="LF_27a_f16" label="Inferred"/>
      <facetEntailment facetID="LF_27a_f17" label="Inferred"/>
      <facetEntailment facetID="LF_27a_f18" label="Assumed"/>
      <facetEntailment facetID="LF_27a_f19" label="Inferred"/>
      <facetEntailment facetID="LF_27a_f20" label="Expressed"/>
      <facetEntailment facetID="LF_27a_f21" label="Assumed"/>
      <facetEntailment facetID="LF_27a_f22" label="Inferred"/>
    </studentAnswer>
    <studentAnswer id="LF.27a.937.1" answerText="40 meters, I know because the contour line is 20. So since A and B is 20 add 20 more." accuracy="correct">
      <facetEntailment facetID="LF_27a_f1" label="Expressed"/>
      <facetEntailment facetID="LF_27a_f2" label="Expressed"/>
      <facetEntailment facetID="LF_27a_f3" label="Expressed"/>
      <facetEntailment facetID="LF_27a_f4" label="Expressed"/>
      <facetEntailment facetID="LF_27a_f5" label="Expressed"/>
      <facetEntailment facetID="LF_27a_f6" label="Expressed"/>
      <facetEntailment facetID="LF_27a_f7" label="Assumed"/>
      <facetEntailment facetID="LF_27a_f8" label="Inferred"/>
      <facetEntailment facetID="LF_27a_f9" label="Assumed"/>
      <facetEntailment facetID="LF_27a_f10" label="Assumed"/>
      <facetEntailment facetID="LF_27a_f11" label="Assumed"/>
      <facetEntailment facetID="LF_27a_f12" label="Inferred"/>
      <facetEntailment facetID="LF_27a_f13" label="Assumed"/>
      <facetEntailment facetID="LF_27a_f14" label="Assumed"/>
      <facetEntailment facetID="LF_27a_f15" label="Assumed"/>
      <facetEntailment facetID="LF_27a_f16" label="Inferred"/>
      <facetEntailment facetID="LF_27a_f17" label="Inferred"/>
      <facetEntailment facetID="LF_27a_f18" label="Assumed"/>
      <facetEntailment facetID="LF_27a_f19" label="Inferred"/>
      <facetEntailment facetID="LF_27a_f20" label="Inferred"/>
      <facetEntailment facetID="LF_27a_f21" label="Assumed"/>
      <facetEntailment facetID="LF_27a_f22" label="Expressed"/>
    </studentAnswer>
  </studentAnswers>
</question>
