<?xml version="1.0"?>
<question id="LF_13a" module="LF">
  <questionText>What happens to earth materials during deposition?</questionText>
  <referenceAnswers>
    <referenceAnswer id="LF_13a-a1" text="Earth materials settle out during deposition.">
      <tokens>
        <token id="LF_13a_ra1">Earth</token>
        <token id="LF_13a_ra2">materials</token>
        <token id="LF_13a_ra3">settle</token>
        <token id="LF_13a_ra4">out</token>
        <token id="LF_13a_ra5">during</token>
        <token id="LF_13a_ra6">deposition</token>
        <token id="LF_13a_ra7">.</token>
      </tokens>
      <facets>
        <facet id="LF_13a_f1" govNum="LF_13a_ra2" modNum="LF_13a_ra1" reltn="NMod" govText="materials" isAssumed="true" modText="Earth"/>
        <facet id="LF_13a_f2" govNum="LF_13a_ra3" modNum="LF_13a_ra2" reltn="Theme" govText="settle out" modText="materials"/>
        <facet id="LF_13a_f3" govNum="LF_13a_ra3" modNum="LF_13a_ra6" reltn="Time_during" govText="settle out" modText="deposition"/>
      </facets>
    </referenceAnswer>
  </referenceAnswers>
  <studentAnswers>
    <studentAnswer id="LF.13a.384.1" answerText="Earth material get deposited and forms a delta." accuracy="correct">
      <facetEntailment facetID="LF_13a_f1" label="Expressed"/>
      <facetEntailment facetID="LF_13a_f2" label="Expressed"/>
      <facetEntailment facetID="LF_13a_f3" label="Inferred"/>
    </studentAnswer>
    <studentAnswer id="LF.13a.394.1" answerText="It goes to a different place." accuracy="correct">
      <facetEntailment facetID="LF_13a_f1" label="Assumed"/>
      <facetEntailment facetID="LF_13a_f2" label="Inferred"/>
      <facetEntailment facetID="LF_13a_f3" label="Inferred"/>
    </studentAnswer>
    <studentAnswer id="LF.13a.404.1" answerText="Earth material gets deposited to another place." accuracy="correct">
      <facetEntailment facetID="LF_13a_f1" label="Expressed"/>
      <facetEntailment facetID="LF_13a_f2" label="Expressed"/>
      <facetEntailment facetID="LF_13a_f3" label="Expressed"/>
    </studentAnswer>
    <studentAnswer id="LF.13a.418.1" answerText="They go to a different place." accuracy="irrelevant">
      <facetEntailment facetID="LF_13a_f1" label="Assumed"/>
      <facetEntailment facetID="LF_13a_f2" label="Unaddressed"/>
      <facetEntailment facetID="LF_13a_f3" label="Unaddressed"/>
    </studentAnswer>
    <studentAnswer id="LF.13a.419.1" answerText="The materials like burst away." accuracy="contradictory">
      <facetEntailment facetID="LF_13a_f1" label="Assumed"/>
      <facetEntailment facetID="LF_13a_f2" label="Contra-Infr"/>
      <facetEntailment facetID="LF_13a_f3" label="Unaddressed"/>
    </studentAnswer>
    <studentAnswer id="LF.13a.435.1" answerText="The earth materials that were weathered away by the erosion flow farther in water or just move away from where they were." accuracy="contradictory">
      <facetEntailment facetID="LF_13a_f1" label="Expressed"/>
      <facetEntailment facetID="LF_13a_f2" label="Contra-Infr"/>
      <facetEntailment facetID="LF_13a_f3" label="Diff-Arg"/>
    </studentAnswer>
    <studentAnswer id="LF.13a.441.1" answerText="During deposition earth materials are moved to different places." accuracy="partially_correct_incomplete">
      <facetEntailment facetID="LF_13a_f1" label="Expressed"/>
      <facetEntailment facetID="LF_13a_f2" label="Inferred"/>
      <facetEntailment facetID="LF_13a_f3" label="Diff-Arg"/>
    </studentAnswer>
    <studentAnswer id="LF.13a.444.1" answerText="The eroded earth materials during deposition get deposited to a different area." accuracy="correct">
      <facetEntailment facetID="LF_13a_f1" label="Expressed"/>
      <facetEntailment facetID="LF_13a_f2" label="Expressed"/>
      <facetEntailment facetID="LF_13a_f3" label="Expressed"/>
    </studentAnswer>
    <studentAnswer id="LF.13a.452.1" answerText="The earth material gets worn away." accuracy="contradictory">
      <facetEntailment facetID="LF_13a_f1" label="Expressed"/>
      <facetEntailment facetID="LF_13a_f2" label="Contra-Infr"/>
      <facetEntailment facetID="LF_13a_f3" label="Unaddressed"/>
    </studentAnswer>
    <studentAnswer id="LF.13a.469.1" answerText="The earth explains the and it will but it will explode." accuracy="irrelevant">
      <facetEntailment facetID="LF_13a_f1" label="Assumed"/>
      <facetEntailment facetID="LF_13a_f2" label="Unaddressed"/>
      <facetEntailment facetID="LF_13a_f3" label="Unaddressed"/>
    </studentAnswer>
    <studentAnswer id="LF.13a.477.1" answerText="What happens to it is that the deposition goes more far away from the stream table." accuracy="irrelevant">
      <facetEntailment facetID="LF_13a_f1" label="Assumed"/>
      <facetEntailment facetID="LF_13a_f2" label="Unaddressed"/>
      <facetEntailment facetID="LF_13a_f3" label="Unaddressed"/>
    </studentAnswer>
    <studentAnswer id="LF.13a.478.1" answerText="The earth material will break into little pieces." accuracy="irrelevant">
      <facetEntailment facetID="LF_13a_f1" label="Expressed"/>
      <facetEntailment facetID="LF_13a_f2" label="Diff-Arg"/>
      <facetEntailment facetID="LF_13a_f3" label="Unaddressed"/>
    </studentAnswer>
    <studentAnswer id="LF.13a.504.1" answerText="First, erosion wears all the materials away. Then, deposition makes a v shaped valley." accuracy="irrelevant">
      <facetEntailment facetID="LF_13a_f1" label="Assumed"/>
      <facetEntailment facetID="LF_13a_f2" label="Unaddressed"/>
      <facetEntailment facetID="LF_13a_f3" label="Diff-Arg"/>
    </studentAnswer>
    <studentAnswer id="LF.13a.515.1" answerText="They go to the mouth of river and deposits there." accuracy="correct">
      <facetEntailment facetID="LF_13a_f1" label="Assumed"/>
      <facetEntailment facetID="LF_13a_f2" label="Inferred"/>
      <facetEntailment facetID="LF_13a_f3" label="Inferred"/>
    </studentAnswer>
    <studentAnswer id="LF.13a.516.1" answerText="The socks, sand, and clay start to make a bigger canyon." accuracy="irrelevant">
      <facetEntailment facetID="LF_13a_f1" label="Expressed"/>
      <facetEntailment facetID="LF_13a_f2" label="Unaddressed"/>
      <facetEntailment facetID="LF_13a_f3" label="Unaddressed"/>
    </studentAnswer>
    <studentAnswer id="LF.13a.661.1" answerText="The earth materials are carried away and dropped off at the end." accuracy="partially_correct_incomplete">
      <facetEntailment facetID="LF_13a_f1" label="Expressed"/>
      <facetEntailment facetID="LF_13a_f2" label="Expressed"/>
      <facetEntailment facetID="LF_13a_f3" label="Unaddressed"/>
    </studentAnswer>
    <studentAnswer id="LF.13a.672.1" answerText="The earth materials get carried away during deposition." accuracy="contradictory">
      <facetEntailment facetID="LF_13a_f1" label="Expressed"/>
      <facetEntailment facetID="LF_13a_f2" label="Contra-Infr"/>
      <facetEntailment facetID="LF_13a_f3" label="Diff-Arg"/>
    </studentAnswer>
    <studentAnswer id="LF.13a.678.1" answerText="Earth materials get carried away." accuracy="contradictory">
      <facetEntailment facetID="LF_13a_f1" label="Expressed"/>
      <facetEntailment facetID="LF_13a_f2" label="Contra-Infr"/>
      <facetEntailment facetID="LF_13a_f3" label="Unaddressed"/>
    </studentAnswer>
    <studentAnswer id="LF.13a.681.1" answerText="During deposition earth materials would get carried away to a new location." accuracy="correct">
      <facetEntailment facetID="LF_13a_f1" label="Expressed"/>
      <facetEntailment facetID="LF_13a_f2" label="Inferred"/>
      <facetEntailment facetID="LF_13a_f3" label="Inferred"/>
    </studentAnswer>
    <studentAnswer id="LF.13a.682.1" answerText="Earth materials are washed away and settled to the bottom." accuracy="correct">
      <facetEntailment facetID="LF_13a_f1" label="Expressed"/>
      <facetEntailment facetID="LF_13a_f2" label="Expressed"/>
      <facetEntailment facetID="LF_13a_f3" label="Expressed"/>
    </studentAnswer>
    <studentAnswer id="LF.13a.688.1" answerText="Earth materials are washed downstream and then start to build up land." accuracy="correct">
      <facetEntailment facetID="LF_13a_f1" label="Expressed"/>
      <facetEntailment facetID="LF_13a_f2" label="Inferred"/>
      <facetEntailment facetID="LF_13a_f3" label="Inferred"/>
    </studentAnswer>
    <studentAnswer id="LF.13a.705.1" answerText="Deposition is when earth materials move from one." accuracy="correct">
      <facetEntailment facetID="LF_13a_f1" label="Expressed"/>
      <facetEntailment facetID="LF_13a_f2" label="Inferred"/>
      <facetEntailment facetID="LF_13a_f3" label="Inferred"/>
    </studentAnswer>
    <studentAnswer id="LF.13a.717.1" answerText="They are dark in new places." accuracy="irrelevant">
      <facetEntailment facetID="LF_13a_f1" label="Assumed"/>
      <facetEntailment facetID="LF_13a_f2" label="Unaddressed"/>
      <facetEntailment facetID="LF_13a_f3" label="Unaddressed"/>
    </studentAnswer>
    <studentAnswer id="LF.13a.732.1" answerText="The earth materials that have been eroded is deposited at the mouth of a river or stream forming a delta." accuracy="partially_correct_incomplete">
      <facetEntailment facetID="LF_13a_f1" label="Expressed"/>
      <facetEntailment facetID="LF_13a_f2" label="Inferred"/>
      <facetEntailment facetID="LF_13a_f3" label="Unaddressed"/>
    </studentAnswer>
    <studentAnswer id="LF.13a.744.1" answerText="It is placed and left in deltas and riverbanks." accuracy="partially_correct_incomplete">
      <facetEntailment facetID="LF_13a_f1" label="Assumed"/>
      <facetEntailment facetID="LF_13a_f2" label="Inferred"/>
      <facetEntailment facetID="LF_13a_f3" label="Unaddressed"/>
    </studentAnswer>
    <studentAnswer id="LF.13a.754.1" answerText="After deposition earth material is carried out to river banks. Deltas form and into the ocean." accuracy="correct">
      <facetEntailment facetID="LF_13a_f1" label="Expressed"/>
      <facetEntailment facetID="LF_13a_f2" label="Expressed"/>
      <facetEntailment facetID="LF_13a_f3" label="Expressed"/>
    </studentAnswer>
    <studentAnswer id="LF.13a.770.1" answerText="The earth materials were broken down and separated." accuracy="contradictory">
      <facetEntailment facetID="LF_13a_f1" label="Expressed"/>
      <facetEntailment facetID="LF_13a_f2" label="Contra-Infr"/>
      <facetEntailment facetID="LF_13a_f3" label="Unaddressed"/>
    </studentAnswer>
    <studentAnswer id="LF.13a.780.1" answerText="During deposition the materials are getting washed downstream and when the river comes to an opening they get deposited." accuracy="correct">
      <facetEntailment facetID="LF_13a_f1" label="Expressed"/>
      <facetEntailment facetID="LF_13a_f2" label="Expressed"/>
      <facetEntailment facetID="LF_13a_f3" label="Expressed"/>
    </studentAnswer>
    <studentAnswer id="LF.13a.784.1" answerText="During deposition earth materials get deposited into other places." accuracy="correct">
      <facetEntailment facetID="LF_13a_f1" label="Expressed"/>
      <facetEntailment facetID="LF_13a_f2" label="Expressed"/>
      <facetEntailment facetID="LF_13a_f3" label="Expressed"/>
    </studentAnswer>
    <studentAnswer id="LF.13a.819.1" answerText="The wearing down of earth material which will deposited." accuracy="irrelevant">
      <facetEntailment facetID="LF_13a_f1" label="Expressed"/>
      <facetEntailment facetID="LF_13a_f2" label="Unaddressed"/>
      <facetEntailment facetID="LF_13a_f3" label="Unaddressed"/>
    </studentAnswer>
    <studentAnswer id="LF.13a.820.1" answerText="During deposition earth material settles to the bottom of a river." accuracy="correct">
      <facetEntailment facetID="LF_13a_f1" label="Expressed"/>
      <facetEntailment facetID="LF_13a_f2" label="Expressed"/>
      <facetEntailment facetID="LF_13a_f3" label="Expressed"/>
    </studentAnswer>
    <studentAnswer id="LF.13a.823.1" answerText="They are carried and stack upon each other and settle to the bottom." accuracy="partially_correct_incomplete">
      <facetEntailment facetID="LF_13a_f1" label="Assumed"/>
      <facetEntailment facetID="LF_13a_f2" label="Expressed"/>
      <facetEntailment facetID="LF_13a_f3" label="Unaddressed"/>
    </studentAnswer>
    <studentAnswer id="LF.13a.850.1" answerText="The earth materials is get carried off to the mouth of a river." accuracy="partially_correct_incomplete">
      <facetEntailment facetID="LF_13a_f1" label="Expressed"/>
      <facetEntailment facetID="LF_13a_f2" label="Inferred"/>
      <facetEntailment facetID="LF_13a_f3" label="Unaddressed"/>
    </studentAnswer>
    <studentAnswer id="LF.13a.914.1" answerText="During deposition earth materials are moved to a different place." accuracy="partially_correct_incomplete">
      <facetEntailment facetID="LF_13a_f1" label="Expressed"/>
      <facetEntailment facetID="LF_13a_f2" label="Inferred"/>
      <facetEntailment facetID="LF_13a_f3" label="Diff-Arg"/>
    </studentAnswer>
    <studentAnswer id="LF.13a.918.1" answerText="What happens to earth material during deposition is that the materials are worn away from the earth." accuracy="irrelevant">
      <facetEntailment facetID="LF_13a_f1" label="Expressed"/>
      <facetEntailment facetID="LF_13a_f2" label="Diff-Arg"/>
      <facetEntailment facetID="LF_13a_f3" label="Diff-Arg"/>
    </studentAnswer>
    <studentAnswer id="LF.13a.924.1" answerText="During deposition earth material is deposited it formed deltas, a canyon, and a channel." accuracy="correct">
      <facetEntailment facetID="LF_13a_f1" label="Expressed"/>
      <facetEntailment facetID="LF_13a_f2" label="Inferred"/>
      <facetEntailment facetID="LF_13a_f3" label="Inferred"/>
    </studentAnswer>
  </studentAnswers>
</question>
