<?xml version="1.0"?>
<question id="ME_17b" module="ME">
  <questionText>Denise made a circuit to light a bulb or run a motor off a D-cell battery. She used a special switch. Below is the schematic diagram of her circuit. The switch is inside the dotted box. Why will the bulb light when she moves the switch to the left?</questionText>
  <referenceAnswers>
    <referenceAnswer id="ME_17b-a1" text="There is a complete circuit connecting the bulb to the D-cell battery.">
      <tokens>
        <token id="ME_17b_ra1">There</token>
        <token id="ME_17b_ra2">is</token>
        <token id="ME_17b_ra3">a</token>
        <token id="ME_17b_ra4">complete</token>
        <token id="ME_17b_ra5">circuit</token>
        <token id="ME_17b_ra6">connecting</token>
        <token id="ME_17b_ra7">the</token>
        <token id="ME_17b_ra8">bulb</token>
        <token id="ME_17b_ra9">to</token>
        <token id="ME_17b_ra10">the</token>
        <token id="ME_17b_ra11">D-cell</token>
        <token id="ME_17b_ra12">battery</token>
        <token id="ME_17b_ra13">.</token>
      </tokens>
      <facets>
        <facet id="ME_17b_f1" govNum="ME_17b_ra5" modNum="ME_17b_ra4" reltn="NMod" govText="circuit" modText="complete"/>
        <facet id="ME_17b_f2" govNum="ME_17b_ra6" modNum="ME_17b_ra5" reltn="Means" govText="connecting" modText="circuit"/>
        <facet id="ME_17b_f3" govNum="ME_17b_ra6" modNum="ME_17b_ra8" reltn="Patient" govText="connecting" modText="bulb"/>
        <facet id="ME_17b_f4" govNum="ME_17b_ra6" modNum="ME_17b_ra12" reltn="Destination_to" govText="connecting" modText="battery"/>
        <facet id="ME_17b_f5" govNum="ME_17b_ra12" modNum="ME_17b_ra11" reltn="NMod" govText="battery" isAssumed="true" modText="D-cell"/>
      </facets>
    </referenceAnswer>
  </referenceAnswers>
  <studentAnswers>
    <studentAnswer id="ME.17b.101.1" answerText="It will happen because that is turning the switch off or opening the switch." accuracy="contradictory">
      <facetEntailment facetID="ME_17b_f1" label="Contra-Infr"/>
      <facetEntailment facetID="ME_17b_f2" label="Unaddressed"/>
      <facetEntailment facetID="ME_17b_f3" label="Unaddressed"/>
      <facetEntailment facetID="ME_17b_f4" label="Unaddressed"/>
      <facetEntailment facetID="ME_17b_f5" label="Assumed"/>
    </studentAnswer>
    <studentAnswer id="ME.17b.105.1" answerText="Nothing will happen because you have to have a switch in front of the negative side to have it work." accuracy="contradictory">
      <facetEntailment facetID="ME_17b_f1" label="Contra-Infr"/>
      <facetEntailment facetID="ME_17b_f2" label="Unaddressed"/>
      <facetEntailment facetID="ME_17b_f3" label="Unaddressed"/>
      <facetEntailment facetID="ME_17b_f4" label="Unaddressed"/>
      <facetEntailment facetID="ME_17b_f5" label="Assumed"/>
    </studentAnswer>
    <studentAnswer id="ME.17b.107.1" answerText="That will happen because it will make a complete circuit with the bulb." accuracy="correct">
      <facetEntailment facetID="ME_17b_f1" label="Expressed"/>
      <facetEntailment facetID="ME_17b_f2" label="Expressed"/>
      <facetEntailment facetID="ME_17b_f3" label="Expressed"/>
      <facetEntailment facetID="ME_17b_f4" label="Inferred"/>
      <facetEntailment facetID="ME_17b_f5" label="Assumed"/>
    </studentAnswer>
    <studentAnswer id="ME.17b.111.1" answerText="Because the battery is hooked to the switch that why." accuracy="partially_correct_incomplete">
      <facetEntailment facetID="ME_17b_f1" label="Inferred"/>
      <facetEntailment facetID="ME_17b_f2" label="Inferred"/>
      <facetEntailment facetID="ME_17b_f3" label="Diff-Arg"/>
      <facetEntailment facetID="ME_17b_f4" label="Expressed"/>
      <facetEntailment facetID="ME_17b_f5" label="Assumed"/>
    </studentAnswer>
    <studentAnswer id="ME.17b.115.1" answerText="It is completing the circuit, but the motor is not connected to a complete circuit, but the bulb is." accuracy="correct">
      <facetEntailment facetID="ME_17b_f1" label="Expressed"/>
      <facetEntailment facetID="ME_17b_f2" label="Expressed"/>
      <facetEntailment facetID="ME_17b_f3" label="Expressed"/>
      <facetEntailment facetID="ME_17b_f4" label="Inferred"/>
      <facetEntailment facetID="ME_17b_f5" label="Assumed"/>
    </studentAnswer>
    <studentAnswer id="ME.17b.118.1" answerText="Because it is not complete." accuracy="contradictory">
      <facetEntailment facetID="ME_17b_f1" label="Contra-Expr"/>
      <facetEntailment facetID="ME_17b_f2" label="Contra-Infr"/>
      <facetEntailment facetID="ME_17b_f3" label="Contra-Infr"/>
      <facetEntailment facetID="ME_17b_f4" label="Contra-Infr"/>
      <facetEntailment facetID="ME_17b_f5" label="Assumed"/>
    </studentAnswer>
    <studentAnswer id="ME.17b.120.1" answerText="This will happen because the switch is turning that way making a complete circuit." accuracy="correct">
      <facetEntailment facetID="ME_17b_f1" label="Expressed"/>
      <facetEntailment facetID="ME_17b_f2" label="Inferred"/>
      <facetEntailment facetID="ME_17b_f3" label="Inferred"/>
      <facetEntailment facetID="ME_17b_f4" label="Inferred"/>
      <facetEntailment facetID="ME_17b_f5" label="Assumed"/>
    </studentAnswer>
    <studentAnswer id="ME.17b.143.1" answerText="Because it makes a complete circuit." accuracy="correct">
      <facetEntailment facetID="ME_17b_f1" label="Expressed"/>
      <facetEntailment facetID="ME_17b_f2" label="Inferred"/>
      <facetEntailment facetID="ME_17b_f3" label="Inferred"/>
      <facetEntailment facetID="ME_17b_f4" label="Inferred"/>
      <facetEntailment facetID="ME_17b_f5" label="Assumed"/>
    </studentAnswer>
    <studentAnswer id="ME.17b.149.1" answerText="It is like turning on a light switch." accuracy="irrelevant">
      <facetEntailment facetID="ME_17b_f1" label="Unaddressed"/>
      <facetEntailment facetID="ME_17b_f2" label="Unaddressed"/>
      <facetEntailment facetID="ME_17b_f3" label="Unaddressed"/>
      <facetEntailment facetID="ME_17b_f4" label="Unaddressed"/>
      <facetEntailment facetID="ME_17b_f5" label="Assumed"/>
    </studentAnswer>
    <studentAnswer id="ME.17b.155.1" answerText="That would happen because the bulb is on the left and the electricity will be flowing that way." accuracy="correct">
      <facetEntailment facetID="ME_17b_f1" label="Inferred"/>
      <facetEntailment facetID="ME_17b_f2" label="Inferred"/>
      <facetEntailment facetID="ME_17b_f3" label="Inferred"/>
      <facetEntailment facetID="ME_17b_f4" label="Inferred"/>
      <facetEntailment facetID="ME_17b_f5" label="Assumed"/>
    </studentAnswer>
    <studentAnswer id="ME.17b.159.1" answerText="It lets electricity go through." accuracy="correct">
      <facetEntailment facetID="ME_17b_f1" label="Inferred"/>
      <facetEntailment facetID="ME_17b_f2" label="Inferred"/>
      <facetEntailment facetID="ME_17b_f3" label="Inferred"/>
      <facetEntailment facetID="ME_17b_f4" label="Inferred"/>
      <facetEntailment facetID="ME_17b_f5" label="Assumed"/>
    </studentAnswer>
    <studentAnswer id="ME.17b.173.1" answerText="It will happen because electricity is flowing to the light bulb." accuracy="correct">
      <facetEntailment facetID="ME_17b_f1" label="Inferred"/>
      <facetEntailment facetID="ME_17b_f2" label="Inferred"/>
      <facetEntailment facetID="ME_17b_f3" label="Inferred"/>
      <facetEntailment facetID="ME_17b_f4" label="Inferred"/>
      <facetEntailment facetID="ME_17b_f5" label="Assumed"/>
    </studentAnswer>
    <studentAnswer id="ME.17b.179.1" answerText="That will happen because the switch will touch the wire and electricity will be able to flow." accuracy="correct">
      <facetEntailment facetID="ME_17b_f1" label="Inferred"/>
      <facetEntailment facetID="ME_17b_f2" label="Inferred"/>
      <facetEntailment facetID="ME_17b_f3" label="Inferred"/>
      <facetEntailment facetID="ME_17b_f4" label="Inferred"/>
      <facetEntailment facetID="ME_17b_f5" label="Assumed"/>
    </studentAnswer>
    <studentAnswer id="ME.17b.180.1" answerText="It will happen because the motor and the bulb are not connected on the same wires." accuracy="correct">
      <facetEntailment facetID="ME_17b_f1" label="Inferred"/>
      <facetEntailment facetID="ME_17b_f2" label="Inferred"/>
      <facetEntailment facetID="ME_17b_f3" label="Inferred"/>
      <facetEntailment facetID="ME_17b_f4" label="Inferred"/>
      <facetEntailment facetID="ME_17b_f5" label="Assumed"/>
    </studentAnswer>
    <studentAnswer id="ME.17b.183.1" answerText="It is a circle." accuracy="correct">
      <facetEntailment facetID="ME_17b_f1" label="Inferred"/>
      <facetEntailment facetID="ME_17b_f2" label="Inferred"/>
      <facetEntailment facetID="ME_17b_f3" label="Inferred"/>
      <facetEntailment facetID="ME_17b_f4" label="Inferred"/>
      <facetEntailment facetID="ME_17b_f5" label="Assumed"/>
    </studentAnswer>
    <studentAnswer id="ME.17b.189.1" answerText="She will make a circle." accuracy="correct">
      <facetEntailment facetID="ME_17b_f1" label="Inferred"/>
      <facetEntailment facetID="ME_17b_f2" label="Inferred"/>
      <facetEntailment facetID="ME_17b_f3" label="Inferred"/>
      <facetEntailment facetID="ME_17b_f4" label="Inferred"/>
      <facetEntailment facetID="ME_17b_f5" label="Assumed"/>
    </studentAnswer>
    <studentAnswer id="ME.17b.191.1" answerText="It will happen because right now it is a closed circuit, so if she moves it to the left it will be an open circuit." accuracy="contradictory">
      <facetEntailment facetID="ME_17b_f1" label="Contra-Infr"/>
      <facetEntailment facetID="ME_17b_f2" label="Inferred"/>
      <facetEntailment facetID="ME_17b_f3" label="Inferred"/>
      <facetEntailment facetID="ME_17b_f4" label="Inferred"/>
      <facetEntailment facetID="ME_17b_f5" label="Assumed"/>
    </studentAnswer>
    <studentAnswer id="ME.17b.192.1" answerText="That will happen because there is an open circuit so the electricity will travel to the source." accuracy="contradictory">
      <facetEntailment facetID="ME_17b_f1" label="Contra-Expr"/>
      <facetEntailment facetID="ME_17b_f2" label="Unaddressed"/>
      <facetEntailment facetID="ME_17b_f3" label="Unaddressed"/>
      <facetEntailment facetID="ME_17b_f4" label="Unaddressed"/>
      <facetEntailment facetID="ME_17b_f5" label="Assumed"/>
    </studentAnswer>
    <studentAnswer id="ME.17b.193.1" answerText="Well, it is going out too far, far enough to not work." accuracy="irrelevant">
      <facetEntailment facetID="ME_17b_f1" label="Unaddressed"/>
      <facetEntailment facetID="ME_17b_f2" label="Unaddressed"/>
      <facetEntailment facetID="ME_17b_f3" label="Unaddressed"/>
      <facetEntailment facetID="ME_17b_f4" label="Unaddressed"/>
      <facetEntailment facetID="ME_17b_f5" label="Assumed"/>
    </studentAnswer>
    <studentAnswer id="ME.17b.195.1" answerText="It will happen because it is in a running place." accuracy="irrelevant">
      <facetEntailment facetID="ME_17b_f1" label="Unaddressed"/>
      <facetEntailment facetID="ME_17b_f2" label="Unaddressed"/>
      <facetEntailment facetID="ME_17b_f3" label="Unaddressed"/>
      <facetEntailment facetID="ME_17b_f4" label="Unaddressed"/>
      <facetEntailment facetID="ME_17b_f5" label="Assumed"/>
    </studentAnswer>
    <studentAnswer id="ME.17b.206.1" answerText="It will happen because the switch is channeling the electricity to the light bulb." accuracy="correct">
      <facetEntailment facetID="ME_17b_f1" label="Inferred"/>
      <facetEntailment facetID="ME_17b_f2" label="Inferred"/>
      <facetEntailment facetID="ME_17b_f3" label="Expressed"/>
      <facetEntailment facetID="ME_17b_f4" label="Inferred"/>
      <facetEntailment facetID="ME_17b_f5" label="Assumed"/>
    </studentAnswer>
    <studentAnswer id="ME.17b.247.1" answerText="Because if she would just move the it will light up the light bulb." accuracy="irrelevant">
      <facetEntailment facetID="ME_17b_f1" label="Unaddressed"/>
      <facetEntailment facetID="ME_17b_f2" label="Unaddressed"/>
      <facetEntailment facetID="ME_17b_f3" label="Unaddressed"/>
      <facetEntailment facetID="ME_17b_f4" label="Unaddressed"/>
      <facetEntailment facetID="ME_17b_f5" label="Assumed"/>
    </studentAnswer>
    <studentAnswer id="ME.17b.251.1" answerText="That happens because if you move it to the left she just closed that circuit." accuracy="correct">
      <facetEntailment facetID="ME_17b_f1" label="Expressed"/>
      <facetEntailment facetID="ME_17b_f2" label="Inferred"/>
      <facetEntailment facetID="ME_17b_f3" label="Inferred"/>
      <facetEntailment facetID="ME_17b_f4" label="Inferred"/>
      <facetEntailment facetID="ME_17b_f5" label="Assumed"/>
    </studentAnswer>
    <studentAnswer id="ME.17b.253.1" answerText="Because left is to turn on and right is to turn off." accuracy="irrelevant">
      <facetEntailment facetID="ME_17b_f1" label="Unaddressed"/>
      <facetEntailment facetID="ME_17b_f2" label="Unaddressed"/>
      <facetEntailment facetID="ME_17b_f3" label="Unaddressed"/>
      <facetEntailment facetID="ME_17b_f4" label="Unaddressed"/>
      <facetEntailment facetID="ME_17b_f5" label="Assumed"/>
    </studentAnswer>
    <studentAnswer id="ME.17b.256.1" answerText="Because the D-cell is in the middle." accuracy="irrelevant">
      <facetEntailment facetID="ME_17b_f1" label="Unaddressed"/>
      <facetEntailment facetID="ME_17b_f2" label="Unaddressed"/>
      <facetEntailment facetID="ME_17b_f3" label="Unaddressed"/>
      <facetEntailment facetID="ME_17b_f4" label="Unaddressed"/>
      <facetEntailment facetID="ME_17b_f5" label="Expressed"/>
    </studentAnswer>
    <studentAnswer id="ME.17b.276.1" answerText="If she move the battery back it will light up." accuracy="partially_correct_incomplete">
      <facetEntailment facetID="ME_17b_f1" label="Unaddressed"/>
      <facetEntailment facetID="ME_17b_f2" label="Unaddressed"/>
      <facetEntailment facetID="ME_17b_f3" label="Unaddressed"/>
      <facetEntailment facetID="ME_17b_f4" label="Inferred"/>
      <facetEntailment facetID="ME_17b_f5" label="Assumed"/>
    </studentAnswer>
    <studentAnswer id="ME.17b.277.1" answerText="That is one circuit." accuracy="irrelevant">
      <facetEntailment facetID="ME_17b_f1" label="Unaddressed"/>
      <facetEntailment facetID="ME_17b_f2" label="Unaddressed"/>
      <facetEntailment facetID="ME_17b_f3" label="Unaddressed"/>
      <facetEntailment facetID="ME_17b_f4" label="Unaddressed"/>
      <facetEntailment facetID="ME_17b_f5" label="Assumed"/>
    </studentAnswer>
    <studentAnswer id="ME.17b.278.1" answerText="That will happen because the switch will be closed." accuracy="correct">
      <facetEntailment facetID="ME_17b_f1" label="Inferred"/>
      <facetEntailment facetID="ME_17b_f2" label="Inferred"/>
      <facetEntailment facetID="ME_17b_f3" label="Inferred"/>
      <facetEntailment facetID="ME_17b_f4" label="Inferred"/>
      <facetEntailment facetID="ME_17b_f5" label="Assumed"/>
    </studentAnswer>
    <studentAnswer id="ME.17b.280.1" answerText="Because it is closed and when it is closed it runs." accuracy="correct">
      <facetEntailment facetID="ME_17b_f1" label="Inferred"/>
      <facetEntailment facetID="ME_17b_f2" label="Inferred"/>
      <facetEntailment facetID="ME_17b_f3" label="Inferred"/>
      <facetEntailment facetID="ME_17b_f4" label="Inferred"/>
      <facetEntailment facetID="ME_17b_f5" label="Assumed"/>
    </studentAnswer>
    <studentAnswer id="ME.17b.291.1" answerText="I learned it in class." accuracy="non_domain">
      <facetEntailment facetID="ME_17b_f1" label="Unaddressed"/>
      <facetEntailment facetID="ME_17b_f2" label="Unaddressed"/>
      <facetEntailment facetID="ME_17b_f3" label="Unaddressed"/>
      <facetEntailment facetID="ME_17b_f4" label="Unaddressed"/>
      <facetEntailment facetID="ME_17b_f5" label="Assumed"/>
    </studentAnswer>
    <studentAnswer id="ME.17b.292.1" answerText="Because the bulb is not in a circuit." accuracy="contradictory">
      <facetEntailment facetID="ME_17b_f1" label="Contra-Infr"/>
      <facetEntailment facetID="ME_17b_f2" label="Contra-Infr"/>
      <facetEntailment facetID="ME_17b_f3" label="Contra-Infr"/>
      <facetEntailment facetID="ME_17b_f4" label="Contra-Infr"/>
      <facetEntailment facetID="ME_17b_f5" label="Assumed"/>
    </studentAnswer>
    <studentAnswer id="ME.17b.313.1" answerText="Because it could not be a parallel circuit." accuracy="irrelevant">
      <facetEntailment facetID="ME_17b_f1" label="Unaddressed"/>
      <facetEntailment facetID="ME_17b_f2" label="Unaddressed"/>
      <facetEntailment facetID="ME_17b_f3" label="Unaddressed"/>
      <facetEntailment facetID="ME_17b_f4" label="Unaddressed"/>
      <facetEntailment facetID="ME_17b_f5" label="Assumed"/>
    </studentAnswer>
    <studentAnswer id="ME.17b.314.1" answerText="I think that because it is able to do that." accuracy="irrelevant">
      <facetEntailment facetID="ME_17b_f1" label="Unaddressed"/>
      <facetEntailment facetID="ME_17b_f2" label="Unaddressed"/>
      <facetEntailment facetID="ME_17b_f3" label="Unaddressed"/>
      <facetEntailment facetID="ME_17b_f4" label="Unaddressed"/>
      <facetEntailment facetID="ME_17b_f5" label="Assumed"/>
    </studentAnswer>
    <studentAnswer id="ME.17b.327.1" answerText="Because it is on an." accuracy="irrelevant">
      <facetEntailment facetID="ME_17b_f1" label="Unaddressed"/>
      <facetEntailment facetID="ME_17b_f2" label="Unaddressed"/>
      <facetEntailment facetID="ME_17b_f3" label="Unaddressed"/>
      <facetEntailment facetID="ME_17b_f4" label="Unaddressed"/>
      <facetEntailment facetID="ME_17b_f5" label="Assumed"/>
    </studentAnswer>
    <studentAnswer id="ME.17b.328.1" answerText="It will because as long as there is a connection and it goes from the negative to the positive." accuracy="correct">
      <facetEntailment facetID="ME_17b_f1" label="Inferred"/>
      <facetEntailment facetID="ME_17b_f2" label="Inferred"/>
      <facetEntailment facetID="ME_17b_f3" label="Inferred"/>
      <facetEntailment facetID="ME_17b_f4" label="Inferred"/>
      <facetEntailment facetID="ME_17b_f5" label="Assumed"/>
    </studentAnswer>
  </studentAnswers>
</question>
