<?xml version="1.0"?>
<question id="ME_72" module="ME">
  <questionText>Only one circuit below will light the bulb. Which one will work? Why is that the only circuit that will work?</questionText>
  <referenceAnswers>
    <referenceAnswer id="ME_72-a1" text="That circuit is the only circuit that uses all of the correct contact points.">
      <tokens>
        <token id="ME_72_ra1">That</token>
        <token id="ME_72_ra2">circuit</token>
        <token id="ME_72_ra3">is</token>
        <token id="ME_72_ra4">the</token>
        <token id="ME_72_ra5">only</token>
        <token id="ME_72_ra6">circuit</token>
        <token id="ME_72_ra7">that</token>
        <token id="ME_72_ra8">uses</token>
        <token id="ME_72_ra9">all</token>
        <token id="ME_72_ra10">of</token>
        <token id="ME_72_ra11">the</token>
        <token id="ME_72_ra12">correct</token>
        <token id="ME_72_ra13">contact</token>
        <token id="ME_72_ra14">points</token>
        <token id="ME_72_ra15">.</token>
      </tokens>
      <facets>
        <facet id="ME_72_f1" govNum="ME_72_ra2" modNum="ME_72_ra1" reltn="NMod" govText="circuit" isAssumed="true" modText="That"/>
        <facet id="ME_72_f2" govNum="ME_72_ra2" modNum="ME_72_ra6" reltn="Be" govText="circuit" isAssumed="true" modText="circuit"/>
        <facet id="ME_72_f3" govNum="ME_72_ra6" modNum="ME_72_ra5" reltn="Quantifier" govText="circuit" isAssumed="true" modText="only"/>
        <facet id="ME_72_f4" govNum="ME_72_ra8" modNum="ME_72_ra6" reltn="Means_that" govText="uses" modText="circuit"/>
        <facet id="ME_72_f5" govNum="ME_72_ra8" modNum="ME_72_ra14" reltn="Theme" govText="uses" modText="points"/>
        <facet id="ME_72_f6" govNum="ME_72_ra14" modNum="ME_72_ra9" reltn="Quantifier_of" govText="points" modText="all"/>
        <facet id="ME_72_f7" govNum="ME_72_ra14" modNum="ME_72_ra13" reltn="NMod" govText="points" modText="contact"/>
        <facet id="ME_72_f8" govNum="ME_72_ra14" modNum="ME_72_ra12" reltn="NMod" govText="points" modText="correct"/>
      </facets>
    </referenceAnswer>
  </referenceAnswers>
  <studentAnswers>
    <studentAnswer id="ME.72.106.1" answerText="It is the only circuit that will work because the metal is touching the bottom and the wire is touching the bottom of the light." accuracy="correct">
      <facetEntailment facetID="ME_72_f1" label="Expressed"/>
      <facetEntailment facetID="ME_72_f2" label="Expressed"/>
      <facetEntailment facetID="ME_72_f3" label="Expressed"/>
      <facetEntailment facetID="ME_72_f4" label="Inferred"/>
      <facetEntailment facetID="ME_72_f5" label="Inferred"/>
      <facetEntailment facetID="ME_72_f6" label="Inferred"/>
      <facetEntailment facetID="ME_72_f7" label="Inferred"/>
      <facetEntailment facetID="ME_72_f8" label="Inferred"/>
    </studentAnswer>
    <studentAnswer id="ME.72.109.1" answerText="C because it is on the square part and on the round ball." accuracy="irrelevant">
      <facetEntailment facetID="ME_72_f1" label="Assumed"/>
      <facetEntailment facetID="ME_72_f2" label="Assumed"/>
      <facetEntailment facetID="ME_72_f3" label="Assumed"/>
      <facetEntailment facetID="ME_72_f4" label="Unaddressed"/>
      <facetEntailment facetID="ME_72_f5" label="Unaddressed"/>
      <facetEntailment facetID="ME_72_f6" label="Unaddressed"/>
      <facetEntailment facetID="ME_72_f7" label="Unaddressed"/>
      <facetEntailment facetID="ME_72_f8" label="Unaddressed"/>
    </studentAnswer>
    <studentAnswer id="ME.72.116.1" answerText="It is the only one because the wire is touching the middle and the battery is touching the side." accuracy="correct">
      <facetEntailment facetID="ME_72_f1" label="Expressed"/>
      <facetEntailment facetID="ME_72_f2" label="Expressed"/>
      <facetEntailment facetID="ME_72_f3" label="Expressed"/>
      <facetEntailment facetID="ME_72_f4" label="Inferred"/>
      <facetEntailment facetID="ME_72_f5" label="Inferred"/>
      <facetEntailment facetID="ME_72_f6" label="Inferred"/>
      <facetEntailment facetID="ME_72_f7" label="Inferred"/>
      <facetEntailment facetID="ME_72_f8" label="Inferred"/>
    </studentAnswer>
    <studentAnswer id="ME.72.117.1" answerText="It is touching all it need to make it to work." accuracy="correct">
      <facetEntailment facetID="ME_72_f1" label="Assumed"/>
      <facetEntailment facetID="ME_72_f2" label="Assumed"/>
      <facetEntailment facetID="ME_72_f3" label="Assumed"/>
      <facetEntailment facetID="ME_72_f4" label="Inferred"/>
      <facetEntailment facetID="ME_72_f5" label="Inferred"/>
      <facetEntailment facetID="ME_72_f6" label="Inferred"/>
      <facetEntailment facetID="ME_72_f7" label="Inferred"/>
      <facetEntailment facetID="ME_72_f8" label="Inferred"/>
    </studentAnswer>
    <studentAnswer id="ME.72.122.1" answerText="The electricity flows through the plus and the minus to a circle to the light bulb." accuracy="correct">
      <facetEntailment facetID="ME_72_f1" label="Assumed"/>
      <facetEntailment facetID="ME_72_f2" label="Assumed"/>
      <facetEntailment facetID="ME_72_f3" label="Assumed"/>
      <facetEntailment facetID="ME_72_f4" label="Inferred"/>
      <facetEntailment facetID="ME_72_f5" label="Inferred"/>
      <facetEntailment facetID="ME_72_f6" label="Inferred"/>
      <facetEntailment facetID="ME_72_f7" label="Inferred"/>
      <facetEntailment facetID="ME_72_f8" label="Inferred"/>
    </studentAnswer>
    <studentAnswer id="ME.72.123.1" answerText="Because the light is touching the battery." accuracy="correct">
      <facetEntailment facetID="ME_72_f1" label="Assumed"/>
      <facetEntailment facetID="ME_72_f2" label="Assumed"/>
      <facetEntailment facetID="ME_72_f3" label="Assumed"/>
      <facetEntailment facetID="ME_72_f4" label="Inferred"/>
      <facetEntailment facetID="ME_72_f5" label="Inferred"/>
      <facetEntailment facetID="ME_72_f6" label="Inferred"/>
      <facetEntailment facetID="ME_72_f7" label="Inferred"/>
      <facetEntailment facetID="ME_72_f8" label="Inferred"/>
    </studentAnswer>
    <studentAnswer id="ME.72.136.1" answerText="The electricity flow in a complete circle." accuracy="correct">
      <facetEntailment facetID="ME_72_f1" label="Assumed"/>
      <facetEntailment facetID="ME_72_f2" label="Assumed"/>
      <facetEntailment facetID="ME_72_f3" label="Assumed"/>
      <facetEntailment facetID="ME_72_f4" label="Inferred"/>
      <facetEntailment facetID="ME_72_f5" label="Inferred"/>
      <facetEntailment facetID="ME_72_f6" label="Inferred"/>
      <facetEntailment facetID="ME_72_f7" label="Inferred"/>
      <facetEntailment facetID="ME_72_f8" label="Inferred"/>
    </studentAnswer>
    <studentAnswer id="ME.72.138.1" answerText="It is because it is the only one that allows the electricity to go in a complete circuit." accuracy="correct">
      <facetEntailment facetID="ME_72_f1" label="Expressed"/>
      <facetEntailment facetID="ME_72_f2" label="Expressed"/>
      <facetEntailment facetID="ME_72_f3" label="Expressed"/>
      <facetEntailment facetID="ME_72_f4" label="Inferred"/>
      <facetEntailment facetID="ME_72_f5" label="Inferred"/>
      <facetEntailment facetID="ME_72_f6" label="Inferred"/>
      <facetEntailment facetID="ME_72_f7" label="Inferred"/>
      <facetEntailment facetID="ME_72_f8" label="Inferred"/>
    </studentAnswer>
    <studentAnswer id="ME.72.145.1" answerText="It has to run in a circle." accuracy="irrelevant">
      <facetEntailment facetID="ME_72_f1" label="Assumed"/>
      <facetEntailment facetID="ME_72_f2" label="Assumed"/>
      <facetEntailment facetID="ME_72_f3" label="Assumed"/>
      <facetEntailment facetID="ME_72_f4" label="Unaddressed"/>
      <facetEntailment facetID="ME_72_f5" label="Unaddressed"/>
      <facetEntailment facetID="ME_72_f6" label="Unaddressed"/>
      <facetEntailment facetID="ME_72_f7" label="Unaddressed"/>
      <facetEntailment facetID="ME_72_f8" label="Unaddressed"/>
    </studentAnswer>
    <studentAnswer id="ME.72.150.1" answerText="It is touching both sides of the battery and the light bulb." accuracy="correct">
      <facetEntailment facetID="ME_72_f1" label="Assumed"/>
      <facetEntailment facetID="ME_72_f2" label="Assumed"/>
      <facetEntailment facetID="ME_72_f3" label="Assumed"/>
      <facetEntailment facetID="ME_72_f4" label="Inferred"/>
      <facetEntailment facetID="ME_72_f5" label="Inferred"/>
      <facetEntailment facetID="ME_72_f6" label="Inferred"/>
      <facetEntailment facetID="ME_72_f7" label="Inferred"/>
      <facetEntailment facetID="ME_72_f8" label="Inferred"/>
    </studentAnswer>
    <studentAnswer id="ME.72.151.1" answerText="Because it is the only one that will form a complete circuit." accuracy="correct">
      <facetEntailment facetID="ME_72_f1" label="Expressed"/>
      <facetEntailment facetID="ME_72_f2" label="Expressed"/>
      <facetEntailment facetID="ME_72_f3" label="Expressed"/>
      <facetEntailment facetID="ME_72_f4" label="Inferred"/>
      <facetEntailment facetID="ME_72_f5" label="Inferred"/>
      <facetEntailment facetID="ME_72_f6" label="Inferred"/>
      <facetEntailment facetID="ME_72_f7" label="Inferred"/>
      <facetEntailment facetID="ME_72_f8" label="Inferred"/>
    </studentAnswer>
    <studentAnswer id="ME.72.156.1" answerText="The wires have to touch the light bulb so like a circle of air to light up the light bulb." accuracy="correct">
      <facetEntailment facetID="ME_72_f1" label="Assumed"/>
      <facetEntailment facetID="ME_72_f2" label="Assumed"/>
      <facetEntailment facetID="ME_72_f3" label="Assumed"/>
      <facetEntailment facetID="ME_72_f4" label="Inferred"/>
      <facetEntailment facetID="ME_72_f5" label="Inferred"/>
      <facetEntailment facetID="ME_72_f6" label="Inferred"/>
      <facetEntailment facetID="ME_72_f7" label="Inferred"/>
      <facetEntailment facetID="ME_72_f8" label="Inferred"/>
    </studentAnswer>
    <studentAnswer id="ME.72.188.1" answerText="Because there is a full circuit." accuracy="correct">
      <facetEntailment facetID="ME_72_f1" label="Assumed"/>
      <facetEntailment facetID="ME_72_f2" label="Assumed"/>
      <facetEntailment facetID="ME_72_f3" label="Assumed"/>
      <facetEntailment facetID="ME_72_f4" label="Inferred"/>
      <facetEntailment facetID="ME_72_f5" label="Inferred"/>
      <facetEntailment facetID="ME_72_f6" label="Inferred"/>
      <facetEntailment facetID="ME_72_f7" label="Inferred"/>
      <facetEntailment facetID="ME_72_f8" label="Inferred"/>
    </studentAnswer>
    <studentAnswer id="ME.72.194.1" answerText="Because the equal part is touching." accuracy="partially_correct_incomplete">
      <facetEntailment facetID="ME_72_f1" label="Assumed"/>
      <facetEntailment facetID="ME_72_f2" label="Assumed"/>
      <facetEntailment facetID="ME_72_f3" label="Assumed"/>
      <facetEntailment facetID="ME_72_f4" label="Unaddressed"/>
      <facetEntailment facetID="ME_72_f5" label="Unaddressed"/>
      <facetEntailment facetID="ME_72_f6" label="Unaddressed"/>
      <facetEntailment facetID="ME_72_f7" label="Inferred"/>
      <facetEntailment facetID="ME_72_f8" label="Unaddressed"/>
    </studentAnswer>
    <studentAnswer id="ME.72.209.1" answerText="The negative and positive are on both parts of the battery." accuracy="correct">
      <facetEntailment facetID="ME_72_f1" label="Assumed"/>
      <facetEntailment facetID="ME_72_f2" label="Assumed"/>
      <facetEntailment facetID="ME_72_f3" label="Assumed"/>
      <facetEntailment facetID="ME_72_f4" label="Inferred"/>
      <facetEntailment facetID="ME_72_f5" label="Inferred"/>
      <facetEntailment facetID="ME_72_f6" label="Inferred"/>
      <facetEntailment facetID="ME_72_f7" label="Inferred"/>
      <facetEntailment facetID="ME_72_f8" label="Inferred"/>
    </studentAnswer>
    <studentAnswer id="ME.72.210.1" answerText="It will work because the circuit will go through the battery is because the force will go through the battery." accuracy="irrelevant">
      <facetEntailment facetID="ME_72_f1" label="Expressed"/>
      <facetEntailment facetID="ME_72_f2" label="Assumed"/>
      <facetEntailment facetID="ME_72_f3" label="Assumed"/>
      <facetEntailment facetID="ME_72_f4" label="Unaddressed"/>
      <facetEntailment facetID="ME_72_f5" label="Unaddressed"/>
      <facetEntailment facetID="ME_72_f6" label="Unaddressed"/>
      <facetEntailment facetID="ME_72_f7" label="Unaddressed"/>
      <facetEntailment facetID="ME_72_f8" label="Unaddressed"/>
    </studentAnswer>
    <studentAnswer id="ME.72.211.1" answerText="Because D is the only circuit that is touching the black dot." accuracy="correct">
      <facetEntailment facetID="ME_72_f1" label="Expressed"/>
      <facetEntailment facetID="ME_72_f2" label="Expressed"/>
      <facetEntailment facetID="ME_72_f3" label="Expressed"/>
      <facetEntailment facetID="ME_72_f4" label="Inferred"/>
      <facetEntailment facetID="ME_72_f5" label="Inferred"/>
      <facetEntailment facetID="ME_72_f6" label="Inferred"/>
      <facetEntailment facetID="ME_72_f7" label="Inferred"/>
      <facetEntailment facetID="ME_72_f8" label="Inferred"/>
    </studentAnswer>
    <studentAnswer id="ME.72.213.1" answerText="The wire has to touch both sides of the battery and the wire has to touch the middle of the light bulb." accuracy="correct">
      <facetEntailment facetID="ME_72_f1" label="Assumed"/>
      <facetEntailment facetID="ME_72_f2" label="Assumed"/>
      <facetEntailment facetID="ME_72_f3" label="Assumed"/>
      <facetEntailment facetID="ME_72_f4" label="Inferred"/>
      <facetEntailment facetID="ME_72_f5" label="Inferred"/>
      <facetEntailment facetID="ME_72_f6" label="Inferred"/>
      <facetEntailment facetID="ME_72_f7" label="Inferred"/>
      <facetEntailment facetID="ME_72_f8" label="Inferred"/>
    </studentAnswer>
    <studentAnswer id="ME.72.217.1" answerText="On the other there is connection with the D-cell with the light." accuracy="irrelevant">
      <facetEntailment facetID="ME_72_f1" label="Assumed"/>
      <facetEntailment facetID="ME_72_f2" label="Assumed"/>
      <facetEntailment facetID="ME_72_f3" label="Assumed"/>
      <facetEntailment facetID="ME_72_f4" label="Unaddressed"/>
      <facetEntailment facetID="ME_72_f5" label="Unaddressed"/>
      <facetEntailment facetID="ME_72_f6" label="Unaddressed"/>
      <facetEntailment facetID="ME_72_f7" label="Unaddressed"/>
      <facetEntailment facetID="ME_72_f8" label="Unaddressed"/>
    </studentAnswer>
    <studentAnswer id="ME.72.221.1" answerText="It is because answer D's wire starts below the light bulb." accuracy="irrelevant">
      <facetEntailment facetID="ME_72_f1" label="Expressed"/>
      <facetEntailment facetID="ME_72_f2" label="Assumed"/>
      <facetEntailment facetID="ME_72_f3" label="Assumed"/>
      <facetEntailment facetID="ME_72_f4" label="Unaddressed"/>
      <facetEntailment facetID="ME_72_f5" label="Unaddressed"/>
      <facetEntailment facetID="ME_72_f6" label="Unaddressed"/>
      <facetEntailment facetID="ME_72_f7" label="Unaddressed"/>
      <facetEntailment facetID="ME_72_f8" label="Unaddressed"/>
    </studentAnswer>
    <studentAnswer id="ME.72.229.1" answerText="The only circuit will work because the 2 wires are put in the right place." accuracy="correct">
      <facetEntailment facetID="ME_72_f1" label="Expressed"/>
      <facetEntailment facetID="ME_72_f2" label="Expressed"/>
      <facetEntailment facetID="ME_72_f3" label="Expressed"/>
      <facetEntailment facetID="ME_72_f4" label="Inferred"/>
      <facetEntailment facetID="ME_72_f5" label="Inferred"/>
      <facetEntailment facetID="ME_72_f6" label="Inferred"/>
      <facetEntailment facetID="ME_72_f7" label="Inferred"/>
      <facetEntailment facetID="ME_72_f8" label="Inferred"/>
    </studentAnswer>
    <studentAnswer id="ME.72.242.1" answerText="Because they are going in a complete circuit." accuracy="correct">
      <facetEntailment facetID="ME_72_f1" label="Assumed"/>
      <facetEntailment facetID="ME_72_f2" label="Assumed"/>
      <facetEntailment facetID="ME_72_f3" label="Assumed"/>
      <facetEntailment facetID="ME_72_f4" label="Inferred"/>
      <facetEntailment facetID="ME_72_f5" label="Inferred"/>
      <facetEntailment facetID="ME_72_f6" label="Inferred"/>
      <facetEntailment facetID="ME_72_f7" label="Inferred"/>
      <facetEntailment facetID="ME_72_f8" label="Inferred"/>
    </studentAnswer>
    <studentAnswer id="ME.72.248.1" answerText="Because it is the only one that is touching." accuracy="correct">
      <facetEntailment facetID="ME_72_f1" label="Expressed"/>
      <facetEntailment facetID="ME_72_f2" label="Expressed"/>
      <facetEntailment facetID="ME_72_f3" label="Expressed"/>
      <facetEntailment facetID="ME_72_f4" label="Inferred"/>
      <facetEntailment facetID="ME_72_f5" label="Inferred"/>
      <facetEntailment facetID="ME_72_f6" label="Inferred"/>
      <facetEntailment facetID="ME_72_f7" label="Inferred"/>
      <facetEntailment facetID="ME_72_f8" label="Inferred"/>
    </studentAnswer>
    <studentAnswer id="ME.72.255.1" answerText="D because it is touching the base metal." accuracy="partially_correct_incomplete">
      <facetEntailment facetID="ME_72_f1" label="Assumed"/>
      <facetEntailment facetID="ME_72_f2" label="Assumed"/>
      <facetEntailment facetID="ME_72_f3" label="Assumed"/>
      <facetEntailment facetID="ME_72_f4" label="Unaddressed"/>
      <facetEntailment facetID="ME_72_f5" label="Unaddressed"/>
      <facetEntailment facetID="ME_72_f6" label="Unaddressed"/>
      <facetEntailment facetID="ME_72_f7" label="Inferred"/>
      <facetEntailment facetID="ME_72_f8" label="Unaddressed"/>
    </studentAnswer>
    <studentAnswer id="ME.72.279.1" answerText="It will work because it is the only one touching the light bulb base." accuracy="correct">
      <facetEntailment facetID="ME_72_f1" label="Expressed"/>
      <facetEntailment facetID="ME_72_f2" label="Expressed"/>
      <facetEntailment facetID="ME_72_f3" label="Expressed"/>
      <facetEntailment facetID="ME_72_f4" label="Inferred"/>
      <facetEntailment facetID="ME_72_f5" label="Inferred"/>
      <facetEntailment facetID="ME_72_f6" label="Inferred"/>
      <facetEntailment facetID="ME_72_f7" label="Inferred"/>
      <facetEntailment facetID="ME_72_f8" label="Inferred"/>
    </studentAnswer>
    <studentAnswer id="ME.72.282.1" answerText="Because the electricity goes to the metal and that electricity goes to the filament." accuracy="correct">
      <facetEntailment facetID="ME_72_f1" label="Assumed"/>
      <facetEntailment facetID="ME_72_f2" label="Assumed"/>
      <facetEntailment facetID="ME_72_f3" label="Assumed"/>
      <facetEntailment facetID="ME_72_f4" label="Inferred"/>
      <facetEntailment facetID="ME_72_f5" label="Inferred"/>
      <facetEntailment facetID="ME_72_f6" label="Inferred"/>
      <facetEntailment facetID="ME_72_f7" label="Inferred"/>
      <facetEntailment facetID="ME_72_f8" label="Inferred"/>
    </studentAnswer>
    <studentAnswer id="ME.72.286.1" answerText="Because the others are not complete circuits." accuracy="correct">
      <facetEntailment facetID="ME_72_f1" label="Expressed"/>
      <facetEntailment facetID="ME_72_f2" label="Expressed"/>
      <facetEntailment facetID="ME_72_f3" label="Expressed"/>
      <facetEntailment facetID="ME_72_f4" label="Inferred"/>
      <facetEntailment facetID="ME_72_f5" label="Inferred"/>
      <facetEntailment facetID="ME_72_f6" label="Inferred"/>
      <facetEntailment facetID="ME_72_f7" label="Inferred"/>
      <facetEntailment facetID="ME_72_f8" label="Inferred"/>
    </studentAnswer>
    <studentAnswer id="ME.72.315.1" answerText="I will work because electricity is going from the positive to the negative." accuracy="irrelevant">
      <facetEntailment facetID="ME_72_f1" label="Assumed"/>
      <facetEntailment facetID="ME_72_f2" label="Assumed"/>
      <facetEntailment facetID="ME_72_f3" label="Assumed"/>
      <facetEntailment facetID="ME_72_f4" label="Unaddressed"/>
      <facetEntailment facetID="ME_72_f5" label="Unaddressed"/>
      <facetEntailment facetID="ME_72_f6" label="Unaddressed"/>
      <facetEntailment facetID="ME_72_f7" label="Unaddressed"/>
      <facetEntailment facetID="ME_72_f8" label="Unaddressed"/>
    </studentAnswer>
    <studentAnswer id="ME.72.316.1" answerText="Why it is the only one is because sometimes you need 2 wires and how it is the only one it is connected to the bottom." accuracy="correct">
      <facetEntailment facetID="ME_72_f1" label="Expressed"/>
      <facetEntailment facetID="ME_72_f2" label="Expressed"/>
      <facetEntailment facetID="ME_72_f3" label="Expressed"/>
      <facetEntailment facetID="ME_72_f4" label="Inferred"/>
      <facetEntailment facetID="ME_72_f5" label="Inferred"/>
      <facetEntailment facetID="ME_72_f6" label="Inferred"/>
      <facetEntailment facetID="ME_72_f7" label="Inferred"/>
      <facetEntailment facetID="ME_72_f8" label="Inferred"/>
    </studentAnswer>
    <studentAnswer id="ME.72.321.1" answerText="Letter A is the right one because the wire have to touch the equal side and the light bulb." accuracy="correct">
      <facetEntailment facetID="ME_72_f1" label="Assumed"/>
      <facetEntailment facetID="ME_72_f2" label="Assumed"/>
      <facetEntailment facetID="ME_72_f3" label="Assumed"/>
      <facetEntailment facetID="ME_72_f4" label="Inferred"/>
      <facetEntailment facetID="ME_72_f5" label="Inferred"/>
      <facetEntailment facetID="ME_72_f6" label="Inferred"/>
      <facetEntailment facetID="ME_72_f7" label="Inferred"/>
      <facetEntailment facetID="ME_72_f8" label="Inferred"/>
    </studentAnswer>
    <studentAnswer id="ME.72.416.1" answerText="The charge of the positive negative is flowing to the bulb." accuracy="irrelevant">
      <facetEntailment facetID="ME_72_f1" label="Assumed"/>
      <facetEntailment facetID="ME_72_f2" label="Assumed"/>
      <facetEntailment facetID="ME_72_f3" label="Assumed"/>
      <facetEntailment facetID="ME_72_f4" label="Unaddressed"/>
      <facetEntailment facetID="ME_72_f5" label="Unaddressed"/>
      <facetEntailment facetID="ME_72_f6" label="Unaddressed"/>
      <facetEntailment facetID="ME_72_f7" label="Unaddressed"/>
      <facetEntailment facetID="ME_72_f8" label="Unaddressed"/>
    </studentAnswer>
    <studentAnswer id="ME.72.418.1" answerText="Because the negative is connected to the black part and the positive side is attached to the shiny part." accuracy="correct">
      <facetEntailment facetID="ME_72_f1" label="Assumed"/>
      <facetEntailment facetID="ME_72_f2" label="Assumed"/>
      <facetEntailment facetID="ME_72_f3" label="Assumed"/>
      <facetEntailment facetID="ME_72_f4" label="Inferred"/>
      <facetEntailment facetID="ME_72_f5" label="Inferred"/>
      <facetEntailment facetID="ME_72_f6" label="Inferred"/>
      <facetEntailment facetID="ME_72_f7" label="Inferred"/>
      <facetEntailment facetID="ME_72_f8" label="Inferred"/>
    </studentAnswer>
    <studentAnswer id="ME.72.419.1" answerText="Because the negative is connected to the black part and the positive side is attached to the shiny part." accuracy="correct">
      <facetEntailment facetID="ME_72_f1" label="Assumed"/>
      <facetEntailment facetID="ME_72_f2" label="Assumed"/>
      <facetEntailment facetID="ME_72_f3" label="Assumed"/>
      <facetEntailment facetID="ME_72_f4" label="Inferred"/>
      <facetEntailment facetID="ME_72_f5" label="Inferred"/>
      <facetEntailment facetID="ME_72_f6" label="Inferred"/>
      <facetEntailment facetID="ME_72_f7" label="Inferred"/>
      <facetEntailment facetID="ME_72_f8" label="Inferred"/>
    </studentAnswer>
    <studentAnswer id="ME.72.422.1" answerText="Because the white thing is touching the negative side." accuracy="partially_correct_incomplete">
      <facetEntailment facetID="ME_72_f1" label="Assumed"/>
      <facetEntailment facetID="ME_72_f2" label="Assumed"/>
      <facetEntailment facetID="ME_72_f3" label="Assumed"/>
      <facetEntailment facetID="ME_72_f4" label="Unaddressed"/>
      <facetEntailment facetID="ME_72_f5" label="Inferred"/>
      <facetEntailment facetID="ME_72_f6" label="Unaddressed"/>
      <facetEntailment facetID="ME_72_f7" label="Inferred"/>
      <facetEntailment facetID="ME_72_f8" label="Unaddressed"/>
    </studentAnswer>
    <studentAnswer id="ME.72.423.1" answerText="Because the shiny part and the wire is touching the black part." accuracy="partially_correct_incomplete">
      <facetEntailment facetID="ME_72_f1" label="Assumed"/>
      <facetEntailment facetID="ME_72_f2" label="Assumed"/>
      <facetEntailment facetID="ME_72_f3" label="Assumed"/>
      <facetEntailment facetID="ME_72_f4" label="Unaddressed"/>
      <facetEntailment facetID="ME_72_f5" label="Unaddressed"/>
      <facetEntailment facetID="ME_72_f6" label="Unaddressed"/>
      <facetEntailment facetID="ME_72_f7" label="Inferred"/>
      <facetEntailment facetID="ME_72_f8" label="Inferred"/>
    </studentAnswer>
    <studentAnswer id="ME.72.426.1" answerText="Because one side of the wire is touching the negative side of the D-cell." accuracy="irrelevant">
      <facetEntailment facetID="ME_72_f1" label="Assumed"/>
      <facetEntailment facetID="ME_72_f2" label="Assumed"/>
      <facetEntailment facetID="ME_72_f3" label="Assumed"/>
      <facetEntailment facetID="ME_72_f4" label="Unaddressed"/>
      <facetEntailment facetID="ME_72_f5" label="Unaddressed"/>
      <facetEntailment facetID="ME_72_f6" label="Unaddressed"/>
      <facetEntailment facetID="ME_72_f7" label="Unaddressed"/>
      <facetEntailment facetID="ME_72_f8" label="Unaddressed"/>
    </studentAnswer>
  </studentAnswers>
</question>
