<?xml version="1.0"?>
<question id="ME_6b" module="ME">
  <questionText>Look at the diagram of a circuit at the right. Will the motor run? Why?</questionText>
  <referenceAnswers>
    <referenceAnswer id="ME_6b-a1" text="The circuit is not complete. The electrical pathway is broken.">
      <tokens>
        <token id="ME_6b_ra1">The</token>
        <token id="ME_6b_ra2">circuit</token>
        <token id="ME_6b_ra3">is</token>
        <token id="ME_6b_ra4">not</token>
        <token id="ME_6b_ra5">complete</token>
        <token id="ME_6b_ra6">.</token>
        <token id="ME_6b_ra7">The</token>
        <token id="ME_6b_ra8">electrical</token>
        <token id="ME_6b_ra9">pathway</token>
        <token id="ME_6b_ra10">is</token>
        <token id="ME_6b_ra11">broken</token>
        <token id="ME_6b_ra12">.</token>
      </tokens>
      <facets>
        <facet id="ME_6b_f1" govNum="ME_6b_ra5" modNum="ME_6b_ra2" reltn="Theme_neg_not" govText="complete" modText="circuit"/>
        <facet id="ME_6b_f2" govNum="ME_6b_ra9" modNum="ME_6b_ra8" reltn="NMod" govText="pathway" modText="electrical"/>
        <facet id="ME_6b_f3" govNum="ME_6b_ra9" modNum="ME_6b_ra11" reltn="Be" govText="pathway" modText="broken"/>
      </facets>
    </referenceAnswer>
  </referenceAnswers>
  <studentAnswers>
    <studentAnswer id="ME.6b.101.1" answerText="I chose it because all the wires have to be hooked together to make a circuit." accuracy="correct">
      <facetEntailment facetID="ME_6b_f1" label="Inferred"/>
      <facetEntailment facetID="ME_6b_f2" label="Expressed"/>
      <facetEntailment facetID="ME_6b_f3" label="Inferred"/>
    </studentAnswer>
    <studentAnswer id="ME.6b.105.1" answerText="I chose no because there has to be another wire connecting the 2 or you can use a switch." accuracy="correct">
      <facetEntailment facetID="ME_6b_f1" label="Inferred"/>
      <facetEntailment facetID="ME_6b_f2" label="Inferred"/>
      <facetEntailment facetID="ME_6b_f3" label="Inferred"/>
    </studentAnswer>
    <studentAnswer id="ME.6b.108.1" answerText="Because there needs to be another wire." accuracy="correct">
      <facetEntailment facetID="ME_6b_f1" label="Inferred"/>
      <facetEntailment facetID="ME_6b_f2" label="Unaddressed"/>
      <facetEntailment facetID="ME_6b_f3" label="Inferred"/>
    </studentAnswer>
    <studentAnswer id="ME.6b.113.1" answerText="Because it got half of it cut off so you cannot make it go back and forth." accuracy="correct">
      <facetEntailment facetID="ME_6b_f1" label="Inferred"/>
      <facetEntailment facetID="ME_6b_f2" label="Unaddressed"/>
      <facetEntailment facetID="ME_6b_f3" label="Inferred"/>
    </studentAnswer>
    <studentAnswer id="ME.6b.120.1" answerText="No because the circuit got cut off." accuracy="correct">
      <facetEntailment facetID="ME_6b_f1" label="Expressed"/>
      <facetEntailment facetID="ME_6b_f2" label="Expressed"/>
      <facetEntailment facetID="ME_6b_f3" label="Expressed"/>
    </studentAnswer>
    <studentAnswer id="ME.6b.121.1" answerText="It is not in a circle." accuracy="correct">
      <facetEntailment facetID="ME_6b_f1" label="Inferred"/>
      <facetEntailment facetID="ME_6b_f2" label="Inferred"/>
      <facetEntailment facetID="ME_6b_f3" label="Inferred"/>
    </studentAnswer>
    <studentAnswer id="ME.6b.140.1" answerText="I chose it because there needs to be more wires on the sign." accuracy="correct">
      <facetEntailment facetID="ME_6b_f1" label="Inferred"/>
      <facetEntailment facetID="ME_6b_f2" label="Inferred"/>
      <facetEntailment facetID="ME_6b_f3" label="Inferred"/>
    </studentAnswer>
    <studentAnswer id="ME.6b.141.1" answerText="To see if the energy goes through it or not to make a circuit." accuracy="partially_correct_incomplete">
      <facetEntailment facetID="ME_6b_f1" label="Unaddressed"/>
      <facetEntailment facetID="ME_6b_f2" label="Expressed"/>
      <facetEntailment facetID="ME_6b_f3" label="Unaddressed"/>
    </studentAnswer>
    <studentAnswer id="ME.6b.149.1" answerText="It does not have the wire to make it a complete circuit." accuracy="correct">
      <facetEntailment facetID="ME_6b_f1" label="Expressed"/>
      <facetEntailment facetID="ME_6b_f2" label="Expressed"/>
      <facetEntailment facetID="ME_6b_f3" label="Expressed"/>
    </studentAnswer>
    <studentAnswer id="ME.6b.178.1" answerText="It is not a circuit at all." accuracy="correct">
      <facetEntailment facetID="ME_6b_f1" label="Inferred"/>
      <facetEntailment facetID="ME_6b_f2" label="Expressed"/>
      <facetEntailment facetID="ME_6b_f3" label="Inferred"/>
    </studentAnswer>
    <studentAnswer id="ME.6b.181.1" answerText="Because it is not flowing in a circle." accuracy="correct">
      <facetEntailment facetID="ME_6b_f1" label="Expressed"/>
      <facetEntailment facetID="ME_6b_f2" label="Expressed"/>
      <facetEntailment facetID="ME_6b_f3" label="Expressed"/>
    </studentAnswer>
    <studentAnswer id="ME.6b.185.1" answerText="I chose that answer because it is not a complete circuit." accuracy="correct">
      <facetEntailment facetID="ME_6b_f1" label="Expressed"/>
      <facetEntailment facetID="ME_6b_f2" label="Expressed"/>
      <facetEntailment facetID="ME_6b_f3" label="Expressed"/>
    </studentAnswer>
    <studentAnswer id="ME.6b.191.1" answerText="I chose it because the wire is not connected right to the D-cell." accuracy="correct">
      <facetEntailment facetID="ME_6b_f1" label="Inferred"/>
      <facetEntailment facetID="ME_6b_f2" label="Inferred"/>
      <facetEntailment facetID="ME_6b_f3" label="Inferred"/>
    </studentAnswer>
    <studentAnswer id="ME.6b.206.1" answerText="There is no source." accuracy="irrelevant">
      <facetEntailment facetID="ME_6b_f1" label="Unaddressed"/>
      <facetEntailment facetID="ME_6b_f2" label="Unaddressed"/>
      <facetEntailment facetID="ME_6b_f3" label="Unaddressed"/>
    </studentAnswer>
    <studentAnswer id="ME.6b.207.1" answerText="The wire cannot make the motor run." accuracy="irrelevant">
      <facetEntailment facetID="ME_6b_f1" label="Unaddressed"/>
      <facetEntailment facetID="ME_6b_f2" label="Unaddressed"/>
      <facetEntailment facetID="ME_6b_f3" label="Unaddressed"/>
    </studentAnswer>
    <studentAnswer id="ME.6b.208.1" answerText="Because the line are not connected." accuracy="correct">
      <facetEntailment facetID="ME_6b_f1" label="Expressed"/>
      <facetEntailment facetID="ME_6b_f2" label="Inferred"/>
      <facetEntailment facetID="ME_6b_f3" label="Expressed"/>
    </studentAnswer>
    <studentAnswer id="ME.6b.215.1" answerText="There is an open circuit." accuracy="correct">
      <facetEntailment facetID="ME_6b_f1" label="Expressed"/>
      <facetEntailment facetID="ME_6b_f2" label="Expressed"/>
      <facetEntailment facetID="ME_6b_f3" label="Expressed"/>
    </studentAnswer>
    <studentAnswer id="ME.6b.216.1" answerText="Because there is a no battery for the motor to work." accuracy="irrelevant">
      <facetEntailment facetID="ME_6b_f1" label="Unaddressed"/>
      <facetEntailment facetID="ME_6b_f2" label="Unaddressed"/>
      <facetEntailment facetID="ME_6b_f3" label="Unaddressed"/>
    </studentAnswer>
    <studentAnswer id="ME.6b.220.1" answerText="Because the is no D-cell." accuracy="irrelevant">
      <facetEntailment facetID="ME_6b_f1" label="Unaddressed"/>
      <facetEntailment facetID="ME_6b_f2" label="Unaddressed"/>
      <facetEntailment facetID="ME_6b_f3" label="Unaddressed"/>
    </studentAnswer>
    <studentAnswer id="ME.6b.224.1" answerText="I chose that answer because there is no battery." accuracy="irrelevant">
      <facetEntailment facetID="ME_6b_f1" label="Unaddressed"/>
      <facetEntailment facetID="ME_6b_f2" label="Unaddressed"/>
      <facetEntailment facetID="ME_6b_f3" label="Unaddressed"/>
    </studentAnswer>
    <studentAnswer id="ME.6b.225.1" answerText="No, because the circuit need to be connected on both sides." accuracy="correct">
      <facetEntailment facetID="ME_6b_f1" label="Expressed"/>
      <facetEntailment facetID="ME_6b_f2" label="Expressed"/>
      <facetEntailment facetID="ME_6b_f3" label="Expressed"/>
    </studentAnswer>
    <studentAnswer id="ME.6b.226.1" answerText="I picked that one because the line on the left is not hooked to anything." accuracy="correct">
      <facetEntailment facetID="ME_6b_f1" label="Inferred"/>
      <facetEntailment facetID="ME_6b_f2" label="Unaddressed"/>
      <facetEntailment facetID="ME_6b_f3" label="Inferred"/>
    </studentAnswer>
    <studentAnswer id="ME.6b.227.1" answerText="I chose that answer because it has a positive and a negative." accuracy="irrelevant">
      <facetEntailment facetID="ME_6b_f1" label="Unaddressed"/>
      <facetEntailment facetID="ME_6b_f2" label="Unaddressed"/>
      <facetEntailment facetID="ME_6b_f3" label="Unaddressed"/>
    </studentAnswer>
    <studentAnswer id="ME.6b.247.1" answerText="I chose no because it is not a complete circuit." accuracy="correct">
      <facetEntailment facetID="ME_6b_f1" label="Expressed"/>
      <facetEntailment facetID="ME_6b_f2" label="Expressed"/>
      <facetEntailment facetID="ME_6b_f3" label="Expressed"/>
    </studentAnswer>
    <studentAnswer id="ME.6b.250.1" answerText="I chose no because the circuit is not closed." accuracy="correct">
      <facetEntailment facetID="ME_6b_f1" label="Expressed"/>
      <facetEntailment facetID="ME_6b_f2" label="Expressed"/>
      <facetEntailment facetID="ME_6b_f3" label="Expressed"/>
    </studentAnswer>
    <studentAnswer id="ME.6b.251.1" answerText="I chose no because it is not a complete circuit." accuracy="correct">
      <facetEntailment facetID="ME_6b_f1" label="Expressed"/>
      <facetEntailment facetID="ME_6b_f2" label="Expressed"/>
      <facetEntailment facetID="ME_6b_f3" label="Expressed"/>
    </studentAnswer>
    <studentAnswer id="ME.6b.254.1" answerText="I choose that answer because there is no switch to turn it on." accuracy="irrelevant">
      <facetEntailment facetID="ME_6b_f1" label="Unaddressed"/>
      <facetEntailment facetID="ME_6b_f2" label="Unaddressed"/>
      <facetEntailment facetID="ME_6b_f3" label="Unaddressed"/>
    </studentAnswer>
    <studentAnswer id="ME.6b.277.1" answerText="Because it is not complete." accuracy="correct">
      <facetEntailment facetID="ME_6b_f1" label="Expressed"/>
      <facetEntailment facetID="ME_6b_f2" label="Inferred"/>
      <facetEntailment facetID="ME_6b_f3" label="Inferred"/>
    </studentAnswer>
    <studentAnswer id="ME.6b.278.1" answerText="No, because it is not a full circuit." accuracy="correct">
      <facetEntailment facetID="ME_6b_f1" label="Expressed"/>
      <facetEntailment facetID="ME_6b_f2" label="Expressed"/>
      <facetEntailment facetID="ME_6b_f3" label="Inferred"/>
    </studentAnswer>
    <studentAnswer id="ME.6b.292.1" answerText="Because it no a circuit." accuracy="correct">
      <facetEntailment facetID="ME_6b_f1" label="Inferred"/>
      <facetEntailment facetID="ME_6b_f2" label="Expressed"/>
      <facetEntailment facetID="ME_6b_f3" label="Inferred"/>
    </studentAnswer>
    <studentAnswer id="ME.6b.293.1" answerText="I chose that answer because it is not a complete circuit." accuracy="correct">
      <facetEntailment facetID="ME_6b_f1" label="Expressed"/>
      <facetEntailment facetID="ME_6b_f2" label="Expressed"/>
      <facetEntailment facetID="ME_6b_f3" label="Expressed"/>
    </studentAnswer>
    <studentAnswer id="ME.6b.313.1" answerText="It will not work because you have to have a battery or it will not work." accuracy="irrelevant">
      <facetEntailment facetID="ME_6b_f1" label="Unaddressed"/>
      <facetEntailment facetID="ME_6b_f2" label="Unaddressed"/>
      <facetEntailment facetID="ME_6b_f3" label="Unaddressed"/>
    </studentAnswer>
    <studentAnswer id="ME.6b.314.1" answerText="It will not work because it have a open circuit." accuracy="correct">
      <facetEntailment facetID="ME_6b_f1" label="Expressed"/>
      <facetEntailment facetID="ME_6b_f2" label="Expressed"/>
      <facetEntailment facetID="ME_6b_f3" label="Expressed"/>
    </studentAnswer>
    <studentAnswer id="ME.6b.318.1" answerText="It is an open circuit so it will not run." accuracy="correct">
      <facetEntailment facetID="ME_6b_f1" label="Expressed"/>
      <facetEntailment facetID="ME_6b_f2" label="Expressed"/>
      <facetEntailment facetID="ME_6b_f3" label="Expressed"/>
    </studentAnswer>
    <studentAnswer id="ME.6b.323.1" answerText="I chose that answer because one of the 2 ends are not touching." accuracy="correct">
      <facetEntailment facetID="ME_6b_f1" label="Inferred"/>
      <facetEntailment facetID="ME_6b_f2" label="Inferred"/>
      <facetEntailment facetID="ME_6b_f3" label="Inferred"/>
    </studentAnswer>
    <studentAnswer id="ME.6b.383.1" answerText="It is not a complete circuit." accuracy="correct">
      <facetEntailment facetID="ME_6b_f1" label="Expressed"/>
      <facetEntailment facetID="ME_6b_f2" label="Expressed"/>
      <facetEntailment facetID="ME_6b_f3" label="Expressed"/>
    </studentAnswer>
  </studentAnswers>
</question>
