<?xml version="1.0"?>
<question id="ME_28b" module="ME">
  <questionText>Look at the picture on the right. Label the poles on each magnet. (The bottom 2 magnets are stuck together, the others are not.) What is the rule that explains why you labeled the poles the way you did?</questionText>
  <referenceAnswers>
    <referenceAnswer id="ME_28b-a1" text="Like poles repel and opposite poles attract.">
      <tokens>
        <token id="ME_28b_ra1">Like</token>
        <token id="ME_28b_ra2">poles</token>
        <token id="ME_28b_ra3">repel</token>
        <token id="ME_28b_ra4">and</token>
        <token id="ME_28b_ra5">opposite</token>
        <token id="ME_28b_ra6">poles</token>
        <token id="ME_28b_ra7">attract</token>
        <token id="ME_28b_ra8">.</token>
      </tokens>
      <facets>
        <facet id="ME_28b_f1" govNum="ME_28b_ra2" modNum="ME_28b_ra1" reltn="NMod" govText="poles" modText="Like"/>
        <facet id="ME_28b_f2" govNum="ME_28b_ra3" modNum="ME_28b_ra2" reltn="Means" govText="repel" modText="poles"/>
        <facet id="ME_28b_f3" govNum="ME_28b_ra6" modNum="ME_28b_ra5" reltn="NMod" govText="poles" modText="opposite"/>
        <facet id="ME_28b_f4" govNum="ME_28b_ra7" modNum="ME_28b_ra6" reltn="Means" govText="attract" modText="poles"/>
      </facets>
    </referenceAnswer>
  </referenceAnswers>
  <studentAnswers>
    <studentAnswer id="ME.28b.xx-1.1" answerText="Because they are repelling each other always." accuracy="partially_correct_incomplete">
      <facetEntailment facetID="ME_28b_f1" label="Unaddressed"/>
      <facetEntailment facetID="ME_28b_f2" label="Inferred"/>
      <facetEntailment facetID="ME_28b_f3" label="Unaddressed"/>
      <facetEntailment facetID="ME_28b_f4" label="Unaddressed"/>
    </studentAnswer>
    <studentAnswer id="ME.28b.xx-10.1" answerText="The magnets are not touching because they cannot attract to each other if they are north to north or south to south." accuracy="correct">
      <facetEntailment facetID="ME_28b_f1" label="Inferred"/>
      <facetEntailment facetID="ME_28b_f2" label="Inferred"/>
      <facetEntailment facetID="ME_28b_f3" label="Inferred"/>
      <facetEntailment facetID="ME_28b_f4" label="Inferred"/>
    </studentAnswer>
    <studentAnswer id="ME.28b.xx-11.1" answerText="The magnets will maybe not stick because the force of the magnets will maybe the pencil is long and the magnets cannot feel the other magnets." accuracy="irrelevant">
      <facetEntailment facetID="ME_28b_f1" label="Unaddressed"/>
      <facetEntailment facetID="ME_28b_f2" label="Unaddressed"/>
      <facetEntailment facetID="ME_28b_f3" label="Unaddressed"/>
      <facetEntailment facetID="ME_28b_f4" label="Unaddressed"/>
    </studentAnswer>
    <studentAnswer id="ME.28b.xx-12.1" answerText="They are repelling." accuracy="partially_correct_incomplete">
      <facetEntailment facetID="ME_28b_f1" label="Unaddressed"/>
      <facetEntailment facetID="ME_28b_f2" label="Inferred"/>
      <facetEntailment facetID="ME_28b_f3" label="Unaddressed"/>
      <facetEntailment facetID="ME_28b_f4" label="Unaddressed"/>
    </studentAnswer>
    <studentAnswer id="ME.28b.xx-13.1" answerText="The magnets are on the side when they repel each other." accuracy="irrelevant">
      <facetEntailment facetID="ME_28b_f1" label="Unaddressed"/>
      <facetEntailment facetID="ME_28b_f2" label="Diff-Arg"/>
      <facetEntailment facetID="ME_28b_f3" label="Unaddressed"/>
      <facetEntailment facetID="ME_28b_f4" label="Unaddressed"/>
    </studentAnswer>
    <studentAnswer id="ME.28b.xx-14.1" answerText="They are on the same side." accuracy="partially_correct_incomplete">
      <facetEntailment facetID="ME_28b_f1" label="Inferred"/>
      <facetEntailment facetID="ME_28b_f2" label="Unaddressed"/>
      <facetEntailment facetID="ME_28b_f3" label="Unaddressed"/>
      <facetEntailment facetID="ME_28b_f4" label="Unaddressed"/>
    </studentAnswer>
    <studentAnswer id="ME.28b.xx-15.1" answerText="The rings do not touch each other because the magnets are facing positive to negative." accuracy="contradictory">
      <facetEntailment facetID="ME_28b_f1" label="Inferred"/>
      <facetEntailment facetID="ME_28b_f2" label="Contra-Infr"/>
      <facetEntailment facetID="ME_28b_f3" label="Inferred"/>
      <facetEntailment facetID="ME_28b_f4" label="Contra-Infr"/>
    </studentAnswer>
    <studentAnswer id="ME.28b.xx-16.1" answerText="They do not touch each other because one side of the magnet has a force and the other side stick to each other because they do not have a force." accuracy="partially_correct_incomplete">
      <facetEntailment facetID="ME_28b_f1" label="Unaddressed"/>
      <facetEntailment facetID="ME_28b_f2" label="Inferred"/>
      <facetEntailment facetID="ME_28b_f3" label="Unaddressed"/>
      <facetEntailment facetID="ME_28b_f4" label="Inferred"/>
    </studentAnswer>
    <studentAnswer id="ME.28b.xx-17.1" answerText="The magnets do not touch each other because either the north and north sides are facing each other or on the south and south sides are facing each other." accuracy="partially_correct_incomplete">
      <facetEntailment facetID="ME_28b_f1" label="Expressed"/>
      <facetEntailment facetID="ME_28b_f2" label="Inferred"/>
      <facetEntailment facetID="ME_28b_f3" label="Unaddressed"/>
      <facetEntailment facetID="ME_28b_f4" label="Unaddressed"/>
    </studentAnswer>
    <studentAnswer id="ME.28b.xx-18.1" answerText="The rings do not touch each other because the rings are magnets so they repel because 2 south and north facing each other." accuracy="correct">
      <facetEntailment facetID="ME_28b_f1" label="Inferred"/>
      <facetEntailment facetID="ME_28b_f2" label="Inferred"/>
      <facetEntailment facetID="ME_28b_f3" label="Inferred"/>
      <facetEntailment facetID="ME_28b_f4" label="Inferred"/>
    </studentAnswer>
    <studentAnswer id="ME.28b.xx-19.1" answerText="Because the rings are magnets and they are facing each other on the same side." accuracy="partially_correct_incomplete">
      <facetEntailment facetID="ME_28b_f1" label="Inferred"/>
      <facetEntailment facetID="ME_28b_f2" label="Unaddressed"/>
      <facetEntailment facetID="ME_28b_f3" label="Unaddressed"/>
      <facetEntailment facetID="ME_28b_f4" label="Unaddressed"/>
    </studentAnswer>
    <studentAnswer id="ME.28b.xx-2.1" answerText="The magnets do not touch because the same poles are together so they all repel." accuracy="correct">
      <facetEntailment facetID="ME_28b_f1" label="Expressed"/>
      <facetEntailment facetID="ME_28b_f2" label="Expressed"/>
      <facetEntailment facetID="ME_28b_f3" label="Inferred"/>
      <facetEntailment facetID="ME_28b_f4" label="Inferred"/>
    </studentAnswer>
    <studentAnswer id="ME.28b.xx-20.1" answerText="They do not touch each other because the force of magnetism is repelling them away from each other." accuracy="irrelevant">
      <facetEntailment facetID="ME_28b_f1" label="Unaddressed"/>
      <facetEntailment facetID="ME_28b_f2" label="Diff-Arg"/>
      <facetEntailment facetID="ME_28b_f3" label="Unaddressed"/>
      <facetEntailment facetID="ME_28b_f4" label="Unaddressed"/>
    </studentAnswer>
    <studentAnswer id="ME.28b.xx-21.1" answerText="The magnets do not touch because if you flip the magnet to the other side it will not stick because it makes them different." accuracy="partially_correct_incomplete">
      <facetEntailment facetID="ME_28b_f1" label="Unaddressed"/>
      <facetEntailment facetID="ME_28b_f2" label="Inferred"/>
      <facetEntailment facetID="ME_28b_f3" label="Unaddressed"/>
      <facetEntailment facetID="ME_28b_f4" label="Inferred"/>
    </studentAnswer>
    <studentAnswer id="ME.28b.xx-23.1" answerText="The rings are not touch each other because they are not facing the right way." accuracy="irrelevant">
      <facetEntailment facetID="ME_28b_f1" label="Unaddressed"/>
      <facetEntailment facetID="ME_28b_f2" label="Unaddressed"/>
      <facetEntailment facetID="ME_28b_f3" label="Unaddressed"/>
      <facetEntailment facetID="ME_28b_f4" label="Unaddressed"/>
    </studentAnswer>
    <studentAnswer id="ME.28b.xx-24.1" answerText="The rings are made out of metal because they are repelling." accuracy="irrelevant">
      <facetEntailment facetID="ME_28b_f1" label="Unaddressed"/>
      <facetEntailment facetID="ME_28b_f2" label="Diff-Arg"/>
      <facetEntailment facetID="ME_28b_f3" label="Unaddressed"/>
      <facetEntailment facetID="ME_28b_f4" label="Unaddressed"/>
    </studentAnswer>
    <studentAnswer id="ME.28b.xx-28.1" answerText="The magnets are not touching because the magnetic force is making the magnets repel." accuracy="irrelevant">
      <facetEntailment facetID="ME_28b_f1" label="Unaddressed"/>
      <facetEntailment facetID="ME_28b_f2" label="Diff-Arg"/>
      <facetEntailment facetID="ME_28b_f3" label="Unaddressed"/>
      <facetEntailment facetID="ME_28b_f4" label="Unaddressed"/>
    </studentAnswer>
    <studentAnswer id="ME.28b.xx-29.1" answerText="They are not touching each other because they are repelling." accuracy="partially_correct_incomplete">
      <facetEntailment facetID="ME_28b_f1" label="Unaddressed"/>
      <facetEntailment facetID="ME_28b_f2" label="Inferred"/>
      <facetEntailment facetID="ME_28b_f3" label="Unaddressed"/>
      <facetEntailment facetID="ME_28b_f4" label="Unaddressed"/>
    </studentAnswer>
    <studentAnswer id="ME.28b.xx-3.1" answerText="Because they are not attracting." accuracy="partially_correct_incomplete">
      <facetEntailment facetID="ME_28b_f1" label="Unaddressed"/>
      <facetEntailment facetID="ME_28b_f2" label="Expressed"/>
      <facetEntailment facetID="ME_28b_f3" label="Unaddressed"/>
      <facetEntailment facetID="ME_28b_f4" label="Unaddressed"/>
    </studentAnswer>
    <studentAnswer id="ME.28b.xx-30.1" answerText="The magnets are not touching because they are flipped around a certain way that they do not stick instead they repel." accuracy="irrelevant">
      <facetEntailment facetID="ME_28b_f1" label="Unaddressed"/>
      <facetEntailment facetID="ME_28b_f2" label="Diff-Arg"/>
      <facetEntailment facetID="ME_28b_f3" label="Unaddressed"/>
      <facetEntailment facetID="ME_28b_f4" label="Unaddressed"/>
    </studentAnswer>
    <studentAnswer id="ME.28b.xx-31.1" answerText="They are not touching each other because either the North and North part of the magnets are touching or the south and south are touching." accuracy="contradictory">
      <facetEntailment facetID="ME_28b_f1" label="Inferred"/>
      <facetEntailment facetID="ME_28b_f2" label="Self-Contra"/>
      <facetEntailment facetID="ME_28b_f3" label="Unaddressed"/>
      <facetEntailment facetID="ME_28b_f4" label="Unaddressed"/>
    </studentAnswer>
    <studentAnswer id="ME.28b.xx-32.1" answerText="They are not touching because there are a north and south on a magnet and the north is facing the other north." accuracy="correct">
      <facetEntailment facetID="ME_28b_f1" label="Inferred"/>
      <facetEntailment facetID="ME_28b_f2" label="Inferred"/>
      <facetEntailment facetID="ME_28b_f3" label="Inferred"/>
      <facetEntailment facetID="ME_28b_f4" label="Inferred"/>
    </studentAnswer>
    <studentAnswer id="ME.28b.xx-33.1" answerText="The north pole and another north pole are touching on the magnet or the south pole and south pole which makes them repel." accuracy="contradictory">
      <facetEntailment facetID="ME_28b_f1" label="Expressed"/>
      <facetEntailment facetID="ME_28b_f2" label="Self-Contra"/>
      <facetEntailment facetID="ME_28b_f3" label="Unaddressed"/>
      <facetEntailment facetID="ME_28b_f4" label="Contra-Infr"/>
    </studentAnswer>
    <studentAnswer id="ME.28b.xx-34.1" answerText="Because the magnets have a north and south pole and if the north touches the north or visa-versa north the will not touch." accuracy="partially_correct_incomplete">
      <facetEntailment facetID="ME_28b_f1" label="Expressed"/>
      <facetEntailment facetID="ME_28b_f2" label="Inferred"/>
      <facetEntailment facetID="ME_28b_f3" label="Expressed"/>
      <facetEntailment facetID="ME_28b_f4" label="Unaddressed"/>
    </studentAnswer>
    <studentAnswer id="ME.28b.xx-35.1" answerText="The rings do not touch each other because if the magnets are not the right way they will repel." accuracy="irrelevant">
      <facetEntailment facetID="ME_28b_f1" label="Unaddressed"/>
      <facetEntailment facetID="ME_28b_f2" label="Diff-Arg"/>
      <facetEntailment facetID="ME_28b_f3" label="Unaddressed"/>
      <facetEntailment facetID="ME_28b_f4" label="Unaddressed"/>
    </studentAnswer>
    <studentAnswer id="ME.28b.xx-36.1" answerText="The rings do not touch because the magnets were facing the same way which makes them float." accuracy="irrelevant">
      <facetEntailment facetID="ME_28b_f1" label="Unaddressed"/>
      <facetEntailment facetID="ME_28b_f2" label="Unaddressed"/>
      <facetEntailment facetID="ME_28b_f3" label="Unaddressed"/>
      <facetEntailment facetID="ME_28b_f4" label="Unaddressed"/>
    </studentAnswer>
    <studentAnswer id="ME.28b.xx-37.1" answerText="They do not touch each other because if you put magnet the magnets like this will not attract North to North. If you put magnets like this it will attract North to South. If you put it like this it will not attract South to South." accuracy="correct">
      <facetEntailment facetID="ME_28b_f1" label="Expressed"/>
      <facetEntailment facetID="ME_28b_f2" label="Inferred"/>
      <facetEntailment facetID="ME_28b_f3" label="Expressed"/>
      <facetEntailment facetID="ME_28b_f4" label="Expressed"/>
    </studentAnswer>
    <studentAnswer id="ME.28b.xx-4.1" answerText="The rings do not attach each other because they are flipped upside down." accuracy="partially_correct_incomplete">
      <facetEntailment facetID="ME_28b_f1" label="Unaddressed"/>
      <facetEntailment facetID="ME_28b_f2" label="Inferred"/>
      <facetEntailment facetID="ME_28b_f3" label="Unaddressed"/>
      <facetEntailment facetID="ME_28b_f4" label="Unaddressed"/>
    </studentAnswer>
    <studentAnswer id="ME.28b.xx-5.1" answerText="The rings do not touch because the top is south pole is the one below it is the south pole. When the poles are north and south they attract." accuracy="correct">
      <facetEntailment facetID="ME_28b_f1" label="Inferred"/>
      <facetEntailment facetID="ME_28b_f2" label="Inferred"/>
      <facetEntailment facetID="ME_28b_f3" label="Inferred"/>
      <facetEntailment facetID="ME_28b_f4" label="Expressed"/>
    </studentAnswer>
    <studentAnswer id="ME.28b.xx-6.1" answerText="The rings do not touch because the rings are just magnets and the magnets are on the repel side." accuracy="irrelevant">
      <facetEntailment facetID="ME_28b_f1" label="Unaddressed"/>
      <facetEntailment facetID="ME_28b_f2" label="Diff-Arg"/>
      <facetEntailment facetID="ME_28b_f3" label="Unaddressed"/>
      <facetEntailment facetID="ME_28b_f4" label="Unaddressed"/>
    </studentAnswer>
    <studentAnswer id="ME.28b.xx-7.1" answerText="They are not touching each other because they repel." accuracy="partially_correct_incomplete">
      <facetEntailment facetID="ME_28b_f1" label="Unaddressed"/>
      <facetEntailment facetID="ME_28b_f2" label="Inferred"/>
      <facetEntailment facetID="ME_28b_f3" label="Unaddressed"/>
      <facetEntailment facetID="ME_28b_f4" label="Unaddressed"/>
    </studentAnswer>
    <studentAnswer id="ME.28b.xx-9.1" answerText="Each magnet is pushing away from the magnet so they are attracting." accuracy="irrelevant">
      <facetEntailment facetID="ME_28b_f1" label="Unaddressed"/>
      <facetEntailment facetID="ME_28b_f2" label="Diff-Arg"/>
      <facetEntailment facetID="ME_28b_f3" label="Unaddressed"/>
      <facetEntailment facetID="ME_28b_f4" label="Diff-Arg"/>
    </studentAnswer>
  </studentAnswers>
</question>
