<?xml version="1.0"?>
<question id="MS_43b" module="MS">
  <questionText>2 groups used marbles to weigh the same apple. Jin's group found the apple weighed 35 marbles and Bee's group found the same apple weighed 60 marbles. Both groups used the correct procedure. What should the groups do to make their results more useful?</questionText>
  <referenceAnswers>
    <referenceAnswer id="MS_43b-a1" text="Use a standard unit of mass like grams.">
      <tokens>
        <token id="MS_43b_ra1">Use</token>
        <token id="MS_43b_ra2">a</token>
        <token id="MS_43b_ra3">standard</token>
        <token id="MS_43b_ra4">unit</token>
        <token id="MS_43b_ra5">of</token>
        <token id="MS_43b_ra6">mass</token>
        <token id="MS_43b_ra7">like</token>
        <token id="MS_43b_ra8">grams</token>
        <token id="MS_43b_ra9">.</token>
      </tokens>
      <facets>
        <facet id="MS_43b_f1" govNum="MS_43b_ra1" modNum="MS_43b_ra4" reltn="Theme" govText="Use" modText="unit"/>
        <facet id="MS_43b_f2" govNum="MS_43b_ra4" modNum="MS_43b_ra3" reltn="NMod" govText="unit" modText="standard"/>
        <facet id="MS_43b_f3" govNum="MS_43b_ra4" modNum="MS_43b_ra6" reltn="NMod_of" govText="unit" isAssumed="true" modText="mass"/>
        <facet id="MS_43b_f4" govNum="MS_43b_ra4" modNum="MS_43b_ra8" reltn="NMod_like" govText="unit" modText="grams"/>
      </facets>
    </referenceAnswer>
  </referenceAnswers>
  <studentAnswers>
    <studentAnswer id="MS.43b.103.1" answerText="They could use grams to weigh them." accuracy="correct">
      <facetEntailment facetID="MS_43b_f1" label="Inferred"/>
      <facetEntailment facetID="MS_43b_f2" label="Inferred"/>
      <facetEntailment facetID="MS_43b_f3" label="Expressed"/>
      <facetEntailment facetID="MS_43b_f4" label="Expressed"/>
    </studentAnswer>
    <studentAnswer id="MS.43b.115.1" answerText="Use mass pieces." accuracy="irrelevant">
      <facetEntailment facetID="MS_43b_f1" label="Diff-Arg"/>
      <facetEntailment facetID="MS_43b_f2" label="Unaddressed"/>
      <facetEntailment facetID="MS_43b_f3" label="Assumed"/>
      <facetEntailment facetID="MS_43b_f4" label="Unaddressed"/>
    </studentAnswer>
    <studentAnswer id="MS.43b.116.1" answerText="They could both use the metric unit grams." accuracy="correct">
      <facetEntailment facetID="MS_43b_f1" label="Expressed"/>
      <facetEntailment facetID="MS_43b_f2" label="Inferred"/>
      <facetEntailment facetID="MS_43b_f3" label="Expressed"/>
      <facetEntailment facetID="MS_43b_f4" label="Expressed"/>
    </studentAnswer>
    <studentAnswer id="MS.43b.118.1" answerText="They should use the same marbles." accuracy="irrelevant">
      <facetEntailment facetID="MS_43b_f1" label="Unaddressed"/>
      <facetEntailment facetID="MS_43b_f2" label="Unaddressed"/>
      <facetEntailment facetID="MS_43b_f3" label="Assumed"/>
      <facetEntailment facetID="MS_43b_f4" label="Unaddressed"/>
    </studentAnswer>
    <studentAnswer id="MS.43b.136.1" answerText="They should use the same marbles." accuracy="irrelevant">
      <facetEntailment facetID="MS_43b_f1" label="Diff-Arg"/>
      <facetEntailment facetID="MS_43b_f2" label="Unaddressed"/>
      <facetEntailment facetID="MS_43b_f3" label="Assumed"/>
      <facetEntailment facetID="MS_43b_f4" label="Unaddressed"/>
    </studentAnswer>
    <studentAnswer id="MS.43b.147.1" answerText="Use little marbles." accuracy="irrelevant">
      <facetEntailment facetID="MS_43b_f1" label="Diff-Arg"/>
      <facetEntailment facetID="MS_43b_f2" label="Unaddressed"/>
      <facetEntailment facetID="MS_43b_f3" label="Assumed"/>
      <facetEntailment facetID="MS_43b_f4" label="Unaddressed"/>
    </studentAnswer>
    <studentAnswer id="MS.43b.153.1" answerText="35 grams to a glass case, 60 grams to a big book." accuracy="irrelevant">
      <facetEntailment facetID="MS_43b_f1" label="Unaddressed"/>
      <facetEntailment facetID="MS_43b_f2" label="Unaddressed"/>
      <facetEntailment facetID="MS_43b_f3" label="Assumed"/>
      <facetEntailment facetID="MS_43b_f4" label="Unaddressed"/>
    </studentAnswer>
    <studentAnswer id="MS.43b.171.1" answerText="They could redo it to see if they weighed the right mass." accuracy="irrelevant">
      <facetEntailment facetID="MS_43b_f1" label="Unaddressed"/>
      <facetEntailment facetID="MS_43b_f2" label="Unaddressed"/>
      <facetEntailment facetID="MS_43b_f3" label="Assumed"/>
      <facetEntailment facetID="MS_43b_f4" label="Unaddressed"/>
    </studentAnswer>
    <studentAnswer id="MS.43b.180.1" answerText="Use gram or standard unit of measurement." accuracy="correct">
      <facetEntailment facetID="MS_43b_f1" label="Expressed"/>
      <facetEntailment facetID="MS_43b_f2" label="Expressed"/>
      <facetEntailment facetID="MS_43b_f3" label="Expressed"/>
      <facetEntailment facetID="MS_43b_f4" label="Expressed"/>
    </studentAnswer>
    <studentAnswer id="MS.43b.183.1" answerText="They should use grams instead." accuracy="correct">
      <facetEntailment facetID="MS_43b_f1" label="Inferred"/>
      <facetEntailment facetID="MS_43b_f2" label="Inferred"/>
      <facetEntailment facetID="MS_43b_f3" label="Assumed"/>
      <facetEntailment facetID="MS_43b_f4" label="Expressed"/>
    </studentAnswer>
    <studentAnswer id="MS.43b.276.1" answerText="They should use a standard unit." accuracy="correct">
      <facetEntailment facetID="MS_43b_f1" label="Expressed"/>
      <facetEntailment facetID="MS_43b_f2" label="Expressed"/>
      <facetEntailment facetID="MS_43b_f3" label="Assumed"/>
      <facetEntailment facetID="MS_43b_f4" label="Unaddressed"/>
    </studentAnswer>
    <studentAnswer id="MS.43b.278.1" answerText="Use a standard unit like grams." accuracy="correct">
      <facetEntailment facetID="MS_43b_f1" label="Expressed"/>
      <facetEntailment facetID="MS_43b_f2" label="Expressed"/>
      <facetEntailment facetID="MS_43b_f3" label="Expressed"/>
      <facetEntailment facetID="MS_43b_f4" label="Expressed"/>
    </studentAnswer>
    <studentAnswer id="MS.43b.286.1" answerText="Because they weighed different but the same answer." accuracy="irrelevant">
      <facetEntailment facetID="MS_43b_f1" label="Unaddressed"/>
      <facetEntailment facetID="MS_43b_f2" label="Unaddressed"/>
      <facetEntailment facetID="MS_43b_f3" label="Assumed"/>
      <facetEntailment facetID="MS_43b_f4" label="Unaddressed"/>
    </studentAnswer>
    <studentAnswer id="MS.43b.293.1" answerText="If Jin's and Bee's groups can use a balance beam." accuracy="irrelevant">
      <facetEntailment facetID="MS_43b_f1" label="Diff-Arg"/>
      <facetEntailment facetID="MS_43b_f2" label="Unaddressed"/>
      <facetEntailment facetID="MS_43b_f3" label="Assumed"/>
      <facetEntailment facetID="MS_43b_f4" label="Unaddressed"/>
    </studentAnswer>
    <studentAnswer id="MS.43b.315.1" answerText="Always use grams to know who much it weighs." accuracy="correct">
      <facetEntailment facetID="MS_43b_f1" label="Inferred"/>
      <facetEntailment facetID="MS_43b_f2" label="Inferred"/>
      <facetEntailment facetID="MS_43b_f3" label="Expressed"/>
      <facetEntailment facetID="MS_43b_f4" label="Expressed"/>
    </studentAnswer>
    <studentAnswer id="MS.43b.317.1" answerText="They should use a standard measurement to weigh the apple." accuracy="correct">
      <facetEntailment facetID="MS_43b_f1" label="Expressed"/>
      <facetEntailment facetID="MS_43b_f2" label="Expressed"/>
      <facetEntailment facetID="MS_43b_f3" label="Expressed"/>
      <facetEntailment facetID="MS_43b_f4" label="Unaddressed"/>
    </studentAnswer>
    <studentAnswer id="MS.43b.324.1" answerText="They can use grams." accuracy="correct">
      <facetEntailment facetID="MS_43b_f1" label="Inferred"/>
      <facetEntailment facetID="MS_43b_f2" label="Inferred"/>
      <facetEntailment facetID="MS_43b_f3" label="Expressed"/>
      <facetEntailment facetID="MS_43b_f4" label="Expressed"/>
    </studentAnswer>
    <studentAnswer id="MS.43b.349.1" answerText="Use the same stuff." accuracy="irrelevant">
      <facetEntailment facetID="MS_43b_f1" label="Unaddressed"/>
      <facetEntailment facetID="MS_43b_f2" label="Unaddressed"/>
      <facetEntailment facetID="MS_43b_f3" label="Assumed"/>
      <facetEntailment facetID="MS_43b_f4" label="Unaddressed"/>
    </studentAnswer>
    <studentAnswer id="MS.43b.359.1" answerText="Weighed the apple again." accuracy="irrelevant">
      <facetEntailment facetID="MS_43b_f1" label="Unaddressed"/>
      <facetEntailment facetID="MS_43b_f2" label="Unaddressed"/>
      <facetEntailment facetID="MS_43b_f3" label="Assumed"/>
      <facetEntailment facetID="MS_43b_f4" label="Unaddressed"/>
    </studentAnswer>
    <studentAnswer id="MS.43b.381.1" answerText="Zero out the balance." accuracy="irrelevant">
      <facetEntailment facetID="MS_43b_f1" label="Unaddressed"/>
      <facetEntailment facetID="MS_43b_f2" label="Unaddressed"/>
      <facetEntailment facetID="MS_43b_f3" label="Assumed"/>
      <facetEntailment facetID="MS_43b_f4" label="Unaddressed"/>
    </studentAnswer>
    <studentAnswer id="MS.43b.391.1" answerText="Use a standard like a gram." accuracy="correct">
      <facetEntailment facetID="MS_43b_f1" label="Expressed"/>
      <facetEntailment facetID="MS_43b_f2" label="Expressed"/>
      <facetEntailment facetID="MS_43b_f3" label="Expressed"/>
      <facetEntailment facetID="MS_43b_f4" label="Expressed"/>
    </studentAnswer>
    <studentAnswer id="MS.43b.396.1" answerText="Get the same size apples." accuracy="irrelevant">
      <facetEntailment facetID="MS_43b_f1" label="Unaddressed"/>
      <facetEntailment facetID="MS_43b_f2" label="Unaddressed"/>
      <facetEntailment facetID="MS_43b_f3" label="Assumed"/>
      <facetEntailment facetID="MS_43b_f4" label="Unaddressed"/>
    </studentAnswer>
    <studentAnswer id="MS.43b.426.1" answerText="To use a ruler to see if the 2 apples are different." accuracy="irrelevant">
      <facetEntailment facetID="MS_43b_f1" label="Diff-Arg"/>
      <facetEntailment facetID="MS_43b_f2" label="Unaddressed"/>
      <facetEntailment facetID="MS_43b_f3" label="Assumed"/>
      <facetEntailment facetID="MS_43b_f4" label="Unaddressed"/>
    </studentAnswer>
    <studentAnswer id="MS.43b.452.1" answerText="Use same sized marbles." accuracy="irrelevant">
      <facetEntailment facetID="MS_43b_f1" label="Unaddressed"/>
      <facetEntailment facetID="MS_43b_f2" label="Unaddressed"/>
      <facetEntailment facetID="MS_43b_f3" label="Assumed"/>
      <facetEntailment facetID="MS_43b_f4" label="Unaddressed"/>
    </studentAnswer>
    <studentAnswer id="MS.43b.488.1" answerText="I think they both did it wrong because we measured it and it was 150." accuracy="irrelevant">
      <facetEntailment facetID="MS_43b_f1" label="Unaddressed"/>
      <facetEntailment facetID="MS_43b_f2" label="Unaddressed"/>
      <facetEntailment facetID="MS_43b_f3" label="Assumed"/>
      <facetEntailment facetID="MS_43b_f4" label="Unaddressed"/>
    </studentAnswer>
    <studentAnswer id="MS.43b.498.1" answerText="They could weigh it." accuracy="irrelevant">
      <facetEntailment facetID="MS_43b_f1" label="Unaddressed"/>
      <facetEntailment facetID="MS_43b_f2" label="Unaddressed"/>
      <facetEntailment facetID="MS_43b_f3" label="Assumed"/>
      <facetEntailment facetID="MS_43b_f4" label="Unaddressed"/>
    </studentAnswer>
    <studentAnswer id="MS.43b.501.1" answerText="They should be with a balance." accuracy="irrelevant">
      <facetEntailment facetID="MS_43b_f1" label="Unaddressed"/>
      <facetEntailment facetID="MS_43b_f2" label="Unaddressed"/>
      <facetEntailment facetID="MS_43b_f3" label="Assumed"/>
      <facetEntailment facetID="MS_43b_f4" label="Unaddressed"/>
    </studentAnswer>
    <studentAnswer id="MS.43b.504.1" answerText="Maybe because the marbles are different sizes." accuracy="irrelevant">
      <facetEntailment facetID="MS_43b_f1" label="Unaddressed"/>
      <facetEntailment facetID="MS_43b_f2" label="Unaddressed"/>
      <facetEntailment facetID="MS_43b_f3" label="Assumed"/>
      <facetEntailment facetID="MS_43b_f4" label="Unaddressed"/>
    </studentAnswer>
    <studentAnswer id="MS.43b.521.1" answerText="Use grams, use standard." accuracy="correct">
      <facetEntailment facetID="MS_43b_f1" label="Inferred"/>
      <facetEntailment facetID="MS_43b_f2" label="Expressed"/>
      <facetEntailment facetID="MS_43b_f3" label="Expressed"/>
      <facetEntailment facetID="MS_43b_f4" label="Expressed"/>
    </studentAnswer>
    <studentAnswer id="MS.43b.533.1" answerText="Use a standard, grams." accuracy="correct">
      <facetEntailment facetID="MS_43b_f1" label="Expressed"/>
      <facetEntailment facetID="MS_43b_f2" label="Expressed"/>
      <facetEntailment facetID="MS_43b_f3" label="Expressed"/>
      <facetEntailment facetID="MS_43b_f4" label="Expressed"/>
    </studentAnswer>
    <studentAnswer id="MS.43b.566.1" answerText="They should use grams to weigh the apple." accuracy="correct">
      <facetEntailment facetID="MS_43b_f1" label="Inferred"/>
      <facetEntailment facetID="MS_43b_f2" label="Inferred"/>
      <facetEntailment facetID="MS_43b_f3" label="Expressed"/>
      <facetEntailment facetID="MS_43b_f4" label="Expressed"/>
    </studentAnswer>
    <studentAnswer id="MS.43b.592.1" answerText="Use same size marbles." accuracy="irrelevant">
      <facetEntailment facetID="MS_43b_f1" label="Unaddressed"/>
      <facetEntailment facetID="MS_43b_f2" label="Unaddressed"/>
      <facetEntailment facetID="MS_43b_f3" label="Assumed"/>
      <facetEntailment facetID="MS_43b_f4" label="Unaddressed"/>
    </studentAnswer>
    <studentAnswer id="MS.43b.594.1" answerText="Use the same marbles." accuracy="irrelevant">
      <facetEntailment facetID="MS_43b_f1" label="Unaddressed"/>
      <facetEntailment facetID="MS_43b_f2" label="Unaddressed"/>
      <facetEntailment facetID="MS_43b_f3" label="Assumed"/>
      <facetEntailment facetID="MS_43b_f4" label="Unaddressed"/>
    </studentAnswer>
    <studentAnswer id="MS.43b.599.1" answerText="Use mass pieces." accuracy="irrelevant">
      <facetEntailment facetID="MS_43b_f1" label="Diff-Arg"/>
      <facetEntailment facetID="MS_43b_f2" label="Unaddressed"/>
      <facetEntailment facetID="MS_43b_f3" label="Assumed"/>
      <facetEntailment facetID="MS_43b_f4" label="Unaddressed"/>
    </studentAnswer>
    <studentAnswer id="MS.43b.600.1" answerText="Get the same size." accuracy="irrelevant">
      <facetEntailment facetID="MS_43b_f1" label="Unaddressed"/>
      <facetEntailment facetID="MS_43b_f2" label="Unaddressed"/>
      <facetEntailment facetID="MS_43b_f3" label="Assumed"/>
      <facetEntailment facetID="MS_43b_f4" label="Unaddressed"/>
    </studentAnswer>
    <studentAnswer id="MS.43b.607.1" answerText="One group could use an apple then when they are done the other group could use it." accuracy="irrelevant">
      <facetEntailment facetID="MS_43b_f1" label="Unaddressed"/>
      <facetEntailment facetID="MS_43b_f2" label="Unaddressed"/>
      <facetEntailment facetID="MS_43b_f3" label="Assumed"/>
      <facetEntailment facetID="MS_43b_f4" label="Unaddressed"/>
    </studentAnswer>
  </studentAnswers>
</question>
