<?xml version="1.0"?>
<question id="MX_18" module="MX">
  <questionText>A solution of water and material A is clear. A solution of water and material B is also clear. When the 2 solutions are mixed, a white solid settles to the bottom, leaving a clear liquid. What does the white solid indicate?</questionText>
  <referenceAnswers>
    <referenceAnswer id="MX_18-a1" text="A chemical reaction occurred. [The white solid is a precipitate (a new material) which indicates the reaction.]">
      <tokens>
        <token id="MX_18_ra1">A</token>
        <token id="MX_18_ra2">chemical</token>
        <token id="MX_18_ra3">reaction</token>
        <token id="MX_18_ra4">occurred</token>
        <token id="MX_18_ra5">.</token>
        <token id="MX_18_ra6">[</token>
        <token id="MX_18_ra7">The</token>
        <token id="MX_18_ra8">white</token>
        <token id="MX_18_ra9">solid</token>
        <token id="MX_18_ra10">is</token>
        <token id="MX_18_ra11">a</token>
        <token id="MX_18_ra12">precipitate</token>
        <token id="MX_18_ra13">(</token>
        <token id="MX_18_ra14">a</token>
        <token id="MX_18_ra15">new</token>
        <token id="MX_18_ra16">material</token>
        <token id="MX_18_ra17">)</token>
        <token id="MX_18_ra18">which</token>
        <token id="MX_18_ra19">indicates</token>
        <token id="MX_18_ra20">the</token>
        <token id="MX_18_ra21">reaction</token>
        <token id="MX_18_ra22">.</token>
        <token id="MX_18_ra23">]</token>
      </tokens>
      <facets>
        <facet id="MX_18_f1" govNum="MX_18_ra4" modNum="MX_18_ra3" reltn="Theme" govText="occurred" modText="reaction"/>
        <facet id="MX_18_f2" govNum="MX_18_ra3" modNum="MX_18_ra2" reltn="NMod" govText="reaction" modText="chemical"/>
        <facet id="MX_18_f3" govNum="MX_18_ra9" modNum="MX_18_ra8" reltn="NMod" govText="solid" isAssumed="true" modText="white"/>
        <facet id="MX_18_f4" govNum="MX_18_ra9" modNum="MX_18_ra12" reltn="Be" govText="solid" modText="precipitate"/>
        <facet id="MX_18_f5" govNum="MX_18_ra9" modNum="MX_18_ra16" reltn="Be" govText="solid" isAssumed="true" modText="material"/>
        <facet id="MX_18_f6" govNum="MX_18_ra16" modNum="MX_18_ra15" reltn="NMod" govText="material" modText="new"/>
        <facet id="MX_18_f7" govNum="MX_18_ra19" modNum="MX_18_ra12" reltn="Cause_which" govText="indicates" modText="precipitate"/>
        <facet id="MX_18_f8" govNum="MX_18_ra19" modNum="MX_18_ra21" reltn="Topic" govText="indicates" modText="reaction"/>
        <facet id="MX_18_f9" govNum="MX_18_ra12" modNum="MX_18_ra21" reltn="Cause_which_indicates" childProp1Facet1="MX_18_f4" govText="precipitate" childProp1Facet2="MX_18_f7" modText="reaction" childProp2Facet1="MX_18_f8"/>
      </facets>
    </referenceAnswer>
  </referenceAnswers>
  <studentAnswers>
    <studentAnswer id="MX.18.106.1" answerText="It dissolved in the water." accuracy="irrelevant">
      <facetEntailment facetID="MX_18_f1" label="Unaddressed"/>
      <facetEntailment facetID="MX_18_f2" label="Unaddressed"/>
      <facetEntailment facetID="MX_18_f3" label="Assumed"/>
      <facetEntailment facetID="MX_18_f4" label="Unaddressed"/>
      <facetEntailment facetID="MX_18_f5" label="Assumed"/>
      <facetEntailment facetID="MX_18_f6" label="Unaddressed"/>
      <facetEntailment facetID="MX_18_f7" label="Unaddressed"/>
      <facetEntailment facetID="MX_18_f8" label="Unaddressed"/>
      <facetEntailment facetID="MX_18_f9" label="Unaddressed"/>
    </studentAnswer>
    <studentAnswer id="MX.18.119.1" answerText="The chemical that stayed down there." accuracy="irrelevant">
      <facetEntailment facetID="MX_18_f1" label="Unaddressed"/>
      <facetEntailment facetID="MX_18_f2" label="Unaddressed"/>
      <facetEntailment facetID="MX_18_f3" label="Assumed"/>
      <facetEntailment facetID="MX_18_f4" label="Unaddressed"/>
      <facetEntailment facetID="MX_18_f5" label="Assumed"/>
      <facetEntailment facetID="MX_18_f6" label="Unaddressed"/>
      <facetEntailment facetID="MX_18_f7" label="Unaddressed"/>
      <facetEntailment facetID="MX_18_f8" label="Unaddressed"/>
      <facetEntailment facetID="MX_18_f9" label="Unaddressed"/>
    </studentAnswer>
    <studentAnswer id="MX.18.146.1" answerText="The chemical that saturated down there." accuracy="irrelevant">
      <facetEntailment facetID="MX_18_f1" label="Unaddressed"/>
      <facetEntailment facetID="MX_18_f2" label="Unaddressed"/>
      <facetEntailment facetID="MX_18_f3" label="Assumed"/>
      <facetEntailment facetID="MX_18_f4" label="Unaddressed"/>
      <facetEntailment facetID="MX_18_f5" label="Assumed"/>
      <facetEntailment facetID="MX_18_f6" label="Unaddressed"/>
      <facetEntailment facetID="MX_18_f7" label="Unaddressed"/>
      <facetEntailment facetID="MX_18_f8" label="Unaddressed"/>
      <facetEntailment facetID="MX_18_f9" label="Unaddressed"/>
    </studentAnswer>
    <studentAnswer id="MX.18.151.1" answerText="That is not a solution it is a mixture." accuracy="irrelevant">
      <facetEntailment facetID="MX_18_f1" label="Unaddressed"/>
      <facetEntailment facetID="MX_18_f2" label="Unaddressed"/>
      <facetEntailment facetID="MX_18_f3" label="Assumed"/>
      <facetEntailment facetID="MX_18_f4" label="Unaddressed"/>
      <facetEntailment facetID="MX_18_f5" label="Assumed"/>
      <facetEntailment facetID="MX_18_f6" label="Unaddressed"/>
      <facetEntailment facetID="MX_18_f7" label="Unaddressed"/>
      <facetEntailment facetID="MX_18_f8" label="Unaddressed"/>
      <facetEntailment facetID="MX_18_f9" label="Unaddressed"/>
    </studentAnswer>
    <studentAnswer id="MX.18.219.1" answerText="It creates a precipitate a new chemical who you mix 2 different chemicals and that creates a precipitate." accuracy="partially_correct_incomplete">
      <facetEntailment facetID="MX_18_f1" label="Unaddressed"/>
      <facetEntailment facetID="MX_18_f2" label="Unaddressed"/>
      <facetEntailment facetID="MX_18_f3" label="Assumed"/>
      <facetEntailment facetID="MX_18_f4" label="Expressed"/>
      <facetEntailment facetID="MX_18_f5" label="Assumed"/>
      <facetEntailment facetID="MX_18_f6" label="Inferred"/>
      <facetEntailment facetID="MX_18_f7" label="Inferred"/>
      <facetEntailment facetID="MX_18_f8" label="Inferred"/>
      <facetEntailment facetID="MX_18_f9" label="Inferred"/>
    </studentAnswer>
    <studentAnswer id="MX.18.248.1" answerText="The white solid indicates by being a mixture." accuracy="irrelevant">
      <facetEntailment facetID="MX_18_f1" label="Unaddressed"/>
      <facetEntailment facetID="MX_18_f2" label="Unaddressed"/>
      <facetEntailment facetID="MX_18_f3" label="Expressed"/>
      <facetEntailment facetID="MX_18_f4" label="Unaddressed"/>
      <facetEntailment facetID="MX_18_f5" label="Assumed"/>
      <facetEntailment facetID="MX_18_f6" label="Unaddressed"/>
      <facetEntailment facetID="MX_18_f7" label="Unaddressed"/>
      <facetEntailment facetID="MX_18_f8" label="Diff-Arg"/>
      <facetEntailment facetID="MX_18_f9" label="Unaddressed"/>
    </studentAnswer>
    <studentAnswer id="MX.18.255.1" answerText="The white solid indicates that the white solid went to the bottom." accuracy="irrelevant">
      <facetEntailment facetID="MX_18_f1" label="Unaddressed"/>
      <facetEntailment facetID="MX_18_f2" label="Unaddressed"/>
      <facetEntailment facetID="MX_18_f3" label="Expressed"/>
      <facetEntailment facetID="MX_18_f4" label="Unaddressed"/>
      <facetEntailment facetID="MX_18_f5" label="Expressed"/>
      <facetEntailment facetID="MX_18_f6" label="Unaddressed"/>
      <facetEntailment facetID="MX_18_f7" label="Unaddressed"/>
      <facetEntailment facetID="MX_18_f8" label="Diff-Arg"/>
      <facetEntailment facetID="MX_18_f9" label="Unaddressed"/>
    </studentAnswer>
    <studentAnswer id="MX.18.277.1" answerText="A solution." accuracy="irrelevant">
      <facetEntailment facetID="MX_18_f1" label="Unaddressed"/>
      <facetEntailment facetID="MX_18_f2" label="Unaddressed"/>
      <facetEntailment facetID="MX_18_f3" label="Assumed"/>
      <facetEntailment facetID="MX_18_f4" label="Unaddressed"/>
      <facetEntailment facetID="MX_18_f5" label="Assumed"/>
      <facetEntailment facetID="MX_18_f6" label="Unaddressed"/>
      <facetEntailment facetID="MX_18_f7" label="Unaddressed"/>
      <facetEntailment facetID="MX_18_f8" label="Unaddressed"/>
      <facetEntailment facetID="MX_18_f9" label="Unaddressed"/>
    </studentAnswer>
    <studentAnswer id="MX.18.283.1" answerText="To evaporate." accuracy="irrelevant">
      <facetEntailment facetID="MX_18_f1" label="Unaddressed"/>
      <facetEntailment facetID="MX_18_f2" label="Unaddressed"/>
      <facetEntailment facetID="MX_18_f3" label="Assumed"/>
      <facetEntailment facetID="MX_18_f4" label="Unaddressed"/>
      <facetEntailment facetID="MX_18_f5" label="Assumed"/>
      <facetEntailment facetID="MX_18_f6" label="Unaddressed"/>
      <facetEntailment facetID="MX_18_f7" label="Unaddressed"/>
      <facetEntailment facetID="MX_18_f8" label="Unaddressed"/>
      <facetEntailment facetID="MX_18_f9" label="Unaddressed"/>
    </studentAnswer>
    <studentAnswer id="MX.18.291.1" answerText="The material that you put in the water did not dissolve because it is too heavy." accuracy="contradictory">
      <facetEntailment facetID="MX_18_f1" label="Unaddressed"/>
      <facetEntailment facetID="MX_18_f2" label="Unaddressed"/>
      <facetEntailment facetID="MX_18_f3" label="Expressed"/>
      <facetEntailment facetID="MX_18_f4" label="Contra-Infr"/>
      <facetEntailment facetID="MX_18_f5" label="Expressed"/>
      <facetEntailment facetID="MX_18_f6" label="Contra-Infr"/>
      <facetEntailment facetID="MX_18_f7" label="Unaddressed"/>
      <facetEntailment facetID="MX_18_f8" label="Unaddressed"/>
      <facetEntailment facetID="MX_18_f9" label="Unaddressed"/>
    </studentAnswer>
    <studentAnswer id="MX.18.364.1" answerText="The white solid had settles and so the 2 solutions would be a mixture." accuracy="irrelevant">
      <facetEntailment facetID="MX_18_f1" label="Unaddressed"/>
      <facetEntailment facetID="MX_18_f2" label="Unaddressed"/>
      <facetEntailment facetID="MX_18_f3" label="Expressed"/>
      <facetEntailment facetID="MX_18_f4" label="Unaddressed"/>
      <facetEntailment facetID="MX_18_f5" label="Assumed"/>
      <facetEntailment facetID="MX_18_f6" label="Unaddressed"/>
      <facetEntailment facetID="MX_18_f7" label="Unaddressed"/>
      <facetEntailment facetID="MX_18_f8" label="Unaddressed"/>
      <facetEntailment facetID="MX_18_f9" label="Unaddressed"/>
    </studentAnswer>
    <studentAnswer id="MX.18.366.1" answerText="All of the thing that you put in will go to the bottom leaving a clear liquid." accuracy="irrelevant">
      <facetEntailment facetID="MX_18_f1" label="Unaddressed"/>
      <facetEntailment facetID="MX_18_f2" label="Unaddressed"/>
      <facetEntailment facetID="MX_18_f3" label="Assumed"/>
      <facetEntailment facetID="MX_18_f4" label="Unaddressed"/>
      <facetEntailment facetID="MX_18_f5" label="Assumed"/>
      <facetEntailment facetID="MX_18_f6" label="Unaddressed"/>
      <facetEntailment facetID="MX_18_f7" label="Unaddressed"/>
      <facetEntailment facetID="MX_18_f8" label="Unaddressed"/>
      <facetEntailment facetID="MX_18_f9" label="Unaddressed"/>
    </studentAnswer>
    <studentAnswer id="MX.18.381.1" answerText="There is a precipitate on the bottom." accuracy="partially_correct_incomplete">
      <facetEntailment facetID="MX_18_f1" label="Unaddressed"/>
      <facetEntailment facetID="MX_18_f2" label="Unaddressed"/>
      <facetEntailment facetID="MX_18_f3" label="Assumed"/>
      <facetEntailment facetID="MX_18_f4" label="Inferred"/>
      <facetEntailment facetID="MX_18_f5" label="Assumed"/>
      <facetEntailment facetID="MX_18_f6" label="Inferred"/>
      <facetEntailment facetID="MX_18_f7" label="Unaddressed"/>
      <facetEntailment facetID="MX_18_f8" label="Unaddressed"/>
      <facetEntailment facetID="MX_18_f9" label="Unaddressed"/>
    </studentAnswer>
    <studentAnswer id="MX.18.387.1" answerText="It is a product on the bottom of the cap." accuracy="irrelevant">
      <facetEntailment facetID="MX_18_f1" label="Unaddressed"/>
      <facetEntailment facetID="MX_18_f2" label="Unaddressed"/>
      <facetEntailment facetID="MX_18_f3" label="Assumed"/>
      <facetEntailment facetID="MX_18_f4" label="Unaddressed"/>
      <facetEntailment facetID="MX_18_f5" label="Assumed"/>
      <facetEntailment facetID="MX_18_f6" label="Unaddressed"/>
      <facetEntailment facetID="MX_18_f7" label="Unaddressed"/>
      <facetEntailment facetID="MX_18_f8" label="Unaddressed"/>
      <facetEntailment facetID="MX_18_f9" label="Unaddressed"/>
    </studentAnswer>
    <studentAnswer id="MX.18.422.1" answerText="Well when you mix the 2 solutions it became a different mixture." accuracy="partially_correct_incomplete">
      <facetEntailment facetID="MX_18_f1" label="Inferred"/>
      <facetEntailment facetID="MX_18_f2" label="Unaddressed"/>
      <facetEntailment facetID="MX_18_f3" label="Assumed"/>
      <facetEntailment facetID="MX_18_f4" label="Unaddressed"/>
      <facetEntailment facetID="MX_18_f5" label="Assumed"/>
      <facetEntailment facetID="MX_18_f6" label="Inferred"/>
      <facetEntailment facetID="MX_18_f7" label="Unaddressed"/>
      <facetEntailment facetID="MX_18_f8" label="Inferred"/>
      <facetEntailment facetID="MX_18_f9" label="Unaddressed"/>
    </studentAnswer>
    <studentAnswer id="MX.18.426.1" answerText="That it is a new solid material." accuracy="partially_correct_incomplete">
      <facetEntailment facetID="MX_18_f1" label="Unaddressed"/>
      <facetEntailment facetID="MX_18_f2" label="Unaddressed"/>
      <facetEntailment facetID="MX_18_f3" label="Assumed"/>
      <facetEntailment facetID="MX_18_f4" label="Unaddressed"/>
      <facetEntailment facetID="MX_18_f5" label="Expressed"/>
      <facetEntailment facetID="MX_18_f6" label="Expressed"/>
      <facetEntailment facetID="MX_18_f7" label="Unaddressed"/>
      <facetEntailment facetID="MX_18_f8" label="Unaddressed"/>
      <facetEntailment facetID="MX_18_f9" label="Unaddressed"/>
    </studentAnswer>
    <studentAnswer id="MX.18.428.1" answerText="Chemical reaction." accuracy="correct">
      <facetEntailment facetID="MX_18_f1" label="Expressed"/>
      <facetEntailment facetID="MX_18_f2" label="Expressed"/>
      <facetEntailment facetID="MX_18_f3" label="Assumed"/>
      <facetEntailment facetID="MX_18_f4" label="Unaddressed"/>
      <facetEntailment facetID="MX_18_f5" label="Assumed"/>
      <facetEntailment facetID="MX_18_f6" label="Unaddressed"/>
      <facetEntailment facetID="MX_18_f7" label="Unaddressed"/>
      <facetEntailment facetID="MX_18_f8" label="Inferred"/>
      <facetEntailment facetID="MX_18_f9" label="Inferred"/>
    </studentAnswer>
    <studentAnswer id="MX.18.439.1" answerText="A chemical reaction." accuracy="correct">
      <facetEntailment facetID="MX_18_f1" label="Inferred"/>
      <facetEntailment facetID="MX_18_f2" label="Expressed"/>
      <facetEntailment facetID="MX_18_f3" label="Assumed"/>
      <facetEntailment facetID="MX_18_f4" label="Unaddressed"/>
      <facetEntailment facetID="MX_18_f5" label="Assumed"/>
      <facetEntailment facetID="MX_18_f6" label="Unaddressed"/>
      <facetEntailment facetID="MX_18_f7" label="Unaddressed"/>
      <facetEntailment facetID="MX_18_f8" label="Inferred"/>
      <facetEntailment facetID="MX_18_f9" label="Unaddressed"/>
    </studentAnswer>
    <studentAnswer id="MX.18.453.1" answerText="It indicates a precipitate." accuracy="partially_correct_incomplete">
      <facetEntailment facetID="MX_18_f1" label="Unaddressed"/>
      <facetEntailment facetID="MX_18_f2" label="Unaddressed"/>
      <facetEntailment facetID="MX_18_f3" label="Assumed"/>
      <facetEntailment facetID="MX_18_f4" label="Inferred"/>
      <facetEntailment facetID="MX_18_f5" label="Assumed"/>
      <facetEntailment facetID="MX_18_f6" label="Inferred"/>
      <facetEntailment facetID="MX_18_f7" label="Unaddressed"/>
      <facetEntailment facetID="MX_18_f8" label="Diff-Arg"/>
      <facetEntailment facetID="MX_18_f9" label="Unaddressed"/>
    </studentAnswer>
    <studentAnswer id="MX.18.456.1" answerText="That white solid indicates a precipitate." accuracy="partially_correct_incomplete">
      <facetEntailment facetID="MX_18_f1" label="Unaddressed"/>
      <facetEntailment facetID="MX_18_f2" label="Unaddressed"/>
      <facetEntailment facetID="MX_18_f3" label="Expressed"/>
      <facetEntailment facetID="MX_18_f4" label="Expressed"/>
      <facetEntailment facetID="MX_18_f5" label="Assumed"/>
      <facetEntailment facetID="MX_18_f6" label="Inferred"/>
      <facetEntailment facetID="MX_18_f7" label="Unaddressed"/>
      <facetEntailment facetID="MX_18_f8" label="Diff-Arg"/>
      <facetEntailment facetID="MX_18_f9" label="Unaddressed"/>
    </studentAnswer>
    <studentAnswer id="MX.18.458.1" answerText="It saturated in the cup." accuracy="irrelevant">
      <facetEntailment facetID="MX_18_f1" label="Unaddressed"/>
      <facetEntailment facetID="MX_18_f2" label="Unaddressed"/>
      <facetEntailment facetID="MX_18_f3" label="Assumed"/>
      <facetEntailment facetID="MX_18_f4" label="Unaddressed"/>
      <facetEntailment facetID="MX_18_f5" label="Assumed"/>
      <facetEntailment facetID="MX_18_f6" label="Unaddressed"/>
      <facetEntailment facetID="MX_18_f7" label="Unaddressed"/>
      <facetEntailment facetID="MX_18_f8" label="Unaddressed"/>
      <facetEntailment facetID="MX_18_f9" label="Unaddressed"/>
    </studentAnswer>
    <studentAnswer id="MX.18.463.1" answerText="That it is a precipitate because if they mixed materials, together and there was a cherry and there is a new material then that is a precipitate." accuracy="partially_correct_incomplete">
      <facetEntailment facetID="MX_18_f1" label="Unaddressed"/>
      <facetEntailment facetID="MX_18_f2" label="Unaddressed"/>
      <facetEntailment facetID="MX_18_f3" label="Assumed"/>
      <facetEntailment facetID="MX_18_f4" label="Expressed"/>
      <facetEntailment facetID="MX_18_f5" label="Assumed"/>
      <facetEntailment facetID="MX_18_f6" label="Expressed"/>
      <facetEntailment facetID="MX_18_f7" label="Unaddressed"/>
      <facetEntailment facetID="MX_18_f8" label="Unaddressed"/>
      <facetEntailment facetID="MX_18_f9" label="Unaddressed"/>
    </studentAnswer>
    <studentAnswer id="MX.18.468.1" answerText="Because that one that you are say that you are so to 46 that or no." accuracy="irrelevant">
      <facetEntailment facetID="MX_18_f1" label="Unaddressed"/>
      <facetEntailment facetID="MX_18_f2" label="Unaddressed"/>
      <facetEntailment facetID="MX_18_f3" label="Assumed"/>
      <facetEntailment facetID="MX_18_f4" label="Unaddressed"/>
      <facetEntailment facetID="MX_18_f5" label="Assumed"/>
      <facetEntailment facetID="MX_18_f6" label="Unaddressed"/>
      <facetEntailment facetID="MX_18_f7" label="Unaddressed"/>
      <facetEntailment facetID="MX_18_f8" label="Unaddressed"/>
      <facetEntailment facetID="MX_18_f9" label="Unaddressed"/>
    </studentAnswer>
    <studentAnswer id="MX.18.490.1" answerText="That the water cannot hold any more solute. It is saturated." accuracy="irrelevant">
      <facetEntailment facetID="MX_18_f1" label="Unaddressed"/>
      <facetEntailment facetID="MX_18_f2" label="Unaddressed"/>
      <facetEntailment facetID="MX_18_f3" label="Assumed"/>
      <facetEntailment facetID="MX_18_f4" label="Unaddressed"/>
      <facetEntailment facetID="MX_18_f5" label="Assumed"/>
      <facetEntailment facetID="MX_18_f6" label="Unaddressed"/>
      <facetEntailment facetID="MX_18_f7" label="Unaddressed"/>
      <facetEntailment facetID="MX_18_f8" label="Unaddressed"/>
      <facetEntailment facetID="MX_18_f9" label="Unaddressed"/>
    </studentAnswer>
    <studentAnswer id="MX.18.492.1" answerText="That the white solid is C." accuracy="irrelevant">
      <facetEntailment facetID="MX_18_f1" label="Unaddressed"/>
      <facetEntailment facetID="MX_18_f2" label="Unaddressed"/>
      <facetEntailment facetID="MX_18_f3" label="Expressed"/>
      <facetEntailment facetID="MX_18_f4" label="Diff-Arg"/>
      <facetEntailment facetID="MX_18_f5" label="Assumed"/>
      <facetEntailment facetID="MX_18_f6" label="Unaddressed"/>
      <facetEntailment facetID="MX_18_f7" label="Unaddressed"/>
      <facetEntailment facetID="MX_18_f8" label="Unaddressed"/>
      <facetEntailment facetID="MX_18_f9" label="Unaddressed"/>
    </studentAnswer>
    <studentAnswer id="MX.18.493.1" answerText="A new product that is called a precipitate." accuracy="partially_correct_incomplete">
      <facetEntailment facetID="MX_18_f1" label="Unaddressed"/>
      <facetEntailment facetID="MX_18_f2" label="Unaddressed"/>
      <facetEntailment facetID="MX_18_f3" label="Assumed"/>
      <facetEntailment facetID="MX_18_f4" label="Expressed"/>
      <facetEntailment facetID="MX_18_f5" label="Assumed"/>
      <facetEntailment facetID="MX_18_f6" label="Expressed"/>
      <facetEntailment facetID="MX_18_f7" label="Unaddressed"/>
      <facetEntailment facetID="MX_18_f8" label="Unaddressed"/>
      <facetEntailment facetID="MX_18_f9" label="Unaddressed"/>
    </studentAnswer>
    <studentAnswer id="MX.18.496.1" answerText="That you have made a saturated solution." accuracy="irrelevant">
      <facetEntailment facetID="MX_18_f1" label="Unaddressed"/>
      <facetEntailment facetID="MX_18_f2" label="Unaddressed"/>
      <facetEntailment facetID="MX_18_f3" label="Assumed"/>
      <facetEntailment facetID="MX_18_f4" label="Unaddressed"/>
      <facetEntailment facetID="MX_18_f5" label="Assumed"/>
      <facetEntailment facetID="MX_18_f6" label="Unaddressed"/>
      <facetEntailment facetID="MX_18_f7" label="Unaddressed"/>
      <facetEntailment facetID="MX_18_f8" label="Unaddressed"/>
      <facetEntailment facetID="MX_18_f9" label="Unaddressed"/>
    </studentAnswer>
    <studentAnswer id="MX.18.503.1" answerText="The white solid indicates that a precipitate has occurred." accuracy="partially_correct_incomplete">
      <facetEntailment facetID="MX_18_f1" label="Unaddressed"/>
      <facetEntailment facetID="MX_18_f2" label="Unaddressed"/>
      <facetEntailment facetID="MX_18_f3" label="Expressed"/>
      <facetEntailment facetID="MX_18_f4" label="Inferred"/>
      <facetEntailment facetID="MX_18_f5" label="Assumed"/>
      <facetEntailment facetID="MX_18_f6" label="Inferred"/>
      <facetEntailment facetID="MX_18_f7" label="Unaddressed"/>
      <facetEntailment facetID="MX_18_f8" label="Diff-Arg"/>
      <facetEntailment facetID="MX_18_f9" label="Unaddressed"/>
    </studentAnswer>
    <studentAnswer id="MX.18.504.1" answerText="A precipitant." accuracy="partially_correct_incomplete">
      <facetEntailment facetID="MX_18_f1" label="Unaddressed"/>
      <facetEntailment facetID="MX_18_f2" label="Unaddressed"/>
      <facetEntailment facetID="MX_18_f3" label="Assumed"/>
      <facetEntailment facetID="MX_18_f4" label="Inferred"/>
      <facetEntailment facetID="MX_18_f5" label="Assumed"/>
      <facetEntailment facetID="MX_18_f6" label="Inferred"/>
      <facetEntailment facetID="MX_18_f7" label="Unaddressed"/>
      <facetEntailment facetID="MX_18_f8" label="Unaddressed"/>
      <facetEntailment facetID="MX_18_f9" label="Unaddressed"/>
    </studentAnswer>
    <studentAnswer id="MX.18.542.1" answerText="Salt." accuracy="irrelevant">
      <facetEntailment facetID="MX_18_f1" label="Unaddressed"/>
      <facetEntailment facetID="MX_18_f2" label="Unaddressed"/>
      <facetEntailment facetID="MX_18_f3" label="Assumed"/>
      <facetEntailment facetID="MX_18_f4" label="Unaddressed"/>
      <facetEntailment facetID="MX_18_f5" label="Assumed"/>
      <facetEntailment facetID="MX_18_f6" label="Unaddressed"/>
      <facetEntailment facetID="MX_18_f7" label="Unaddressed"/>
      <facetEntailment facetID="MX_18_f8" label="Unaddressed"/>
      <facetEntailment facetID="MX_18_f9" label="Unaddressed"/>
    </studentAnswer>
    <studentAnswer id="MX.18.572.1" answerText="It was solution and a mixture. It promptly got cold or hot at the bottom." accuracy="irrelevant">
      <facetEntailment facetID="MX_18_f1" label="Unaddressed"/>
      <facetEntailment facetID="MX_18_f2" label="Unaddressed"/>
      <facetEntailment facetID="MX_18_f3" label="Assumed"/>
      <facetEntailment facetID="MX_18_f4" label="Unaddressed"/>
      <facetEntailment facetID="MX_18_f5" label="Assumed"/>
      <facetEntailment facetID="MX_18_f6" label="Unaddressed"/>
      <facetEntailment facetID="MX_18_f7" label="Unaddressed"/>
      <facetEntailment facetID="MX_18_f8" label="Unaddressed"/>
      <facetEntailment facetID="MX_18_f9" label="Unaddressed"/>
    </studentAnswer>
    <studentAnswer id="MX.18.601.1" answerText="Saturation." accuracy="irrelevant">
      <facetEntailment facetID="MX_18_f1" label="Unaddressed"/>
      <facetEntailment facetID="MX_18_f2" label="Unaddressed"/>
      <facetEntailment facetID="MX_18_f3" label="Assumed"/>
      <facetEntailment facetID="MX_18_f4" label="Unaddressed"/>
      <facetEntailment facetID="MX_18_f5" label="Assumed"/>
      <facetEntailment facetID="MX_18_f6" label="Unaddressed"/>
      <facetEntailment facetID="MX_18_f7" label="Unaddressed"/>
      <facetEntailment facetID="MX_18_f8" label="Unaddressed"/>
      <facetEntailment facetID="MX_18_f9" label="Unaddressed"/>
    </studentAnswer>
    <studentAnswer id="MX.18.636.1" answerText="The white solid indicates the crystals." accuracy="irrelevant">
      <facetEntailment facetID="MX_18_f1" label="Unaddressed"/>
      <facetEntailment facetID="MX_18_f2" label="Unaddressed"/>
      <facetEntailment facetID="MX_18_f3" label="Expressed"/>
      <facetEntailment facetID="MX_18_f4" label="Unaddressed"/>
      <facetEntailment facetID="MX_18_f5" label="Assumed"/>
      <facetEntailment facetID="MX_18_f6" label="Unaddressed"/>
      <facetEntailment facetID="MX_18_f7" label="Unaddressed"/>
      <facetEntailment facetID="MX_18_f8" label="Diff-Arg"/>
      <facetEntailment facetID="MX_18_f9" label="Unaddressed"/>
    </studentAnswer>
    <studentAnswer id="MX.18.639.1" answerText="It indicates that it turned into a solution and mixture that got mixed then produced chemical also." accuracy="correct">
      <facetEntailment facetID="MX_18_f1" label="Inferred"/>
      <facetEntailment facetID="MX_18_f2" label="Inferred"/>
      <facetEntailment facetID="MX_18_f3" label="Assumed"/>
      <facetEntailment facetID="MX_18_f4" label="Unaddressed"/>
      <facetEntailment facetID="MX_18_f5" label="Assumed"/>
      <facetEntailment facetID="MX_18_f6" label="Unaddressed"/>
      <facetEntailment facetID="MX_18_f7" label="Unaddressed"/>
      <facetEntailment facetID="MX_18_f8" label="Inferred"/>
      <facetEntailment facetID="MX_18_f9" label="Inferred"/>
    </studentAnswer>
    <studentAnswer id="MX.18.996.1" answerText="We kept on glassing because it become clear." accuracy="irrelevant">
      <facetEntailment facetID="MX_18_f1" label="Unaddressed"/>
      <facetEntailment facetID="MX_18_f2" label="Unaddressed"/>
      <facetEntailment facetID="MX_18_f3" label="Assumed"/>
      <facetEntailment facetID="MX_18_f4" label="Unaddressed"/>
      <facetEntailment facetID="MX_18_f5" label="Assumed"/>
      <facetEntailment facetID="MX_18_f6" label="Unaddressed"/>
      <facetEntailment facetID="MX_18_f7" label="Unaddressed"/>
      <facetEntailment facetID="MX_18_f8" label="Unaddressed"/>
      <facetEntailment facetID="MX_18_f9" label="Unaddressed"/>
    </studentAnswer>
  </studentAnswers>
</question>
