<?xml version="1.0"?>
<question id="MX_52b" module="MX">
  <questionText>Emily put 20 milliliters of a mystery solution in an evaporation dish. When all the water was gone, she drew the picture of the dish you see here.  Using the crystal-shape key below, what chemical do you think was dissolved in the solution? A. Epsom salt B. Sodium thiosulfate (C. Alum) D. None of the above. Explain why you chose that answer.</questionText>
  <referenceAnswers>
    <referenceAnswer id="MX_52b-a1" text="Emily's crystals are the same shape as the alum crystals shown on the key.">
      <tokens>
        <token id="MX_52b_ra1">Emily</token>
        <token id="MX_52b_ra2">'s</token>
        <token id="MX_52b_ra3">crystals</token>
        <token id="MX_52b_ra4">are</token>
        <token id="MX_52b_ra5">the</token>
        <token id="MX_52b_ra6">same</token>
        <token id="MX_52b_ra7">shape</token>
        <token id="MX_52b_ra8">as</token>
        <token id="MX_52b_ra9">the</token>
        <token id="MX_52b_ra10">alum</token>
        <token id="MX_52b_ra11">crystals</token>
        <token id="MX_52b_ra12">shown</token>
        <token id="MX_52b_ra13">on</token>
        <token id="MX_52b_ra14">the</token>
        <token id="MX_52b_ra15">key</token>
        <token id="MX_52b_ra16">.</token>
      </tokens>
      <facets>
        <facet id="MX_52b_f1" govNum="MX_52b_ra3" modNum="MX_52b_ra1" reltn="NMod_pos" govText="crystals" isAssumed="true" modText="Emily"/>
        <facet id="MX_52b_f2" govNum="MX_52b_ra3" modNum="MX_52b_ra7" reltn="Be" govText="crystals" isAssumed="true" modText="shape"/>
        <facet id="MX_52b_f3" govNum="MX_52b_ra7" modNum="MX_52b_ra6" reltn="NMod" govText="shape" modText="same"/>
        <facet id="MX_52b_f4" govNum="MX_52b_ra6" modNum="MX_52b_ra11" reltn="AMod_as" govText="same" modText="crystals"/>
        <facet id="MX_52b_f5" govNum="MX_52b_ra11" modNum="MX_52b_ra10" reltn="NMod" govText="crystals" modText="alum"/>
        <facet id="MX_52b_f6" govNum="MX_52b_ra12" modNum="MX_52b_ra11" reltn="Topic" govText="shown" isAssumed="true" modText="crystals"/>
        <facet id="MX_52b_f7" govNum="MX_52b_ra12" modNum="MX_52b_ra15" reltn="Location_on" govText="shown" isAssumed="true" modText="key"/>
      </facets>
    </referenceAnswer>
  </referenceAnswers>
  <studentAnswers>
    <studentAnswer id="MX.52b.385.1" answerText="Because it look a lot like alum." accuracy="partially_correct_incomplete">
      <facetEntailment facetID="MX_52b_f1" label="Assumed"/>
      <facetEntailment facetID="MX_52b_f2" label="Assumed"/>
      <facetEntailment facetID="MX_52b_f3" label="Unaddressed"/>
      <facetEntailment facetID="MX_52b_f4" label="Unaddressed"/>
      <facetEntailment facetID="MX_52b_f5" label="Expressed"/>
      <facetEntailment facetID="MX_52b_f6" label="Assumed"/>
      <facetEntailment facetID="MX_52b_f7" label="Assumed"/>
    </studentAnswer>
    <studentAnswer id="MX.52b.389.1" answerText="I chose it because I looked at the key below and I saw the same shape." accuracy="partially_correct_incomplete">
      <facetEntailment facetID="MX_52b_f1" label="Assumed"/>
      <facetEntailment facetID="MX_52b_f2" label="Assumed"/>
      <facetEntailment facetID="MX_52b_f3" label="Expressed"/>
      <facetEntailment facetID="MX_52b_f4" label="Unaddressed"/>
      <facetEntailment facetID="MX_52b_f5" label="Unaddressed"/>
      <facetEntailment facetID="MX_52b_f6" label="Assumed"/>
      <facetEntailment facetID="MX_52b_f7" label="Expressed"/>
    </studentAnswer>
    <studentAnswer id="MX.52b.391.1" answerText="Because they are the same shape." accuracy="partially_correct_incomplete">
      <facetEntailment facetID="MX_52b_f1" label="Assumed"/>
      <facetEntailment facetID="MX_52b_f2" label="Assumed"/>
      <facetEntailment facetID="MX_52b_f3" label="Expressed"/>
      <facetEntailment facetID="MX_52b_f4" label="Unaddressed"/>
      <facetEntailment facetID="MX_52b_f5" label="Unaddressed"/>
      <facetEntailment facetID="MX_52b_f6" label="Assumed"/>
      <facetEntailment facetID="MX_52b_f7" label="Assumed"/>
    </studentAnswer>
    <studentAnswer id="MX.52b.396.1" answerText="Because the particles in her dish, look like the ones in the box down below labeled alum." accuracy="correct">
      <facetEntailment facetID="MX_52b_f1" label="Expressed"/>
      <facetEntailment facetID="MX_52b_f2" label="Expressed"/>
      <facetEntailment facetID="MX_52b_f3" label="Expressed"/>
      <facetEntailment facetID="MX_52b_f4" label="Expressed"/>
      <facetEntailment facetID="MX_52b_f5" label="Expressed"/>
      <facetEntailment facetID="MX_52b_f6" label="Expressed"/>
      <facetEntailment facetID="MX_52b_f7" label="Expressed"/>
    </studentAnswer>
    <studentAnswer id="MX.52b.400.1" answerText="Because on the key alum is a hexagon and a hexagon in the middle with lines going from each point to the point on the hexagon inside." accuracy="correct">
      <facetEntailment facetID="MX_52b_f1" label="Assumed"/>
      <facetEntailment facetID="MX_52b_f2" label="Assumed"/>
      <facetEntailment facetID="MX_52b_f3" label="Inferred"/>
      <facetEntailment facetID="MX_52b_f4" label="Inferred"/>
      <facetEntailment facetID="MX_52b_f5" label="Expressed"/>
      <facetEntailment facetID="MX_52b_f6" label="Expressed"/>
      <facetEntailment facetID="MX_52b_f7" label="Expressed"/>
    </studentAnswer>
    <studentAnswer id="MX.52b.416.1" answerText="I chose alum because it looks like alum and the mystery solution have the same pattern." accuracy="partially_correct_incomplete">
      <facetEntailment facetID="MX_52b_f1" label="Assumed"/>
      <facetEntailment facetID="MX_52b_f2" label="Assumed"/>
      <facetEntailment facetID="MX_52b_f3" label="Inferred"/>
      <facetEntailment facetID="MX_52b_f4" label="Unaddressed"/>
      <facetEntailment facetID="MX_52b_f5" label="Inferred"/>
      <facetEntailment facetID="MX_52b_f6" label="Assumed"/>
      <facetEntailment facetID="MX_52b_f7" label="Assumed"/>
    </studentAnswer>
    <studentAnswer id="MX.52b.431.1" answerText="Because you see the picture in the dish and it looks the same." accuracy="partially_correct_incomplete">
      <facetEntailment facetID="MX_52b_f1" label="Assumed"/>
      <facetEntailment facetID="MX_52b_f2" label="Assumed"/>
      <facetEntailment facetID="MX_52b_f3" label="Inferred"/>
      <facetEntailment facetID="MX_52b_f4" label="Inferred"/>
      <facetEntailment facetID="MX_52b_f5" label="Unaddressed"/>
      <facetEntailment facetID="MX_52b_f6" label="Assumed"/>
      <facetEntailment facetID="MX_52b_f7" label="Assumed"/>
    </studentAnswer>
    <studentAnswer id="MX.52b.456.1" answerText="I looked at the crystal shape key and it looks most like alum." accuracy="correct">
      <facetEntailment facetID="MX_52b_f1" label="Assumed"/>
      <facetEntailment facetID="MX_52b_f2" label="Expressed"/>
      <facetEntailment facetID="MX_52b_f3" label="Inferred"/>
      <facetEntailment facetID="MX_52b_f4" label="Expressed"/>
      <facetEntailment facetID="MX_52b_f5" label="Expressed"/>
      <facetEntailment facetID="MX_52b_f6" label="Expressed"/>
      <facetEntailment facetID="MX_52b_f7" label="Expressed"/>
    </studentAnswer>
    <studentAnswer id="MX.52b.460.1" answerText="Because they look the same." accuracy="partially_correct_incomplete">
      <facetEntailment facetID="MX_52b_f1" label="Assumed"/>
      <facetEntailment facetID="MX_52b_f2" label="Assumed"/>
      <facetEntailment facetID="MX_52b_f3" label="Expressed"/>
      <facetEntailment facetID="MX_52b_f4" label="Unaddressed"/>
      <facetEntailment facetID="MX_52b_f5" label="Unaddressed"/>
      <facetEntailment facetID="MX_52b_f6" label="Assumed"/>
      <facetEntailment facetID="MX_52b_f7" label="Assumed"/>
    </studentAnswer>
    <studentAnswer id="MX.52b.465.1" answerText="Well I look at the key below and I saw the same way it looked at the top." accuracy="partially_correct_incomplete">
      <facetEntailment facetID="MX_52b_f1" label="Assumed"/>
      <facetEntailment facetID="MX_52b_f2" label="Assumed"/>
      <facetEntailment facetID="MX_52b_f3" label="Inferred"/>
      <facetEntailment facetID="MX_52b_f4" label="Inferred"/>
      <facetEntailment facetID="MX_52b_f5" label="Unaddressed"/>
      <facetEntailment facetID="MX_52b_f6" label="Assumed"/>
      <facetEntailment facetID="MX_52b_f7" label="Expressed"/>
    </studentAnswer>
    <studentAnswer id="MX.52b.468.1" answerText="Because that is what it is call and we talks about that is what it is call." accuracy="irrelevant">
      <facetEntailment facetID="MX_52b_f1" label="Assumed"/>
      <facetEntailment facetID="MX_52b_f2" label="Assumed"/>
      <facetEntailment facetID="MX_52b_f3" label="Unaddressed"/>
      <facetEntailment facetID="MX_52b_f4" label="Unaddressed"/>
      <facetEntailment facetID="MX_52b_f5" label="Unaddressed"/>
      <facetEntailment facetID="MX_52b_f6" label="Assumed"/>
      <facetEntailment facetID="MX_52b_f7" label="Assumed"/>
    </studentAnswer>
    <studentAnswer id="MX.52b.471.1" answerText="Because I thought it was the best answer." accuracy="non_domain">
      <facetEntailment facetID="MX_52b_f1" label="Assumed"/>
      <facetEntailment facetID="MX_52b_f2" label="Assumed"/>
      <facetEntailment facetID="MX_52b_f3" label="Unaddressed"/>
      <facetEntailment facetID="MX_52b_f4" label="Unaddressed"/>
      <facetEntailment facetID="MX_52b_f5" label="Unaddressed"/>
      <facetEntailment facetID="MX_52b_f6" label="Assumed"/>
      <facetEntailment facetID="MX_52b_f7" label="Assumed"/>
    </studentAnswer>
    <studentAnswer id="MX.52b.473.1" answerText="I looked at the pictures below and one of them looked like mystery solution looked at it said alum I picked alum." accuracy="correct">
      <facetEntailment facetID="MX_52b_f1" label="Assumed"/>
      <facetEntailment facetID="MX_52b_f2" label="Assumed"/>
      <facetEntailment facetID="MX_52b_f3" label="Expressed"/>
      <facetEntailment facetID="MX_52b_f4" label="Expressed"/>
      <facetEntailment facetID="MX_52b_f5" label="Expressed"/>
      <facetEntailment facetID="MX_52b_f6" label="Assumed"/>
      <facetEntailment facetID="MX_52b_f7" label="Assumed"/>
    </studentAnswer>
    <studentAnswer id="MX.52b.486.1" answerText="Because crystals look like a small amount and have lines on the side something each crystal has its own shape." accuracy="irrelevant">
      <facetEntailment facetID="MX_52b_f1" label="Assumed"/>
      <facetEntailment facetID="MX_52b_f2" label="Expressed"/>
      <facetEntailment facetID="MX_52b_f3" label="Unaddressed"/>
      <facetEntailment facetID="MX_52b_f4" label="Unaddressed"/>
      <facetEntailment facetID="MX_52b_f5" label="Unaddressed"/>
      <facetEntailment facetID="MX_52b_f6" label="Assumed"/>
      <facetEntailment facetID="MX_52b_f7" label="Assumed"/>
    </studentAnswer>
    <studentAnswer id="MX.52b.490.1" answerText="I looked at the pictures and words and I tried to see which one matched the crystals in the circle." accuracy="partially_correct_incomplete">
      <facetEntailment facetID="MX_52b_f1" label="Assumed"/>
      <facetEntailment facetID="MX_52b_f2" label="Assumed"/>
      <facetEntailment facetID="MX_52b_f3" label="Unaddressed"/>
      <facetEntailment facetID="MX_52b_f4" label="Expressed"/>
      <facetEntailment facetID="MX_52b_f5" label="Unaddressed"/>
      <facetEntailment facetID="MX_52b_f6" label="Assumed"/>
      <facetEntailment facetID="MX_52b_f7" label="Assumed"/>
    </studentAnswer>
    <studentAnswer id="MX.52b.493.1" answerText="Because picture tips of crystal like the same." accuracy="partially_correct_incomplete">
      <facetEntailment facetID="MX_52b_f1" label="Assumed"/>
      <facetEntailment facetID="MX_52b_f2" label="Assumed"/>
      <facetEntailment facetID="MX_52b_f3" label="Inferred"/>
      <facetEntailment facetID="MX_52b_f4" label="Unaddressed"/>
      <facetEntailment facetID="MX_52b_f5" label="Unaddressed"/>
      <facetEntailment facetID="MX_52b_f6" label="Assumed"/>
      <facetEntailment facetID="MX_52b_f7" label="Assumed"/>
    </studentAnswer>
    <studentAnswer id="MX.52b.503.1" answerText="Because that is the picture Emily drew. Crystals have different shapes." accuracy="contradictory">
      <facetEntailment facetID="MX_52b_f1" label="Assumed"/>
      <facetEntailment facetID="MX_52b_f2" label="Expressed"/>
      <facetEntailment facetID="MX_52b_f3" label="Contra-Expr"/>
      <facetEntailment facetID="MX_52b_f4" label="Unaddressed"/>
      <facetEntailment facetID="MX_52b_f5" label="Unaddressed"/>
      <facetEntailment facetID="MX_52b_f6" label="Assumed"/>
      <facetEntailment facetID="MX_52b_f7" label="Assumed"/>
    </studentAnswer>
    <studentAnswer id="MX.52b.528.1" answerText="You can see it on the pictures." accuracy="irrelevant">
      <facetEntailment facetID="MX_52b_f1" label="Assumed"/>
      <facetEntailment facetID="MX_52b_f2" label="Assumed"/>
      <facetEntailment facetID="MX_52b_f3" label="Unaddressed"/>
      <facetEntailment facetID="MX_52b_f4" label="Unaddressed"/>
      <facetEntailment facetID="MX_52b_f5" label="Unaddressed"/>
      <facetEntailment facetID="MX_52b_f6" label="Assumed"/>
      <facetEntailment facetID="MX_52b_f7" label="Assumed"/>
    </studentAnswer>
    <studentAnswer id="MX.52b.533.1" answerText="Just a wild guess." accuracy="non_domain">
      <facetEntailment facetID="MX_52b_f1" label="Assumed"/>
      <facetEntailment facetID="MX_52b_f2" label="Assumed"/>
      <facetEntailment facetID="MX_52b_f3" label="Unaddressed"/>
      <facetEntailment facetID="MX_52b_f4" label="Unaddressed"/>
      <facetEntailment facetID="MX_52b_f5" label="Unaddressed"/>
      <facetEntailment facetID="MX_52b_f6" label="Assumed"/>
      <facetEntailment facetID="MX_52b_f7" label="Assumed"/>
    </studentAnswer>
    <studentAnswer id="MX.52b.539.1" answerText="Because it showed what alum looks like at the bottom." accuracy="partially_correct_incomplete">
      <facetEntailment facetID="MX_52b_f1" label="Assumed"/>
      <facetEntailment facetID="MX_52b_f2" label="Assumed"/>
      <facetEntailment facetID="MX_52b_f3" label="Unaddressed"/>
      <facetEntailment facetID="MX_52b_f4" label="Unaddressed"/>
      <facetEntailment facetID="MX_52b_f5" label="Expressed"/>
      <facetEntailment facetID="MX_52b_f6" label="Assumed"/>
      <facetEntailment facetID="MX_52b_f7" label="Assumed"/>
    </studentAnswer>
    <studentAnswer id="MX.52b.556.1" answerText="Because they look the same." accuracy="partially_correct_incomplete">
      <facetEntailment facetID="MX_52b_f1" label="Assumed"/>
      <facetEntailment facetID="MX_52b_f2" label="Assumed"/>
      <facetEntailment facetID="MX_52b_f3" label="Expressed"/>
      <facetEntailment facetID="MX_52b_f4" label="Inferred"/>
      <facetEntailment facetID="MX_52b_f5" label="Unaddressed"/>
      <facetEntailment facetID="MX_52b_f6" label="Assumed"/>
      <facetEntailment facetID="MX_52b_f7" label="Assumed"/>
    </studentAnswer>
    <studentAnswer id="MX.52b.557.1" answerText="Because they look like they have the same properties." accuracy="partially_correct_incomplete">
      <facetEntailment facetID="MX_52b_f1" label="Assumed"/>
      <facetEntailment facetID="MX_52b_f2" label="Assumed"/>
      <facetEntailment facetID="MX_52b_f3" label="Inferred"/>
      <facetEntailment facetID="MX_52b_f4" label="Unaddressed"/>
      <facetEntailment facetID="MX_52b_f5" label="Unaddressed"/>
      <facetEntailment facetID="MX_52b_f6" label="Assumed"/>
      <facetEntailment facetID="MX_52b_f7" label="Assumed"/>
    </studentAnswer>
    <studentAnswer id="MX.52b.559.1" answerText="I chose that answer, because the picture look the same." accuracy="partially_correct_incomplete">
      <facetEntailment facetID="MX_52b_f1" label="Assumed"/>
      <facetEntailment facetID="MX_52b_f2" label="Assumed"/>
      <facetEntailment facetID="MX_52b_f3" label="Inferred"/>
      <facetEntailment facetID="MX_52b_f4" label="Unaddressed"/>
      <facetEntailment facetID="MX_52b_f5" label="Unaddressed"/>
      <facetEntailment facetID="MX_52b_f6" label="Assumed"/>
      <facetEntailment facetID="MX_52b_f7" label="Assumed"/>
    </studentAnswer>
    <studentAnswer id="MX.52b.565.1" answerText="Because picture show the exact same thing as alum in the picture below." accuracy="correct">
      <facetEntailment facetID="MX_52b_f1" label="Assumed"/>
      <facetEntailment facetID="MX_52b_f2" label="Assumed"/>
      <facetEntailment facetID="MX_52b_f3" label="Inferred"/>
      <facetEntailment facetID="MX_52b_f4" label="Inferred"/>
      <facetEntailment facetID="MX_52b_f5" label="Expressed"/>
      <facetEntailment facetID="MX_52b_f6" label="Assumed"/>
      <facetEntailment facetID="MX_52b_f7" label="Assumed"/>
    </studentAnswer>
    <studentAnswer id="MX.52b.595.1" answerText="Because they look the same." accuracy="partially_correct_incomplete">
      <facetEntailment facetID="MX_52b_f1" label="Assumed"/>
      <facetEntailment facetID="MX_52b_f2" label="Assumed"/>
      <facetEntailment facetID="MX_52b_f3" label="Expressed"/>
      <facetEntailment facetID="MX_52b_f4" label="Inferred"/>
      <facetEntailment facetID="MX_52b_f5" label="Unaddressed"/>
      <facetEntailment facetID="MX_52b_f6" label="Assumed"/>
      <facetEntailment facetID="MX_52b_f7" label="Assumed"/>
    </studentAnswer>
    <studentAnswer id="MX.52b.600.1" answerText="The alum has the same pattern and it looks the same." accuracy="partially_correct_incomplete">
      <facetEntailment facetID="MX_52b_f1" label="Assumed"/>
      <facetEntailment facetID="MX_52b_f2" label="Assumed"/>
      <facetEntailment facetID="MX_52b_f3" label="Inferred"/>
      <facetEntailment facetID="MX_52b_f4" label="Unaddressed"/>
      <facetEntailment facetID="MX_52b_f5" label="Expressed"/>
      <facetEntailment facetID="MX_52b_f6" label="Assumed"/>
      <facetEntailment facetID="MX_52b_f7" label="Assumed"/>
    </studentAnswer>
    <studentAnswer id="MX.52b.601.1" answerText="I chose that answer because it looks the same like the drawing in the circle." accuracy="partially_correct_incomplete">
      <facetEntailment facetID="MX_52b_f1" label="Assumed"/>
      <facetEntailment facetID="MX_52b_f2" label="Expressed"/>
      <facetEntailment facetID="MX_52b_f3" label="Expressed"/>
      <facetEntailment facetID="MX_52b_f4" label="Expressed"/>
      <facetEntailment facetID="MX_52b_f5" label="Unaddressed"/>
      <facetEntailment facetID="MX_52b_f6" label="Assumed"/>
      <facetEntailment facetID="MX_52b_f7" label="Assumed"/>
    </studentAnswer>
    <studentAnswer id="MX.52b.606.1" answerText="Because it shows the pictures below." accuracy="irrelevant">
      <facetEntailment facetID="MX_52b_f1" label="Assumed"/>
      <facetEntailment facetID="MX_52b_f2" label="Assumed"/>
      <facetEntailment facetID="MX_52b_f3" label="Unaddressed"/>
      <facetEntailment facetID="MX_52b_f4" label="Unaddressed"/>
      <facetEntailment facetID="MX_52b_f5" label="Unaddressed"/>
      <facetEntailment facetID="MX_52b_f6" label="Assumed"/>
      <facetEntailment facetID="MX_52b_f7" label="Assumed"/>
    </studentAnswer>
    <studentAnswer id="MX.52b.611.1" answerText="I chose that answer because when I look down the picture it look the same as the picture up there." accuracy="irrelevant">
      <facetEntailment facetID="MX_52b_f1" label="Assumed"/>
      <facetEntailment facetID="MX_52b_f2" label="Assumed"/>
      <facetEntailment facetID="MX_52b_f3" label="Unaddressed"/>
      <facetEntailment facetID="MX_52b_f4" label="Unaddressed"/>
      <facetEntailment facetID="MX_52b_f5" label="Unaddressed"/>
      <facetEntailment facetID="MX_52b_f6" label="Assumed"/>
      <facetEntailment facetID="MX_52b_f7" label="Assumed"/>
    </studentAnswer>
    <studentAnswer id="MX.52b.612.1" answerText="Because the picture down below of Epsom salt has no lines or anything." accuracy="irrelevant">
      <facetEntailment facetID="MX_52b_f1" label="Assumed"/>
      <facetEntailment facetID="MX_52b_f2" label="Assumed"/>
      <facetEntailment facetID="MX_52b_f3" label="Unaddressed"/>
      <facetEntailment facetID="MX_52b_f4" label="Unaddressed"/>
      <facetEntailment facetID="MX_52b_f5" label="Unaddressed"/>
      <facetEntailment facetID="MX_52b_f6" label="Assumed"/>
      <facetEntailment facetID="MX_52b_f7" label="Assumed"/>
    </studentAnswer>
    <studentAnswer id="MX.52b.626.1" answerText="Because her drawing looks the same as the one in the shape key." accuracy="partially_correct_incomplete">
      <facetEntailment facetID="MX_52b_f1" label="Assumed"/>
      <facetEntailment facetID="MX_52b_f2" label="Assumed"/>
      <facetEntailment facetID="MX_52b_f3" label="Inferred"/>
      <facetEntailment facetID="MX_52b_f4" label="Unaddressed"/>
      <facetEntailment facetID="MX_52b_f5" label="Unaddressed"/>
      <facetEntailment facetID="MX_52b_f6" label="Assumed"/>
      <facetEntailment facetID="MX_52b_f7" label="Expressed"/>
    </studentAnswer>
    <studentAnswer id="MX.52b.633.1" answerText="The alum in the picture below is a tall hexagon the crystal in the picture above is also a tall hexagon so it led me to the conclusion that they are the same." accuracy="correct">
      <facetEntailment facetID="MX_52b_f1" label="Assumed"/>
      <facetEntailment facetID="MX_52b_f2" label="Expressed"/>
      <facetEntailment facetID="MX_52b_f3" label="Expressed"/>
      <facetEntailment facetID="MX_52b_f4" label="Expressed"/>
      <facetEntailment facetID="MX_52b_f5" label="Expressed"/>
      <facetEntailment facetID="MX_52b_f6" label="Expressed"/>
      <facetEntailment facetID="MX_52b_f7" label="Assumed"/>
    </studentAnswer>
    <studentAnswer id="MX.52b.638.1" answerText="Because alum looks like the picture above." accuracy="correct">
      <facetEntailment facetID="MX_52b_f1" label="Assumed"/>
      <facetEntailment facetID="MX_52b_f2" label="Assumed"/>
      <facetEntailment facetID="MX_52b_f3" label="Expressed"/>
      <facetEntailment facetID="MX_52b_f4" label="Inferred"/>
      <facetEntailment facetID="MX_52b_f5" label="Expressed"/>
      <facetEntailment facetID="MX_52b_f6" label="Assumed"/>
      <facetEntailment facetID="MX_52b_f7" label="Assumed"/>
    </studentAnswer>
    <studentAnswer id="MX.52b.639.1" answerText="Because it looks like alum but more crystals." accuracy="correct">
      <facetEntailment facetID="MX_52b_f1" label="Assumed"/>
      <facetEntailment facetID="MX_52b_f2" label="Assumed"/>
      <facetEntailment facetID="MX_52b_f3" label="Expressed"/>
      <facetEntailment facetID="MX_52b_f4" label="Expressed"/>
      <facetEntailment facetID="MX_52b_f5" label="Expressed"/>
      <facetEntailment facetID="MX_52b_f6" label="Assumed"/>
      <facetEntailment facetID="MX_52b_f7" label="Assumed"/>
    </studentAnswer>
    <studentAnswer id="MX.52b.643.1" answerText="I chose it because on the key it looks the same as the crystal evaporating dish." accuracy="partially_correct_incomplete">
      <facetEntailment facetID="MX_52b_f1" label="Assumed"/>
      <facetEntailment facetID="MX_52b_f2" label="Expressed"/>
      <facetEntailment facetID="MX_52b_f3" label="Inferred"/>
      <facetEntailment facetID="MX_52b_f4" label="Expressed"/>
      <facetEntailment facetID="MX_52b_f5" label="Unaddressed"/>
      <facetEntailment facetID="MX_52b_f6" label="Assumed"/>
      <facetEntailment facetID="MX_52b_f7" label="Expressed"/>
    </studentAnswer>
    <studentAnswer id="MX.52b.648.1" answerText="It looks closer than the other." accuracy="irrelevant">
      <facetEntailment facetID="MX_52b_f1" label="Assumed"/>
      <facetEntailment facetID="MX_52b_f2" label="Assumed"/>
      <facetEntailment facetID="MX_52b_f3" label="Unaddressed"/>
      <facetEntailment facetID="MX_52b_f4" label="Unaddressed"/>
      <facetEntailment facetID="MX_52b_f5" label="Unaddressed"/>
      <facetEntailment facetID="MX_52b_f6" label="Assumed"/>
      <facetEntailment facetID="MX_52b_f7" label="Assumed"/>
    </studentAnswer>
  </studentAnswers>
</question>
