<?xml version="1.0"?>
<question id="MX_36a" module="MX">
  <questionText>Grace set up a science experiment. Here's what she wrote in her notebook. First I put eggshells into a cup and covered them with vinegar. After a while, small bubbles appeared on the surface of the eggshells. The next day there were more bubbles. In a couple of days, the eggshells were gone and the liquid was clear. I think I made a solution and a reaction. Explain why Grace thinks she made a solution.</questionText>
  <referenceAnswers>
    <referenceAnswer id="MX_36a-a1" text="A solution was created when the eggshells disappeared (dissolved) and the mixture ended up as a clear liquid.">
      <tokens>
        <token id="MX_36a_ra1">A</token>
        <token id="MX_36a_ra2">solution</token>
        <token id="MX_36a_ra3">was</token>
        <token id="MX_36a_ra4">created</token>
        <token id="MX_36a_ra5">when</token>
        <token id="MX_36a_ra6">the</token>
        <token id="MX_36a_ra7">eggshells</token>
        <token id="MX_36a_ra8">disappeared</token>
        <token id="MX_36a_ra9">(</token>
        <token id="MX_36a_ra10">dissolved</token>
        <token id="MX_36a_ra11">)</token>
        <token id="MX_36a_ra12">and</token>
        <token id="MX_36a_ra13">the</token>
        <token id="MX_36a_ra14">mixture</token>
        <token id="MX_36a_ra15">ended</token>
        <token id="MX_36a_ra16">up</token>
        <token id="MX_36a_ra17">as</token>
        <token id="MX_36a_ra18">a</token>
        <token id="MX_36a_ra19">clear</token>
        <token id="MX_36a_ra20">liquid</token>
        <token id="MX_36a_ra21">.</token>
      </tokens>
      <facets>
        <facet id="MX_36a_f1" govNum="MX_36a_ra4" modNum="MX_36a_ra2" reltn="Product" govText="created" isAssumed="true" modText="solution"/>
        <facet id="MX_36a_f2" govNum="MX_36a_ra10" modNum="MX_36a_ra7" reltn="Patient" govText="dissolved" isAssumed="true" modText="eggshells"/>
        <facet id="MX_36a_f3" govNum="MX_36a_ra4" modNum="MX_36a_ra10" reltn="Cause_when" childProp1Facet1="MX_36a_f1" govText="created" modText="dissolved" childProp2Facet1="MX_36a_f2"/>
        <facet id="MX_36a_f4" govNum="MX_36a_ra15" modNum="MX_36a_ra14" reltn="Theme" govText="ended up" modText="mixture"/>
        <facet id="MX_36a_f5" govNum="MX_36a_ra15" modNum="MX_36a_ra20" reltn="Destination_as" govText="ended up" isAssumed="true" modText="liquid"/>
        <facet id="MX_36a_f6" govNum="MX_36a_ra20" modNum="MX_36a_ra19" reltn="NMod" govText="liquid" isAssumed="true" modText="clear"/>
        <facet id="MX_36a_f7" govNum="MX_36a_ra4" modNum="MX_36a_ra15" reltn="Cause_when" childProp2Facet2="MX_36a_f5" childProp1Facet1="MX_36a_f1" govText="created" modText="ended up" childProp2Facet1="MX_36a_f4"/>
      </facets>
    </referenceAnswer>
  </referenceAnswers>
  <studentAnswers>
    <studentAnswer id="MX.36a.136.1" answerText="Because first she put eggshells then the next day she made a solution." accuracy="irrelevant">
      <facetEntailment facetID="MX_36a_f1" label="Expressed"/>
      <facetEntailment facetID="MX_36a_f2" label="Assumed"/>
      <facetEntailment facetID="MX_36a_f3" label="Unaddressed"/>
      <facetEntailment facetID="MX_36a_f4" label="Unaddressed"/>
      <facetEntailment facetID="MX_36a_f5" label="Assumed"/>
      <facetEntailment facetID="MX_36a_f6" label="Assumed"/>
      <facetEntailment facetID="MX_36a_f7" label="Unaddressed"/>
    </studentAnswer>
    <studentAnswer id="MX.36a.146.1" answerText="Because bubble came out of the eggshell." accuracy="irrelevant">
      <facetEntailment facetID="MX_36a_f1" label="Assumed"/>
      <facetEntailment facetID="MX_36a_f2" label="Assumed"/>
      <facetEntailment facetID="MX_36a_f3" label="Unaddressed"/>
      <facetEntailment facetID="MX_36a_f4" label="Unaddressed"/>
      <facetEntailment facetID="MX_36a_f5" label="Assumed"/>
      <facetEntailment facetID="MX_36a_f6" label="Assumed"/>
      <facetEntailment facetID="MX_36a_f7" label="Unaddressed"/>
    </studentAnswer>
    <studentAnswer id="MX.36a.151.1" answerText="I think she made a solution because the eggshells and bubbles disappeared." accuracy="correct">
      <facetEntailment facetID="MX_36a_f1" label="Expressed"/>
      <facetEntailment facetID="MX_36a_f2" label="Expressed"/>
      <facetEntailment facetID="MX_36a_f3" label="Expressed"/>
      <facetEntailment facetID="MX_36a_f4" label="Inferred"/>
      <facetEntailment facetID="MX_36a_f5" label="Assumed"/>
      <facetEntailment facetID="MX_36a_f6" label="Assumed"/>
      <facetEntailment facetID="MX_36a_f7" label="Inferred"/>
    </studentAnswer>
    <studentAnswer id="MX.36a.185.1" answerText="She made a solution because she said that the water was clear and that is a solution." accuracy="correct">
      <facetEntailment facetID="MX_36a_f1" label="Expressed"/>
      <facetEntailment facetID="MX_36a_f2" label="Assumed"/>
      <facetEntailment facetID="MX_36a_f3" label="Inferred"/>
      <facetEntailment facetID="MX_36a_f4" label="Inferred"/>
      <facetEntailment facetID="MX_36a_f5" label="Expressed"/>
      <facetEntailment facetID="MX_36a_f6" label="Expressed"/>
      <facetEntailment facetID="MX_36a_f7" label="Expressed"/>
    </studentAnswer>
    <studentAnswer id="MX.36a.248.1" answerText="I think she did a solution because it had bubbles." accuracy="irrelevant">
      <facetEntailment facetID="MX_36a_f1" label="Expressed"/>
      <facetEntailment facetID="MX_36a_f2" label="Assumed"/>
      <facetEntailment facetID="MX_36a_f3" label="Diff-Arg"/>
      <facetEntailment facetID="MX_36a_f4" label="Unaddressed"/>
      <facetEntailment facetID="MX_36a_f5" label="Assumed"/>
      <facetEntailment facetID="MX_36a_f6" label="Assumed"/>
      <facetEntailment facetID="MX_36a_f7" label="Unaddressed"/>
    </studentAnswer>
    <studentAnswer id="MX.36a.261.1" answerText="Because the eggshells were gone." accuracy="correct">
      <facetEntailment facetID="MX_36a_f1" label="Assumed"/>
      <facetEntailment facetID="MX_36a_f2" label="Expressed"/>
      <facetEntailment facetID="MX_36a_f3" label="Inferred"/>
      <facetEntailment facetID="MX_36a_f4" label="Inferred"/>
      <facetEntailment facetID="MX_36a_f5" label="Assumed"/>
      <facetEntailment facetID="MX_36a_f6" label="Assumed"/>
      <facetEntailment facetID="MX_36a_f7" label="Inferred"/>
    </studentAnswer>
    <studentAnswer id="MX.36a.285.1" answerText="Because it was clear." accuracy="partially_correct_incomplete">
      <facetEntailment facetID="MX_36a_f1" label="Assumed"/>
      <facetEntailment facetID="MX_36a_f2" label="Assumed"/>
      <facetEntailment facetID="MX_36a_f3" label="Unaddressed"/>
      <facetEntailment facetID="MX_36a_f4" label="Inferred"/>
      <facetEntailment facetID="MX_36a_f5" label="Assumed"/>
      <facetEntailment facetID="MX_36a_f6" label="Expressed"/>
      <facetEntailment facetID="MX_36a_f7" label="Inferred"/>
    </studentAnswer>
    <studentAnswer id="MX.36a.304.1" answerText="That is because a solution is clear that you could see through." accuracy="partially_correct_incomplete">
      <facetEntailment facetID="MX_36a_f1" label="Assumed"/>
      <facetEntailment facetID="MX_36a_f2" label="Assumed"/>
      <facetEntailment facetID="MX_36a_f3" label="Unaddressed"/>
      <facetEntailment facetID="MX_36a_f4" label="Inferred"/>
      <facetEntailment facetID="MX_36a_f5" label="Assumed"/>
      <facetEntailment facetID="MX_36a_f6" label="Expressed"/>
      <facetEntailment facetID="MX_36a_f7" label="Inferred"/>
    </studentAnswer>
    <studentAnswer id="MX.36a.359.1" answerText="She made a solution because the eggshells had disappeared and it cannot be separated." accuracy="correct">
      <facetEntailment facetID="MX_36a_f1" label="Expressed"/>
      <facetEntailment facetID="MX_36a_f2" label="Expressed"/>
      <facetEntailment facetID="MX_36a_f3" label="Expressed"/>
      <facetEntailment facetID="MX_36a_f4" label="Inferred"/>
      <facetEntailment facetID="MX_36a_f5" label="Assumed"/>
      <facetEntailment facetID="MX_36a_f6" label="Assumed"/>
      <facetEntailment facetID="MX_36a_f7" label="Inferred"/>
    </studentAnswer>
    <studentAnswer id="MX.36a.364.1" answerText="Because the eggshells were gone and the water was left, inside was clear that why she thinks that she made a solution." accuracy="correct">
      <facetEntailment facetID="MX_36a_f1" label="Expressed"/>
      <facetEntailment facetID="MX_36a_f2" label="Expressed"/>
      <facetEntailment facetID="MX_36a_f3" label="Expressed"/>
      <facetEntailment facetID="MX_36a_f4" label="Inferred"/>
      <facetEntailment facetID="MX_36a_f5" label="Expressed"/>
      <facetEntailment facetID="MX_36a_f6" label="Expressed"/>
      <facetEntailment facetID="MX_36a_f7" label="Expressed"/>
    </studentAnswer>
    <studentAnswer id="MX.36a.385.1" answerText="It was a reaction because it fizz and bubble up." accuracy="irrelevant">
      <facetEntailment facetID="MX_36a_f1" label="Assumed"/>
      <facetEntailment facetID="MX_36a_f2" label="Assumed"/>
      <facetEntailment facetID="MX_36a_f3" label="Unaddressed"/>
      <facetEntailment facetID="MX_36a_f4" label="Unaddressed"/>
      <facetEntailment facetID="MX_36a_f5" label="Assumed"/>
      <facetEntailment facetID="MX_36a_f6" label="Assumed"/>
      <facetEntailment facetID="MX_36a_f7" label="Unaddressed"/>
    </studentAnswer>
    <studentAnswer id="MX.36a.392.1" answerText="The mixture was clear and eggshell was gone." accuracy="correct">
      <facetEntailment facetID="MX_36a_f1" label="Assumed"/>
      <facetEntailment facetID="MX_36a_f2" label="Expressed"/>
      <facetEntailment facetID="MX_36a_f3" label="Inferred"/>
      <facetEntailment facetID="MX_36a_f4" label="Inferred"/>
      <facetEntailment facetID="MX_36a_f5" label="Assumed"/>
      <facetEntailment facetID="MX_36a_f6" label="Expressed"/>
      <facetEntailment facetID="MX_36a_f7" label="Inferred"/>
    </studentAnswer>
    <studentAnswer id="MX.36a.393.1" answerText="Because bubbles are one sign of a gas." accuracy="irrelevant">
      <facetEntailment facetID="MX_36a_f1" label="Assumed"/>
      <facetEntailment facetID="MX_36a_f2" label="Assumed"/>
      <facetEntailment facetID="MX_36a_f3" label="Unaddressed"/>
      <facetEntailment facetID="MX_36a_f4" label="Unaddressed"/>
      <facetEntailment facetID="MX_36a_f5" label="Assumed"/>
      <facetEntailment facetID="MX_36a_f6" label="Assumed"/>
      <facetEntailment facetID="MX_36a_f7" label="Unaddressed"/>
    </studentAnswer>
    <studentAnswer id="MX.36a.419.1" answerText="She thinks she made a solution because the eggshell dissolved in the vinegar and bubbled up and turned clear." accuracy="correct">
      <facetEntailment facetID="MX_36a_f1" label="Expressed"/>
      <facetEntailment facetID="MX_36a_f2" label="Expressed"/>
      <facetEntailment facetID="MX_36a_f3" label="Expressed"/>
      <facetEntailment facetID="MX_36a_f4" label="Expressed"/>
      <facetEntailment facetID="MX_36a_f5" label="Assumed"/>
      <facetEntailment facetID="MX_36a_f6" label="Expressed"/>
      <facetEntailment facetID="MX_36a_f7" label="Expressed"/>
    </studentAnswer>
    <studentAnswer id="MX.36a.432.1" answerText="Because the eggshell was gone and it was clear." accuracy="correct">
      <facetEntailment facetID="MX_36a_f1" label="Assumed"/>
      <facetEntailment facetID="MX_36a_f2" label="Expressed"/>
      <facetEntailment facetID="MX_36a_f3" label="Inferred"/>
      <facetEntailment facetID="MX_36a_f4" label="Inferred"/>
      <facetEntailment facetID="MX_36a_f5" label="Assumed"/>
      <facetEntailment facetID="MX_36a_f6" label="Assumed"/>
      <facetEntailment facetID="MX_36a_f7" label="Inferred"/>
    </studentAnswer>
    <studentAnswer id="MX.36a.437.1" answerText="Grace mixed 2 materials together and the solution ended up clear." accuracy="partially_correct_incomplete">
      <facetEntailment facetID="MX_36a_f1" label="Assumed"/>
      <facetEntailment facetID="MX_36a_f2" label="Assumed"/>
      <facetEntailment facetID="MX_36a_f3" label="Unaddressed"/>
      <facetEntailment facetID="MX_36a_f4" label="Expressed"/>
      <facetEntailment facetID="MX_36a_f5" label="Expressed"/>
      <facetEntailment facetID="MX_36a_f6" label="Expressed"/>
      <facetEntailment facetID="MX_36a_f7" label="Inferred"/>
    </studentAnswer>
    <studentAnswer id="MX.36a.439.1" answerText="Because she thinks that the eggshells and the water reaction and she think during the reaction the eggshell dissolved." accuracy="partially_correct_incomplete">
      <facetEntailment facetID="MX_36a_f1" label="Assumed"/>
      <facetEntailment facetID="MX_36a_f2" label="Expressed"/>
      <facetEntailment facetID="MX_36a_f3" label="Inferred"/>
      <facetEntailment facetID="MX_36a_f4" label="Unaddressed"/>
      <facetEntailment facetID="MX_36a_f5" label="Assumed"/>
      <facetEntailment facetID="MX_36a_f6" label="Assumed"/>
      <facetEntailment facetID="MX_36a_f7" label="Unaddressed"/>
    </studentAnswer>
    <studentAnswer id="MX.36a.453.1" answerText="She thinks she made a solution because the solute dissolved and the water is clear." accuracy="correct">
      <facetEntailment facetID="MX_36a_f1" label="Expressed"/>
      <facetEntailment facetID="MX_36a_f2" label="Assumed"/>
      <facetEntailment facetID="MX_36a_f3" label="Inferred"/>
      <facetEntailment facetID="MX_36a_f4" label="Inferred"/>
      <facetEntailment facetID="MX_36a_f5" label="Assumed"/>
      <facetEntailment facetID="MX_36a_f6" label="Expressed"/>
      <facetEntailment facetID="MX_36a_f7" label="Inferred"/>
    </studentAnswer>
    <studentAnswer id="MX.36a.469.1" answerText="Grace thinks she made a solution because first she put eggshells into a cup and covered them up with vinegar and then small bubbles appeared on the surface of the eggshell and a couple of days the eggshells were gone and the liquid was clear." accuracy="correct">
      <facetEntailment facetID="MX_36a_f1" label="Expressed"/>
      <facetEntailment facetID="MX_36a_f2" label="Expressed"/>
      <facetEntailment facetID="MX_36a_f3" label="Expressed"/>
      <facetEntailment facetID="MX_36a_f4" label="Inferred"/>
      <facetEntailment facetID="MX_36a_f5" label="Expressed"/>
      <facetEntailment facetID="MX_36a_f6" label="Expressed"/>
      <facetEntailment facetID="MX_36a_f7" label="Inferred"/>
    </studentAnswer>
    <studentAnswer id="MX.36a.473.1" answerText="Yes because she saw the gas on and the vinegar was clear." accuracy="partially_correct_incomplete">
      <facetEntailment facetID="MX_36a_f1" label="Assumed"/>
      <facetEntailment facetID="MX_36a_f2" label="Assumed"/>
      <facetEntailment facetID="MX_36a_f3" label="Unaddressed"/>
      <facetEntailment facetID="MX_36a_f4" label="Inferred"/>
      <facetEntailment facetID="MX_36a_f5" label="Assumed"/>
      <facetEntailment facetID="MX_36a_f6" label="Assumed"/>
      <facetEntailment facetID="MX_36a_f7" label="Inferred"/>
    </studentAnswer>
    <studentAnswer id="MX.36a.496.1" answerText="Because a solution is when a solute and a solvent are mixed and she did that." accuracy="irrelevant">
      <facetEntailment facetID="MX_36a_f1" label="Expressed"/>
      <facetEntailment facetID="MX_36a_f2" label="Assumed"/>
      <facetEntailment facetID="MX_36a_f3" label="Diff-Arg"/>
      <facetEntailment facetID="MX_36a_f4" label="Unaddressed"/>
      <facetEntailment facetID="MX_36a_f5" label="Assumed"/>
      <facetEntailment facetID="MX_36a_f6" label="Assumed"/>
      <facetEntailment facetID="MX_36a_f7" label="Unaddressed"/>
    </studentAnswer>
    <studentAnswer id="MX.36a.503.1" answerText="Because she put eggshells in a cup and covered them with vinegar and after a couple of days she saw that they were gone." accuracy="correct">
      <facetEntailment facetID="MX_36a_f1" label="Assumed"/>
      <facetEntailment facetID="MX_36a_f2" label="Expressed"/>
      <facetEntailment facetID="MX_36a_f3" label="Inferred"/>
      <facetEntailment facetID="MX_36a_f4" label="Inferred"/>
      <facetEntailment facetID="MX_36a_f5" label="Assumed"/>
      <facetEntailment facetID="MX_36a_f6" label="Assumed"/>
      <facetEntailment facetID="MX_36a_f7" label="Inferred"/>
    </studentAnswer>
    <studentAnswer id="MX.36a.504.1" answerText="The eggshells dissolved a solution is when the solvent dissolve." accuracy="partially_correct_incomplete">
      <facetEntailment facetID="MX_36a_f1" label="Expressed"/>
      <facetEntailment facetID="MX_36a_f2" label="Expressed"/>
      <facetEntailment facetID="MX_36a_f3" label="Expressed"/>
      <facetEntailment facetID="MX_36a_f4" label="Unaddressed"/>
      <facetEntailment facetID="MX_36a_f5" label="Assumed"/>
      <facetEntailment facetID="MX_36a_f6" label="Assumed"/>
      <facetEntailment facetID="MX_36a_f7" label="Unaddressed"/>
    </studentAnswer>
    <studentAnswer id="MX.36a.531.1" answerText="The vinegar destroyed the eggshells." accuracy="irrelevant">
      <facetEntailment facetID="MX_36a_f1" label="Assumed"/>
      <facetEntailment facetID="MX_36a_f2" label="Assumed"/>
      <facetEntailment facetID="MX_36a_f3" label="Unaddressed"/>
      <facetEntailment facetID="MX_36a_f4" label="Unaddressed"/>
      <facetEntailment facetID="MX_36a_f5" label="Assumed"/>
      <facetEntailment facetID="MX_36a_f6" label="Assumed"/>
      <facetEntailment facetID="MX_36a_f7" label="Unaddressed"/>
    </studentAnswer>
    <studentAnswer id="MX.36a.540.1" answerText="Because he used something that can make it bubble." accuracy="irrelevant">
      <facetEntailment facetID="MX_36a_f1" label="Assumed"/>
      <facetEntailment facetID="MX_36a_f2" label="Assumed"/>
      <facetEntailment facetID="MX_36a_f3" label="Unaddressed"/>
      <facetEntailment facetID="MX_36a_f4" label="Unaddressed"/>
      <facetEntailment facetID="MX_36a_f5" label="Assumed"/>
      <facetEntailment facetID="MX_36a_f6" label="Assumed"/>
      <facetEntailment facetID="MX_36a_f7" label="Unaddressed"/>
    </studentAnswer>
    <studentAnswer id="MX.36a.543.1" answerText="I think Grace thinks she made a solution because she mixed eggshells and vinegar together." accuracy="irrelevant">
      <facetEntailment facetID="MX_36a_f1" label="Expressed"/>
      <facetEntailment facetID="MX_36a_f2" label="Assumed"/>
      <facetEntailment facetID="MX_36a_f3" label="Diff-Arg"/>
      <facetEntailment facetID="MX_36a_f4" label="Unaddressed"/>
      <facetEntailment facetID="MX_36a_f5" label="Assumed"/>
      <facetEntailment facetID="MX_36a_f6" label="Assumed"/>
      <facetEntailment facetID="MX_36a_f7" label="Diff-Arg"/>
    </studentAnswer>
    <studentAnswer id="MX.36a.562.1" answerText="Because at the end the eggshell was gone and the water was clear." accuracy="correct">
      <facetEntailment facetID="MX_36a_f1" label="Assumed"/>
      <facetEntailment facetID="MX_36a_f2" label="Expressed"/>
      <facetEntailment facetID="MX_36a_f3" label="Inferred"/>
      <facetEntailment facetID="MX_36a_f4" label="Inferred"/>
      <facetEntailment facetID="MX_36a_f5" label="Assumed"/>
      <facetEntailment facetID="MX_36a_f6" label="Expressed"/>
      <facetEntailment facetID="MX_36a_f7" label="Inferred"/>
    </studentAnswer>
    <studentAnswer id="MX.36a.568.1" answerText="Grace thinks she made a solution because the eggshells disappeared into the liquid." accuracy="correct">
      <facetEntailment facetID="MX_36a_f1" label="Expressed"/>
      <facetEntailment facetID="MX_36a_f2" label="Expressed"/>
      <facetEntailment facetID="MX_36a_f3" label="Expressed"/>
      <facetEntailment facetID="MX_36a_f4" label="Inferred"/>
      <facetEntailment facetID="MX_36a_f5" label="Expressed"/>
      <facetEntailment facetID="MX_36a_f6" label="Assumed"/>
      <facetEntailment facetID="MX_36a_f7" label="Inferred"/>
    </studentAnswer>
    <studentAnswer id="MX.36a.571.1" answerText="I think the reason why Grace thinks she made a solution is because the eggshells went away after awhile." accuracy="correct">
      <facetEntailment facetID="MX_36a_f1" label="Expressed"/>
      <facetEntailment facetID="MX_36a_f2" label="Expressed"/>
      <facetEntailment facetID="MX_36a_f3" label="Expressed"/>
      <facetEntailment facetID="MX_36a_f4" label="Inferred"/>
      <facetEntailment facetID="MX_36a_f5" label="Assumed"/>
      <facetEntailment facetID="MX_36a_f6" label="Assumed"/>
      <facetEntailment facetID="MX_36a_f7" label="Inferred"/>
    </studentAnswer>
    <studentAnswer id="MX.36a.572.1" answerText="I think she did make a solution because a solution is when 2 or more materials are mixed together and one disappears into the other." accuracy="correct">
      <facetEntailment facetID="MX_36a_f1" label="Expressed"/>
      <facetEntailment facetID="MX_36a_f2" label="Assumed"/>
      <facetEntailment facetID="MX_36a_f3" label="Expressed"/>
      <facetEntailment facetID="MX_36a_f4" label="Inferred"/>
      <facetEntailment facetID="MX_36a_f5" label="Assumed"/>
      <facetEntailment facetID="MX_36a_f6" label="Assumed"/>
      <facetEntailment facetID="MX_36a_f7" label="Inferred"/>
    </studentAnswer>
    <studentAnswer id="MX.36a.576.1" answerText="Because it turned into a clear liquid solution." accuracy="partially_correct_incomplete">
      <facetEntailment facetID="MX_36a_f1" label="Assumed"/>
      <facetEntailment facetID="MX_36a_f2" label="Assumed"/>
      <facetEntailment facetID="MX_36a_f3" label="Unaddressed"/>
      <facetEntailment facetID="MX_36a_f4" label="Expressed"/>
      <facetEntailment facetID="MX_36a_f5" label="Expressed"/>
      <facetEntailment facetID="MX_36a_f6" label="Expressed"/>
      <facetEntailment facetID="MX_36a_f7" label="Expressed"/>
    </studentAnswer>
    <studentAnswer id="MX.36a.592.1" answerText="She thinks the water was clear, which it was so it was a solution." accuracy="partially_correct_incomplete">
      <facetEntailment facetID="MX_36a_f1" label="Assumed"/>
      <facetEntailment facetID="MX_36a_f2" label="Assumed"/>
      <facetEntailment facetID="MX_36a_f3" label="Unaddressed"/>
      <facetEntailment facetID="MX_36a_f4" label="Inferred"/>
      <facetEntailment facetID="MX_36a_f5" label="Assumed"/>
      <facetEntailment facetID="MX_36a_f6" label="Expressed"/>
      <facetEntailment facetID="MX_36a_f7" label="Inferred"/>
    </studentAnswer>
    <studentAnswer id="MX.36a.596.1" answerText="Because there were more bubbles everyday." accuracy="irrelevant">
      <facetEntailment facetID="MX_36a_f1" label="Assumed"/>
      <facetEntailment facetID="MX_36a_f2" label="Assumed"/>
      <facetEntailment facetID="MX_36a_f3" label="Unaddressed"/>
      <facetEntailment facetID="MX_36a_f4" label="Unaddressed"/>
      <facetEntailment facetID="MX_36a_f5" label="Assumed"/>
      <facetEntailment facetID="MX_36a_f6" label="Assumed"/>
      <facetEntailment facetID="MX_36a_f7" label="Unaddressed"/>
    </studentAnswer>
    <studentAnswer id="MX.36a.601.1" answerText="Because she said the water was clear. When water is clear then it is a solution." accuracy="correct">
      <facetEntailment facetID="MX_36a_f1" label="Assumed"/>
      <facetEntailment facetID="MX_36a_f2" label="Assumed"/>
      <facetEntailment facetID="MX_36a_f3" label="Inferred"/>
      <facetEntailment facetID="MX_36a_f4" label="Inferred"/>
      <facetEntailment facetID="MX_36a_f5" label="Expressed"/>
      <facetEntailment facetID="MX_36a_f6" label="Expressed"/>
      <facetEntailment facetID="MX_36a_f7" label="Expressed"/>
    </studentAnswer>
    <studentAnswer id="MX.36a.626.1" answerText="It is a solution because the eggshells disappeared leaving liquid clear making a solution." accuracy="correct">
      <facetEntailment facetID="MX_36a_f1" label="Expressed"/>
      <facetEntailment facetID="MX_36a_f2" label="Expressed"/>
      <facetEntailment facetID="MX_36a_f3" label="Expressed"/>
      <facetEntailment facetID="MX_36a_f4" label="Expressed"/>
      <facetEntailment facetID="MX_36a_f5" label="Expressed"/>
      <facetEntailment facetID="MX_36a_f6" label="Expressed"/>
      <facetEntailment facetID="MX_36a_f7" label="Expressed"/>
    </studentAnswer>
    <studentAnswer id="MX.36a.635.1" answerText="Because she mixed the vinegar with the eggshells and later bubbles started to show up then it cleared." accuracy="correct">
      <facetEntailment facetID="MX_36a_f1" label="Assumed"/>
      <facetEntailment facetID="MX_36a_f2" label="Assumed"/>
      <facetEntailment facetID="MX_36a_f3" label="Inferred"/>
      <facetEntailment facetID="MX_36a_f4" label="Inferred"/>
      <facetEntailment facetID="MX_36a_f5" label="Assumed"/>
      <facetEntailment facetID="MX_36a_f6" label="Assumed"/>
      <facetEntailment facetID="MX_36a_f7" label="Inferred"/>
    </studentAnswer>
  </studentAnswers>
</question>
