<?xml version="1.0"?>
<question id="MX_11e" module="MX">
  <questionText>Jim used a solid and water to make Mixtures one (one spoon of solid in 100 milliliters water was clear with nothing on the bottom), 3 (3 spoons of solid in 100 milliliters water was clear with nothing on the bottom), 4 (4 spoons of solid in 100 milliliters water was clear with material on the bottom), and 5 (5 spoons of solid in 100 milliliters water was clear with material on the bottom) as shown below. He stirred each one and observed the results. Describe how Jim could separate the dissolved solid from the water in Mixture one. What happens to the solid and to the water?</questionText>
  <referenceAnswers>
    <referenceAnswer id="MX_11e-a1" text="Set up evaporation dishes. The water will go into the air (evaporate) and the solid will be left in the dish (crystallize).">
      <tokens>
        <token id="MX_11e_ra1">Set</token>
        <token id="MX_11e_ra2">up</token>
        <token id="MX_11e_ra3">evaporation</token>
        <token id="MX_11e_ra4">dishes</token>
        <token id="MX_11e_ra5">.</token>
        <token id="MX_11e_ra6">The</token>
        <token id="MX_11e_ra7">water</token>
        <token id="MX_11e_ra8">will</token>
        <token id="MX_11e_ra9">go</token>
        <token id="MX_11e_ra10">into</token>
        <token id="MX_11e_ra11">the</token>
        <token id="MX_11e_ra12">air</token>
        <token id="MX_11e_ra13">(</token>
        <token id="MX_11e_ra14">evaporate</token>
        <token id="MX_11e_ra15">)</token>
        <token id="MX_11e_ra16">and</token>
        <token id="MX_11e_ra17">the</token>
        <token id="MX_11e_ra18">solid</token>
        <token id="MX_11e_ra19">will</token>
        <token id="MX_11e_ra20">be</token>
        <token id="MX_11e_ra21">left</token>
        <token id="MX_11e_ra22">in</token>
        <token id="MX_11e_ra23">the</token>
        <token id="MX_11e_ra24">dish</token>
        <token id="MX_11e_ra25">(</token>
        <token id="MX_11e_ra26">crystallize</token>
        <token id="MX_11e_ra27">)</token>
        <token id="MX_11e_ra28">.</token>
      </tokens>
      <facets>
        <facet id="MX_11e_f1" govNum="MX_11e_ra1" modNum="MX_11e_ra4" reltn="Theme" govText="Set up" modText="dishes"/>
        <facet id="MX_11e_f2" govNum="MX_11e_ra4" modNum="MX_11e_ra3" reltn="NMod" govText="dishes" modText="evaporation"/>
        <facet id="MX_11e_f3" govNum="MX_11e_ra9" modNum="MX_11e_ra7" reltn="Theme" govText="go" modText="water"/>
        <facet id="MX_11e_f4" govNum="MX_11e_ra9" modNum="MX_11e_ra12" reltn="Destination_into" govText="go" modText="air"/>
        <facet id="MX_11e_f5" govNum="MX_11e_ra14" modNum="MX_11e_ra7" reltn="Patient" govText="evaporate" modText="water"/>
        <facet id="MX_11e_f6" govNum="MX_11e_ra21" modNum="MX_11e_ra18" reltn="Theme" govText="left" modText="solid"/>
        <facet id="MX_11e_f7" govNum="MX_11e_ra21" modNum="MX_11e_ra24" reltn="Location_in" govText="left" modText="dish"/>
        <facet id="MX_11e_f8" govNum="MX_11e_ra26" modNum="MX_11e_ra18" reltn="Theme" govText="crystallize" modText="solid"/>
        <facet id="MX_11e_f9" govNum="MX_11e_ra21" modNum="MX_11e_ra14" reltn="Cause_and" childProp2Facet2="MX_11e_f4" childProp1Facet1="MX_11e_f6" govText="left" childProp1Facet2="MX_11e_f7" modText="evaporate" childProp2Facet1="MX_11e_f5"/>
      </facets>
    </referenceAnswer>
  </referenceAnswers>
  <studentAnswers>
    <studentAnswer id="MX.11e.143.1" answerText="He could use a paper filter decided what he is using or a screen." accuracy="irrelevant">
      <facetEntailment facetID="MX_11e_f1" label="Unaddressed"/>
      <facetEntailment facetID="MX_11e_f2" label="Unaddressed"/>
      <facetEntailment facetID="MX_11e_f3" label="Unaddressed"/>
      <facetEntailment facetID="MX_11e_f4" label="Unaddressed"/>
      <facetEntailment facetID="MX_11e_f5" label="Unaddressed"/>
      <facetEntailment facetID="MX_11e_f6" label="Unaddressed"/>
      <facetEntailment facetID="MX_11e_f7" label="Unaddressed"/>
      <facetEntailment facetID="MX_11e_f8" label="Unaddressed"/>
      <facetEntailment facetID="MX_11e_f9" label="Unaddressed"/>
    </studentAnswer>
    <studentAnswer id="MX.11e.176.1" answerText="He could get a filter and pour the solution into to it with a cup under." accuracy="irrelevant">
      <facetEntailment facetID="MX_11e_f1" label="Unaddressed"/>
      <facetEntailment facetID="MX_11e_f2" label="Unaddressed"/>
      <facetEntailment facetID="MX_11e_f3" label="Unaddressed"/>
      <facetEntailment facetID="MX_11e_f4" label="Unaddressed"/>
      <facetEntailment facetID="MX_11e_f5" label="Unaddressed"/>
      <facetEntailment facetID="MX_11e_f6" label="Unaddressed"/>
      <facetEntailment facetID="MX_11e_f7" label="Unaddressed"/>
      <facetEntailment facetID="MX_11e_f8" label="Unaddressed"/>
      <facetEntailment facetID="MX_11e_f9" label="Unaddressed"/>
    </studentAnswer>
    <studentAnswer id="MX.11e.248.1" answerText="Jim could separate dissolved water by using a filter. The water turns clear." accuracy="irrelevant">
      <facetEntailment facetID="MX_11e_f1" label="Unaddressed"/>
      <facetEntailment facetID="MX_11e_f2" label="Unaddressed"/>
      <facetEntailment facetID="MX_11e_f3" label="Unaddressed"/>
      <facetEntailment facetID="MX_11e_f4" label="Unaddressed"/>
      <facetEntailment facetID="MX_11e_f5" label="Unaddressed"/>
      <facetEntailment facetID="MX_11e_f6" label="Unaddressed"/>
      <facetEntailment facetID="MX_11e_f7" label="Unaddressed"/>
      <facetEntailment facetID="MX_11e_f8" label="Unaddressed"/>
      <facetEntailment facetID="MX_11e_f9" label="Unaddressed"/>
    </studentAnswer>
    <studentAnswer id="MX.11e.261.1" answerText="Let it evaporate." accuracy="partially_correct_incomplete">
      <facetEntailment facetID="MX_11e_f1" label="Unaddressed"/>
      <facetEntailment facetID="MX_11e_f2" label="Unaddressed"/>
      <facetEntailment facetID="MX_11e_f3" label="Expressed"/>
      <facetEntailment facetID="MX_11e_f4" label="Expressed"/>
      <facetEntailment facetID="MX_11e_f5" label="Expressed"/>
      <facetEntailment facetID="MX_11e_f6" label="Unaddressed"/>
      <facetEntailment facetID="MX_11e_f7" label="Unaddressed"/>
      <facetEntailment facetID="MX_11e_f8" label="Unaddressed"/>
      <facetEntailment facetID="MX_11e_f9" label="Unaddressed"/>
    </studentAnswer>
    <studentAnswer id="MX.11e.347.1" answerText="Get a filter paper and pour the dissolve mixture and the solid will stay in the filter." accuracy="partially_correct_incomplete">
      <facetEntailment facetID="MX_11e_f1" label="Unaddressed"/>
      <facetEntailment facetID="MX_11e_f2" label="Unaddressed"/>
      <facetEntailment facetID="MX_11e_f3" label="Unaddressed"/>
      <facetEntailment facetID="MX_11e_f4" label="Unaddressed"/>
      <facetEntailment facetID="MX_11e_f5" label="Unaddressed"/>
      <facetEntailment facetID="MX_11e_f6" label="Expressed"/>
      <facetEntailment facetID="MX_11e_f7" label="Diff-Arg"/>
      <facetEntailment facetID="MX_11e_f8" label="Unaddressed"/>
      <facetEntailment facetID="MX_11e_f9" label="Diff-Arg"/>
    </studentAnswer>
    <studentAnswer id="MX.11e.364.1" answerText="The solid will maybe dry up and water will stay the same." accuracy="contradictory">
      <facetEntailment facetID="MX_11e_f1" label="Unaddressed"/>
      <facetEntailment facetID="MX_11e_f2" label="Unaddressed"/>
      <facetEntailment facetID="MX_11e_f3" label="Contra-Expr"/>
      <facetEntailment facetID="MX_11e_f4" label="Contra-Expr"/>
      <facetEntailment facetID="MX_11e_f5" label="Contra-Expr"/>
      <facetEntailment facetID="MX_11e_f6" label="Inferred"/>
      <facetEntailment facetID="MX_11e_f7" label="Inferred"/>
      <facetEntailment facetID="MX_11e_f8" label="Unaddressed"/>
      <facetEntailment facetID="MX_11e_f9" label="Unaddressed"/>
    </studentAnswer>
    <studentAnswer id="MX.11e.366.1" answerText="It dissolves and weigh 100 milliliters still." accuracy="irrelevant">
      <facetEntailment facetID="MX_11e_f1" label="Unaddressed"/>
      <facetEntailment facetID="MX_11e_f2" label="Unaddressed"/>
      <facetEntailment facetID="MX_11e_f3" label="Unaddressed"/>
      <facetEntailment facetID="MX_11e_f4" label="Unaddressed"/>
      <facetEntailment facetID="MX_11e_f5" label="Diff-Arg"/>
      <facetEntailment facetID="MX_11e_f6" label="Unaddressed"/>
      <facetEntailment facetID="MX_11e_f7" label="Unaddressed"/>
      <facetEntailment facetID="MX_11e_f8" label="Unaddressed"/>
      <facetEntailment facetID="MX_11e_f9" label="Unaddressed"/>
    </studentAnswer>
    <studentAnswer id="MX.11e.393.1" answerText="Jim could evaporate the solution. The water would go into the air and turn into a gas but the salt would stay behind." accuracy="partially_correct_incomplete">
      <facetEntailment facetID="MX_11e_f1" label="Unaddressed"/>
      <facetEntailment facetID="MX_11e_f2" label="Unaddressed"/>
      <facetEntailment facetID="MX_11e_f3" label="Expressed"/>
      <facetEntailment facetID="MX_11e_f4" label="Expressed"/>
      <facetEntailment facetID="MX_11e_f5" label="Expressed"/>
      <facetEntailment facetID="MX_11e_f6" label="Expressed"/>
      <facetEntailment facetID="MX_11e_f7" label="Inferred"/>
      <facetEntailment facetID="MX_11e_f8" label="Inferred"/>
      <facetEntailment facetID="MX_11e_f9" label="Expressed"/>
    </studentAnswer>
    <studentAnswer id="MX.11e.396.1" answerText="He can evaporate mixture one. The water would become a gas and some kind of crystal would be left." accuracy="partially_correct_incomplete">
      <facetEntailment facetID="MX_11e_f1" label="Unaddressed"/>
      <facetEntailment facetID="MX_11e_f2" label="Unaddressed"/>
      <facetEntailment facetID="MX_11e_f3" label="Expressed"/>
      <facetEntailment facetID="MX_11e_f4" label="Expressed"/>
      <facetEntailment facetID="MX_11e_f5" label="Expressed"/>
      <facetEntailment facetID="MX_11e_f6" label="Expressed"/>
      <facetEntailment facetID="MX_11e_f7" label="Expressed"/>
      <facetEntailment facetID="MX_11e_f8" label="Expressed"/>
      <facetEntailment facetID="MX_11e_f9" label="Expressed"/>
    </studentAnswer>
    <studentAnswer id="MX.11e.419.1" answerText="He could filter it and the solid could be in the filter and the water could be in the cup." accuracy="contradictory">
      <facetEntailment facetID="MX_11e_f1" label="Unaddressed"/>
      <facetEntailment facetID="MX_11e_f2" label="Unaddressed"/>
      <facetEntailment facetID="MX_11e_f3" label="Expressed"/>
      <facetEntailment facetID="MX_11e_f4" label="Contra-Infr"/>
      <facetEntailment facetID="MX_11e_f5" label="Contra-Infr"/>
      <facetEntailment facetID="MX_11e_f6" label="Inferred"/>
      <facetEntailment facetID="MX_11e_f7" label="Diff-Arg"/>
      <facetEntailment facetID="MX_11e_f8" label="Unaddressed"/>
      <facetEntailment facetID="MX_11e_f9" label="Unaddressed"/>
    </studentAnswer>
    <studentAnswer id="MX.11e.426.1" answerText="He could put in a evaporation tray and see the solid material!" accuracy="correct">
      <facetEntailment facetID="MX_11e_f1" label="Inferred"/>
      <facetEntailment facetID="MX_11e_f2" label="Expressed"/>
      <facetEntailment facetID="MX_11e_f3" label="Inferred"/>
      <facetEntailment facetID="MX_11e_f4" label="Inferred"/>
      <facetEntailment facetID="MX_11e_f5" label="Inferred"/>
      <facetEntailment facetID="MX_11e_f6" label="Inferred"/>
      <facetEntailment facetID="MX_11e_f7" label="Inferred"/>
      <facetEntailment facetID="MX_11e_f8" label="Inferred"/>
      <facetEntailment facetID="MX_11e_f9" label="Inferred"/>
    </studentAnswer>
    <studentAnswer id="MX.11e.432.1" answerText="Evaporate the water so there is just the solid." accuracy="partially_correct_incomplete">
      <facetEntailment facetID="MX_11e_f1" label="Unaddressed"/>
      <facetEntailment facetID="MX_11e_f2" label="Unaddressed"/>
      <facetEntailment facetID="MX_11e_f3" label="Expressed"/>
      <facetEntailment facetID="MX_11e_f4" label="Expressed"/>
      <facetEntailment facetID="MX_11e_f5" label="Expressed"/>
      <facetEntailment facetID="MX_11e_f6" label="Expressed"/>
      <facetEntailment facetID="MX_11e_f7" label="Inferred"/>
      <facetEntailment facetID="MX_11e_f8" label="Inferred"/>
      <facetEntailment facetID="MX_11e_f9" label="Expressed"/>
    </studentAnswer>
    <studentAnswer id="MX.11e.438.1" answerText="He could evaporate the solution, the water would evaporate and the solid will be left behind." accuracy="partially_correct_incomplete">
      <facetEntailment facetID="MX_11e_f1" label="Unaddressed"/>
      <facetEntailment facetID="MX_11e_f2" label="Unaddressed"/>
      <facetEntailment facetID="MX_11e_f3" label="Expressed"/>
      <facetEntailment facetID="MX_11e_f4" label="Expressed"/>
      <facetEntailment facetID="MX_11e_f5" label="Expressed"/>
      <facetEntailment facetID="MX_11e_f6" label="Expressed"/>
      <facetEntailment facetID="MX_11e_f7" label="Inferred"/>
      <facetEntailment facetID="MX_11e_f8" label="Inferred"/>
      <facetEntailment facetID="MX_11e_f9" label="Expressed"/>
    </studentAnswer>
    <studentAnswer id="MX.11e.452.1" answerText="It could evaporate the water from the salt. The solid crystallized and the water turned into a gas called water vapor." accuracy="partially_correct_incomplete">
      <facetEntailment facetID="MX_11e_f1" label="Unaddressed"/>
      <facetEntailment facetID="MX_11e_f2" label="Unaddressed"/>
      <facetEntailment facetID="MX_11e_f3" label="Expressed"/>
      <facetEntailment facetID="MX_11e_f4" label="Expressed"/>
      <facetEntailment facetID="MX_11e_f5" label="Expressed"/>
      <facetEntailment facetID="MX_11e_f6" label="Expressed"/>
      <facetEntailment facetID="MX_11e_f7" label="Inferred"/>
      <facetEntailment facetID="MX_11e_f8" label="Expressed"/>
      <facetEntailment facetID="MX_11e_f9" label="Expressed"/>
    </studentAnswer>
    <studentAnswer id="MX.11e.455.1" answerText="Pour the solution into evaporating dishes. The water evaporates, or turns into a gas, and the solid crystallizes." accuracy="correct">
      <facetEntailment facetID="MX_11e_f1" label="Inferred"/>
      <facetEntailment facetID="MX_11e_f2" label="Expressed"/>
      <facetEntailment facetID="MX_11e_f3" label="Expressed"/>
      <facetEntailment facetID="MX_11e_f4" label="Expressed"/>
      <facetEntailment facetID="MX_11e_f5" label="Expressed"/>
      <facetEntailment facetID="MX_11e_f6" label="Expressed"/>
      <facetEntailment facetID="MX_11e_f7" label="Inferred"/>
      <facetEntailment facetID="MX_11e_f8" label="Expressed"/>
      <facetEntailment facetID="MX_11e_f9" label="Expressed"/>
    </studentAnswer>
    <studentAnswer id="MX.11e.457.1" answerText="He could evaporate the solution and the water would be in the air and the solid would be in the container." accuracy="partially_correct_incomplete">
      <facetEntailment facetID="MX_11e_f1" label="Unaddressed"/>
      <facetEntailment facetID="MX_11e_f2" label="Unaddressed"/>
      <facetEntailment facetID="MX_11e_f3" label="Expressed"/>
      <facetEntailment facetID="MX_11e_f4" label="Expressed"/>
      <facetEntailment facetID="MX_11e_f5" label="Expressed"/>
      <facetEntailment facetID="MX_11e_f6" label="Expressed"/>
      <facetEntailment facetID="MX_11e_f7" label="Expressed"/>
      <facetEntailment facetID="MX_11e_f8" label="Unaddressed"/>
      <facetEntailment facetID="MX_11e_f9" label="Inferred"/>
    </studentAnswer>
    <studentAnswer id="MX.11e.459.1" answerText="It dissolves into the air bubble." accuracy="partially_correct_incomplete">
      <facetEntailment facetID="MX_11e_f1" label="Unaddressed"/>
      <facetEntailment facetID="MX_11e_f2" label="Unaddressed"/>
      <facetEntailment facetID="MX_11e_f3" label="Inferred"/>
      <facetEntailment facetID="MX_11e_f4" label="Expressed"/>
      <facetEntailment facetID="MX_11e_f5" label="Diff-Arg"/>
      <facetEntailment facetID="MX_11e_f6" label="Unaddressed"/>
      <facetEntailment facetID="MX_11e_f7" label="Unaddressed"/>
      <facetEntailment facetID="MX_11e_f8" label="Unaddressed"/>
      <facetEntailment facetID="MX_11e_f9" label="Unaddressed"/>
    </studentAnswer>
    <studentAnswer id="MX.11e.464.1" answerText="Evaporate. The solid would crystallize, and the water would become vapor and go into the clouds." accuracy="partially_correct_incomplete">
      <facetEntailment facetID="MX_11e_f1" label="Unaddressed"/>
      <facetEntailment facetID="MX_11e_f2" label="Unaddressed"/>
      <facetEntailment facetID="MX_11e_f3" label="Expressed"/>
      <facetEntailment facetID="MX_11e_f4" label="Expressed"/>
      <facetEntailment facetID="MX_11e_f5" label="Expressed"/>
      <facetEntailment facetID="MX_11e_f6" label="Inferred"/>
      <facetEntailment facetID="MX_11e_f7" label="Inferred"/>
      <facetEntailment facetID="MX_11e_f8" label="Expressed"/>
      <facetEntailment facetID="MX_11e_f9" label="Expressed"/>
    </studentAnswer>
    <studentAnswer id="MX.11e.467.1" answerText="Put the solution in an evaporation plate and let it dissolve." accuracy="partially_correct_incomplete">
      <facetEntailment facetID="MX_11e_f1" label="Inferred"/>
      <facetEntailment facetID="MX_11e_f2" label="Expressed"/>
      <facetEntailment facetID="MX_11e_f3" label="Unaddressed"/>
      <facetEntailment facetID="MX_11e_f4" label="Unaddressed"/>
      <facetEntailment facetID="MX_11e_f5" label="Diff-Arg"/>
      <facetEntailment facetID="MX_11e_f6" label="Unaddressed"/>
      <facetEntailment facetID="MX_11e_f7" label="Unaddressed"/>
      <facetEntailment facetID="MX_11e_f8" label="Unaddressed"/>
      <facetEntailment facetID="MX_11e_f9" label="Unaddressed"/>
    </studentAnswer>
    <studentAnswer id="MX.11e.468.1" answerText="You can get a coffee filter you pour it in the you wait for it to seep into the coffee filter." accuracy="irrelevant">
      <facetEntailment facetID="MX_11e_f1" label="Unaddressed"/>
      <facetEntailment facetID="MX_11e_f2" label="Unaddressed"/>
      <facetEntailment facetID="MX_11e_f3" label="Unaddressed"/>
      <facetEntailment facetID="MX_11e_f4" label="Unaddressed"/>
      <facetEntailment facetID="MX_11e_f5" label="Unaddressed"/>
      <facetEntailment facetID="MX_11e_f6" label="Unaddressed"/>
      <facetEntailment facetID="MX_11e_f7" label="Unaddressed"/>
      <facetEntailment facetID="MX_11e_f8" label="Unaddressed"/>
      <facetEntailment facetID="MX_11e_f9" label="Unaddressed"/>
    </studentAnswer>
    <studentAnswer id="MX.11e.471.1" answerText="Jim could use a coffee filter to separate the solid from the water. Now the water and the solid are separated." accuracy="irrelevant">
      <facetEntailment facetID="MX_11e_f1" label="Unaddressed"/>
      <facetEntailment facetID="MX_11e_f2" label="Unaddressed"/>
      <facetEntailment facetID="MX_11e_f3" label="Unaddressed"/>
      <facetEntailment facetID="MX_11e_f4" label="Unaddressed"/>
      <facetEntailment facetID="MX_11e_f5" label="Unaddressed"/>
      <facetEntailment facetID="MX_11e_f6" label="Unaddressed"/>
      <facetEntailment facetID="MX_11e_f7" label="Unaddressed"/>
      <facetEntailment facetID="MX_11e_f8" label="Unaddressed"/>
      <facetEntailment facetID="MX_11e_f9" label="Unaddressed"/>
    </studentAnswer>
    <studentAnswer id="MX.11e.491.1" answerText="Jim could evaporate the solution." accuracy="partially_correct_incomplete">
      <facetEntailment facetID="MX_11e_f1" label="Unaddressed"/>
      <facetEntailment facetID="MX_11e_f2" label="Unaddressed"/>
      <facetEntailment facetID="MX_11e_f3" label="Expressed"/>
      <facetEntailment facetID="MX_11e_f4" label="Expressed"/>
      <facetEntailment facetID="MX_11e_f5" label="Expressed"/>
      <facetEntailment facetID="MX_11e_f6" label="Unaddressed"/>
      <facetEntailment facetID="MX_11e_f7" label="Unaddressed"/>
      <facetEntailment facetID="MX_11e_f8" label="Unaddressed"/>
      <facetEntailment facetID="MX_11e_f9" label="Inferred"/>
    </studentAnswer>
    <studentAnswer id="MX.11e.496.1" answerText="He could filter out the dissolved with a dry filter. And the water will be in its own cup." accuracy="contradictory">
      <facetEntailment facetID="MX_11e_f1" label="Unaddressed"/>
      <facetEntailment facetID="MX_11e_f2" label="Unaddressed"/>
      <facetEntailment facetID="MX_11e_f3" label="Contra-Infr"/>
      <facetEntailment facetID="MX_11e_f4" label="Contra-Infr"/>
      <facetEntailment facetID="MX_11e_f5" label="Contra-Infr"/>
      <facetEntailment facetID="MX_11e_f6" label="Unaddressed"/>
      <facetEntailment facetID="MX_11e_f7" label="Unaddressed"/>
      <facetEntailment facetID="MX_11e_f8" label="Unaddressed"/>
      <facetEntailment facetID="MX_11e_f9" label="Unaddressed"/>
    </studentAnswer>
    <studentAnswer id="MX.11e.497.1" answerText="He could filter out the solid. Or evaporate the water." accuracy="partially_correct_incomplete">
      <facetEntailment facetID="MX_11e_f1" label="Unaddressed"/>
      <facetEntailment facetID="MX_11e_f2" label="Unaddressed"/>
      <facetEntailment facetID="MX_11e_f3" label="Expressed"/>
      <facetEntailment facetID="MX_11e_f4" label="Expressed"/>
      <facetEntailment facetID="MX_11e_f5" label="Expressed"/>
      <facetEntailment facetID="MX_11e_f6" label="Unaddressed"/>
      <facetEntailment facetID="MX_11e_f7" label="Unaddressed"/>
      <facetEntailment facetID="MX_11e_f8" label="Unaddressed"/>
      <facetEntailment facetID="MX_11e_f9" label="Inferred"/>
    </studentAnswer>
    <studentAnswer id="MX.11e.502.1" answerText="Evaporate the solute. The water dissolves and the solute will turn into crystals." accuracy="contradictory">
      <facetEntailment facetID="MX_11e_f1" label="Unaddressed"/>
      <facetEntailment facetID="MX_11e_f2" label="Unaddressed"/>
      <facetEntailment facetID="MX_11e_f3" label="Self-Contra"/>
      <facetEntailment facetID="MX_11e_f4" label="Inferred"/>
      <facetEntailment facetID="MX_11e_f5" label="Diff-Arg"/>
      <facetEntailment facetID="MX_11e_f6" label="Inferred"/>
      <facetEntailment facetID="MX_11e_f7" label="Inferred"/>
      <facetEntailment facetID="MX_11e_f8" label="Expressed"/>
      <facetEntailment facetID="MX_11e_f9" label="Inferred"/>
    </studentAnswer>
    <studentAnswer id="MX.11e.527.1" answerText="You could let the water evaporate and there will probably be something left over in the dish or cup." accuracy="partially_correct_incomplete">
      <facetEntailment facetID="MX_11e_f1" label="Unaddressed"/>
      <facetEntailment facetID="MX_11e_f2" label="Unaddressed"/>
      <facetEntailment facetID="MX_11e_f3" label="Expressed"/>
      <facetEntailment facetID="MX_11e_f4" label="Expressed"/>
      <facetEntailment facetID="MX_11e_f5" label="Expressed"/>
      <facetEntailment facetID="MX_11e_f6" label="Expressed"/>
      <facetEntailment facetID="MX_11e_f7" label="Expressed"/>
      <facetEntailment facetID="MX_11e_f8" label="Inferred"/>
      <facetEntailment facetID="MX_11e_f9" label="Inferred"/>
    </studentAnswer>
    <studentAnswer id="MX.11e.541.1" answerText="He can use a filter." accuracy="irrelevant">
      <facetEntailment facetID="MX_11e_f1" label="Unaddressed"/>
      <facetEntailment facetID="MX_11e_f2" label="Unaddressed"/>
      <facetEntailment facetID="MX_11e_f3" label="Unaddressed"/>
      <facetEntailment facetID="MX_11e_f4" label="Unaddressed"/>
      <facetEntailment facetID="MX_11e_f5" label="Unaddressed"/>
      <facetEntailment facetID="MX_11e_f6" label="Unaddressed"/>
      <facetEntailment facetID="MX_11e_f7" label="Unaddressed"/>
      <facetEntailment facetID="MX_11e_f8" label="Unaddressed"/>
      <facetEntailment facetID="MX_11e_f9" label="Unaddressed"/>
    </studentAnswer>
    <studentAnswer id="MX.11e.564.1" answerText="He could take a filter, 2 cups, and put one under the filter paper and pour it through. So the solid would end up in the filter and the water in the cup." accuracy="contradictory">
      <facetEntailment facetID="MX_11e_f1" label="Unaddressed"/>
      <facetEntailment facetID="MX_11e_f2" label="Unaddressed"/>
      <facetEntailment facetID="MX_11e_f3" label="Inferred"/>
      <facetEntailment facetID="MX_11e_f4" label="Diff-Arg"/>
      <facetEntailment facetID="MX_11e_f5" label="Contra-Infr"/>
      <facetEntailment facetID="MX_11e_f6" label="Expressed"/>
      <facetEntailment facetID="MX_11e_f7" label="Diff-Arg"/>
      <facetEntailment facetID="MX_11e_f8" label="Unaddressed"/>
      <facetEntailment facetID="MX_11e_f9" label="Diff-Arg"/>
    </studentAnswer>
    <studentAnswer id="MX.11e.566.1" answerText="Jim could put the solution in an evaporation dish and the solid will be the crystals and the water will evaporate." accuracy="correct">
      <facetEntailment facetID="MX_11e_f1" label="Inferred"/>
      <facetEntailment facetID="MX_11e_f2" label="Expressed"/>
      <facetEntailment facetID="MX_11e_f3" label="Expressed"/>
      <facetEntailment facetID="MX_11e_f4" label="Expressed"/>
      <facetEntailment facetID="MX_11e_f5" label="Expressed"/>
      <facetEntailment facetID="MX_11e_f6" label="Expressed"/>
      <facetEntailment facetID="MX_11e_f7" label="Inferred"/>
      <facetEntailment facetID="MX_11e_f8" label="Expressed"/>
      <facetEntailment facetID="MX_11e_f9" label="Expressed"/>
    </studentAnswer>
    <studentAnswer id="MX.11e.574.1" answerText="First he could take a wet filter paper, put a clear cup with nothing in it underneath it, then pour the solution through the filter paper." accuracy="irrelevant">
      <facetEntailment facetID="MX_11e_f1" label="Unaddressed"/>
      <facetEntailment facetID="MX_11e_f2" label="Unaddressed"/>
      <facetEntailment facetID="MX_11e_f3" label="Unaddressed"/>
      <facetEntailment facetID="MX_11e_f4" label="Unaddressed"/>
      <facetEntailment facetID="MX_11e_f5" label="Unaddressed"/>
      <facetEntailment facetID="MX_11e_f6" label="Unaddressed"/>
      <facetEntailment facetID="MX_11e_f7" label="Unaddressed"/>
      <facetEntailment facetID="MX_11e_f8" label="Unaddressed"/>
      <facetEntailment facetID="MX_11e_f9" label="Unaddressed"/>
    </studentAnswer>
    <studentAnswer id="MX.11e.592.1" answerText="Jim could pour the water onto a plate and have the water evaporate and the solid will crystallize." accuracy="correct">
      <facetEntailment facetID="MX_11e_f1" label="Inferred"/>
      <facetEntailment facetID="MX_11e_f2" label="Inferred"/>
      <facetEntailment facetID="MX_11e_f3" label="Expressed"/>
      <facetEntailment facetID="MX_11e_f4" label="Expressed"/>
      <facetEntailment facetID="MX_11e_f5" label="Expressed"/>
      <facetEntailment facetID="MX_11e_f6" label="Expressed"/>
      <facetEntailment facetID="MX_11e_f7" label="Inferred"/>
      <facetEntailment facetID="MX_11e_f8" label="Expressed"/>
      <facetEntailment facetID="MX_11e_f9" label="Expressed"/>
    </studentAnswer>
    <studentAnswer id="MX.11e.605.1" answerText="You could not do it." accuracy="irrelevant">
      <facetEntailment facetID="MX_11e_f1" label="Unaddressed"/>
      <facetEntailment facetID="MX_11e_f2" label="Unaddressed"/>
      <facetEntailment facetID="MX_11e_f3" label="Unaddressed"/>
      <facetEntailment facetID="MX_11e_f4" label="Unaddressed"/>
      <facetEntailment facetID="MX_11e_f5" label="Unaddressed"/>
      <facetEntailment facetID="MX_11e_f6" label="Unaddressed"/>
      <facetEntailment facetID="MX_11e_f7" label="Unaddressed"/>
      <facetEntailment facetID="MX_11e_f8" label="Unaddressed"/>
      <facetEntailment facetID="MX_11e_f9" label="Unaddressed"/>
    </studentAnswer>
    <studentAnswer id="MX.11e.635.1" answerText="Use a filter to separate the. The solid will stay in filter and water will just go through." accuracy="contradictory">
      <facetEntailment facetID="MX_11e_f1" label="Unaddressed"/>
      <facetEntailment facetID="MX_11e_f2" label="Unaddressed"/>
      <facetEntailment facetID="MX_11e_f3" label="Expressed"/>
      <facetEntailment facetID="MX_11e_f4" label="Diff-Arg"/>
      <facetEntailment facetID="MX_11e_f5" label="Contra-Infr"/>
      <facetEntailment facetID="MX_11e_f6" label="Expressed"/>
      <facetEntailment facetID="MX_11e_f7" label="Diff-Arg"/>
      <facetEntailment facetID="MX_11e_f8" label="Unaddressed"/>
      <facetEntailment facetID="MX_11e_f9" label="Diff-Arg"/>
    </studentAnswer>
    <studentAnswer id="MX.11e.638.1" answerText="1. Take a paper filter. 2. Get the filter wet. 3. Pour the mixture in. 4. Let the filter dry. 5. The mixture is separated." accuracy="irrelevant">
      <facetEntailment facetID="MX_11e_f1" label="Diff-Arg"/>
      <facetEntailment facetID="MX_11e_f2" label="Unaddressed"/>
      <facetEntailment facetID="MX_11e_f3" label="Unaddressed"/>
      <facetEntailment facetID="MX_11e_f4" label="Unaddressed"/>
      <facetEntailment facetID="MX_11e_f5" label="Unaddressed"/>
      <facetEntailment facetID="MX_11e_f6" label="Unaddressed"/>
      <facetEntailment facetID="MX_11e_f7" label="Unaddressed"/>
      <facetEntailment facetID="MX_11e_f8" label="Unaddressed"/>
      <facetEntailment facetID="MX_11e_f9" label="Unaddressed"/>
    </studentAnswer>
    <studentAnswer id="MX.11e.640.1" answerText="He could put it through a filter and then he would be able to see the crystals." accuracy="irrelevant">
      <facetEntailment facetID="MX_11e_f1" label="Unaddressed"/>
      <facetEntailment facetID="MX_11e_f2" label="Unaddressed"/>
      <facetEntailment facetID="MX_11e_f3" label="Unaddressed"/>
      <facetEntailment facetID="MX_11e_f4" label="Unaddressed"/>
      <facetEntailment facetID="MX_11e_f5" label="Unaddressed"/>
      <facetEntailment facetID="MX_11e_f6" label="Unaddressed"/>
      <facetEntailment facetID="MX_11e_f7" label="Unaddressed"/>
      <facetEntailment facetID="MX_11e_f8" label="Unaddressed"/>
      <facetEntailment facetID="MX_11e_f9" label="Unaddressed"/>
    </studentAnswer>
  </studentAnswers>
</question>
