<?xml version="1.0"?>
<question id="PS_51a" module="PS">
  <questionText>Katie got a guitar for her birthday. She experimented with the strings and found she could change their sounds. One way Katie could change the sound of a string was to tighten it. Describe how the sound was different when the string was tightened.</questionText>
  <referenceAnswers>
    <referenceAnswer id="PS_51a-a1" text="When the string was tighter, the pitch was higher.">
      <tokens>
        <token id="PS_51a_ra1">When</token>
        <token id="PS_51a_ra2">the</token>
        <token id="PS_51a_ra3">string</token>
        <token id="PS_51a_ra4">was</token>
        <token id="PS_51a_ra5">tighter</token>
        <token id="PS_51a_ra6">,</token>
        <token id="PS_51a_ra7">the</token>
        <token id="PS_51a_ra8">pitch</token>
        <token id="PS_51a_ra9">was</token>
        <token id="PS_51a_ra10">higher</token>
        <token id="PS_51a_ra11">.</token>
      </tokens>
      <facets>
        <facet id="PS_51a_f1" govNum="PS_51a_ra3" modNum="PS_51a_ra5" reltn="Be" govText="string" isAssumed="true" modText="tighter"/>
        <facet id="PS_51a_f2" govNum="PS_51a_ra8" modNum="PS_51a_ra10" reltn="Be" govText="pitch" modText="higher"/>
        <facet id="PS_51a_f3" govNum="PS_51a_ra9" modNum="PS_51a_ra4" reltn="Cause_when" childProp1Facet1="PS_51a_f2" govText="was" isAssumed="true" modText="was" childProp2Facet1="PS_51a_f1"/>
      </facets>
    </referenceAnswer>
  </referenceAnswers>
  <studentAnswers>
    <studentAnswer id="PS.51a.101.1" answerText="If you get it right it will not have much Frequency." accuracy="irrelevant">
      <facetEntailment facetID="PS_51a_f1" label="Assumed"/>
      <facetEntailment facetID="PS_51a_f2" label="Unaddressed"/>
      <facetEntailment facetID="PS_51a_f3" label="Assumed"/>
    </studentAnswer>
    <studentAnswer id="PS.51a.107.1" answerText="If the strings were tightened it would make a high sound." accuracy="correct">
      <facetEntailment facetID="PS_51a_f1" label="Expressed"/>
      <facetEntailment facetID="PS_51a_f2" label="Expressed"/>
      <facetEntailment facetID="PS_51a_f3" label="Expressed"/>
    </studentAnswer>
    <studentAnswer id="PS.51a.118.1" answerText="It was soft then it got louder." accuracy="irrelevant">
      <facetEntailment facetID="PS_51a_f1" label="Assumed"/>
      <facetEntailment facetID="PS_51a_f2" label="Unaddressed"/>
      <facetEntailment facetID="PS_51a_f3" label="Assumed"/>
    </studentAnswer>
    <studentAnswer id="PS.51a.141.1" answerText="Because there is more tension so the vibrations go faster." accuracy="correct">
      <facetEntailment facetID="PS_51a_f1" label="Expressed"/>
      <facetEntailment facetID="PS_51a_f2" label="Inferred"/>
      <facetEntailment facetID="PS_51a_f3" label="Expressed"/>
    </studentAnswer>
    <studentAnswer id="PS.51a.152.1" answerText="It goes higher." accuracy="correct">
      <facetEntailment facetID="PS_51a_f1" label="Assumed"/>
      <facetEntailment facetID="PS_51a_f2" label="Expressed"/>
      <facetEntailment facetID="PS_51a_f3" label="Assumed"/>
    </studentAnswer>
    <studentAnswer id="PS.51a.157.1" answerText="The string is lower when you tightened it." accuracy="contradictory">
      <facetEntailment facetID="PS_51a_f1" label="Expressed"/>
      <facetEntailment facetID="PS_51a_f2" label="Contra-Infr"/>
      <facetEntailment facetID="PS_51a_f3" label="Expressed"/>
    </studentAnswer>
    <studentAnswer id="PS.51a.171.1" answerText="It was a high pitch when she hit the string when it was not holding down the string it was a lower sound." accuracy="correct">
      <facetEntailment facetID="PS_51a_f1" label="Assumed"/>
      <facetEntailment facetID="PS_51a_f2" label="Expressed"/>
      <facetEntailment facetID="PS_51a_f3" label="Assumed"/>
    </studentAnswer>
    <studentAnswer id="PS.51a.175.1" answerText="It was louder Because she made more tension." accuracy="irrelevant">
      <facetEntailment facetID="PS_51a_f1" label="Expressed"/>
      <facetEntailment facetID="PS_51a_f2" label="Unaddressed"/>
      <facetEntailment facetID="PS_51a_f3" label="Diff-Arg"/>
    </studentAnswer>
    <studentAnswer id="PS.51a.183.1" answerText="The string had a higher pitch." accuracy="correct">
      <facetEntailment facetID="PS_51a_f1" label="Assumed"/>
      <facetEntailment facetID="PS_51a_f2" label="Expressed"/>
      <facetEntailment facetID="PS_51a_f3" label="Assumed"/>
    </studentAnswer>
    <studentAnswer id="PS.51a.189.1" answerText="It would make a High sound." accuracy="correct">
      <facetEntailment facetID="PS_51a_f1" label="Assumed"/>
      <facetEntailment facetID="PS_51a_f2" label="Expressed"/>
      <facetEntailment facetID="PS_51a_f3" label="Assumed"/>
    </studentAnswer>
    <studentAnswer id="PS.51a.193.1" answerText="It was higher." accuracy="correct">
      <facetEntailment facetID="PS_51a_f1" label="Assumed"/>
      <facetEntailment facetID="PS_51a_f2" label="Expressed"/>
      <facetEntailment facetID="PS_51a_f3" label="Assumed"/>
    </studentAnswer>
    <studentAnswer id="PS.51a.212.1" answerText="It would either make the pitch higher or lower." accuracy="contradictory">
      <facetEntailment facetID="PS_51a_f1" label="Assumed"/>
      <facetEntailment facetID="PS_51a_f2" label="Self-Contra"/>
      <facetEntailment facetID="PS_51a_f3" label="Assumed"/>
    </studentAnswer>
    <studentAnswer id="PS.51a.221.1" answerText="The pitch higher so it was more of a ding than a bring." accuracy="correct">
      <facetEntailment facetID="PS_51a_f1" label="Assumed"/>
      <facetEntailment facetID="PS_51a_f2" label="Expressed"/>
      <facetEntailment facetID="PS_51a_f3" label="Assumed"/>
    </studentAnswer>
    <studentAnswer id="PS.51a.225.1" answerText="Lower because if you pull on the string it is lower." accuracy="contradictory">
      <facetEntailment facetID="PS_51a_f1" label="Expressed"/>
      <facetEntailment facetID="PS_51a_f2" label="Contra-Expr"/>
      <facetEntailment facetID="PS_51a_f3" label="Expressed"/>
    </studentAnswer>
    <studentAnswer id="PS.51a.230.1" answerText="When you tighten it it makes a higher pitched." accuracy="correct">
      <facetEntailment facetID="PS_51a_f1" label="Expressed"/>
      <facetEntailment facetID="PS_51a_f2" label="Expressed"/>
      <facetEntailment facetID="PS_51a_f3" label="Expressed"/>
    </studentAnswer>
    <studentAnswer id="PS.51a.244.1" answerText="Well when it is tightened you can not pull it that far so it makes a different sound." accuracy="irrelevant">
      <facetEntailment facetID="PS_51a_f1" label="Expressed"/>
      <facetEntailment facetID="PS_51a_f2" label="Unaddressed"/>
      <facetEntailment facetID="PS_51a_f3" label="Assumed"/>
    </studentAnswer>
    <studentAnswer id="PS.51a.263.1" answerText="It is lower pitch when it is tighten so if it is looser then it is high pitch." accuracy="contradictory">
      <facetEntailment facetID="PS_51a_f1" label="Expressed"/>
      <facetEntailment facetID="PS_51a_f2" label="Contra-Expr"/>
      <facetEntailment facetID="PS_51a_f3" label="Expressed"/>
    </studentAnswer>
    <studentAnswer id="PS.51a.313.1" answerText="It got high pitch and lower volume." accuracy="correct">
      <facetEntailment facetID="PS_51a_f1" label="Assumed"/>
      <facetEntailment facetID="PS_51a_f2" label="Expressed"/>
      <facetEntailment facetID="PS_51a_f3" label="Assumed"/>
    </studentAnswer>
    <studentAnswer id="PS.51a.316.1" answerText="When you tighten it up it would sound different." accuracy="irrelevant">
      <facetEntailment facetID="PS_51a_f1" label="Expressed"/>
      <facetEntailment facetID="PS_51a_f2" label="Diff-Arg"/>
      <facetEntailment facetID="PS_51a_f3" label="Expressed"/>
    </studentAnswer>
    <studentAnswer id="PS.51a.320.1" answerText="The string was tighter." accuracy="irrelevant">
      <facetEntailment facetID="PS_51a_f1" label="Expressed"/>
      <facetEntailment facetID="PS_51a_f2" label="Unaddressed"/>
      <facetEntailment facetID="PS_51a_f3" label="Assumed"/>
    </studentAnswer>
    <studentAnswer id="PS.51a.331.1" answerText="I know that it is a low pitch." accuracy="contradictory">
      <facetEntailment facetID="PS_51a_f1" label="Assumed"/>
      <facetEntailment facetID="PS_51a_f2" label="Contra-Expr"/>
      <facetEntailment facetID="PS_51a_f3" label="Assumed"/>
    </studentAnswer>
    <studentAnswer id="PS.51a.334.1" answerText="It would be a low pitch." accuracy="contradictory">
      <facetEntailment facetID="PS_51a_f1" label="Assumed"/>
      <facetEntailment facetID="PS_51a_f2" label="Contra-Expr"/>
      <facetEntailment facetID="PS_51a_f3" label="Assumed"/>
    </studentAnswer>
    <studentAnswer id="PS.51a.384.1" answerText="It will be louder." accuracy="irrelevant">
      <facetEntailment facetID="PS_51a_f1" label="Assumed"/>
      <facetEntailment facetID="PS_51a_f2" label="Diff-Arg"/>
      <facetEntailment facetID="PS_51a_f3" label="Assumed"/>
    </studentAnswer>
    <studentAnswer id="PS.51a.400.1" answerText="The string makes a low pitch." accuracy="contradictory">
      <facetEntailment facetID="PS_51a_f1" label="Assumed"/>
      <facetEntailment facetID="PS_51a_f2" label="Contra-Expr"/>
      <facetEntailment facetID="PS_51a_f3" label="Assumed"/>
    </studentAnswer>
    <studentAnswer id="PS.51a.454.1" answerText="When the string is tightened the string comes more out of the guitar part so the string in the guitar part is smaller so the pitch it higher." accuracy="correct">
      <facetEntailment facetID="PS_51a_f1" label="Expressed"/>
      <facetEntailment facetID="PS_51a_f2" label="Expressed"/>
      <facetEntailment facetID="PS_51a_f3" label="Diff-Arg"/>
    </studentAnswer>
    <studentAnswer id="PS.51a.461.1" answerText="When she tightened the string there was a higher pitch." accuracy="correct">
      <facetEntailment facetID="PS_51a_f1" label="Expressed"/>
      <facetEntailment facetID="PS_51a_f2" label="Expressed"/>
      <facetEntailment facetID="PS_51a_f3" label="Expressed"/>
    </studentAnswer>
    <studentAnswer id="PS.51a.466.1" answerText="When the string is tightened, the pitch is higher not lower." accuracy="correct">
      <facetEntailment facetID="PS_51a_f1" label="Expressed"/>
      <facetEntailment facetID="PS_51a_f2" label="Expressed"/>
      <facetEntailment facetID="PS_51a_f3" label="Expressed"/>
    </studentAnswer>
    <studentAnswer id="PS.51a.475.1" answerText="The string made a higher pitch because it made it stop earlier which makes a higher pitch." accuracy="correct">
      <facetEntailment facetID="PS_51a_f1" label="Assumed"/>
      <facetEntailment facetID="PS_51a_f2" label="Expressed"/>
      <facetEntailment facetID="PS_51a_f3" label="Diff-Arg"/>
    </studentAnswer>
    <studentAnswer id="PS.51a.497.1" answerText="When you make it long it make it low sound when you make it short it a height sound." accuracy="correct">
      <facetEntailment facetID="PS_51a_f1" label="Diff-Arg"/>
      <facetEntailment facetID="PS_51a_f2" label="Expressed"/>
      <facetEntailment facetID="PS_51a_f3" label="Expressed"/>
    </studentAnswer>
    <studentAnswer id="PS.51a.508.1" answerText="When it was loose the sound was soft but when it was tighten it is low." accuracy="contradictory">
      <facetEntailment facetID="PS_51a_f1" label="Expressed"/>
      <facetEntailment facetID="PS_51a_f2" label="Contra-Expr"/>
      <facetEntailment facetID="PS_51a_f3" label="Expressed"/>
    </studentAnswer>
    <studentAnswer id="PS.51a.524.1" answerText="The string was higher pitch because it had more tension." accuracy="correct">
      <facetEntailment facetID="PS_51a_f1" label="Expressed"/>
      <facetEntailment facetID="PS_51a_f2" label="Expressed"/>
      <facetEntailment facetID="PS_51a_f3" label="Expressed"/>
    </studentAnswer>
    <studentAnswer id="PS.51a.539.1" answerText="The tighter the string the higher it gets." accuracy="correct">
      <facetEntailment facetID="PS_51a_f1" label="Expressed"/>
      <facetEntailment facetID="PS_51a_f2" label="Expressed"/>
      <facetEntailment facetID="PS_51a_f3" label="Expressed"/>
    </studentAnswer>
    <studentAnswer id="PS.51a.600.1" answerText="When she make the the loose it get the sound lower." accuracy="correct">
      <facetEntailment facetID="PS_51a_f1" label="Assumed"/>
      <facetEntailment facetID="PS_51a_f2" label="Inferred"/>
      <facetEntailment facetID="PS_51a_f3" label="Expressed"/>
    </studentAnswer>
    <studentAnswer id="PS.51a.607.1" answerText="The pitch is higher." accuracy="correct">
      <facetEntailment facetID="PS_51a_f1" label="Assumed"/>
      <facetEntailment facetID="PS_51a_f2" label="Expressed"/>
      <facetEntailment facetID="PS_51a_f3" label="Assumed"/>
    </studentAnswer>
    <studentAnswer id="PS.51a.629.1" answerText="It was louder because the string was tighter." accuracy="irrelevant">
      <facetEntailment facetID="PS_51a_f1" label="Expressed"/>
      <facetEntailment facetID="PS_51a_f2" label="Diff-Arg"/>
      <facetEntailment facetID="PS_51a_f3" label="Expressed"/>
    </studentAnswer>
    <studentAnswer id="PS.51a.643.1" answerText="By moving her finger." accuracy="irrelevant">
      <facetEntailment facetID="PS_51a_f1" label="Assumed"/>
      <facetEntailment facetID="PS_51a_f2" label="Unaddressed"/>
      <facetEntailment facetID="PS_51a_f3" label="Assumed"/>
    </studentAnswer>
  </studentAnswers>
</question>
