<?xml version="1.0"?>
<question id="PS_2a" module="PS">
  <questionText>Why does a rubber band make a sound when you pluck it (pull and let go quickly)?</questionText>
  <referenceAnswers>
    <referenceAnswer id="PS_2a-a1" text="The rubber band vibrates.">
      <tokens>
        <token id="PS_2a_ra1">The</token>
        <token id="PS_2a_ra2">rubber</token>
        <token id="PS_2a_ra3">band</token>
        <token id="PS_2a_ra4">vibrates</token>
        <token id="PS_2a_ra5">.</token>
      </tokens>
      <facets>
        <facet id="PS_2a_f1" govNum="PS_2a_ra3" modNum="PS_2a_ra2" reltn="NMod" govText="band" isAssumed="true" modText="rubber"/>
        <facet id="PS_2a_f2" govNum="PS_2a_ra4" modNum="PS_2a_ra3" reltn="Theme" govText="vibrates" modText="band"/>
      </facets>
    </referenceAnswer>
  </referenceAnswers>
  <studentAnswers>
    <studentAnswer id="PS.2a.104.1" answerText="Because it is sticky!" accuracy="irrelevant">
      <facetEntailment facetID="PS_2a_f1" label="Assumed"/>
      <facetEntailment facetID="PS_2a_f2" label="Unaddressed"/>
    </studentAnswer>
    <studentAnswer id="PS.2a.107.1" answerText="Because it hits the other side." accuracy="contradictory">
      <facetEntailment facetID="PS_2a_f1" label="Assumed"/>
      <facetEntailment facetID="PS_2a_f2" label="Contra-Expr"/>
    </studentAnswer>
    <studentAnswer id="PS.2a.110.1" answerText="Because vibration." accuracy="correct">
      <facetEntailment facetID="PS_2a_f1" label="Assumed"/>
      <facetEntailment facetID="PS_2a_f2" label="Expressed"/>
    </studentAnswer>
    <studentAnswer id="PS.2a.111.1" answerText="It makes the plucking sound from stretching and then it vibrates and make sound." accuracy="correct">
      <facetEntailment facetID="PS_2a_f1" label="Assumed"/>
      <facetEntailment facetID="PS_2a_f2" label="Expressed"/>
    </studentAnswer>
    <studentAnswer id="PS.2a.114.1" answerText="Because if you stretch it and let it go it makes a volume." accuracy="irrelevant">
      <facetEntailment facetID="PS_2a_f1" label="Assumed"/>
      <facetEntailment facetID="PS_2a_f2" label="Diff-Arg"/>
    </studentAnswer>
    <studentAnswer id="PS.2a.116.1" answerText="Plucking is pull." accuracy="irrelevant">
      <facetEntailment facetID="PS_2a_f1" label="Assumed"/>
      <facetEntailment facetID="PS_2a_f2" label="Unaddressed"/>
    </studentAnswer>
    <studentAnswer id="PS.2a.118.1" answerText="Because it hits the other part of the rubber band." accuracy="contradictory">
      <facetEntailment facetID="PS_2a_f1" label="Assumed"/>
      <facetEntailment facetID="PS_2a_f2" label="Contra-Expr"/>
    </studentAnswer>
    <studentAnswer id="PS.2a.138.1" answerText="Because it vibrates." accuracy="correct">
      <facetEntailment facetID="PS_2a_f1" label="Assumed"/>
      <facetEntailment facetID="PS_2a_f2" label="Expressed"/>
    </studentAnswer>
    <studentAnswer id="PS.2a.141.1" answerText="Because your making vibrations." accuracy="correct">
      <facetEntailment facetID="PS_2a_f1" label="Assumed"/>
      <facetEntailment facetID="PS_2a_f2" label="Inferred"/>
    </studentAnswer>
    <studentAnswer id="PS.2a.142.1" answerText="Because it vibrates." accuracy="correct">
      <facetEntailment facetID="PS_2a_f1" label="Assumed"/>
      <facetEntailment facetID="PS_2a_f2" label="Expressed"/>
    </studentAnswer>
    <studentAnswer id="PS.2a.145.1" answerText="Because the vibrations." accuracy="correct">
      <facetEntailment facetID="PS_2a_f1" label="Assumed"/>
      <facetEntailment facetID="PS_2a_f2" label="Expressed"/>
    </studentAnswer>
    <studentAnswer id="PS.2a.152.1" answerText="Because it is tight." accuracy="irrelevant">
      <facetEntailment facetID="PS_2a_f1" label="Assumed"/>
      <facetEntailment facetID="PS_2a_f2" label="Unaddressed"/>
    </studentAnswer>
    <studentAnswer id="PS.2a.154.1" answerText="Because it is vibrating." accuracy="correct">
      <facetEntailment facetID="PS_2a_f1" label="Assumed"/>
      <facetEntailment facetID="PS_2a_f2" label="Expressed"/>
    </studentAnswer>
    <studentAnswer id="PS.2a.157.1" answerText="Vibrations." accuracy="correct">
      <facetEntailment facetID="PS_2a_f1" label="Assumed"/>
      <facetEntailment facetID="PS_2a_f2" label="Expressed"/>
    </studentAnswer>
    <studentAnswer id="PS.2a.158.1" answerText="The rubber band makes a sound because it is on the doorknob." accuracy="irrelevant">
      <facetEntailment facetID="PS_2a_f1" label="Expressed"/>
      <facetEntailment facetID="PS_2a_f2" label="Unaddressed"/>
    </studentAnswer>
    <studentAnswer id="PS.2a.160.1" answerText="Because it is like a string." accuracy="irrelevant">
      <facetEntailment facetID="PS_2a_f1" label="Assumed"/>
      <facetEntailment facetID="PS_2a_f2" label="Unaddressed"/>
    </studentAnswer>
    <studentAnswer id="PS.2a.175.1" answerText="It vibration." accuracy="correct">
      <facetEntailment facetID="PS_2a_f1" label="Assumed"/>
      <facetEntailment facetID="PS_2a_f2" label="Expressed"/>
    </studentAnswer>
    <studentAnswer id="PS.2a.176.1" answerText="Because it goes up." accuracy="contradictory">
      <facetEntailment facetID="PS_2a_f1" label="Assumed"/>
      <facetEntailment facetID="PS_2a_f2" label="Contra-Infr"/>
    </studentAnswer>
    <studentAnswer id="PS.2a.179.1" answerText="It makes a sound." accuracy="irrelevant">
      <facetEntailment facetID="PS_2a_f1" label="Assumed"/>
      <facetEntailment facetID="PS_2a_f2" label="Diff-Arg"/>
    </studentAnswer>
    <studentAnswer id="PS.2a.181.1" answerText="Because it is vibrating." accuracy="correct">
      <facetEntailment facetID="PS_2a_f1" label="Assumed"/>
      <facetEntailment facetID="PS_2a_f2" label="Expressed"/>
    </studentAnswer>
    <studentAnswer id="PS.2a.183.1" answerText="Guitars have wires that makes sound Just like a rubber band." accuracy="irrelevant">
      <facetEntailment facetID="PS_2a_f1" label="Assumed"/>
      <facetEntailment facetID="PS_2a_f2" label="Unaddressed"/>
    </studentAnswer>
    <studentAnswer id="PS.2a.185.1" answerText="Because it hits something." accuracy="contradictory">
      <facetEntailment facetID="PS_2a_f1" label="Assumed"/>
      <facetEntailment facetID="PS_2a_f2" label="Contra-Infr"/>
    </studentAnswer>
    <studentAnswer id="PS.2a.189.1" answerText="Because your finger smacks on it." accuracy="contradictory">
      <facetEntailment facetID="PS_2a_f1" label="Assumed"/>
      <facetEntailment facetID="PS_2a_f2" label="Contra-Infr"/>
    </studentAnswer>
    <studentAnswer id="PS.2a.192.1" answerText="It will make a soft sound." accuracy="irrelevant">
      <facetEntailment facetID="PS_2a_f1" label="Assumed"/>
      <facetEntailment facetID="PS_2a_f2" label="Unaddressed"/>
    </studentAnswer>
    <studentAnswer id="PS.2a.193.1" answerText="It vibrates." accuracy="correct">
      <facetEntailment facetID="PS_2a_f1" label="Assumed"/>
      <facetEntailment facetID="PS_2a_f2" label="Expressed"/>
    </studentAnswer>
    <studentAnswer id="PS.2a.194.1" answerText="It makes noise." accuracy="irrelevant">
      <facetEntailment facetID="PS_2a_f1" label="Assumed"/>
      <facetEntailment facetID="PS_2a_f2" label="Unaddressed"/>
    </studentAnswer>
    <studentAnswer id="PS.2a.195.1" answerText="Because it is." accuracy="non_domain">
      <facetEntailment facetID="PS_2a_f1" label="Assumed"/>
      <facetEntailment facetID="PS_2a_f2" label="Unaddressed"/>
    </studentAnswer>
    <studentAnswer id="PS.2a.212.1" answerText="When you let go it vibrates." accuracy="correct">
      <facetEntailment facetID="PS_2a_f1" label="Assumed"/>
      <facetEntailment facetID="PS_2a_f2" label="Expressed"/>
    </studentAnswer>
    <studentAnswer id="PS.2a.217.1" answerText="Because it is vibrating." accuracy="correct">
      <facetEntailment facetID="PS_2a_f1" label="Assumed"/>
      <facetEntailment facetID="PS_2a_f2" label="Expressed"/>
    </studentAnswer>
    <studentAnswer id="PS.2a.221.1" answerText="Because it vibrates." accuracy="correct">
      <facetEntailment facetID="PS_2a_f1" label="Assumed"/>
      <facetEntailment facetID="PS_2a_f2" label="Expressed"/>
    </studentAnswer>
    <studentAnswer id="PS.2a.222.1" answerText="Because each side of the rubber band will snap together." accuracy="contradictory">
      <facetEntailment facetID="PS_2a_f1" label="Expressed"/>
      <facetEntailment facetID="PS_2a_f2" label="Contra-Expr"/>
    </studentAnswer>
    <studentAnswer id="PS.2a.223.1" answerText="Because it vibrates." accuracy="correct">
      <facetEntailment facetID="PS_2a_f1" label="Assumed"/>
      <facetEntailment facetID="PS_2a_f2" label="Expressed"/>
    </studentAnswer>
    <studentAnswer id="PS.2a.225.1" answerText="It makes it louder." accuracy="irrelevant">
      <facetEntailment facetID="PS_2a_f1" label="Assumed"/>
      <facetEntailment facetID="PS_2a_f2" label="Unaddressed"/>
    </studentAnswer>
    <studentAnswer id="PS.2a.230.1" answerText="It is vibrating." accuracy="correct">
      <facetEntailment facetID="PS_2a_f1" label="Assumed"/>
      <facetEntailment facetID="PS_2a_f2" label="Expressed"/>
    </studentAnswer>
    <studentAnswer id="PS.2a.255.1" answerText="If you have something close to the rubber band it would hit it and make noise." accuracy="contradictory">
      <facetEntailment facetID="PS_2a_f1" label="Expressed"/>
      <facetEntailment facetID="PS_2a_f2" label="Contra-Infr"/>
    </studentAnswer>
    <studentAnswer id="PS.2a.261.1" answerText="Because vibration runs through it." accuracy="correct">
      <facetEntailment facetID="PS_2a_f1" label="Assumed"/>
      <facetEntailment facetID="PS_2a_f2" label="Expressed"/>
    </studentAnswer>
    <studentAnswer id="PS.2a.263.1" answerText="Because you stretch it and then it is tight." accuracy="irrelevant">
      <facetEntailment facetID="PS_2a_f1" label="Assumed"/>
      <facetEntailment facetID="PS_2a_f2" label="Unaddressed"/>
    </studentAnswer>
    <studentAnswer id="PS.2a.313.1" answerText="Because each side hits each other and make noise." accuracy="contradictory">
      <facetEntailment facetID="PS_2a_f1" label="Assumed"/>
      <facetEntailment facetID="PS_2a_f2" label="Contra-Expr"/>
    </studentAnswer>
    <studentAnswer id="PS.2a.320.1" answerText="It vibrates off the other side." accuracy="contradictory">
      <facetEntailment facetID="PS_2a_f1" label="Assumed"/>
      <facetEntailment facetID="PS_2a_f2" label="Contra-Infr"/>
    </studentAnswer>
    <studentAnswer id="PS.2a.322.1" answerText="Low." accuracy="irrelevant">
      <facetEntailment facetID="PS_2a_f1" label="Assumed"/>
      <facetEntailment facetID="PS_2a_f2" label="Unaddressed"/>
    </studentAnswer>
    <studentAnswer id="PS.2a.323.1" answerText="Because of the vibration." accuracy="correct">
      <facetEntailment facetID="PS_2a_f1" label="Assumed"/>
      <facetEntailment facetID="PS_2a_f2" label="Expressed"/>
    </studentAnswer>
    <studentAnswer id="PS.2a.325.1" answerText="It cuts through." accuracy="irrelevant">
      <facetEntailment facetID="PS_2a_f1" label="Assumed"/>
      <facetEntailment facetID="PS_2a_f2" label="Unaddressed"/>
    </studentAnswer>
    <studentAnswer id="PS.2a.328.1" answerText="When you let it go you can see it make a vibration that makes the sound." accuracy="correct">
      <facetEntailment facetID="PS_2a_f1" label="Assumed"/>
      <facetEntailment facetID="PS_2a_f2" label="Expressed"/>
    </studentAnswer>
    <studentAnswer id="PS.2a.329.1" answerText="There is vibrations." accuracy="correct">
      <facetEntailment facetID="PS_2a_f1" label="Assumed"/>
      <facetEntailment facetID="PS_2a_f2" label="Expressed"/>
    </studentAnswer>
    <studentAnswer id="PS.2a.333.1" answerText="The rubber band is low." accuracy="irrelevant">
      <facetEntailment facetID="PS_2a_f1" label="Expressed"/>
      <facetEntailment facetID="PS_2a_f2" label="Unaddressed"/>
    </studentAnswer>
    <studentAnswer id="PS.2a.334.1" answerText="It is like a guitar string only rubber." accuracy="irrelevant">
      <facetEntailment facetID="PS_2a_f1" label="Assumed"/>
      <facetEntailment facetID="PS_2a_f2" label="Unaddressed"/>
    </studentAnswer>
    <studentAnswer id="PS.2a.384.1" answerText="By the vibrations." accuracy="correct">
      <facetEntailment facetID="PS_2a_f1" label="Assumed"/>
      <facetEntailment facetID="PS_2a_f2" label="Expressed"/>
    </studentAnswer>
    <studentAnswer id="PS.2a.391.1" answerText="The rubber band would make a high pitch." accuracy="irrelevant">
      <facetEntailment facetID="PS_2a_f1" label="Expressed"/>
      <facetEntailment facetID="PS_2a_f2" label="Diff-Arg"/>
    </studentAnswer>
    <studentAnswer id="PS.2a.400.1" answerText="Because the rubber band vibrates." accuracy="correct">
      <facetEntailment facetID="PS_2a_f1" label="Expressed"/>
      <facetEntailment facetID="PS_2a_f2" label="Expressed"/>
    </studentAnswer>
    <studentAnswer id="PS.2a.401.1" answerText="Because the rubber band is vibrating." accuracy="correct">
      <facetEntailment facetID="PS_2a_f1" label="Expressed"/>
      <facetEntailment facetID="PS_2a_f2" label="Expressed"/>
    </studentAnswer>
    <studentAnswer id="PS.2a.452.1" answerText="Because when you pluck it it makes the vibrations and vibrations make sound." accuracy="correct">
      <facetEntailment facetID="PS_2a_f1" label="Assumed"/>
      <facetEntailment facetID="PS_2a_f2" label="Expressed"/>
    </studentAnswer>
    <studentAnswer id="PS.2a.454.1" answerText="Because the 2 parts bump against each other." accuracy="contradictory">
      <facetEntailment facetID="PS_2a_f1" label="Assumed"/>
      <facetEntailment facetID="PS_2a_f2" label="Contra-Infr"/>
    </studentAnswer>
    <studentAnswer id="PS.2a.455.1" answerText="Because it is vibrating." accuracy="correct">
      <facetEntailment facetID="PS_2a_f1" label="Assumed"/>
      <facetEntailment facetID="PS_2a_f2" label="Expressed"/>
    </studentAnswer>
    <studentAnswer id="PS.2a.457.1" answerText="It moves fast enough to make a sound." accuracy="correct">
      <facetEntailment facetID="PS_2a_f1" label="Assumed"/>
      <facetEntailment facetID="PS_2a_f2" label="Inferred"/>
    </studentAnswer>
    <studentAnswer id="PS.2a.459.1" answerText="Because of the vibrations it makes." accuracy="correct">
      <facetEntailment facetID="PS_2a_f1" label="Assumed"/>
      <facetEntailment facetID="PS_2a_f2" label="Expressed"/>
    </studentAnswer>
    <studentAnswer id="PS.2a.461.1" answerText="Because there is a vibration on the rubber band." accuracy="correct">
      <facetEntailment facetID="PS_2a_f1" label="Expressed"/>
      <facetEntailment facetID="PS_2a_f2" label="Expressed"/>
    </studentAnswer>
    <studentAnswer id="PS.2a.464.1" answerText="Because all things make sound." accuracy="irrelevant">
      <facetEntailment facetID="PS_2a_f1" label="Assumed"/>
      <facetEntailment facetID="PS_2a_f2" label="Unaddressed"/>
    </studentAnswer>
    <studentAnswer id="PS.2a.466.1" answerText="A rhythm." accuracy="irrelevant">
      <facetEntailment facetID="PS_2a_f1" label="Assumed"/>
      <facetEntailment facetID="PS_2a_f2" label="Unaddressed"/>
    </studentAnswer>
    <studentAnswer id="PS.2a.468.1" answerText="It will make a soft sound." accuracy="irrelevant">
      <facetEntailment facetID="PS_2a_f1" label="Assumed"/>
      <facetEntailment facetID="PS_2a_f2" label="Unaddressed"/>
    </studentAnswer>
    <studentAnswer id="PS.2a.469.1" answerText="A rubber band makes a sound because vibration are made and sounds come from vibrations." accuracy="correct">
      <facetEntailment facetID="PS_2a_f1" label="Expressed"/>
      <facetEntailment facetID="PS_2a_f2" label="Expressed"/>
    </studentAnswer>
    <studentAnswer id="PS.2a.488.1" answerText="Because it hit the top and makes it vibrate." accuracy="correct">
      <facetEntailment facetID="PS_2a_f1" label="Assumed"/>
      <facetEntailment facetID="PS_2a_f2" label="Expressed"/>
    </studentAnswer>
    <studentAnswer id="PS.2a.490.1" answerText="Because you stretch it, then you pluck it." accuracy="irrelevant">
      <facetEntailment facetID="PS_2a_f1" label="Assumed"/>
      <facetEntailment facetID="PS_2a_f2" label="Unaddressed"/>
    </studentAnswer>
    <studentAnswer id="PS.2a.491.1" answerText="Because our hand is causing it to make a sound." accuracy="contradictory">
      <facetEntailment facetID="PS_2a_f1" label="Assumed"/>
      <facetEntailment facetID="PS_2a_f2" label="Contra-Infr"/>
    </studentAnswer>
    <studentAnswer id="PS.2a.494.1" answerText="Because when you pluck it the rudder band touches the top part." accuracy="contradictory">
      <facetEntailment facetID="PS_2a_f1" label="Assumed"/>
      <facetEntailment facetID="PS_2a_f2" label="Contra-Infr"/>
    </studentAnswer>
    <studentAnswer id="PS.2a.495.1" answerText="Because it rubber." accuracy="irrelevant">
      <facetEntailment facetID="PS_2a_f1" label="Expressed"/>
      <facetEntailment facetID="PS_2a_f2" label="Unaddressed"/>
    </studentAnswer>
    <studentAnswer id="PS.2a.497.1" answerText="It hit the first one." accuracy="contradictory">
      <facetEntailment facetID="PS_2a_f1" label="Assumed"/>
      <facetEntailment facetID="PS_2a_f2" label="Contra-Infr"/>
    </studentAnswer>
    <studentAnswer id="PS.2a.499.1" answerText="Because it vibrates." accuracy="correct">
      <facetEntailment facetID="PS_2a_f1" label="Assumed"/>
      <facetEntailment facetID="PS_2a_f2" label="Expressed"/>
    </studentAnswer>
    <studentAnswer id="PS.2a.501.1" answerText="Because it is vibrating." accuracy="correct">
      <facetEntailment facetID="PS_2a_f1" label="Assumed"/>
      <facetEntailment facetID="PS_2a_f2" label="Expressed"/>
    </studentAnswer>
    <studentAnswer id="PS.2a.502.1" answerText="When you pull it and it hits the other part." accuracy="contradictory">
      <facetEntailment facetID="PS_2a_f1" label="Assumed"/>
      <facetEntailment facetID="PS_2a_f2" label="Contra-Infr"/>
    </studentAnswer>
    <studentAnswer id="PS.2a.508.1" answerText="Because it hits the top." accuracy="contradictory">
      <facetEntailment facetID="PS_2a_f1" label="Assumed"/>
      <facetEntailment facetID="PS_2a_f2" label="Contra-Expr"/>
    </studentAnswer>
    <studentAnswer id="PS.2a.523.1" answerText="Because you make it vibrate." accuracy="correct">
      <facetEntailment facetID="PS_2a_f1" label="Assumed"/>
      <facetEntailment facetID="PS_2a_f2" label="Expressed"/>
    </studentAnswer>
    <studentAnswer id="PS.2a.524.1" answerText="Because it vibrates." accuracy="correct">
      <facetEntailment facetID="PS_2a_f1" label="Assumed"/>
      <facetEntailment facetID="PS_2a_f2" label="Expressed"/>
    </studentAnswer>
    <studentAnswer id="PS.2a.526.1" answerText="It hits your finger." accuracy="contradictory">
      <facetEntailment facetID="PS_2a_f1" label="Assumed"/>
      <facetEntailment facetID="PS_2a_f2" label="Contra-Expr"/>
    </studentAnswer>
    <studentAnswer id="PS.2a.528.1" answerText="Because the rubber band vibrated, and vibration caused sound." accuracy="correct">
      <facetEntailment facetID="PS_2a_f1" label="Expressed"/>
      <facetEntailment facetID="PS_2a_f2" label="Expressed"/>
    </studentAnswer>
    <studentAnswer id="PS.2a.531.1" answerText="Because of the vibration." accuracy="correct">
      <facetEntailment facetID="PS_2a_f1" label="Assumed"/>
      <facetEntailment facetID="PS_2a_f2" label="Expressed"/>
    </studentAnswer>
    <studentAnswer id="PS.2a.532.1" answerText="It does that because it vibrates." accuracy="correct">
      <facetEntailment facetID="PS_2a_f1" label="Assumed"/>
      <facetEntailment facetID="PS_2a_f2" label="Expressed"/>
    </studentAnswer>
    <studentAnswer id="PS.2a.533.1" answerText="Because it is vibrating." accuracy="correct">
      <facetEntailment facetID="PS_2a_f1" label="Assumed"/>
      <facetEntailment facetID="PS_2a_f2" label="Expressed"/>
    </studentAnswer>
    <studentAnswer id="PS.2a.536.1" answerText="Because there is a vibration." accuracy="correct">
      <facetEntailment facetID="PS_2a_f1" label="Assumed"/>
      <facetEntailment facetID="PS_2a_f2" label="Expressed"/>
    </studentAnswer>
    <studentAnswer id="PS.2a.537.1" answerText="Because it is vibrating." accuracy="correct">
      <facetEntailment facetID="PS_2a_f1" label="Assumed"/>
      <facetEntailment facetID="PS_2a_f2" label="Expressed"/>
    </studentAnswer>
    <studentAnswer id="PS.2a.539.1" answerText="Because it vibrates." accuracy="correct">
      <facetEntailment facetID="PS_2a_f1" label="Assumed"/>
      <facetEntailment facetID="PS_2a_f2" label="Expressed"/>
    </studentAnswer>
    <studentAnswer id="PS.2a.557.1" answerText="Because if you pull it, it goes like that." accuracy="irrelevant">
      <facetEntailment facetID="PS_2a_f1" label="Assumed"/>
      <facetEntailment facetID="PS_2a_f2" label="Unaddressed"/>
    </studentAnswer>
    <studentAnswer id="PS.2a.561.1" answerText="Because it snaps together." accuracy="contradictory">
      <facetEntailment facetID="PS_2a_f1" label="Assumed"/>
      <facetEntailment facetID="PS_2a_f2" label="Contra-Infr"/>
    </studentAnswer>
    <studentAnswer id="PS.2a.562.1" answerText="Because it is gently." accuracy="irrelevant">
      <facetEntailment facetID="PS_2a_f1" label="Assumed"/>
      <facetEntailment facetID="PS_2a_f2" label="Unaddressed"/>
    </studentAnswer>
    <studentAnswer id="PS.2a.563.1" answerText="Because it snaps." accuracy="contradictory">
      <facetEntailment facetID="PS_2a_f1" label="Assumed"/>
      <facetEntailment facetID="PS_2a_f2" label="Contra-Infr"/>
    </studentAnswer>
    <studentAnswer id="PS.2a.567.1" answerText="Pull it." accuracy="irrelevant">
      <facetEntailment facetID="PS_2a_f1" label="Assumed"/>
      <facetEntailment facetID="PS_2a_f2" label="Unaddressed"/>
    </studentAnswer>
    <studentAnswer id="PS.2a.569.1" answerText="It makes the sound softer." accuracy="irrelevant">
      <facetEntailment facetID="PS_2a_f1" label="Assumed"/>
      <facetEntailment facetID="PS_2a_f2" label="Unaddressed"/>
    </studentAnswer>
    <studentAnswer id="PS.2a.571.1" answerText="It is rubber." accuracy="irrelevant">
      <facetEntailment facetID="PS_2a_f1" label="Assumed"/>
      <facetEntailment facetID="PS_2a_f2" label="Unaddressed"/>
    </studentAnswer>
    <studentAnswer id="PS.2a.572.1" answerText="You pulled and it flies." accuracy="contradictory">
      <facetEntailment facetID="PS_2a_f1" label="Assumed"/>
      <facetEntailment facetID="PS_2a_f2" label="Contra-Infr"/>
    </studentAnswer>
    <studentAnswer id="PS.2a.574.1" answerText="It makes sound." accuracy="irrelevant">
      <facetEntailment facetID="PS_2a_f1" label="Assumed"/>
      <facetEntailment facetID="PS_2a_f2" label="Unaddressed"/>
    </studentAnswer>
    <studentAnswer id="PS.2a.593.1" answerText="Because of the vibration." accuracy="correct">
      <facetEntailment facetID="PS_2a_f1" label="Assumed"/>
      <facetEntailment facetID="PS_2a_f2" label="Inferred"/>
    </studentAnswer>
    <studentAnswer id="PS.2a.595.1" answerText="It will make a doom sound." accuracy="irrelevant">
      <facetEntailment facetID="PS_2a_f1" label="Assumed"/>
      <facetEntailment facetID="PS_2a_f2" label="Unaddressed"/>
    </studentAnswer>
    <studentAnswer id="PS.2a.596.1" answerText="Because it vibrates." accuracy="correct">
      <facetEntailment facetID="PS_2a_f1" label="Assumed"/>
      <facetEntailment facetID="PS_2a_f2" label="Expressed"/>
    </studentAnswer>
    <studentAnswer id="PS.2a.599.1" answerText="When you pluck a rubber band and let it go it moves back and forth which makes it vibrate." accuracy="correct">
      <facetEntailment facetID="PS_2a_f1" label="Expressed"/>
      <facetEntailment facetID="PS_2a_f2" label="Expressed"/>
    </studentAnswer>
    <studentAnswer id="PS.2a.600.1" answerText="Because you can make you hand is hurt." accuracy="irrelevant">
      <facetEntailment facetID="PS_2a_f1" label="Assumed"/>
      <facetEntailment facetID="PS_2a_f2" label="Unaddressed"/>
    </studentAnswer>
    <studentAnswer id="PS.2a.602.1" answerText="I think because it vibrating." accuracy="correct">
      <facetEntailment facetID="PS_2a_f1" label="Assumed"/>
      <facetEntailment facetID="PS_2a_f2" label="Expressed"/>
    </studentAnswer>
    <studentAnswer id="PS.2a.603.1" answerText="It will say: dinininin!" accuracy="irrelevant">
      <facetEntailment facetID="PS_2a_f1" label="Assumed"/>
      <facetEntailment facetID="PS_2a_f2" label="Unaddressed"/>
    </studentAnswer>
    <studentAnswer id="PS.2a.607.1" answerText="It moves back and forth makes vibration." accuracy="correct">
      <facetEntailment facetID="PS_2a_f1" label="Assumed"/>
      <facetEntailment facetID="PS_2a_f2" label="Expressed"/>
    </studentAnswer>
    <studentAnswer id="PS.2a.610.1" answerText="Because it is making vibration." accuracy="correct">
      <facetEntailment facetID="PS_2a_f1" label="Assumed"/>
      <facetEntailment facetID="PS_2a_f2" label="Expressed"/>
    </studentAnswer>
    <studentAnswer id="PS.2a.626.1" answerText="Because it hits your Finger." accuracy="contradictory">
      <facetEntailment facetID="PS_2a_f1" label="Assumed"/>
      <facetEntailment facetID="PS_2a_f2" label="Contra-Expr"/>
    </studentAnswer>
    <studentAnswer id="PS.2a.629.1" answerText="It makes a sound because it vibrates." accuracy="correct">
      <facetEntailment facetID="PS_2a_f1" label="Assumed"/>
      <facetEntailment facetID="PS_2a_f2" label="Expressed"/>
    </studentAnswer>
    <studentAnswer id="PS.2a.633.1" answerText="Because when you pull it. It hits your thumb." accuracy="contradictory">
      <facetEntailment facetID="PS_2a_f1" label="Assumed"/>
      <facetEntailment facetID="PS_2a_f2" label="Contra-Expr"/>
    </studentAnswer>
    <studentAnswer id="PS.2a.642.1" answerText="Sound like Pum!" accuracy="irrelevant">
      <facetEntailment facetID="PS_2a_f1" label="Assumed"/>
      <facetEntailment facetID="PS_2a_f2" label="Unaddressed"/>
    </studentAnswer>
    <studentAnswer id="PS.2a.643.1" answerText="So it could a sound." accuracy="irrelevant">
      <facetEntailment facetID="PS_2a_f1" label="Assumed"/>
      <facetEntailment facetID="PS_2a_f2" label="Unaddressed"/>
    </studentAnswer>
    <studentAnswer id="PS.2a.644.1" answerText="Because it vibrates and vibration makes Sound." accuracy="correct">
      <facetEntailment facetID="PS_2a_f1" label="Assumed"/>
      <facetEntailment facetID="PS_2a_f2" label="Expressed"/>
    </studentAnswer>
  </studentAnswers>
</question>
