<?xml version="1.0"?>
<question id="PS_15bp" module="PS">
  <questionText>Below are pictures of wind instruments. You blow air through them to produce sounds. Why does [the saxophone] make the lowest sounds?</questionText>
  <referenceAnswers>
    <referenceAnswer id="PS_15bp-a1" text="The saxophone has the longest and fattest tube.">
      <tokens>
        <token id="PS_15b_ra1">The</token>
        <token id="PS_15b_ra2">saxophone</token>
        <token id="PS_15b_ra3">has</token>
        <token id="PS_15b_ra4">the</token>
        <token id="PS_15b_ra5">longest</token>
        <token id="PS_15b_ra6">and</token>
        <token id="PS_15b_ra7">fattest</token>
        <token id="PS_15b_ra8">tube</token>
        <token id="PS_15b_ra9">.</token>
      </tokens>
      <facets>
        <facet id="PS_15b_f1" govNum="PS_15b_ra2" modNum="PS_15b_ra8" reltn="Have" govText="saxophone" isAssumed="true" modText="tube"/>
        <facet id="PS_15b_f2" govNum="PS_15b_ra8" modNum="PS_15b_ra5" reltn="NMod" govText="tube" modText="longest"/>
        <facet id="PS_15b_f3" govNum="PS_15b_ra8" modNum="PS_15b_ra7" reltn="NMod" govText="tube" modText="fattest"/>
      </facets>
    </referenceAnswer>
  </referenceAnswers>
  <studentAnswers>
    <studentAnswer id="PS.15b.104.1" answerText="Because it is a horn that make like the mm." accuracy="">
      <facetEntailment facetID="PS_15b_f1" label="Assumed"/>
      <facetEntailment facetID="PS_15b_f2" label="Unaddressed"/>
      <facetEntailment facetID="PS_15b_f3" label="Unaddressed"/>
    </studentAnswer>
    <studentAnswer id="PS.15b.107.1" answerText="Because it is the shortest one and it do not have that much time to come up." accuracy="">
      <facetEntailment facetID="PS_15b_f1" label="Assumed"/>
      <facetEntailment facetID="PS_15b_f2" label="Contra-Expr"/>
      <facetEntailment facetID="PS_15b_f3" label="Contra-Expr"/>
    </studentAnswer>
    <studentAnswer id="PS.15b.114.1" answerText="Because the big circle makes a low pitch." accuracy="">
      <facetEntailment facetID="PS_15b_f1" label="Assumed"/>
      <facetEntailment facetID="PS_15b_f2" label="Contra-Infr"/>
      <facetEntailment facetID="PS_15b_f3" label="Inferred"/>
    </studentAnswer>
    <studentAnswer id="PS.15b.118.1" answerText="Because it is the biggest and it takes longer to make loud sound." accuracy="">
      <facetEntailment facetID="PS_15b_f1" label="Assumed"/>
      <facetEntailment facetID="PS_15b_f2" label="Expressed"/>
      <facetEntailment facetID="PS_15b_f3" label="Expressed"/>
    </studentAnswer>
    <studentAnswer id="PS.15b.138.1" answerText="Because it is a bigger instrument, wider and solid. Well those are the only ones I have learned." accuracy="">
      <facetEntailment facetID="PS_15b_f1" label="Assumed"/>
      <facetEntailment facetID="PS_15b_f2" label="Expressed"/>
      <facetEntailment facetID="PS_15b_f3" label="Expressed"/>
    </studentAnswer>
    <studentAnswer id="PS.15b.142.1" answerText="Because it is the biggest instrument and the bigger it is the bigger vibrations and the bigger vibrations the lower it sounds." accuracy="">
      <facetEntailment facetID="PS_15b_f1" label="Assumed"/>
      <facetEntailment facetID="PS_15b_f2" label="Inferred"/>
      <facetEntailment facetID="PS_15b_f3" label="Inferred"/>
    </studentAnswer>
    <studentAnswer id="PS.15b.152.1" answerText="Because it is bigger and I heard one before." accuracy="">
      <facetEntailment facetID="PS_15b_f1" label="Assumed"/>
      <facetEntailment facetID="PS_15b_f2" label="Inferred"/>
      <facetEntailment facetID="PS_15b_f3" label="Inferred"/>
    </studentAnswer>
    <studentAnswer id="PS.15b.158.1" answerText="Because it is an instrument of the orchestra." accuracy="">
      <facetEntailment facetID="PS_15b_f1" label="Assumed"/>
      <facetEntailment facetID="PS_15b_f2" label="Unaddressed"/>
      <facetEntailment facetID="PS_15b_f3" label="Unaddressed"/>
    </studentAnswer>
    <studentAnswer id="PS.15b.171.1" answerText="Because it has a curved thing." accuracy="">
      <facetEntailment facetID="PS_15b_f1" label="Assumed"/>
      <facetEntailment facetID="PS_15b_f2" label="Unaddressed"/>
      <facetEntailment facetID="PS_15b_f3" label="Unaddressed"/>
    </studentAnswer>
    <studentAnswer id="PS.15b.176.1" answerText="Because it is the biggest one." accuracy="">
      <facetEntailment facetID="PS_15b_f1" label="Assumed"/>
      <facetEntailment facetID="PS_15b_f2" label="Expressed"/>
      <facetEntailment facetID="PS_15b_f3" label="Expressed"/>
    </studentAnswer>
    <studentAnswer id="PS.15b.183.1" answerText="Because it is the smallest." accuracy="">
      <facetEntailment facetID="PS_15b_f1" label="Assumed"/>
      <facetEntailment facetID="PS_15b_f2" label="Contra-Expr"/>
      <facetEntailment facetID="PS_15b_f3" label="Contra-Expr"/>
    </studentAnswer>
    <studentAnswer id="PS.15b.191.1" answerText="Because it is the biggest one because the air can not go through it very fast." accuracy="">
      <facetEntailment facetID="PS_15b_f1" label="Assumed"/>
      <facetEntailment facetID="PS_15b_f2" label="Expressed"/>
      <facetEntailment facetID="PS_15b_f3" label="Expressed"/>
    </studentAnswer>
    <studentAnswer id="PS.15b.194.1" answerText="The low has make the highest sound and the highest make the lower sound." accuracy="">
      <facetEntailment facetID="PS_15b_f1" label="Assumed"/>
      <facetEntailment facetID="PS_15b_f2" label="Unaddressed"/>
      <facetEntailment facetID="PS_15b_f3" label="Unaddressed"/>
    </studentAnswer>
    <studentAnswer id="PS.15b.212.1" answerText="It is so big it has a lot of room to vibrate." accuracy="">
      <facetEntailment facetID="PS_15b_f1" label="Assumed"/>
      <facetEntailment facetID="PS_15b_f2" label="Inferred"/>
      <facetEntailment facetID="PS_15b_f3" label="Inferred"/>
    </studentAnswer>
    <studentAnswer id="PS.15b.222.1" answerText="Because the sound has more room to vibrate." accuracy="">
      <facetEntailment facetID="PS_15b_f1" label="Assumed"/>
      <facetEntailment facetID="PS_15b_f2" label="Inferred"/>
      <facetEntailment facetID="PS_15b_f3" label="Inferred"/>
    </studentAnswer>
    <studentAnswer id="PS.15b.249.1" answerText="The bigger it is the lower the sound the smaller it is the higher the sound." accuracy="">
      <facetEntailment facetID="PS_15b_f1" label="Assumed"/>
      <facetEntailment facetID="PS_15b_f2" label="Expressed"/>
      <facetEntailment facetID="PS_15b_f3" label="Expressed"/>
    </studentAnswer>
    <studentAnswer id="PS.15b.255.1" answerText="Because it has more amplification." accuracy="">
      <facetEntailment facetID="PS_15b_f1" label="Assumed"/>
      <facetEntailment facetID="PS_15b_f2" label="Unaddressed"/>
      <facetEntailment facetID="PS_15b_f3" label="Unaddressed"/>
    </studentAnswer>
    <studentAnswer id="PS.15b.320.1" answerText="Because it is the biggest." accuracy="">
      <facetEntailment facetID="PS_15b_f1" label="Assumed"/>
      <facetEntailment facetID="PS_15b_f2" label="Inferred"/>
      <facetEntailment facetID="PS_15b_f3" label="Inferred"/>
    </studentAnswer>
    <studentAnswer id="PS.15b.384.1" answerText="Because it has a little hole." accuracy="">
      <facetEntailment facetID="PS_15b_f1" label="Assumed"/>
      <facetEntailment facetID="PS_15b_f2" label="Unaddressed"/>
      <facetEntailment facetID="PS_15b_f3" label="Contra-Infr"/>
    </studentAnswer>
    <studentAnswer id="PS.15b.452.1" answerText="Because it is the longest and it takes a while for it to make sound." accuracy="">
      <facetEntailment facetID="PS_15b_f1" label="Assumed"/>
      <facetEntailment facetID="PS_15b_f2" label="Expressed"/>
      <facetEntailment facetID="PS_15b_f3" label="Unaddressed"/>
    </studentAnswer>
    <studentAnswer id="PS.15b.457.1" answerText="It makes the lowest sound because it vibrates slower from having to travel far." accuracy="">
      <facetEntailment facetID="PS_15b_f1" label="Assumed"/>
      <facetEntailment facetID="PS_15b_f2" label="Expressed"/>
      <facetEntailment facetID="PS_15b_f3" label="Unaddressed"/>
    </studentAnswer>
    <studentAnswer id="PS.15b.461.1" answerText="Because it is the biggest out of all the instruments." accuracy="">
      <facetEntailment facetID="PS_15b_f1" label="Assumed"/>
      <facetEntailment facetID="PS_15b_f2" label="Expressed"/>
      <facetEntailment facetID="PS_15b_f3" label="Expressed"/>
    </studentAnswer>
    <studentAnswer id="PS.15b.486.1" answerText="Because the instrument is thicker than the others." accuracy="">
      <facetEntailment facetID="PS_15b_f1" label="Assumed"/>
      <facetEntailment facetID="PS_15b_f2" label="Unaddressed"/>
      <facetEntailment facetID="PS_15b_f3" label="Inferred"/>
    </studentAnswer>
    <studentAnswer id="PS.15b.494.1" answerText="Because the lower it is the lower for big." accuracy="">
      <facetEntailment facetID="PS_15b_f1" label="Assumed"/>
      <facetEntailment facetID="PS_15b_f2" label="Unaddressed"/>
      <facetEntailment facetID="PS_15b_f3" label="Unaddressed"/>
    </studentAnswer>
    <studentAnswer id="PS.15b.502.1" answerText="Because the sound waves had a short time to set to the bottom, because it is bigger." accuracy="">
      <facetEntailment facetID="PS_15b_f1" label="Assumed"/>
      <facetEntailment facetID="PS_15b_f2" label="Expressed"/>
      <facetEntailment facetID="PS_15b_f3" label="Expressed"/>
    </studentAnswer>
    <studentAnswer id="PS.15b.524.1" answerText="Because it has to travel longer." accuracy="">
      <facetEntailment facetID="PS_15b_f1" label="Assumed"/>
      <facetEntailment facetID="PS_15b_f2" label="Inferred"/>
      <facetEntailment facetID="PS_15b_f3" label="Unaddressed"/>
    </studentAnswer>
    <studentAnswer id="PS.15b.532.1" answerText="It makes the lowest sound because it is bigger and vibrates slower." accuracy="">
      <facetEntailment facetID="PS_15b_f1" label="Assumed"/>
      <facetEntailment facetID="PS_15b_f2" label="Inferred"/>
      <facetEntailment facetID="PS_15b_f3" label="Inferred"/>
    </studentAnswer>
    <studentAnswer id="PS.15b.539.1" answerText="This is why it makes the lower sound the one I circled goes down and then up that might be why." accuracy="">
      <facetEntailment facetID="PS_15b_f1" label="Assumed"/>
      <facetEntailment facetID="PS_15b_f2" label="Inferred"/>
      <facetEntailment facetID="PS_15b_f3" label="Unaddressed"/>
    </studentAnswer>
    <studentAnswer id="PS.15b.562.1" answerText="I think that is the correct answer because is bigger." accuracy="">
      <facetEntailment facetID="PS_15b_f1" label="Assumed"/>
      <facetEntailment facetID="PS_15b_f2" label="Inferred"/>
      <facetEntailment facetID="PS_15b_f3" label="Inferred"/>
    </studentAnswer>
    <studentAnswer id="PS.15b.567.1" answerText="Because it is a big one so it is going to make the lowest sound." accuracy="">
      <facetEntailment facetID="PS_15b_f1" label="Assumed"/>
      <facetEntailment facetID="PS_15b_f2" label="Inferred"/>
      <facetEntailment facetID="PS_15b_f3" label="Inferred"/>
    </studentAnswer>
    <studentAnswer id="PS.15b.571.1" answerText="Because if it is large then it makes a lower sound." accuracy="">
      <facetEntailment facetID="PS_15b_f1" label="Assumed"/>
      <facetEntailment facetID="PS_15b_f2" label="Expressed"/>
      <facetEntailment facetID="PS_15b_f3" label="Expressed"/>
    </studentAnswer>
    <studentAnswer id="PS.15b.593.1" answerText="Because the bigger it is the lower the sound gets." accuracy="">
      <facetEntailment facetID="PS_15b_f1" label="Assumed"/>
      <facetEntailment facetID="PS_15b_f2" label="Expressed"/>
      <facetEntailment facetID="PS_15b_f3" label="Expressed"/>
    </studentAnswer>
    <studentAnswer id="PS.15b.605.1" answerText="Because it is the longest instrument. The air takes a longer time to travel out." accuracy="">
      <facetEntailment facetID="PS_15b_f1" label="Assumed"/>
      <facetEntailment facetID="PS_15b_f2" label="Expressed"/>
      <facetEntailment facetID="PS_15b_f3" label="Unaddressed"/>
    </studentAnswer>
    <studentAnswer id="PS.15b.629.1" answerText="Because it has the longest way to travel." accuracy="">
      <facetEntailment facetID="PS_15b_f1" label="Assumed"/>
      <facetEntailment facetID="PS_15b_f2" label="Expressed"/>
      <facetEntailment facetID="PS_15b_f3" label="Unaddressed"/>
    </studentAnswer>
    <studentAnswer id="PS.15b.641.1" answerText="Because is little instruments and I already played it once." accuracy="">
      <facetEntailment facetID="PS_15b_f1" label="Assumed"/>
      <facetEntailment facetID="PS_15b_f2" label="Contra-Expr"/>
      <facetEntailment facetID="PS_15b_f3" label="Contra-Expr"/>
    </studentAnswer>
  </studentAnswers>
</question>
