<?xml version="1.0"?>
<question id="PS_26p" module="PS">
  <questionText>Kate said: "An object has to move to produce sound." Do you agree with her? Why or why not?</questionText>
  <referenceAnswers>
    <referenceAnswer id="PS_26p-a1" text="Agree. Vibrations are movements. Vibrations produce sound.">
      <tokens>
        <token id="PS_26_ra1">Agree</token>
        <token id="PS_26_ra2">.</token>
        <token id="PS_26_ra3">Vibrations</token>
        <token id="PS_26_ra4">are</token>
        <token id="PS_26_ra5">movements</token>
        <token id="PS_26_ra6">.</token>
        <token id="PS_26_ra7">Vibrations</token>
        <token id="PS_26_ra8">produce</token>
        <token id="PS_26_ra9">sound</token>
        <token id="PS_26_ra10">.</token>
      </tokens>
      <facets>
        <facet id="PS_26_f1" govNum="PS_26_ra0" modNum="PS_26_ra1" reltn="Root" govText="root" modText="Agree"/>
        <facet id="PS_26_f2" govNum="PS_26_ra3" modNum="PS_26_ra5" reltn="Be" govText="Vibrations" modText="movements"/>
        <facet id="PS_26_f3" govNum="PS_26_ra8" modNum="PS_26_ra7" reltn="Cause" govText="produce" modText="Vibrations"/>
        <facet id="PS_26_f4" govNum="PS_26_ra8" modNum="PS_26_ra9" reltn="Product" govText="produce" isAssumed="true" modText="sound"/>
      </facets>
    </referenceAnswer>
  </referenceAnswers>
  <studentAnswers>
    <studentAnswer id="PS.26.101.1" answerText="Yes, Because if things do not move it will not make a sound. Like if you are talking your voice box has to move." accuracy="">
      <facetEntailment facetID="PS_26_f1" label="Expressed"/>
      <facetEntailment facetID="PS_26_f2" label="Unaddressed"/>
      <facetEntailment facetID="PS_26_f3" label="Diff-Arg"/>
      <facetEntailment facetID="PS_26_f4" label="Assumed"/>
    </studentAnswer>
    <studentAnswer id="PS.26.104.1" answerText="No because it is not true you do not have to move a bottle to make a sound." accuracy="">
      <facetEntailment facetID="PS_26_f1" label="Contra-Expr"/>
      <facetEntailment facetID="PS_26_f2" label="Unaddressed"/>
      <facetEntailment facetID="PS_26_f3" label="Unaddressed"/>
      <facetEntailment facetID="PS_26_f4" label="Expressed"/>
    </studentAnswer>
    <studentAnswer id="PS.26.107.1" answerText="No Because it can travel from air." accuracy="">
      <facetEntailment facetID="PS_26_f1" label="Contra-Expr"/>
      <facetEntailment facetID="PS_26_f2" label="Unaddressed"/>
      <facetEntailment facetID="PS_26_f3" label="Unaddressed"/>
      <facetEntailment facetID="PS_26_f4" label="Assumed"/>
    </studentAnswer>
    <studentAnswer id="PS.26.138.1" answerText="Yes. Because it has vibrations to cause." accuracy="">
      <facetEntailment facetID="PS_26_f1" label="Expressed"/>
      <facetEntailment facetID="PS_26_f2" label="Inferred"/>
      <facetEntailment facetID="PS_26_f3" label="Inferred"/>
      <facetEntailment facetID="PS_26_f4" label="Assumed"/>
    </studentAnswer>
    <studentAnswer id="PS.26.142.1" answerText="Yes I agree with her, because when it moves it makes vibrations and that is what helps to make sound and when it is not moving it is not making sound." accuracy="">
      <facetEntailment facetID="PS_26_f1" label="Expressed"/>
      <facetEntailment facetID="PS_26_f2" label="Expressed"/>
      <facetEntailment facetID="PS_26_f3" label="Expressed"/>
      <facetEntailment facetID="PS_26_f4" label="Expressed"/>
    </studentAnswer>
    <studentAnswer id="PS.26.160.1" answerText="Yes I agree with Kate because it has to vibrate." accuracy="">
      <facetEntailment facetID="PS_26_f1" label="Expressed"/>
      <facetEntailment facetID="PS_26_f2" label="Inferred"/>
      <facetEntailment facetID="PS_26_f3" label="Inferred"/>
      <facetEntailment facetID="PS_26_f4" label="Assumed"/>
    </studentAnswer>
    <studentAnswer id="PS.26.171.1" answerText="Yes because it needs to vibration." accuracy="">
      <facetEntailment facetID="PS_26_f1" label="Expressed"/>
      <facetEntailment facetID="PS_26_f2" label="Inferred"/>
      <facetEntailment facetID="PS_26_f3" label="Inferred"/>
      <facetEntailment facetID="PS_26_f4" label="Assumed"/>
    </studentAnswer>
    <studentAnswer id="PS.26.179.1" answerText="Yes I do agree with Kate. Example: when the wind blows really hard it makes a sound." accuracy="">
      <facetEntailment facetID="PS_26_f1" label="Expressed"/>
      <facetEntailment facetID="PS_26_f2" label="Unaddressed"/>
      <facetEntailment facetID="PS_26_f3" label="Diff-Arg"/>
      <facetEntailment facetID="PS_26_f4" label="Expressed"/>
    </studentAnswer>
    <studentAnswer id="PS.26.183.1" answerText="I do because sounds can not be made without vibrations." accuracy="">
      <facetEntailment facetID="PS_26_f1" label="Expressed"/>
      <facetEntailment facetID="PS_26_f2" label="Inferred"/>
      <facetEntailment facetID="PS_26_f3" label="Expressed"/>
      <facetEntailment facetID="PS_26_f4" label="Expressed"/>
    </studentAnswer>
    <studentAnswer id="PS.26.192.1" answerText="I do not agree because object does not have to move all the time." accuracy="">
      <facetEntailment facetID="PS_26_f1" label="Contra-Expr"/>
      <facetEntailment facetID="PS_26_f2" label="Unaddressed"/>
      <facetEntailment facetID="PS_26_f3" label="Unaddressed"/>
      <facetEntailment facetID="PS_26_f4" label="Assumed"/>
    </studentAnswer>
    <studentAnswer id="PS.26.212.1" answerText="I do agree it has to vibrate to make sound and vibrating is considered moving." accuracy="">
      <facetEntailment facetID="PS_26_f1" label="Expressed"/>
      <facetEntailment facetID="PS_26_f2" label="Expressed"/>
      <facetEntailment facetID="PS_26_f3" label="Expressed"/>
      <facetEntailment facetID="PS_26_f4" label="Expressed"/>
    </studentAnswer>
    <studentAnswer id="PS.26.221.1" answerText="Yes because vibration is a type of movement and sound is made by vibration." accuracy="">
      <facetEntailment facetID="PS_26_f1" label="Expressed"/>
      <facetEntailment facetID="PS_26_f2" label="Expressed"/>
      <facetEntailment facetID="PS_26_f3" label="Expressed"/>
      <facetEntailment facetID="PS_26_f4" label="Expressed"/>
    </studentAnswer>
    <studentAnswer id="PS.26.228.1" answerText="Yes because it has to move to make vibrations which make sound." accuracy="">
      <facetEntailment facetID="PS_26_f1" label="Expressed"/>
      <facetEntailment facetID="PS_26_f2" label="Expressed"/>
      <facetEntailment facetID="PS_26_f3" label="Expressed"/>
      <facetEntailment facetID="PS_26_f4" label="Expressed"/>
    </studentAnswer>
    <studentAnswer id="PS.26.252.1" answerText="Yes because it has to vibrate to make sounds." accuracy="">
      <facetEntailment facetID="PS_26_f1" label="Expressed"/>
      <facetEntailment facetID="PS_26_f2" label="Inferred"/>
      <facetEntailment facetID="PS_26_f3" label="Expressed"/>
      <facetEntailment facetID="PS_26_f4" label="Expressed"/>
    </studentAnswer>
    <studentAnswer id="PS.26.255.1" answerText="Yes. Because vibration is movement and to create vibration the object has to move to create sound." accuracy="">
      <facetEntailment facetID="PS_26_f1" label="Expressed"/>
      <facetEntailment facetID="PS_26_f2" label="Expressed"/>
      <facetEntailment facetID="PS_26_f3" label="Expressed"/>
      <facetEntailment facetID="PS_26_f4" label="Expressed"/>
    </studentAnswer>
    <studentAnswer id="PS.26.313.1" answerText="No because if you jump on a sofa the string will move and make noise." accuracy="">
      <facetEntailment facetID="PS_26_f1" label="Contra-Expr"/>
      <facetEntailment facetID="PS_26_f2" label="Unaddressed"/>
      <facetEntailment facetID="PS_26_f3" label="Diff-Arg"/>
      <facetEntailment facetID="PS_26_f4" label="Expressed"/>
    </studentAnswer>
    <studentAnswer id="PS.26.323.1" answerText="Yes because vibrations has to move." accuracy="">
      <facetEntailment facetID="PS_26_f1" label="Expressed"/>
      <facetEntailment facetID="PS_26_f2" label="Inferred"/>
      <facetEntailment facetID="PS_26_f3" label="Inferred"/>
      <facetEntailment facetID="PS_26_f4" label="Assumed"/>
    </studentAnswer>
    <studentAnswer id="PS.26.332.1" answerText="No because desks do not move." accuracy="">
      <facetEntailment facetID="PS_26_f1" label="Contra-Expr"/>
      <facetEntailment facetID="PS_26_f2" label="Unaddressed"/>
      <facetEntailment facetID="PS_26_f3" label="Unaddressed"/>
      <facetEntailment facetID="PS_26_f4" label="Assumed"/>
    </studentAnswer>
    <studentAnswer id="PS.26.384.1" answerText="Yes because how can it make a sound if it does not vibrate." accuracy="">
      <facetEntailment facetID="PS_26_f1" label="Expressed"/>
      <facetEntailment facetID="PS_26_f2" label="Inferred"/>
      <facetEntailment facetID="PS_26_f3" label="Expressed"/>
      <facetEntailment facetID="PS_26_f4" label="Expressed"/>
    </studentAnswer>
    <studentAnswer id="PS.26.391.1" answerText="I agree with her because when an object moves it causes vibration and vibration causes sound." accuracy="">
      <facetEntailment facetID="PS_26_f1" label="Expressed"/>
      <facetEntailment facetID="PS_26_f2" label="Inferred"/>
      <facetEntailment facetID="PS_26_f3" label="Expressed"/>
      <facetEntailment facetID="PS_26_f4" label="Expressed"/>
    </studentAnswer>
    <studentAnswer id="PS.26.400.1" answerText="I agree with her because the object has to vibrate." accuracy="">
      <facetEntailment facetID="PS_26_f1" label="Expressed"/>
      <facetEntailment facetID="PS_26_f2" label="Inferred"/>
      <facetEntailment facetID="PS_26_f3" label="Inferred"/>
      <facetEntailment facetID="PS_26_f4" label="Assumed"/>
    </studentAnswer>
    <studentAnswer id="PS.26.461.1" answerText="I agree with her because vibrations make sounds and vibration moves." accuracy="">
      <facetEntailment facetID="PS_26_f1" label="Expressed"/>
      <facetEntailment facetID="PS_26_f2" label="Expressed"/>
      <facetEntailment facetID="PS_26_f3" label="Expressed"/>
      <facetEntailment facetID="PS_26_f4" label="Expressed"/>
    </studentAnswer>
    <studentAnswer id="PS.26.468.1" answerText="I agree with her because when you talk, your vocal cords moves and when you hear a sound, the things that made that sound must move and vibrate." accuracy="">
      <facetEntailment facetID="PS_26_f1" label="Expressed"/>
      <facetEntailment facetID="PS_26_f2" label="Expressed"/>
      <facetEntailment facetID="PS_26_f3" label="Expressed"/>
      <facetEntailment facetID="PS_26_f4" label="Expressed"/>
    </studentAnswer>
    <studentAnswer id="PS.26.488.1" answerText="Yes because it need to vibrate." accuracy="">
      <facetEntailment facetID="PS_26_f1" label="Expressed"/>
      <facetEntailment facetID="PS_26_f2" label="Inferred"/>
      <facetEntailment facetID="PS_26_f3" label="Inferred"/>
      <facetEntailment facetID="PS_26_f4" label="Assumed"/>
    </studentAnswer>
    <studentAnswer id="PS.26.499.1" answerText="Yes. When you move something it causes vibrations. And the vibrations cause sound waves." accuracy="">
      <facetEntailment facetID="PS_26_f1" label="Expressed"/>
      <facetEntailment facetID="PS_26_f2" label="Inferred"/>
      <facetEntailment facetID="PS_26_f3" label="Expressed"/>
      <facetEntailment facetID="PS_26_f4" label="Expressed"/>
    </studentAnswer>
    <studentAnswer id="PS.26.504.1" answerText="Yes, because sound has to vibrate it." accuracy="">
      <facetEntailment facetID="PS_26_f1" label="Expressed"/>
      <facetEntailment facetID="PS_26_f2" label="Inferred"/>
      <facetEntailment facetID="PS_26_f3" label="Contra-Infr"/>
      <facetEntailment facetID="PS_26_f4" label="Assumed"/>
    </studentAnswer>
    <studentAnswer id="PS.26.510.1" answerText="YES. I think yes because it changes the sound." accuracy="">
      <facetEntailment facetID="PS_26_f1" label="Expressed"/>
      <facetEntailment facetID="PS_26_f2" label="Unaddressed"/>
      <facetEntailment facetID="PS_26_f3" label="Unaddressed"/>
      <facetEntailment facetID="PS_26_f4" label="Expressed"/>
    </studentAnswer>
    <studentAnswer id="PS.26.528.1" answerText="I agree with Kate because vibration creates sound, without vibration there would be no sound." accuracy="">
      <facetEntailment facetID="PS_26_f1" label="Expressed"/>
      <facetEntailment facetID="PS_26_f2" label="Inferred"/>
      <facetEntailment facetID="PS_26_f3" label="Expressed"/>
      <facetEntailment facetID="PS_26_f4" label="Expressed"/>
    </studentAnswer>
    <studentAnswer id="PS.26.533.1" answerText="Yes, I agree with her. In order to make sound, it needs to move." accuracy="">
      <facetEntailment facetID="PS_26_f1" label="Expressed"/>
      <facetEntailment facetID="PS_26_f2" label="Unaddressed"/>
      <facetEntailment facetID="PS_26_f3" label="Diff-Arg"/>
      <facetEntailment facetID="PS_26_f4" label="Expressed"/>
    </studentAnswer>
    <studentAnswer id="PS.26.557.1" answerText="I agree because if you move paper it produces a sound." accuracy="">
      <facetEntailment facetID="PS_26_f1" label="Expressed"/>
      <facetEntailment facetID="PS_26_f2" label="Unaddressed"/>
      <facetEntailment facetID="PS_26_f3" label="Diff-Arg"/>
      <facetEntailment facetID="PS_26_f4" label="Expressed"/>
    </studentAnswer>
    <studentAnswer id="PS.26.563.1" answerText="I agree because it has to vibrate." accuracy="">
      <facetEntailment facetID="PS_26_f1" label="Expressed"/>
      <facetEntailment facetID="PS_26_f2" label="Inferred"/>
      <facetEntailment facetID="PS_26_f3" label="Inferred"/>
      <facetEntailment facetID="PS_26_f4" label="Assumed"/>
    </studentAnswer>
    <studentAnswer id="PS.26.571.1" answerText="Yes because if you do not move it will not make sound." accuracy="">
      <facetEntailment facetID="PS_26_f1" label="Expressed"/>
      <facetEntailment facetID="PS_26_f2" label="Unaddressed"/>
      <facetEntailment facetID="PS_26_f3" label="Unaddressed"/>
      <facetEntailment facetID="PS_26_f4" label="Expressed"/>
    </studentAnswer>
    <studentAnswer id="PS.26.599.1" answerText="I do agree with her because if a sound is made it vibrates and vibration is back and forth movement and without vibration you can not make a sound." accuracy="">
      <facetEntailment facetID="PS_26_f1" label="Expressed"/>
      <facetEntailment facetID="PS_26_f2" label="Expressed"/>
      <facetEntailment facetID="PS_26_f3" label="Expressed"/>
      <facetEntailment facetID="PS_26_f4" label="Expressed"/>
    </studentAnswer>
    <studentAnswer id="PS.26.610.1" answerText="Yes I do agree. Because an object has to move to make vibration which makes sound." accuracy="">
      <facetEntailment facetID="PS_26_f1" label="Expressed"/>
      <facetEntailment facetID="PS_26_f2" label="Inferred"/>
      <facetEntailment facetID="PS_26_f3" label="Expressed"/>
      <facetEntailment facetID="PS_26_f4" label="Expressed"/>
    </studentAnswer>
    <studentAnswer id="PS.26.626.1" answerText="I agree with her. Because if an object makes a sound it has to vibrate." accuracy="">
      <facetEntailment facetID="PS_26_f1" label="Expressed"/>
      <facetEntailment facetID="PS_26_f2" label="Inferred"/>
      <facetEntailment facetID="PS_26_f3" label="Expressed"/>
      <facetEntailment facetID="PS_26_f4" label="Expressed"/>
    </studentAnswer>
    <studentAnswer id="PS.26.641.1" answerText="I do agree with her because a object has to move to make a sound." accuracy="">
      <facetEntailment facetID="PS_26_f1" label="Expressed"/>
      <facetEntailment facetID="PS_26_f2" label="Unaddressed"/>
      <facetEntailment facetID="PS_26_f3" label="Unaddressed"/>
      <facetEntailment facetID="PS_26_f4" label="Expressed"/>
    </studentAnswer>
  </studentAnswers>
</question>
