<?xml version="1.0"?>
<question id="SE_16b2" module="SE">
  <questionText>Cory and Rachael set up 3 solar water heaters to see which would show the greatest water temperature change. The containers are shown below. Each is the same height (4 centimeters), and the same width (10 centimeters). Only the lengths are different; Container A is 10 centimeters, Container B is 30 centimeters, and Container C is 40 centimeters. They painted the plastic containers black, filled each with the same amount of water, and put a clear plastic lid on each one. Then they set them out in the sunshine. Here are the data that Cory and Rachael collected: After 10 minutes Container A was 3 degrees Celsius, Container B was 9 degrees Celsius, and Container C was 12 degrees Celsius. Use the graph paper on the next page to graph the temperature change for each container. If Cory and Rachael had a container that was the same height and width as the other containers, but 20 centimeters long, what do you think the temperature change would be after 10 minutes? (6 Celsius) How did you decide what the temperature change would be for the new container?</questionText>
  <referenceAnswers>
    <referenceAnswer id="SE_16b2-a1" text="20 centimeters size is between 10 and 30 centimeters, so the temperature change must be less than the 30 centimeters container, but more than the 10 centimeters container. 6 degrees Celsius is halfway between.">
      <tokens>
        <token id="SE_16b2_ra1">20</token>
        <token id="SE_16b2_ra2">centimeters</token>
        <token id="SE_16b2_ra3">size</token>
        <token id="SE_16b2_ra4">is</token>
        <token id="SE_16b2_ra5">between</token>
        <token id="SE_16b2_ra6">10</token>
        <token id="SE_16b2_ra7">and</token>
        <token id="SE_16b2_ra8">30</token>
        <token id="SE_16b2_ra9">centimeters</token>
        <token id="SE_16b2_ra10">,</token>
        <token id="SE_16b2_ra11">so</token>
        <token id="SE_16b2_ra12">the</token>
        <token id="SE_16b2_ra13">temperature</token>
        <token id="SE_16b2_ra14">change</token>
        <token id="SE_16b2_ra15">must</token>
        <token id="SE_16b2_ra16">be</token>
        <token id="SE_16b2_ra17">less</token>
        <token id="SE_16b2_ra18">than</token>
        <token id="SE_16b2_ra19">the</token>
        <token id="SE_16b2_ra20">30</token>
        <token id="SE_16b2_ra21">centimeters</token>
        <token id="SE_16b2_ra22">container</token>
        <token id="SE_16b2_ra23">,</token>
        <token id="SE_16b2_ra24">but</token>
        <token id="SE_16b2_ra25">more</token>
        <token id="SE_16b2_ra26">than</token>
        <token id="SE_16b2_ra27">the</token>
        <token id="SE_16b2_ra28">10</token>
        <token id="SE_16b2_ra29">centimeters</token>
        <token id="SE_16b2_ra30">container</token>
        <token id="SE_16b2_ra31">.</token>
        <token id="SE_16b2_ra32">6</token>
        <token id="SE_16b2_ra33">degrees</token>
        <token id="SE_16b2_ra34">Celsius</token>
        <token id="SE_16b2_ra35">is</token>
        <token id="SE_16b2_ra36">halfway</token>
        <token id="SE_16b2_ra37">between</token>
        <token id="SE_16b2_ra38">.</token>
      </tokens>
      <facets>
        <facet id="SE_16b2_f1" govNum="SE_16b2_ra1" modNum="SE_16b2_ra2" reltn="NMod" govText="20" isAssumed="true" modText="centimeters"/>
        <facet id="SE_16b2_f2" govNum="SE_16b2_ra1" modNum="SE_16b2_ra3" reltn="NMod" govText="20" isAssumed="true" modText="size"/>
        <facet id="SE_16b2_f3" govNum="SE_16b2_ra1" modNum="SE_16b2_ra6" reltn="Location_between" govText="20" modText="10"/>
        <facet id="SE_16b2_f4" govNum="SE_16b2_ra1" modNum="SE_16b2_ra8" reltn="Location_between" govText="20" modText="30"/>
        <facet id="SE_16b2_f5" govNum="SE_16b2_ra8" modNum="SE_16b2_ra9" reltn="NMod" govText="30" isAssumed="true" modText="centimeters"/>
        <facet id="SE_16b2_f6" govNum="SE_16b2_ra14" modNum="SE_16b2_ra13" reltn="Patient" govText="change" isAssumed="true" modText="temperature"/>
        <facet id="SE_16b2_f7" govNum="SE_16b2_ra14" modNum="SE_16b2_ra17" reltn="Extent" govText="change" modText="less"/>
        <facet id="SE_16b2_f8" govNum="SE_16b2_ra17" modNum="SE_16b2_ra20" reltn="AMod_than" govText="less" modText="30"/>
        <facet id="SE_16b2_f9" govNum="SE_16b2_ra20" modNum="SE_16b2_ra21" reltn="NMod" govText="30" isAssumed="true" modText="centimeters"/>
        <facet id="SE_16b2_f10" govNum="SE_16b2_ra20" modNum="SE_16b2_ra22" reltn="NMod" govText="30" isAssumed="true" modText="container"/>
        <facet id="SE_16b2_f11" govNum="SE_16b2_ra14" modNum="SE_16b2_ra25" reltn="Extent" govText="change" modText="more"/>
        <facet id="SE_16b2_f12" govNum="SE_16b2_ra25" modNum="SE_16b2_ra28" reltn="AMod_than" govText="more" modText="10"/>
        <facet id="SE_16b2_f13" govNum="SE_16b2_ra28" modNum="SE_16b2_ra29" reltn="NMod" govText="10" isAssumed="true" modText="centimeters"/>
        <facet id="SE_16b2_f14" govNum="SE_16b2_ra28" modNum="SE_16b2_ra30" reltn="NMod" govText="10" isAssumed="true" modText="container"/>
        <facet id="SE_16b2_f15" govNum="SE_16b2_ra16" modNum="SE_16b2_ra4" reltn="Cause_so" childProp2Facet2="SE_16b2_f4" childProp1Facet1="SE_16b2_f7" govText="be" childProp1Facet2="SE_16b2_f6" modText="is" childProp2Facet1="SE_16b2_f3"/>
        <facet id="SE_16b2_f16" govNum="SE_16b2_ra32" modNum="SE_16b2_ra33" reltn="NMod" govText="6" modText="degrees"/>
        <facet id="SE_16b2_f17" govNum="SE_16b2_ra32" modNum="SE_16b2_ra34" reltn="NMod" govText="6" modText="Celsius"/>
        <facet id="SE_16b2_f18" govNum="SE_16b2_ra32" modNum="SE_16b2_ra37" reltn="Location" govText="6" modText="between"/>
        <facet id="SE_16b2_f19" govNum="SE_16b2_ra37" modNum="SE_16b2_ra36" reltn="AMod" govText="between" modText="halfway"/>
      </facets>
    </referenceAnswer>
  </referenceAnswers>
  <studentAnswers>
    <studentAnswer id="SE.16b2.111.1" answerText="Because there is a 10 centimeters on the graph and put 10 centimeters with one and it will change because it is bigger and more space to store more heat." accuracy="irrelevant">
      <facetEntailment facetID="SE_16b2_f1" label="Assumed"/>
      <facetEntailment facetID="SE_16b2_f2" label="Assumed"/>
      <facetEntailment facetID="SE_16b2_f3" label="Unaddressed"/>
      <facetEntailment facetID="SE_16b2_f4" label="Unaddressed"/>
      <facetEntailment facetID="SE_16b2_f5" label="Assumed"/>
      <facetEntailment facetID="SE_16b2_f6" label="Expressed"/>
      <facetEntailment facetID="SE_16b2_f7" label="Unaddressed"/>
      <facetEntailment facetID="SE_16b2_f8" label="Unaddressed"/>
      <facetEntailment facetID="SE_16b2_f9" label="Assumed"/>
      <facetEntailment facetID="SE_16b2_f10" label="Assumed"/>
      <facetEntailment facetID="SE_16b2_f11" label="Unaddressed"/>
      <facetEntailment facetID="SE_16b2_f12" label="Unaddressed"/>
      <facetEntailment facetID="SE_16b2_f13" label="Expressed"/>
      <facetEntailment facetID="SE_16b2_f14" label="Assumed"/>
      <facetEntailment facetID="SE_16b2_f15" label="Unaddressed"/>
      <facetEntailment facetID="SE_16b2_f16" label="Unaddressed"/>
      <facetEntailment facetID="SE_16b2_f17" label="Unaddressed"/>
      <facetEntailment facetID="SE_16b2_f18" label="Unaddressed"/>
      <facetEntailment facetID="SE_16b2_f19" label="Unaddressed"/>
    </studentAnswer>
    <studentAnswer id="SE.16b2.121.1" answerText="It made me think but I had to choose 6 degrees Celsius. I picked between 3 and 9." accuracy="partially_correct_incomplete">
      <facetEntailment facetID="SE_16b2_f1" label="Assumed"/>
      <facetEntailment facetID="SE_16b2_f2" label="Assumed"/>
      <facetEntailment facetID="SE_16b2_f3" label="Unaddressed"/>
      <facetEntailment facetID="SE_16b2_f4" label="Unaddressed"/>
      <facetEntailment facetID="SE_16b2_f5" label="Assumed"/>
      <facetEntailment facetID="SE_16b2_f6" label="Assumed"/>
      <facetEntailment facetID="SE_16b2_f7" label="Unaddressed"/>
      <facetEntailment facetID="SE_16b2_f8" label="Unaddressed"/>
      <facetEntailment facetID="SE_16b2_f9" label="Assumed"/>
      <facetEntailment facetID="SE_16b2_f10" label="Assumed"/>
      <facetEntailment facetID="SE_16b2_f11" label="Unaddressed"/>
      <facetEntailment facetID="SE_16b2_f12" label="Unaddressed"/>
      <facetEntailment facetID="SE_16b2_f13" label="Assumed"/>
      <facetEntailment facetID="SE_16b2_f14" label="Assumed"/>
      <facetEntailment facetID="SE_16b2_f15" label="Unaddressed"/>
      <facetEntailment facetID="SE_16b2_f16" label="Expressed"/>
      <facetEntailment facetID="SE_16b2_f17" label="Expressed"/>
      <facetEntailment facetID="SE_16b2_f18" label="Expressed"/>
      <facetEntailment facetID="SE_16b2_f19" label="Inferred"/>
    </studentAnswer>
    <studentAnswer id="SE.16b2.122.1" answerText="I just went halfway into 3 and 9 which were the 10 and 30 centimeters temperature at 10 minutes. But since 20 centimeters was 10 centimeters away from 20 and 30 so I went halfway into 3 and 9 and it was 6 because 6 is 3 spaces away from 3 and 9." accuracy="correct">
      <facetEntailment facetID="SE_16b2_f1" label="Expressed"/>
      <facetEntailment facetID="SE_16b2_f2" label="Expressed"/>
      <facetEntailment facetID="SE_16b2_f3" label="Expressed"/>
      <facetEntailment facetID="SE_16b2_f4" label="Expressed"/>
      <facetEntailment facetID="SE_16b2_f5" label="Expressed"/>
      <facetEntailment facetID="SE_16b2_f6" label="Assumed"/>
      <facetEntailment facetID="SE_16b2_f7" label="Expressed"/>
      <facetEntailment facetID="SE_16b2_f8" label="Expressed"/>
      <facetEntailment facetID="SE_16b2_f9" label="Expressed"/>
      <facetEntailment facetID="SE_16b2_f10" label="Assumed"/>
      <facetEntailment facetID="SE_16b2_f11" label="Expressed"/>
      <facetEntailment facetID="SE_16b2_f12" label="Expressed"/>
      <facetEntailment facetID="SE_16b2_f13" label="Expressed"/>
      <facetEntailment facetID="SE_16b2_f14" label="Assumed"/>
      <facetEntailment facetID="SE_16b2_f15" label="Expressed"/>
      <facetEntailment facetID="SE_16b2_f16" label="Expressed"/>
      <facetEntailment facetID="SE_16b2_f17" label="Expressed"/>
      <facetEntailment facetID="SE_16b2_f18" label="Expressed"/>
      <facetEntailment facetID="SE_16b2_f19" label="Expressed"/>
    </studentAnswer>
    <studentAnswer id="SE.16b2.124.1" answerText="It will have the same materials like the other containers." accuracy="irrelevant">
      <facetEntailment facetID="SE_16b2_f1" label="Assumed"/>
      <facetEntailment facetID="SE_16b2_f2" label="Assumed"/>
      <facetEntailment facetID="SE_16b2_f3" label="Unaddressed"/>
      <facetEntailment facetID="SE_16b2_f4" label="Unaddressed"/>
      <facetEntailment facetID="SE_16b2_f5" label="Assumed"/>
      <facetEntailment facetID="SE_16b2_f6" label="Assumed"/>
      <facetEntailment facetID="SE_16b2_f7" label="Unaddressed"/>
      <facetEntailment facetID="SE_16b2_f8" label="Unaddressed"/>
      <facetEntailment facetID="SE_16b2_f9" label="Assumed"/>
      <facetEntailment facetID="SE_16b2_f10" label="Assumed"/>
      <facetEntailment facetID="SE_16b2_f11" label="Unaddressed"/>
      <facetEntailment facetID="SE_16b2_f12" label="Unaddressed"/>
      <facetEntailment facetID="SE_16b2_f13" label="Assumed"/>
      <facetEntailment facetID="SE_16b2_f14" label="Assumed"/>
      <facetEntailment facetID="SE_16b2_f15" label="Unaddressed"/>
      <facetEntailment facetID="SE_16b2_f16" label="Unaddressed"/>
      <facetEntailment facetID="SE_16b2_f17" label="Unaddressed"/>
      <facetEntailment facetID="SE_16b2_f18" label="Unaddressed"/>
      <facetEntailment facetID="SE_16b2_f19" label="Unaddressed"/>
    </studentAnswer>
    <studentAnswer id="SE.16b2.132.1" answerText="I used subtracting the B from A." accuracy="partially_correct_incomplete">
      <facetEntailment facetID="SE_16b2_f1" label="Assumed"/>
      <facetEntailment facetID="SE_16b2_f2" label="Assumed"/>
      <facetEntailment facetID="SE_16b2_f3" label="Unaddressed"/>
      <facetEntailment facetID="SE_16b2_f4" label="Unaddressed"/>
      <facetEntailment facetID="SE_16b2_f5" label="Assumed"/>
      <facetEntailment facetID="SE_16b2_f6" label="Assumed"/>
      <facetEntailment facetID="SE_16b2_f7" label="Unaddressed"/>
      <facetEntailment facetID="SE_16b2_f8" label="Unaddressed"/>
      <facetEntailment facetID="SE_16b2_f9" label="Assumed"/>
      <facetEntailment facetID="SE_16b2_f10" label="Assumed"/>
      <facetEntailment facetID="SE_16b2_f11" label="Unaddressed"/>
      <facetEntailment facetID="SE_16b2_f12" label="Unaddressed"/>
      <facetEntailment facetID="SE_16b2_f13" label="Assumed"/>
      <facetEntailment facetID="SE_16b2_f14" label="Assumed"/>
      <facetEntailment facetID="SE_16b2_f15" label="Unaddressed"/>
      <facetEntailment facetID="SE_16b2_f16" label="Inferred"/>
      <facetEntailment facetID="SE_16b2_f17" label="Inferred"/>
      <facetEntailment facetID="SE_16b2_f18" label="Unaddressed"/>
      <facetEntailment facetID="SE_16b2_f19" label="Unaddressed"/>
    </studentAnswer>
    <studentAnswer id="SE.16b2.136.1" answerText="10 Celsius because I will think it would be much in the middle of 10 centimeters and 30 centimeters so that is why I picked 10 Celsius." accuracy="contradictory">
      <facetEntailment facetID="SE_16b2_f1" label="Assumed"/>
      <facetEntailment facetID="SE_16b2_f2" label="Assumed"/>
      <facetEntailment facetID="SE_16b2_f3" label="Inferred"/>
      <facetEntailment facetID="SE_16b2_f4" label="Inferred"/>
      <facetEntailment facetID="SE_16b2_f5" label="Expressed"/>
      <facetEntailment facetID="SE_16b2_f6" label="Assumed"/>
      <facetEntailment facetID="SE_16b2_f7" label="Inferred"/>
      <facetEntailment facetID="SE_16b2_f8" label="Inferred"/>
      <facetEntailment facetID="SE_16b2_f9" label="Expressed"/>
      <facetEntailment facetID="SE_16b2_f10" label="Assumed"/>
      <facetEntailment facetID="SE_16b2_f11" label="Inferred"/>
      <facetEntailment facetID="SE_16b2_f12" label="Inferred"/>
      <facetEntailment facetID="SE_16b2_f13" label="Expressed"/>
      <facetEntailment facetID="SE_16b2_f14" label="Assumed"/>
      <facetEntailment facetID="SE_16b2_f15" label="Expressed"/>
      <facetEntailment facetID="SE_16b2_f16" label="Contra-Expr"/>
      <facetEntailment facetID="SE_16b2_f17" label="Contra-Expr"/>
      <facetEntailment facetID="SE_16b2_f18" label="Unaddressed"/>
      <facetEntailment facetID="SE_16b2_f19" label="Self-Contra"/>
    </studentAnswer>
    <studentAnswer id="SE.16b2.144.1" answerText="Because X 10 minute with 2 Y." accuracy="irrelevant">
      <facetEntailment facetID="SE_16b2_f1" label="Assumed"/>
      <facetEntailment facetID="SE_16b2_f2" label="Assumed"/>
      <facetEntailment facetID="SE_16b2_f3" label="Unaddressed"/>
      <facetEntailment facetID="SE_16b2_f4" label="Unaddressed"/>
      <facetEntailment facetID="SE_16b2_f5" label="Assumed"/>
      <facetEntailment facetID="SE_16b2_f6" label="Assumed"/>
      <facetEntailment facetID="SE_16b2_f7" label="Unaddressed"/>
      <facetEntailment facetID="SE_16b2_f8" label="Unaddressed"/>
      <facetEntailment facetID="SE_16b2_f9" label="Assumed"/>
      <facetEntailment facetID="SE_16b2_f10" label="Assumed"/>
      <facetEntailment facetID="SE_16b2_f11" label="Unaddressed"/>
      <facetEntailment facetID="SE_16b2_f12" label="Unaddressed"/>
      <facetEntailment facetID="SE_16b2_f13" label="Assumed"/>
      <facetEntailment facetID="SE_16b2_f14" label="Assumed"/>
      <facetEntailment facetID="SE_16b2_f15" label="Unaddressed"/>
      <facetEntailment facetID="SE_16b2_f16" label="Unaddressed"/>
      <facetEntailment facetID="SE_16b2_f17" label="Unaddressed"/>
      <facetEntailment facetID="SE_16b2_f18" label="Unaddressed"/>
      <facetEntailment facetID="SE_16b2_f19" label="Unaddressed"/>
    </studentAnswer>
    <studentAnswer id="SE.16b2.154.1" answerText="I think that it would be 10 Celsius that is changed." accuracy="contradictory">
      <facetEntailment facetID="SE_16b2_f1" label="Assumed"/>
      <facetEntailment facetID="SE_16b2_f2" label="Assumed"/>
      <facetEntailment facetID="SE_16b2_f3" label="Unaddressed"/>
      <facetEntailment facetID="SE_16b2_f4" label="Unaddressed"/>
      <facetEntailment facetID="SE_16b2_f5" label="Assumed"/>
      <facetEntailment facetID="SE_16b2_f6" label="Assumed"/>
      <facetEntailment facetID="SE_16b2_f7" label="Unaddressed"/>
      <facetEntailment facetID="SE_16b2_f8" label="Unaddressed"/>
      <facetEntailment facetID="SE_16b2_f9" label="Assumed"/>
      <facetEntailment facetID="SE_16b2_f10" label="Assumed"/>
      <facetEntailment facetID="SE_16b2_f11" label="Unaddressed"/>
      <facetEntailment facetID="SE_16b2_f12" label="Unaddressed"/>
      <facetEntailment facetID="SE_16b2_f13" label="Assumed"/>
      <facetEntailment facetID="SE_16b2_f14" label="Assumed"/>
      <facetEntailment facetID="SE_16b2_f15" label="Unaddressed"/>
      <facetEntailment facetID="SE_16b2_f16" label="Contra-Infr"/>
      <facetEntailment facetID="SE_16b2_f17" label="Contra-Infr"/>
      <facetEntailment facetID="SE_16b2_f18" label="Unaddressed"/>
      <facetEntailment facetID="SE_16b2_f19" label="Unaddressed"/>
    </studentAnswer>
    <studentAnswer id="SE.16b2.162.1" answerText="Because on 10 centimeters is 3 and on 30 centimeters is 9 so in the middle of it is 6." accuracy="correct">
      <facetEntailment facetID="SE_16b2_f1" label="Assumed"/>
      <facetEntailment facetID="SE_16b2_f2" label="Assumed"/>
      <facetEntailment facetID="SE_16b2_f3" label="Inferred"/>
      <facetEntailment facetID="SE_16b2_f4" label="Inferred"/>
      <facetEntailment facetID="SE_16b2_f5" label="Expressed"/>
      <facetEntailment facetID="SE_16b2_f6" label="Assumed"/>
      <facetEntailment facetID="SE_16b2_f7" label="Inferred"/>
      <facetEntailment facetID="SE_16b2_f8" label="Inferred"/>
      <facetEntailment facetID="SE_16b2_f9" label="Expressed"/>
      <facetEntailment facetID="SE_16b2_f10" label="Assumed"/>
      <facetEntailment facetID="SE_16b2_f11" label="Inferred"/>
      <facetEntailment facetID="SE_16b2_f12" label="Inferred"/>
      <facetEntailment facetID="SE_16b2_f13" label="Expressed"/>
      <facetEntailment facetID="SE_16b2_f14" label="Assumed"/>
      <facetEntailment facetID="SE_16b2_f15" label="Inferred"/>
      <facetEntailment facetID="SE_16b2_f16" label="Inferred"/>
      <facetEntailment facetID="SE_16b2_f17" label="Inferred"/>
      <facetEntailment facetID="SE_16b2_f18" label="Expressed"/>
      <facetEntailment facetID="SE_16b2_f19" label="Expressed"/>
    </studentAnswer>
    <studentAnswer id="SE.16b2.164.1" answerText="By using the graph it is saying that 12 Celsius is in the middle." accuracy="contradictory">
      <facetEntailment facetID="SE_16b2_f1" label="Assumed"/>
      <facetEntailment facetID="SE_16b2_f2" label="Assumed"/>
      <facetEntailment facetID="SE_16b2_f3" label="Unaddressed"/>
      <facetEntailment facetID="SE_16b2_f4" label="Unaddressed"/>
      <facetEntailment facetID="SE_16b2_f5" label="Assumed"/>
      <facetEntailment facetID="SE_16b2_f6" label="Assumed"/>
      <facetEntailment facetID="SE_16b2_f7" label="Unaddressed"/>
      <facetEntailment facetID="SE_16b2_f8" label="Unaddressed"/>
      <facetEntailment facetID="SE_16b2_f9" label="Assumed"/>
      <facetEntailment facetID="SE_16b2_f10" label="Assumed"/>
      <facetEntailment facetID="SE_16b2_f11" label="Unaddressed"/>
      <facetEntailment facetID="SE_16b2_f12" label="Unaddressed"/>
      <facetEntailment facetID="SE_16b2_f13" label="Assumed"/>
      <facetEntailment facetID="SE_16b2_f14" label="Assumed"/>
      <facetEntailment facetID="SE_16b2_f15" label="Unaddressed"/>
      <facetEntailment facetID="SE_16b2_f16" label="Contra-Expr"/>
      <facetEntailment facetID="SE_16b2_f17" label="Contra-Expr"/>
      <facetEntailment facetID="SE_16b2_f18" label="Contra-Expr"/>
      <facetEntailment facetID="SE_16b2_f19" label="Self-Contra"/>
    </studentAnswer>
    <studentAnswer id="SE.16b2.165.1" answerText="Because 20 centimeters is in the middle 10 centimeters and 30 centimeters so I guessed in between." accuracy="correct">
      <facetEntailment facetID="SE_16b2_f1" label="Expressed"/>
      <facetEntailment facetID="SE_16b2_f2" label="Expressed"/>
      <facetEntailment facetID="SE_16b2_f3" label="Expressed"/>
      <facetEntailment facetID="SE_16b2_f4" label="Expressed"/>
      <facetEntailment facetID="SE_16b2_f5" label="Expressed"/>
      <facetEntailment facetID="SE_16b2_f6" label="Assumed"/>
      <facetEntailment facetID="SE_16b2_f7" label="Inferred"/>
      <facetEntailment facetID="SE_16b2_f8" label="Inferred"/>
      <facetEntailment facetID="SE_16b2_f9" label="Expressed"/>
      <facetEntailment facetID="SE_16b2_f10" label="Assumed"/>
      <facetEntailment facetID="SE_16b2_f11" label="Inferred"/>
      <facetEntailment facetID="SE_16b2_f12" label="Inferred"/>
      <facetEntailment facetID="SE_16b2_f13" label="Expressed"/>
      <facetEntailment facetID="SE_16b2_f14" label="Assumed"/>
      <facetEntailment facetID="SE_16b2_f15" label="Expressed"/>
      <facetEntailment facetID="SE_16b2_f16" label="Inferred"/>
      <facetEntailment facetID="SE_16b2_f17" label="Inferred"/>
      <facetEntailment facetID="SE_16b2_f18" label="Inferred"/>
      <facetEntailment facetID="SE_16b2_f19" label="Expressed"/>
    </studentAnswer>
    <studentAnswer id="SE.16b2.166.1" answerText="If the container is 20 centimeters in width the temperature should be between the 10 centimeters container and the 30 centimeters container." accuracy="correct">
      <facetEntailment facetID="SE_16b2_f1" label="Expressed"/>
      <facetEntailment facetID="SE_16b2_f2" label="Expressed"/>
      <facetEntailment facetID="SE_16b2_f3" label="Inferred"/>
      <facetEntailment facetID="SE_16b2_f4" label="Inferred"/>
      <facetEntailment facetID="SE_16b2_f5" label="Expressed"/>
      <facetEntailment facetID="SE_16b2_f6" label="Assumed"/>
      <facetEntailment facetID="SE_16b2_f7" label="Inferred"/>
      <facetEntailment facetID="SE_16b2_f8" label="Inferred"/>
      <facetEntailment facetID="SE_16b2_f9" label="Expressed"/>
      <facetEntailment facetID="SE_16b2_f10" label="Expressed"/>
      <facetEntailment facetID="SE_16b2_f11" label="Inferred"/>
      <facetEntailment facetID="SE_16b2_f12" label="Inferred"/>
      <facetEntailment facetID="SE_16b2_f13" label="Expressed"/>
      <facetEntailment facetID="SE_16b2_f14" label="Expressed"/>
      <facetEntailment facetID="SE_16b2_f15" label="Inferred"/>
      <facetEntailment facetID="SE_16b2_f16" label="Inferred"/>
      <facetEntailment facetID="SE_16b2_f17" label="Inferred"/>
      <facetEntailment facetID="SE_16b2_f18" label="Inferred"/>
      <facetEntailment facetID="SE_16b2_f19" label="Inferred"/>
    </studentAnswer>
    <studentAnswer id="SE.16b2.178.1" answerText="I think the temperature for the new container is smaller, because one is smaller." accuracy="partially_correct_incomplete">
      <facetEntailment facetID="SE_16b2_f1" label="Assumed"/>
      <facetEntailment facetID="SE_16b2_f2" label="Assumed"/>
      <facetEntailment facetID="SE_16b2_f3" label="Unaddressed"/>
      <facetEntailment facetID="SE_16b2_f4" label="Unaddressed"/>
      <facetEntailment facetID="SE_16b2_f5" label="Assumed"/>
      <facetEntailment facetID="SE_16b2_f6" label="Assumed"/>
      <facetEntailment facetID="SE_16b2_f7" label="Expressed"/>
      <facetEntailment facetID="SE_16b2_f8" label="Unaddressed"/>
      <facetEntailment facetID="SE_16b2_f9" label="Assumed"/>
      <facetEntailment facetID="SE_16b2_f10" label="Assumed"/>
      <facetEntailment facetID="SE_16b2_f11" label="Unaddressed"/>
      <facetEntailment facetID="SE_16b2_f12" label="Unaddressed"/>
      <facetEntailment facetID="SE_16b2_f13" label="Assumed"/>
      <facetEntailment facetID="SE_16b2_f14" label="Assumed"/>
      <facetEntailment facetID="SE_16b2_f15" label="Unaddressed"/>
      <facetEntailment facetID="SE_16b2_f16" label="Unaddressed"/>
      <facetEntailment facetID="SE_16b2_f17" label="Unaddressed"/>
      <facetEntailment facetID="SE_16b2_f18" label="Unaddressed"/>
      <facetEntailment facetID="SE_16b2_f19" label="Unaddressed"/>
    </studentAnswer>
    <studentAnswer id="SE.16b2.179.1" answerText="I think it would be 10 Celsius because it will take the container less time to get hot." accuracy="contradictory">
      <facetEntailment facetID="SE_16b2_f1" label="Assumed"/>
      <facetEntailment facetID="SE_16b2_f2" label="Assumed"/>
      <facetEntailment facetID="SE_16b2_f3" label="Unaddressed"/>
      <facetEntailment facetID="SE_16b2_f4" label="Unaddressed"/>
      <facetEntailment facetID="SE_16b2_f5" label="Assumed"/>
      <facetEntailment facetID="SE_16b2_f6" label="Assumed"/>
      <facetEntailment facetID="SE_16b2_f7" label="Contra-Infr"/>
      <facetEntailment facetID="SE_16b2_f8" label="Contra-Infr"/>
      <facetEntailment facetID="SE_16b2_f9" label="Assumed"/>
      <facetEntailment facetID="SE_16b2_f10" label="Assumed"/>
      <facetEntailment facetID="SE_16b2_f11" label="Inferred"/>
      <facetEntailment facetID="SE_16b2_f12" label="Inferred"/>
      <facetEntailment facetID="SE_16b2_f13" label="Assumed"/>
      <facetEntailment facetID="SE_16b2_f14" label="Assumed"/>
      <facetEntailment facetID="SE_16b2_f15" label="Inferred"/>
      <facetEntailment facetID="SE_16b2_f16" label="Contra-Expr"/>
      <facetEntailment facetID="SE_16b2_f17" label="Contra-Expr"/>
      <facetEntailment facetID="SE_16b2_f18" label="Unaddressed"/>
      <facetEntailment facetID="SE_16b2_f19" label="Unaddressed"/>
    </studentAnswer>
    <studentAnswer id="SE.16b2.191.1" answerText="The new container would be in the middle of A and B. The temperature would have to be something in between 3 Celsius and 9 Celsius." accuracy="correct">
      <facetEntailment facetID="SE_16b2_f1" label="Assumed"/>
      <facetEntailment facetID="SE_16b2_f2" label="Assumed"/>
      <facetEntailment facetID="SE_16b2_f3" label="Inferred"/>
      <facetEntailment facetID="SE_16b2_f4" label="Inferred"/>
      <facetEntailment facetID="SE_16b2_f5" label="Assumed"/>
      <facetEntailment facetID="SE_16b2_f6" label="Assumed"/>
      <facetEntailment facetID="SE_16b2_f7" label="Inferred"/>
      <facetEntailment facetID="SE_16b2_f8" label="Inferred"/>
      <facetEntailment facetID="SE_16b2_f9" label="Assumed"/>
      <facetEntailment facetID="SE_16b2_f10" label="Assumed"/>
      <facetEntailment facetID="SE_16b2_f11" label="Inferred"/>
      <facetEntailment facetID="SE_16b2_f12" label="Inferred"/>
      <facetEntailment facetID="SE_16b2_f13" label="Assumed"/>
      <facetEntailment facetID="SE_16b2_f14" label="Assumed"/>
      <facetEntailment facetID="SE_16b2_f15" label="Inferred"/>
      <facetEntailment facetID="SE_16b2_f16" label="Inferred"/>
      <facetEntailment facetID="SE_16b2_f17" label="Inferred"/>
      <facetEntailment facetID="SE_16b2_f18" label="Inferred"/>
      <facetEntailment facetID="SE_16b2_f19" label="Expressed"/>
    </studentAnswer>
    <studentAnswer id="SE.16b2.255.1" answerText="Change the container ever 20 minutes." accuracy="irrelevant">
      <facetEntailment facetID="SE_16b2_f1" label="Assumed"/>
      <facetEntailment facetID="SE_16b2_f2" label="Assumed"/>
      <facetEntailment facetID="SE_16b2_f3" label="Unaddressed"/>
      <facetEntailment facetID="SE_16b2_f4" label="Unaddressed"/>
      <facetEntailment facetID="SE_16b2_f5" label="Assumed"/>
      <facetEntailment facetID="SE_16b2_f6" label="Assumed"/>
      <facetEntailment facetID="SE_16b2_f7" label="Unaddressed"/>
      <facetEntailment facetID="SE_16b2_f8" label="Unaddressed"/>
      <facetEntailment facetID="SE_16b2_f9" label="Assumed"/>
      <facetEntailment facetID="SE_16b2_f10" label="Assumed"/>
      <facetEntailment facetID="SE_16b2_f11" label="Unaddressed"/>
      <facetEntailment facetID="SE_16b2_f12" label="Unaddressed"/>
      <facetEntailment facetID="SE_16b2_f13" label="Assumed"/>
      <facetEntailment facetID="SE_16b2_f14" label="Assumed"/>
      <facetEntailment facetID="SE_16b2_f15" label="Unaddressed"/>
      <facetEntailment facetID="SE_16b2_f16" label="Unaddressed"/>
      <facetEntailment facetID="SE_16b2_f17" label="Unaddressed"/>
      <facetEntailment facetID="SE_16b2_f18" label="Unaddressed"/>
      <facetEntailment facetID="SE_16b2_f19" label="Unaddressed"/>
    </studentAnswer>
    <studentAnswer id="SE.16b2.319.1" answerText="It will change because it could be it could change different places." accuracy="irrelevant">
      <facetEntailment facetID="SE_16b2_f1" label="Assumed"/>
      <facetEntailment facetID="SE_16b2_f2" label="Assumed"/>
      <facetEntailment facetID="SE_16b2_f3" label="Unaddressed"/>
      <facetEntailment facetID="SE_16b2_f4" label="Unaddressed"/>
      <facetEntailment facetID="SE_16b2_f5" label="Assumed"/>
      <facetEntailment facetID="SE_16b2_f6" label="Assumed"/>
      <facetEntailment facetID="SE_16b2_f7" label="Unaddressed"/>
      <facetEntailment facetID="SE_16b2_f8" label="Unaddressed"/>
      <facetEntailment facetID="SE_16b2_f9" label="Assumed"/>
      <facetEntailment facetID="SE_16b2_f10" label="Assumed"/>
      <facetEntailment facetID="SE_16b2_f11" label="Unaddressed"/>
      <facetEntailment facetID="SE_16b2_f12" label="Unaddressed"/>
      <facetEntailment facetID="SE_16b2_f13" label="Assumed"/>
      <facetEntailment facetID="SE_16b2_f14" label="Assumed"/>
      <facetEntailment facetID="SE_16b2_f15" label="Unaddressed"/>
      <facetEntailment facetID="SE_16b2_f16" label="Unaddressed"/>
      <facetEntailment facetID="SE_16b2_f17" label="Unaddressed"/>
      <facetEntailment facetID="SE_16b2_f18" label="Unaddressed"/>
      <facetEntailment facetID="SE_16b2_f19" label="Unaddressed"/>
    </studentAnswer>
    <studentAnswer id="SE.16b2.327.1" answerText="I just times it by how it is or just the way it is." accuracy="irrelevant">
      <facetEntailment facetID="SE_16b2_f1" label="Assumed"/>
      <facetEntailment facetID="SE_16b2_f2" label="Assumed"/>
      <facetEntailment facetID="SE_16b2_f3" label="Unaddressed"/>
      <facetEntailment facetID="SE_16b2_f4" label="Unaddressed"/>
      <facetEntailment facetID="SE_16b2_f5" label="Assumed"/>
      <facetEntailment facetID="SE_16b2_f6" label="Assumed"/>
      <facetEntailment facetID="SE_16b2_f7" label="Unaddressed"/>
      <facetEntailment facetID="SE_16b2_f8" label="Unaddressed"/>
      <facetEntailment facetID="SE_16b2_f9" label="Assumed"/>
      <facetEntailment facetID="SE_16b2_f10" label="Assumed"/>
      <facetEntailment facetID="SE_16b2_f11" label="Unaddressed"/>
      <facetEntailment facetID="SE_16b2_f12" label="Unaddressed"/>
      <facetEntailment facetID="SE_16b2_f13" label="Assumed"/>
      <facetEntailment facetID="SE_16b2_f14" label="Assumed"/>
      <facetEntailment facetID="SE_16b2_f15" label="Unaddressed"/>
      <facetEntailment facetID="SE_16b2_f16" label="Unaddressed"/>
      <facetEntailment facetID="SE_16b2_f17" label="Unaddressed"/>
      <facetEntailment facetID="SE_16b2_f18" label="Unaddressed"/>
      <facetEntailment facetID="SE_16b2_f19" label="Unaddressed"/>
    </studentAnswer>
    <studentAnswer id="SE.16b2.339.1" answerText="Because it went by 3 and that is why I pick that number." accuracy="irrelevant">
      <facetEntailment facetID="SE_16b2_f1" label="Assumed"/>
      <facetEntailment facetID="SE_16b2_f2" label="Assumed"/>
      <facetEntailment facetID="SE_16b2_f3" label="Unaddressed"/>
      <facetEntailment facetID="SE_16b2_f4" label="Unaddressed"/>
      <facetEntailment facetID="SE_16b2_f5" label="Assumed"/>
      <facetEntailment facetID="SE_16b2_f6" label="Assumed"/>
      <facetEntailment facetID="SE_16b2_f7" label="Unaddressed"/>
      <facetEntailment facetID="SE_16b2_f8" label="Unaddressed"/>
      <facetEntailment facetID="SE_16b2_f9" label="Assumed"/>
      <facetEntailment facetID="SE_16b2_f10" label="Assumed"/>
      <facetEntailment facetID="SE_16b2_f11" label="Unaddressed"/>
      <facetEntailment facetID="SE_16b2_f12" label="Unaddressed"/>
      <facetEntailment facetID="SE_16b2_f13" label="Assumed"/>
      <facetEntailment facetID="SE_16b2_f14" label="Assumed"/>
      <facetEntailment facetID="SE_16b2_f15" label="Unaddressed"/>
      <facetEntailment facetID="SE_16b2_f16" label="Unaddressed"/>
      <facetEntailment facetID="SE_16b2_f17" label="Unaddressed"/>
      <facetEntailment facetID="SE_16b2_f18" label="Unaddressed"/>
      <facetEntailment facetID="SE_16b2_f19" label="Unaddressed"/>
    </studentAnswer>
    <studentAnswer id="SE.16b2.394.1" answerText="Is by the between of 3 Celsius and 9 Celsius 6 Celsius so I looked at 10 and that is how I decided." accuracy="correct">
      <facetEntailment facetID="SE_16b2_f1" label="Assumed"/>
      <facetEntailment facetID="SE_16b2_f2" label="Assumed"/>
      <facetEntailment facetID="SE_16b2_f3" label="Inferred"/>
      <facetEntailment facetID="SE_16b2_f4" label="Inferred"/>
      <facetEntailment facetID="SE_16b2_f5" label="Assumed"/>
      <facetEntailment facetID="SE_16b2_f6" label="Assumed"/>
      <facetEntailment facetID="SE_16b2_f7" label="Inferred"/>
      <facetEntailment facetID="SE_16b2_f8" label="Inferred"/>
      <facetEntailment facetID="SE_16b2_f9" label="Assumed"/>
      <facetEntailment facetID="SE_16b2_f10" label="Assumed"/>
      <facetEntailment facetID="SE_16b2_f11" label="Inferred"/>
      <facetEntailment facetID="SE_16b2_f12" label="Inferred"/>
      <facetEntailment facetID="SE_16b2_f13" label="Assumed"/>
      <facetEntailment facetID="SE_16b2_f14" label="Assumed"/>
      <facetEntailment facetID="SE_16b2_f15" label="Inferred"/>
      <facetEntailment facetID="SE_16b2_f16" label="Expressed"/>
      <facetEntailment facetID="SE_16b2_f17" label="Expressed"/>
      <facetEntailment facetID="SE_16b2_f18" label="Expressed"/>
      <facetEntailment facetID="SE_16b2_f19" label="Expressed"/>
    </studentAnswer>
    <studentAnswer id="SE.16b2.397.1" answerText="Because I looked at my graph to tell what it would be." accuracy="irrelevant">
      <facetEntailment facetID="SE_16b2_f1" label="Assumed"/>
      <facetEntailment facetID="SE_16b2_f2" label="Assumed"/>
      <facetEntailment facetID="SE_16b2_f3" label="Unaddressed"/>
      <facetEntailment facetID="SE_16b2_f4" label="Unaddressed"/>
      <facetEntailment facetID="SE_16b2_f5" label="Assumed"/>
      <facetEntailment facetID="SE_16b2_f6" label="Assumed"/>
      <facetEntailment facetID="SE_16b2_f7" label="Unaddressed"/>
      <facetEntailment facetID="SE_16b2_f8" label="Unaddressed"/>
      <facetEntailment facetID="SE_16b2_f9" label="Assumed"/>
      <facetEntailment facetID="SE_16b2_f10" label="Assumed"/>
      <facetEntailment facetID="SE_16b2_f11" label="Unaddressed"/>
      <facetEntailment facetID="SE_16b2_f12" label="Unaddressed"/>
      <facetEntailment facetID="SE_16b2_f13" label="Assumed"/>
      <facetEntailment facetID="SE_16b2_f14" label="Assumed"/>
      <facetEntailment facetID="SE_16b2_f15" label="Unaddressed"/>
      <facetEntailment facetID="SE_16b2_f16" label="Unaddressed"/>
      <facetEntailment facetID="SE_16b2_f17" label="Unaddressed"/>
      <facetEntailment facetID="SE_16b2_f18" label="Unaddressed"/>
      <facetEntailment facetID="SE_16b2_f19" label="Unaddressed"/>
    </studentAnswer>
    <studentAnswer id="SE.16b2.403.1" answerText="Because I looked at 10 centimeters and looked at 10 minutes and then I thought what was half of 3 and that is how I got my answer." accuracy="contradictory">
      <facetEntailment facetID="SE_16b2_f1" label="Assumed"/>
      <facetEntailment facetID="SE_16b2_f2" label="Assumed"/>
      <facetEntailment facetID="SE_16b2_f3" label="Unaddressed"/>
      <facetEntailment facetID="SE_16b2_f4" label="Unaddressed"/>
      <facetEntailment facetID="SE_16b2_f5" label="Assumed"/>
      <facetEntailment facetID="SE_16b2_f6" label="Assumed"/>
      <facetEntailment facetID="SE_16b2_f7" label="Unaddressed"/>
      <facetEntailment facetID="SE_16b2_f8" label="Unaddressed"/>
      <facetEntailment facetID="SE_16b2_f9" label="Assumed"/>
      <facetEntailment facetID="SE_16b2_f10" label="Assumed"/>
      <facetEntailment facetID="SE_16b2_f11" label="Unaddressed"/>
      <facetEntailment facetID="SE_16b2_f12" label="Contra-Infr"/>
      <facetEntailment facetID="SE_16b2_f13" label="Expressed"/>
      <facetEntailment facetID="SE_16b2_f14" label="Assumed"/>
      <facetEntailment facetID="SE_16b2_f15" label="Diff-Arg"/>
      <facetEntailment facetID="SE_16b2_f16" label="Contra-Infr"/>
      <facetEntailment facetID="SE_16b2_f17" label="Contra-Infr"/>
      <facetEntailment facetID="SE_16b2_f18" label="Unaddressed"/>
      <facetEntailment facetID="SE_16b2_f19" label="Unaddressed"/>
    </studentAnswer>
    <studentAnswer id="SE.16b2.496.1" answerText="I chose 6 Celsius because you would be counting by 3's if there was a 20 centimeters long, because the length of each container was counting by 10's." accuracy="correct">
      <facetEntailment facetID="SE_16b2_f1" label="Expressed"/>
      <facetEntailment facetID="SE_16b2_f2" label="Expressed"/>
      <facetEntailment facetID="SE_16b2_f3" label="Inferred"/>
      <facetEntailment facetID="SE_16b2_f4" label="Inferred"/>
      <facetEntailment facetID="SE_16b2_f5" label="Assumed"/>
      <facetEntailment facetID="SE_16b2_f6" label="Assumed"/>
      <facetEntailment facetID="SE_16b2_f7" label="Inferred"/>
      <facetEntailment facetID="SE_16b2_f8" label="Inferred"/>
      <facetEntailment facetID="SE_16b2_f9" label="Assumed"/>
      <facetEntailment facetID="SE_16b2_f10" label="Assumed"/>
      <facetEntailment facetID="SE_16b2_f11" label="Inferred"/>
      <facetEntailment facetID="SE_16b2_f12" label="Inferred"/>
      <facetEntailment facetID="SE_16b2_f13" label="Assumed"/>
      <facetEntailment facetID="SE_16b2_f14" label="Assumed"/>
      <facetEntailment facetID="SE_16b2_f15" label="Inferred"/>
      <facetEntailment facetID="SE_16b2_f16" label="Expressed"/>
      <facetEntailment facetID="SE_16b2_f17" label="Expressed"/>
      <facetEntailment facetID="SE_16b2_f18" label="Inferred"/>
      <facetEntailment facetID="SE_16b2_f19" label="Inferred"/>
    </studentAnswer>
    <studentAnswer id="SE.16b2.504.1" answerText="I decided it by saying to myself, Well 20 centimeters is in between 10 centimeters and 30 centimeters so I will make the temperature in between." accuracy="correct">
      <facetEntailment facetID="SE_16b2_f1" label="Expressed"/>
      <facetEntailment facetID="SE_16b2_f2" label="Assumed"/>
      <facetEntailment facetID="SE_16b2_f3" label="Expressed"/>
      <facetEntailment facetID="SE_16b2_f4" label="Expressed"/>
      <facetEntailment facetID="SE_16b2_f5" label="Expressed"/>
      <facetEntailment facetID="SE_16b2_f6" label="Assumed"/>
      <facetEntailment facetID="SE_16b2_f7" label="Inferred"/>
      <facetEntailment facetID="SE_16b2_f8" label="Inferred"/>
      <facetEntailment facetID="SE_16b2_f9" label="Expressed"/>
      <facetEntailment facetID="SE_16b2_f10" label="Assumed"/>
      <facetEntailment facetID="SE_16b2_f11" label="Inferred"/>
      <facetEntailment facetID="SE_16b2_f12" label="Inferred"/>
      <facetEntailment facetID="SE_16b2_f13" label="Expressed"/>
      <facetEntailment facetID="SE_16b2_f14" label="Assumed"/>
      <facetEntailment facetID="SE_16b2_f15" label="Expressed"/>
      <facetEntailment facetID="SE_16b2_f16" label="Inferred"/>
      <facetEntailment facetID="SE_16b2_f17" label="Inferred"/>
      <facetEntailment facetID="SE_16b2_f18" label="Inferred"/>
      <facetEntailment facetID="SE_16b2_f19" label="Inferred"/>
    </studentAnswer>
    <studentAnswer id="SE.16b2.507.1" answerText="Well, 20 centimeters long is in between water heaters A and B, so I looked at their heating temperature between the 2 at 10 minutes then I would estimate what that middle number would be. And it is 6 Celsius." accuracy="correct">
      <facetEntailment facetID="SE_16b2_f1" label="Expressed"/>
      <facetEntailment facetID="SE_16b2_f2" label="Expressed"/>
      <facetEntailment facetID="SE_16b2_f3" label="Inferred"/>
      <facetEntailment facetID="SE_16b2_f4" label="Inferred"/>
      <facetEntailment facetID="SE_16b2_f5" label="Assumed"/>
      <facetEntailment facetID="SE_16b2_f6" label="Assumed"/>
      <facetEntailment facetID="SE_16b2_f7" label="Inferred"/>
      <facetEntailment facetID="SE_16b2_f8" label="Inferred"/>
      <facetEntailment facetID="SE_16b2_f9" label="Assumed"/>
      <facetEntailment facetID="SE_16b2_f10" label="Assumed"/>
      <facetEntailment facetID="SE_16b2_f11" label="Inferred"/>
      <facetEntailment facetID="SE_16b2_f12" label="Inferred"/>
      <facetEntailment facetID="SE_16b2_f13" label="Assumed"/>
      <facetEntailment facetID="SE_16b2_f14" label="Assumed"/>
      <facetEntailment facetID="SE_16b2_f15" label="Expressed"/>
      <facetEntailment facetID="SE_16b2_f16" label="Expressed"/>
      <facetEntailment facetID="SE_16b2_f17" label="Expressed"/>
      <facetEntailment facetID="SE_16b2_f18" label="Expressed"/>
      <facetEntailment facetID="SE_16b2_f19" label="Expressed"/>
    </studentAnswer>
    <studentAnswer id="SE.16b2.508.1" answerText="I added A and B 10 minutes and divided the sum by 2 and got the average." accuracy="correct">
      <facetEntailment facetID="SE_16b2_f1" label="Assumed"/>
      <facetEntailment facetID="SE_16b2_f2" label="Assumed"/>
      <facetEntailment facetID="SE_16b2_f3" label="Inferred"/>
      <facetEntailment facetID="SE_16b2_f4" label="Inferred"/>
      <facetEntailment facetID="SE_16b2_f5" label="Assumed"/>
      <facetEntailment facetID="SE_16b2_f6" label="Assumed"/>
      <facetEntailment facetID="SE_16b2_f7" label="Inferred"/>
      <facetEntailment facetID="SE_16b2_f8" label="Inferred"/>
      <facetEntailment facetID="SE_16b2_f9" label="Assumed"/>
      <facetEntailment facetID="SE_16b2_f10" label="Assumed"/>
      <facetEntailment facetID="SE_16b2_f11" label="Inferred"/>
      <facetEntailment facetID="SE_16b2_f12" label="Inferred"/>
      <facetEntailment facetID="SE_16b2_f13" label="Assumed"/>
      <facetEntailment facetID="SE_16b2_f14" label="Assumed"/>
      <facetEntailment facetID="SE_16b2_f15" label="Inferred"/>
      <facetEntailment facetID="SE_16b2_f16" label="Inferred"/>
      <facetEntailment facetID="SE_16b2_f17" label="Inferred"/>
      <facetEntailment facetID="SE_16b2_f18" label="Inferred"/>
      <facetEntailment facetID="SE_16b2_f19" label="Expressed"/>
    </studentAnswer>
    <studentAnswer id="SE.16b2.516.1" answerText="I decided that temperature because a 20 centimeters water heater would probably half of what it is." accuracy="partially_correct_incomplete">
      <facetEntailment facetID="SE_16b2_f1" label="Expressed"/>
      <facetEntailment facetID="SE_16b2_f2" label="Expressed"/>
      <facetEntailment facetID="SE_16b2_f3" label="Unaddressed"/>
      <facetEntailment facetID="SE_16b2_f4" label="Unaddressed"/>
      <facetEntailment facetID="SE_16b2_f5" label="Assumed"/>
      <facetEntailment facetID="SE_16b2_f6" label="Assumed"/>
      <facetEntailment facetID="SE_16b2_f7" label="Unaddressed"/>
      <facetEntailment facetID="SE_16b2_f8" label="Unaddressed"/>
      <facetEntailment facetID="SE_16b2_f9" label="Assumed"/>
      <facetEntailment facetID="SE_16b2_f10" label="Assumed"/>
      <facetEntailment facetID="SE_16b2_f11" label="Unaddressed"/>
      <facetEntailment facetID="SE_16b2_f12" label="Unaddressed"/>
      <facetEntailment facetID="SE_16b2_f13" label="Assumed"/>
      <facetEntailment facetID="SE_16b2_f14" label="Assumed"/>
      <facetEntailment facetID="SE_16b2_f15" label="Unaddressed"/>
      <facetEntailment facetID="SE_16b2_f16" label="Unaddressed"/>
      <facetEntailment facetID="SE_16b2_f17" label="Unaddressed"/>
      <facetEntailment facetID="SE_16b2_f18" label="Unaddressed"/>
      <facetEntailment facetID="SE_16b2_f19" label="Expressed"/>
    </studentAnswer>
    <studentAnswer id="SE.16b2.517.1" answerText="Because table is going in a pattern on the 10 minute mark." accuracy="irrelevant">
      <facetEntailment facetID="SE_16b2_f1" label="Assumed"/>
      <facetEntailment facetID="SE_16b2_f2" label="Assumed"/>
      <facetEntailment facetID="SE_16b2_f3" label="Unaddressed"/>
      <facetEntailment facetID="SE_16b2_f4" label="Unaddressed"/>
      <facetEntailment facetID="SE_16b2_f5" label="Assumed"/>
      <facetEntailment facetID="SE_16b2_f6" label="Assumed"/>
      <facetEntailment facetID="SE_16b2_f7" label="Unaddressed"/>
      <facetEntailment facetID="SE_16b2_f8" label="Unaddressed"/>
      <facetEntailment facetID="SE_16b2_f9" label="Assumed"/>
      <facetEntailment facetID="SE_16b2_f10" label="Assumed"/>
      <facetEntailment facetID="SE_16b2_f11" label="Unaddressed"/>
      <facetEntailment facetID="SE_16b2_f12" label="Unaddressed"/>
      <facetEntailment facetID="SE_16b2_f13" label="Assumed"/>
      <facetEntailment facetID="SE_16b2_f14" label="Assumed"/>
      <facetEntailment facetID="SE_16b2_f15" label="Unaddressed"/>
      <facetEntailment facetID="SE_16b2_f16" label="Unaddressed"/>
      <facetEntailment facetID="SE_16b2_f17" label="Unaddressed"/>
      <facetEntailment facetID="SE_16b2_f18" label="Unaddressed"/>
      <facetEntailment facetID="SE_16b2_f19" label="Unaddressed"/>
    </studentAnswer>
    <studentAnswer id="SE.16b2.528.1" answerText="Because if you think of it it will be what you are looking for." accuracy="irrelevant">
      <facetEntailment facetID="SE_16b2_f1" label="Assumed"/>
      <facetEntailment facetID="SE_16b2_f2" label="Assumed"/>
      <facetEntailment facetID="SE_16b2_f3" label="Unaddressed"/>
      <facetEntailment facetID="SE_16b2_f4" label="Unaddressed"/>
      <facetEntailment facetID="SE_16b2_f5" label="Assumed"/>
      <facetEntailment facetID="SE_16b2_f6" label="Assumed"/>
      <facetEntailment facetID="SE_16b2_f7" label="Unaddressed"/>
      <facetEntailment facetID="SE_16b2_f8" label="Unaddressed"/>
      <facetEntailment facetID="SE_16b2_f9" label="Assumed"/>
      <facetEntailment facetID="SE_16b2_f10" label="Assumed"/>
      <facetEntailment facetID="SE_16b2_f11" label="Unaddressed"/>
      <facetEntailment facetID="SE_16b2_f12" label="Unaddressed"/>
      <facetEntailment facetID="SE_16b2_f13" label="Assumed"/>
      <facetEntailment facetID="SE_16b2_f14" label="Assumed"/>
      <facetEntailment facetID="SE_16b2_f15" label="Unaddressed"/>
      <facetEntailment facetID="SE_16b2_f16" label="Unaddressed"/>
      <facetEntailment facetID="SE_16b2_f17" label="Unaddressed"/>
      <facetEntailment facetID="SE_16b2_f18" label="Unaddressed"/>
      <facetEntailment facetID="SE_16b2_f19" label="Unaddressed"/>
    </studentAnswer>
    <studentAnswer id="SE.16b2.533.1" answerText="I decided it would be 6 Celsius for 10 minutes because it is counting by 3's. Also because the bigger it gets the hotter it would be." accuracy="correct">
      <facetEntailment facetID="SE_16b2_f1" label="Assumed"/>
      <facetEntailment facetID="SE_16b2_f2" label="Assumed"/>
      <facetEntailment facetID="SE_16b2_f3" label="Inferred"/>
      <facetEntailment facetID="SE_16b2_f4" label="Inferred"/>
      <facetEntailment facetID="SE_16b2_f5" label="Assumed"/>
      <facetEntailment facetID="SE_16b2_f6" label="Assumed"/>
      <facetEntailment facetID="SE_16b2_f7" label="Inferred"/>
      <facetEntailment facetID="SE_16b2_f8" label="Inferred"/>
      <facetEntailment facetID="SE_16b2_f9" label="Assumed"/>
      <facetEntailment facetID="SE_16b2_f10" label="Assumed"/>
      <facetEntailment facetID="SE_16b2_f11" label="Inferred"/>
      <facetEntailment facetID="SE_16b2_f12" label="Inferred"/>
      <facetEntailment facetID="SE_16b2_f13" label="Assumed"/>
      <facetEntailment facetID="SE_16b2_f14" label="Assumed"/>
      <facetEntailment facetID="SE_16b2_f15" label="Inferred"/>
      <facetEntailment facetID="SE_16b2_f16" label="Expressed"/>
      <facetEntailment facetID="SE_16b2_f17" label="Expressed"/>
      <facetEntailment facetID="SE_16b2_f18" label="Inferred"/>
      <facetEntailment facetID="SE_16b2_f19" label="Inferred"/>
    </studentAnswer>
    <studentAnswer id="SE.16b2.542.1" answerText="Because it has the size between 10 centimeters and 3 centimeters and if you look at the table the temperature should be the middle." accuracy="correct">
      <facetEntailment facetID="SE_16b2_f1" label="Assumed"/>
      <facetEntailment facetID="SE_16b2_f2" label="Assumed"/>
      <facetEntailment facetID="SE_16b2_f3" label="Expressed"/>
      <facetEntailment facetID="SE_16b2_f4" label="Inferred"/>
      <facetEntailment facetID="SE_16b2_f5" label="Assumed"/>
      <facetEntailment facetID="SE_16b2_f6" label="Assumed"/>
      <facetEntailment facetID="SE_16b2_f7" label="Inferred"/>
      <facetEntailment facetID="SE_16b2_f8" label="Inferred"/>
      <facetEntailment facetID="SE_16b2_f9" label="Assumed"/>
      <facetEntailment facetID="SE_16b2_f10" label="Assumed"/>
      <facetEntailment facetID="SE_16b2_f11" label="Inferred"/>
      <facetEntailment facetID="SE_16b2_f12" label="Inferred"/>
      <facetEntailment facetID="SE_16b2_f13" label="Expressed"/>
      <facetEntailment facetID="SE_16b2_f14" label="Assumed"/>
      <facetEntailment facetID="SE_16b2_f15" label="Inferred"/>
      <facetEntailment facetID="SE_16b2_f16" label="Inferred"/>
      <facetEntailment facetID="SE_16b2_f17" label="Inferred"/>
      <facetEntailment facetID="SE_16b2_f18" label="Inferred"/>
      <facetEntailment facetID="SE_16b2_f19" label="Expressed"/>
    </studentAnswer>
    <studentAnswer id="SE.16b2.583.1" answerText="The one that is 20 centimeters longer will not get as hot. Because it is longer. Because the longer it is the more time it takes." accuracy="partially_correct_incomplete">
      <facetEntailment facetID="SE_16b2_f1" label="Expressed"/>
      <facetEntailment facetID="SE_16b2_f2" label="Expressed"/>
      <facetEntailment facetID="SE_16b2_f3" label="Unaddressed"/>
      <facetEntailment facetID="SE_16b2_f4" label="Unaddressed"/>
      <facetEntailment facetID="SE_16b2_f5" label="Assumed"/>
      <facetEntailment facetID="SE_16b2_f6" label="Assumed"/>
      <facetEntailment facetID="SE_16b2_f7" label="Inferred"/>
      <facetEntailment facetID="SE_16b2_f8" label="Unaddressed"/>
      <facetEntailment facetID="SE_16b2_f9" label="Assumed"/>
      <facetEntailment facetID="SE_16b2_f10" label="Assumed"/>
      <facetEntailment facetID="SE_16b2_f11" label="Unaddressed"/>
      <facetEntailment facetID="SE_16b2_f12" label="Unaddressed"/>
      <facetEntailment facetID="SE_16b2_f13" label="Assumed"/>
      <facetEntailment facetID="SE_16b2_f14" label="Assumed"/>
      <facetEntailment facetID="SE_16b2_f15" label="Unaddressed"/>
      <facetEntailment facetID="SE_16b2_f16" label="Unaddressed"/>
      <facetEntailment facetID="SE_16b2_f17" label="Unaddressed"/>
      <facetEntailment facetID="SE_16b2_f18" label="Unaddressed"/>
      <facetEntailment facetID="SE_16b2_f19" label="Unaddressed"/>
    </studentAnswer>
    <studentAnswer id="SE.16b2.593.1" answerText="I decided what the temperature was going to be because if you look at 10 minutes it will look like its going up by 3's." accuracy="irrelevant">
      <facetEntailment facetID="SE_16b2_f1" label="Assumed"/>
      <facetEntailment facetID="SE_16b2_f2" label="Assumed"/>
      <facetEntailment facetID="SE_16b2_f3" label="Unaddressed"/>
      <facetEntailment facetID="SE_16b2_f4" label="Unaddressed"/>
      <facetEntailment facetID="SE_16b2_f5" label="Assumed"/>
      <facetEntailment facetID="SE_16b2_f6" label="Assumed"/>
      <facetEntailment facetID="SE_16b2_f7" label="Unaddressed"/>
      <facetEntailment facetID="SE_16b2_f8" label="Unaddressed"/>
      <facetEntailment facetID="SE_16b2_f9" label="Assumed"/>
      <facetEntailment facetID="SE_16b2_f10" label="Assumed"/>
      <facetEntailment facetID="SE_16b2_f11" label="Unaddressed"/>
      <facetEntailment facetID="SE_16b2_f12" label="Unaddressed"/>
      <facetEntailment facetID="SE_16b2_f13" label="Assumed"/>
      <facetEntailment facetID="SE_16b2_f14" label="Assumed"/>
      <facetEntailment facetID="SE_16b2_f15" label="Unaddressed"/>
      <facetEntailment facetID="SE_16b2_f16" label="Unaddressed"/>
      <facetEntailment facetID="SE_16b2_f17" label="Unaddressed"/>
      <facetEntailment facetID="SE_16b2_f18" label="Unaddressed"/>
      <facetEntailment facetID="SE_16b2_f19" label="Unaddressed"/>
    </studentAnswer>
    <studentAnswer id="SE.16b2.603.1" answerText="I decide that the temperature is going to be less." accuracy="partially_correct_incomplete">
      <facetEntailment facetID="SE_16b2_f1" label="Assumed"/>
      <facetEntailment facetID="SE_16b2_f2" label="Assumed"/>
      <facetEntailment facetID="SE_16b2_f3" label="Unaddressed"/>
      <facetEntailment facetID="SE_16b2_f4" label="Unaddressed"/>
      <facetEntailment facetID="SE_16b2_f5" label="Assumed"/>
      <facetEntailment facetID="SE_16b2_f6" label="Assumed"/>
      <facetEntailment facetID="SE_16b2_f7" label="Expressed"/>
      <facetEntailment facetID="SE_16b2_f8" label="Unaddressed"/>
      <facetEntailment facetID="SE_16b2_f9" label="Assumed"/>
      <facetEntailment facetID="SE_16b2_f10" label="Assumed"/>
      <facetEntailment facetID="SE_16b2_f11" label="Unaddressed"/>
      <facetEntailment facetID="SE_16b2_f12" label="Unaddressed"/>
      <facetEntailment facetID="SE_16b2_f13" label="Assumed"/>
      <facetEntailment facetID="SE_16b2_f14" label="Assumed"/>
      <facetEntailment facetID="SE_16b2_f15" label="Unaddressed"/>
      <facetEntailment facetID="SE_16b2_f16" label="Unaddressed"/>
      <facetEntailment facetID="SE_16b2_f17" label="Unaddressed"/>
      <facetEntailment facetID="SE_16b2_f18" label="Unaddressed"/>
      <facetEntailment facetID="SE_16b2_f19" label="Unaddressed"/>
    </studentAnswer>
    <studentAnswer id="SE.16b2.610.1" answerText="It would be less because it will be smaller than the other solar heater except the 10 centimeters one." accuracy="partially_correct_incomplete">
      <facetEntailment facetID="SE_16b2_f1" label="Assumed"/>
      <facetEntailment facetID="SE_16b2_f2" label="Assumed"/>
      <facetEntailment facetID="SE_16b2_f3" label="Unaddressed"/>
      <facetEntailment facetID="SE_16b2_f4" label="Unaddressed"/>
      <facetEntailment facetID="SE_16b2_f5" label="Assumed"/>
      <facetEntailment facetID="SE_16b2_f6" label="Assumed"/>
      <facetEntailment facetID="SE_16b2_f7" label="Inferred"/>
      <facetEntailment facetID="SE_16b2_f8" label="Inferred"/>
      <facetEntailment facetID="SE_16b2_f9" label="Assumed"/>
      <facetEntailment facetID="SE_16b2_f10" label="Assumed"/>
      <facetEntailment facetID="SE_16b2_f11" label="Inferred"/>
      <facetEntailment facetID="SE_16b2_f12" label="Expressed"/>
      <facetEntailment facetID="SE_16b2_f13" label="Expressed"/>
      <facetEntailment facetID="SE_16b2_f14" label="Expressed"/>
      <facetEntailment facetID="SE_16b2_f15" label="Inferred"/>
      <facetEntailment facetID="SE_16b2_f16" label="Unaddressed"/>
      <facetEntailment facetID="SE_16b2_f17" label="Unaddressed"/>
      <facetEntailment facetID="SE_16b2_f18" label="Unaddressed"/>
      <facetEntailment facetID="SE_16b2_f19" label="Unaddressed"/>
    </studentAnswer>
    <studentAnswer id="SE.16b2.612.1" answerText="I think the new temperature change would be 6 because I look at it it looks like it adding by 3 so that I would think would be the temperature change." accuracy="partially_correct_incomplete">
      <facetEntailment facetID="SE_16b2_f1" label="Assumed"/>
      <facetEntailment facetID="SE_16b2_f2" label="Assumed"/>
      <facetEntailment facetID="SE_16b2_f3" label="Unaddressed"/>
      <facetEntailment facetID="SE_16b2_f4" label="Unaddressed"/>
      <facetEntailment facetID="SE_16b2_f5" label="Assumed"/>
      <facetEntailment facetID="SE_16b2_f6" label="Expressed"/>
      <facetEntailment facetID="SE_16b2_f7" label="Diff-Arg"/>
      <facetEntailment facetID="SE_16b2_f8" label="Unaddressed"/>
      <facetEntailment facetID="SE_16b2_f9" label="Assumed"/>
      <facetEntailment facetID="SE_16b2_f10" label="Assumed"/>
      <facetEntailment facetID="SE_16b2_f11" label="Unaddressed"/>
      <facetEntailment facetID="SE_16b2_f12" label="Unaddressed"/>
      <facetEntailment facetID="SE_16b2_f13" label="Assumed"/>
      <facetEntailment facetID="SE_16b2_f14" label="Assumed"/>
      <facetEntailment facetID="SE_16b2_f15" label="Diff-Arg"/>
      <facetEntailment facetID="SE_16b2_f16" label="Inferred"/>
      <facetEntailment facetID="SE_16b2_f17" label="Inferred"/>
      <facetEntailment facetID="SE_16b2_f18" label="Inferred"/>
      <facetEntailment facetID="SE_16b2_f19" label="Inferred"/>
    </studentAnswer>
  </studentAnswers>
</question>
