<?xml version="1.0"?>
<question id="SE_3c" module="SE">
  <questionText>Why does the tree shown in the picture have a shadow?</questionText>
  <referenceAnswers>
    <referenceAnswer id="SE_3c-a1" text="The tree blocks the light from the Sun.">
      <tokens>
        <token id="SE_3c_ra1">The</token>
        <token id="SE_3c_ra2">tree</token>
        <token id="SE_3c_ra3">blocks</token>
        <token id="SE_3c_ra4">the</token>
        <token id="SE_3c_ra5">light</token>
        <token id="SE_3c_ra6">from</token>
        <token id="SE_3c_ra7">the</token>
        <token id="SE_3c_ra8">Sun</token>
        <token id="SE_3c_ra9">.</token>
      </tokens>
      <facets>
        <facet id="SE_3c_f1" govNum="SE_3c_ra3" modNum="SE_3c_ra2" reltn="Means" govText="blocks" modText="tree"/>
        <facet id="SE_3c_f2" govNum="SE_3c_ra3" modNum="SE_3c_ra5" reltn="Patient" govText="blocks" modText="light"/>
        <facet id="SE_3c_f3" govNum="SE_3c_ra5" modNum="SE_3c_ra8" reltn="NMod_from" govText="light" modText="Sun"/>
      </facets>
    </referenceAnswer>
  </referenceAnswers>
  <studentAnswers>
    <studentAnswer id="SE.3c.115.1" answerText="If it show on south east the shadow will be facing north east." accuracy="irrelevant">
      <facetEntailment facetID="SE_3c_f1" label="Unaddressed"/>
      <facetEntailment facetID="SE_3c_f2" label="Unaddressed"/>
      <facetEntailment facetID="SE_3c_f3" label="Unaddressed"/>
    </studentAnswer>
    <studentAnswer id="SE.3c.128.1" answerText="In the early afternoon it would look point, north east." accuracy="irrelevant">
      <facetEntailment facetID="SE_3c_f1" label="Unaddressed"/>
      <facetEntailment facetID="SE_3c_f2" label="Unaddressed"/>
      <facetEntailment facetID="SE_3c_f3" label="Unaddressed"/>
    </studentAnswer>
    <studentAnswer id="SE.3c.139.1" answerText="The tree has a shadow because the tree blocked the sun from hitting the ground." accuracy="correct">
      <facetEntailment facetID="SE_3c_f1" label="Expressed"/>
      <facetEntailment facetID="SE_3c_f2" label="Expressed"/>
      <facetEntailment facetID="SE_3c_f3" label="Inferred"/>
    </studentAnswer>
    <studentAnswer id="SE.3c.140.1" answerText="There is a shadow there because the sun is behind it and light cannot go through solid objects. Note, I think that question was kind of dumb." accuracy="correct">
      <facetEntailment facetID="SE_3c_f1" label="Expressed"/>
      <facetEntailment facetID="SE_3c_f2" label="Expressed"/>
      <facetEntailment facetID="SE_3c_f3" label="Expressed"/>
    </studentAnswer>
    <studentAnswer id="SE.3c.147.1" answerText="Because the sun is over it." accuracy="irrelevant">
      <facetEntailment facetID="SE_3c_f1" label="Unaddressed"/>
      <facetEntailment facetID="SE_3c_f2" label="Unaddressed"/>
      <facetEntailment facetID="SE_3c_f3" label="Unaddressed"/>
    </studentAnswer>
    <studentAnswer id="SE.3c.156.1" answerText="Because the tree is of front." accuracy="irrelevant">
      <facetEntailment facetID="SE_3c_f1" label="Unaddressed"/>
      <facetEntailment facetID="SE_3c_f2" label="Unaddressed"/>
      <facetEntailment facetID="SE_3c_f3" label="Unaddressed"/>
    </studentAnswer>
    <studentAnswer id="SE.3c.158.1" answerText="Because the sun hits the tree with light and part of the tree is breaking it creates a shadow." accuracy="correct">
      <facetEntailment facetID="SE_3c_f1" label="Expressed"/>
      <facetEntailment facetID="SE_3c_f2" label="Expressed"/>
      <facetEntailment facetID="SE_3c_f3" label="Expressed"/>
    </studentAnswer>
    <studentAnswer id="SE.3c.162.1" answerText="Because everything has a shadow and because of the sun." accuracy="irrelevant">
      <facetEntailment facetID="SE_3c_f1" label="Unaddressed"/>
      <facetEntailment facetID="SE_3c_f2" label="Unaddressed"/>
      <facetEntailment facetID="SE_3c_f3" label="Unaddressed"/>
    </studentAnswer>
    <studentAnswer id="SE.3c.184.1" answerText="The sun goes over us and we go around." accuracy="irrelevant">
      <facetEntailment facetID="SE_3c_f1" label="Unaddressed"/>
      <facetEntailment facetID="SE_3c_f2" label="Unaddressed"/>
      <facetEntailment facetID="SE_3c_f3" label="Unaddressed"/>
    </studentAnswer>
    <studentAnswer id="SE.3c.185.1" answerText="So it could look like a shadow to us." accuracy="irrelevant">
      <facetEntailment facetID="SE_3c_f1" label="Unaddressed"/>
      <facetEntailment facetID="SE_3c_f2" label="Unaddressed"/>
      <facetEntailment facetID="SE_3c_f3" label="Unaddressed"/>
    </studentAnswer>
    <studentAnswer id="SE.3c.191.1" answerText="Because the sun is hitting the tree and it is making a shadow." accuracy="partially_correct_incomplete">
      <facetEntailment facetID="SE_3c_f1" label="Unaddressed"/>
      <facetEntailment facetID="SE_3c_f2" label="Unaddressed"/>
      <facetEntailment facetID="SE_3c_f3" label="Inferred"/>
    </studentAnswer>
    <studentAnswer id="SE.3c.247.1" answerText="Because the sun is up." accuracy="irrelevant">
      <facetEntailment facetID="SE_3c_f1" label="Unaddressed"/>
      <facetEntailment facetID="SE_3c_f2" label="Unaddressed"/>
      <facetEntailment facetID="SE_3c_f3" label="Unaddressed"/>
    </studentAnswer>
    <studentAnswer id="SE.3c.248.1" answerText="The object of the shadow is blocking light so there would be a shadow." accuracy="partially_correct_incomplete">
      <facetEntailment facetID="SE_3c_f1" label="Inferred"/>
      <facetEntailment facetID="SE_3c_f2" label="Expressed"/>
      <facetEntailment facetID="SE_3c_f3" label="Unaddressed"/>
    </studentAnswer>
    <studentAnswer id="SE.3c.260.1" answerText="Because the sun is hitting at an object, and making a shadow." accuracy="correct">
      <facetEntailment facetID="SE_3c_f1" label="Inferred"/>
      <facetEntailment facetID="SE_3c_f2" label="Inferred"/>
      <facetEntailment facetID="SE_3c_f3" label="Inferred"/>
    </studentAnswer>
    <studentAnswer id="SE.3c.315.1" answerText="The tree is blocking the sun rays." accuracy="correct">
      <facetEntailment facetID="SE_3c_f1" label="Expressed"/>
      <facetEntailment facetID="SE_3c_f2" label="Expressed"/>
      <facetEntailment facetID="SE_3c_f3" label="Expressed"/>
    </studentAnswer>
    <studentAnswer id="SE.3c.332.1" answerText="Because the sun is on the east part and the trees block the sun." accuracy="correct">
      <facetEntailment facetID="SE_3c_f1" label="Expressed"/>
      <facetEntailment facetID="SE_3c_f2" label="Expressed"/>
      <facetEntailment facetID="SE_3c_f3" label="Inferred"/>
    </studentAnswer>
    <studentAnswer id="SE.3c.338.1" answerText="Because it is an object and it covers part of the sun's brightness." accuracy="partially_correct_incomplete">
      <facetEntailment facetID="SE_3c_f1" label="Unaddressed"/>
      <facetEntailment facetID="SE_3c_f2" label="Expressed"/>
      <facetEntailment facetID="SE_3c_f3" label="Expressed"/>
    </studentAnswer>
    <studentAnswer id="SE.3c.384.1" answerText="Because when an opaque object stands in the way of light the shadow is what replaces the light that should have been there." accuracy="partially_correct_incomplete">
      <facetEntailment facetID="SE_3c_f1" label="Inferred"/>
      <facetEntailment facetID="SE_3c_f2" label="Expressed"/>
      <facetEntailment facetID="SE_3c_f3" label="Unaddressed"/>
    </studentAnswer>
    <studentAnswer id="SE.3c.388.1" answerText="Because the tree is in the sun's way so it will cast off a shadow." accuracy="correct">
      <facetEntailment facetID="SE_3c_f1" label="Expressed"/>
      <facetEntailment facetID="SE_3c_f2" label="Inferred"/>
      <facetEntailment facetID="SE_3c_f3" label="Inferred"/>
    </studentAnswer>
    <studentAnswer id="SE.3c.404.1" answerText="Because it either has the light on it or some kind of light on it." accuracy="irrelevant">
      <facetEntailment facetID="SE_3c_f1" label="Unaddressed"/>
      <facetEntailment facetID="SE_3c_f2" label="Unaddressed"/>
      <facetEntailment facetID="SE_3c_f3" label="Unaddressed"/>
    </studentAnswer>
    <studentAnswer id="SE.3c.495.1" answerText="The tree in this picture has a shadow because the tree is something that can be reflected to the ground by the sun, and in this picture, the sun is out." accuracy="partially_correct_incomplete">
      <facetEntailment facetID="SE_3c_f1" label="Diff-Arg"/>
      <facetEntailment facetID="SE_3c_f2" label="Unaddressed"/>
      <facetEntailment facetID="SE_3c_f3" label="Inferred"/>
    </studentAnswer>
    <studentAnswer id="SE.3c.506.1" answerText="It has a shadow because the sun is facing one part of the tree and the dark part of the tree becomes a shadow." accuracy="partially_correct_incomplete">
      <facetEntailment facetID="SE_3c_f1" label="Unaddressed"/>
      <facetEntailment facetID="SE_3c_f2" label="Unaddressed"/>
      <facetEntailment facetID="SE_3c_f3" label="Inferred"/>
    </studentAnswer>
    <studentAnswer id="SE.3c.507.1" answerText="The tree in the picture below has a shadow because the light hits the object and why there a shadow is because the light is being blocked off from front on back of the object." accuracy="partially_correct_incomplete">
      <facetEntailment facetID="SE_3c_f1" label="Expressed"/>
      <facetEntailment facetID="SE_3c_f2" label="Expressed"/>
      <facetEntailment facetID="SE_3c_f3" label="Unaddressed"/>
    </studentAnswer>
    <studentAnswer id="SE.3c.512.1" answerText="Because the sun is going on it and it is blocking the light." accuracy="correct">
      <facetEntailment facetID="SE_3c_f1" label="Expressed"/>
      <facetEntailment facetID="SE_3c_f2" label="Expressed"/>
      <facetEntailment facetID="SE_3c_f3" label="Expressed"/>
    </studentAnswer>
    <studentAnswer id="SE.3c.513.1" answerText="Because when a substance of an object blocks light, it creates a shadow." accuracy="partially_correct_incomplete">
      <facetEntailment facetID="SE_3c_f1" label="Inferred"/>
      <facetEntailment facetID="SE_3c_f2" label="Expressed"/>
      <facetEntailment facetID="SE_3c_f3" label="Unaddressed"/>
    </studentAnswer>
    <studentAnswer id="SE.3c.539.1" answerText="Because the tree is blocking the sunshine." accuracy="correct">
      <facetEntailment facetID="SE_3c_f1" label="Expressed"/>
      <facetEntailment facetID="SE_3c_f2" label="Expressed"/>
      <facetEntailment facetID="SE_3c_f3" label="Expressed"/>
    </studentAnswer>
    <studentAnswer id="SE.3c.540.1" answerText="Because the tree is an object that is blocking the light." accuracy="partially_correct_incomplete">
      <facetEntailment facetID="SE_3c_f1" label="Expressed"/>
      <facetEntailment facetID="SE_3c_f2" label="Expressed"/>
      <facetEntailment facetID="SE_3c_f3" label="Unaddressed"/>
    </studentAnswer>
    <studentAnswer id="SE.3c.547.1" answerText="Because it blocks the light source that is trying to get through." accuracy="correct">
      <facetEntailment facetID="SE_3c_f1" label="Expressed"/>
      <facetEntailment facetID="SE_3c_f2" label="Expressed"/>
      <facetEntailment facetID="SE_3c_f3" label="Inferred"/>
    </studentAnswer>
    <studentAnswer id="SE.3c.562.1" answerText="Because the sun is up." accuracy="irrelevant">
      <facetEntailment facetID="SE_3c_f1" label="Unaddressed"/>
      <facetEntailment facetID="SE_3c_f2" label="Unaddressed"/>
      <facetEntailment facetID="SE_3c_f3" label="Unaddressed"/>
    </studentAnswer>
    <studentAnswer id="SE.3c.565.1" answerText="Because the sun is behind the tree and the shadow is in front of it." accuracy="partially_correct_incomplete">
      <facetEntailment facetID="SE_3c_f1" label="Unaddressed"/>
      <facetEntailment facetID="SE_3c_f2" label="Unaddressed"/>
      <facetEntailment facetID="SE_3c_f3" label="Inferred"/>
    </studentAnswer>
    <studentAnswer id="SE.3c.580.1" answerText="The tree has a shadow because there is a sun." accuracy="partially_correct_incomplete">
      <facetEntailment facetID="SE_3c_f1" label="Inferred"/>
      <facetEntailment facetID="SE_3c_f2" label="Inferred"/>
      <facetEntailment facetID="SE_3c_f3" label="Unaddressed"/>
    </studentAnswer>
    <studentAnswer id="SE.3c.602.1" answerText="The tree has a shadow because it is an object that block a light." accuracy="partially_correct_incomplete">
      <facetEntailment facetID="SE_3c_f1" label="Expressed"/>
      <facetEntailment facetID="SE_3c_f2" label="Expressed"/>
      <facetEntailment facetID="SE_3c_f3" label="Unaddressed"/>
    </studentAnswer>
    <studentAnswer id="SE.3c.608.1" answerText="The tree shown in the picture has a shadow because tree blocked the light of the sun." accuracy="correct">
      <facetEntailment facetID="SE_3c_f1" label="Expressed"/>
      <facetEntailment facetID="SE_3c_f2" label="Expressed"/>
      <facetEntailment facetID="SE_3c_f3" label="Expressed"/>
    </studentAnswer>
    <studentAnswer id="SE.3c.612.1" answerText="It has a shadow because the tree is blocking the light from getting away." accuracy="partially_correct_incomplete">
      <facetEntailment facetID="SE_3c_f1" label="Expressed"/>
      <facetEntailment facetID="SE_3c_f2" label="Expressed"/>
      <facetEntailment facetID="SE_3c_f3" label="Unaddressed"/>
    </studentAnswer>
    <studentAnswer id="SE.3c.615.1" answerText="The tree is an object blocking the sun so it has a shadow." accuracy="correct">
      <facetEntailment facetID="SE_3c_f1" label="Expressed"/>
      <facetEntailment facetID="SE_3c_f2" label="Expressed"/>
      <facetEntailment facetID="SE_3c_f3" label="Inferred"/>
    </studentAnswer>
    <studentAnswer id="SE.3c.618.1" answerText="The tree has a shadow because it is blocking the sun's light." accuracy="correct">
      <facetEntailment facetID="SE_3c_f1" label="Expressed"/>
      <facetEntailment facetID="SE_3c_f2" label="Expressed"/>
      <facetEntailment facetID="SE_3c_f3" label="Expressed"/>
    </studentAnswer>
  </studentAnswers>
</question>
