<?xml version="1.0"?>
<question id="SE_22a" module="SE">
  <questionText>Andi and Scott decided to investigate solar water heaters using collectors of different colors (but the same size) as one variable and covered versus uncovered as a second variable. Look at the graph of their data and answer the questions below. What does the graph tell you about the effect of using a cover?</questionText>
  <referenceAnswers>
    <referenceAnswer id="SE_22a-a1" text="Water heats up faster when covered.">
      <tokens>
        <token id="SE_22a_ra1">Water</token>
        <token id="SE_22a_ra2">heats</token>
        <token id="SE_22a_ra3">up</token>
        <token id="SE_22a_ra4">faster</token>
        <token id="SE_22a_ra5">when</token>
        <token id="SE_22a_ra6">covered</token>
        <token id="SE_22a_ra7">.</token>
      </tokens>
      <facets>
        <facet id="SE_22a_f1" govNum="SE_22a_ra2" modNum="SE_22a_ra1" reltn="Patient" govText="heats up" isAssumed="true" modText="Water"/>
        <facet id="SE_22a_f2" govNum="SE_22a_ra2" modNum="SE_22a_ra4" reltn="Manner" govText="heats up" modText="faster"/>
        <facet id="SE_22a_f3" govNum="SE_22a_ra2" modNum="SE_22a_ra6" reltn="Cause_when" govText="heats up" isAssumed="true" modText="covered"/>
      </facets>
    </referenceAnswer>
  </referenceAnswers>
  <studentAnswers>
    <studentAnswer id="SE.22a.105.1" answerText="The blue covered was very hot." accuracy="correct">
      <facetEntailment facetID="SE_22a_f1" label="Assumed"/>
      <facetEntailment facetID="SE_22a_f2" label="Inferred"/>
      <facetEntailment facetID="SE_22a_f3" label="Expressed"/>
    </studentAnswer>
    <studentAnswer id="SE.22a.106.1" answerText="That they both are at 5, 10, 15, 20." accuracy="irrelevant">
      <facetEntailment facetID="SE_22a_f1" label="Assumed"/>
      <facetEntailment facetID="SE_22a_f2" label="Unaddressed"/>
      <facetEntailment facetID="SE_22a_f3" label="Assumed"/>
    </studentAnswer>
    <studentAnswer id="SE.22a.110.1" answerText="The covered one get hotter than the uncovered ones." accuracy="correct">
      <facetEntailment facetID="SE_22a_f1" label="Assumed"/>
      <facetEntailment facetID="SE_22a_f2" label="Inferred"/>
      <facetEntailment facetID="SE_22a_f3" label="Expressed"/>
    </studentAnswer>
    <studentAnswer id="SE.22a.114.1" answerText="It tells about using the solar water heater on the data chart." accuracy="irrelevant">
      <facetEntailment facetID="SE_22a_f1" label="Assumed"/>
      <facetEntailment facetID="SE_22a_f2" label="Unaddressed"/>
      <facetEntailment facetID="SE_22a_f3" label="Assumed"/>
    </studentAnswer>
    <studentAnswer id="SE.22a.127.1" answerText="The one is that are cover they heat up more sun and it gets hotter." accuracy="correct">
      <facetEntailment facetID="SE_22a_f1" label="Assumed"/>
      <facetEntailment facetID="SE_22a_f2" label="Inferred"/>
      <facetEntailment facetID="SE_22a_f3" label="Expressed"/>
    </studentAnswer>
    <studentAnswer id="SE.22a.130.1" answerText="That covered sometimes gets the hottest." accuracy="correct">
      <facetEntailment facetID="SE_22a_f1" label="Assumed"/>
      <facetEntailment facetID="SE_22a_f2" label="Inferred"/>
      <facetEntailment facetID="SE_22a_f3" label="Expressed"/>
    </studentAnswer>
    <studentAnswer id="SE.22a.155.1" answerText="That the sun absorbs more heat, with dark colors." accuracy="irrelevant">
      <facetEntailment facetID="SE_22a_f1" label="Diff-Arg"/>
      <facetEntailment facetID="SE_22a_f2" label="Unaddressed"/>
      <facetEntailment facetID="SE_22a_f3" label="Assumed"/>
    </studentAnswer>
    <studentAnswer id="SE.22a.157.1" answerText="Is that covered is more lighter." accuracy="irrelevant">
      <facetEntailment facetID="SE_22a_f1" label="Assumed"/>
      <facetEntailment facetID="SE_22a_f2" label="Unaddressed"/>
      <facetEntailment facetID="SE_22a_f3" label="Assumed"/>
    </studentAnswer>
    <studentAnswer id="SE.22a.158.1" answerText="That by being covered the colors attract more heat." accuracy="correct">
      <facetEntailment facetID="SE_22a_f1" label="Assumed"/>
      <facetEntailment facetID="SE_22a_f2" label="Inferred"/>
      <facetEntailment facetID="SE_22a_f3" label="Assumed"/>
    </studentAnswer>
    <studentAnswer id="SE.22a.160.1" answerText="Blue was the darkest color and it was covered and that is how it got hotter." accuracy="correct">
      <facetEntailment facetID="SE_22a_f1" label="Expressed"/>
      <facetEntailment facetID="SE_22a_f2" label="Inferred"/>
      <facetEntailment facetID="SE_22a_f3" label="Expressed"/>
    </studentAnswer>
    <studentAnswer id="SE.22a.162.1" answerText="That the cover absorbs more heat." accuracy="correct">
      <facetEntailment facetID="SE_22a_f1" label="Assumed"/>
      <facetEntailment facetID="SE_22a_f2" label="Inferred"/>
      <facetEntailment facetID="SE_22a_f3" label="Expressed"/>
    </studentAnswer>
    <studentAnswer id="SE.22a.163.1" answerText="It absorbs more heat." accuracy="correct">
      <facetEntailment facetID="SE_22a_f1" label="Assumed"/>
      <facetEntailment facetID="SE_22a_f2" label="Inferred"/>
      <facetEntailment facetID="SE_22a_f3" label="Assumed"/>
    </studentAnswer>
    <studentAnswer id="SE.22a.179.1" answerText="It tells if you use a cover it gets hotter than not using a cover." accuracy="correct">
      <facetEntailment facetID="SE_22a_f1" label="Expressed"/>
      <facetEntailment facetID="SE_22a_f2" label="Inferred"/>
      <facetEntailment facetID="SE_22a_f3" label="Expressed"/>
    </studentAnswer>
    <studentAnswer id="SE.22a.188.1" answerText="It tells me because they are air in different position. And they are more longer than covered." accuracy="irrelevant">
      <facetEntailment facetID="SE_22a_f1" label="Assumed"/>
      <facetEntailment facetID="SE_22a_f2" label="Unaddressed"/>
      <facetEntailment facetID="SE_22a_f3" label="Assumed"/>
    </studentAnswer>
    <studentAnswer id="SE.22a.190.1" answerText="When you cover the container you get more heat than uncovered." accuracy="correct">
      <facetEntailment facetID="SE_22a_f1" label="Assumed"/>
      <facetEntailment facetID="SE_22a_f2" label="Inferred"/>
      <facetEntailment facetID="SE_22a_f3" label="Expressed"/>
    </studentAnswer>
    <studentAnswer id="SE.22a.192.1" answerText="The blue covered have more time than red covered." accuracy="irrelevant">
      <facetEntailment facetID="SE_22a_f1" label="Assumed"/>
      <facetEntailment facetID="SE_22a_f2" label="Unaddressed"/>
      <facetEntailment facetID="SE_22a_f3" label="Diff-Arg"/>
    </studentAnswer>
    <studentAnswer id="SE.22a.243.1" answerText="How the temperature goes upward down." accuracy="contradictory">
      <facetEntailment facetID="SE_22a_f1" label="Self-Contra"/>
      <facetEntailment facetID="SE_22a_f2" label="Unaddressed"/>
      <facetEntailment facetID="SE_22a_f3" label="Assumed"/>
    </studentAnswer>
    <studentAnswer id="SE.22a.244.1" answerText="With a cover it does make it warmer but I think it depends on what color is underneath it." accuracy="correct">
      <facetEntailment facetID="SE_22a_f1" label="Assumed"/>
      <facetEntailment facetID="SE_22a_f2" label="Inferred"/>
      <facetEntailment facetID="SE_22a_f3" label="Assumed"/>
    </studentAnswer>
    <studentAnswer id="SE.22a.245.1" answerText="If something is covered with a dark color it will receive more heat from the sun and the heat will stay in." accuracy="correct">
      <facetEntailment facetID="SE_22a_f1" label="Assumed"/>
      <facetEntailment facetID="SE_22a_f2" label="Inferred"/>
      <facetEntailment facetID="SE_22a_f3" label="Diff-Arg"/>
    </studentAnswer>
    <studentAnswer id="SE.22a.246.1" answerText="That the solar heat is getting hotter. And that it is up to about 20 minute almost to 25." accuracy="irrelevant">
      <facetEntailment facetID="SE_22a_f1" label="Diff-Arg"/>
      <facetEntailment facetID="SE_22a_f2" label="Unaddressed"/>
      <facetEntailment facetID="SE_22a_f3" label="Assumed"/>
    </studentAnswer>
    <studentAnswer id="SE.22a.335.1" answerText="Because it goes to the side and all different ways." accuracy="irrelevant">
      <facetEntailment facetID="SE_22a_f1" label="Assumed"/>
      <facetEntailment facetID="SE_22a_f2" label="Unaddressed"/>
      <facetEntailment facetID="SE_22a_f3" label="Assumed"/>
    </studentAnswer>
    <studentAnswer id="SE.22a.396.1" answerText="That it will heat up faster than uncovered would." accuracy="correct">
      <facetEntailment facetID="SE_22a_f1" label="Expressed"/>
      <facetEntailment facetID="SE_22a_f2" label="Expressed"/>
      <facetEntailment facetID="SE_22a_f3" label="Expressed"/>
    </studentAnswer>
    <studentAnswer id="SE.22a.397.1" answerText="Heats up faster." accuracy="correct">
      <facetEntailment facetID="SE_22a_f1" label="Assumed"/>
      <facetEntailment facetID="SE_22a_f2" label="Expressed"/>
      <facetEntailment facetID="SE_22a_f3" label="Assumed"/>
    </studentAnswer>
    <studentAnswer id="SE.22a.399.1" answerText="Covering keeps the heat inside the container." accuracy="irrelevant">
      <facetEntailment facetID="SE_22a_f1" label="Assumed"/>
      <facetEntailment facetID="SE_22a_f2" label="Unaddressed"/>
      <facetEntailment facetID="SE_22a_f3" label="Assumed"/>
    </studentAnswer>
    <studentAnswer id="SE.22a.407.1" answerText="It heats up faster." accuracy="correct">
      <facetEntailment facetID="SE_22a_f1" label="Expressed"/>
      <facetEntailment facetID="SE_22a_f2" label="Expressed"/>
      <facetEntailment facetID="SE_22a_f3" label="Assumed"/>
    </studentAnswer>
    <studentAnswer id="SE.22a.432.1" answerText="It tells me that if you use a cover the water will heat." accuracy="irrelevant">
      <facetEntailment facetID="SE_22a_f1" label="Expressed"/>
      <facetEntailment facetID="SE_22a_f2" label="Unaddressed"/>
      <facetEntailment facetID="SE_22a_f3" label="Expressed"/>
    </studentAnswer>
    <studentAnswer id="SE.22a.439.1" answerText="It tells you that using a cover can make the water hotter because it is trap." accuracy="correct">
      <facetEntailment facetID="SE_22a_f1" label="Expressed"/>
      <facetEntailment facetID="SE_22a_f2" label="Inferred"/>
      <facetEntailment facetID="SE_22a_f3" label="Expressed"/>
    </studentAnswer>
    <studentAnswer id="SE.22a.499.1" answerText="It tells you that it will heat up faster." accuracy="correct">
      <facetEntailment facetID="SE_22a_f1" label="Expressed"/>
      <facetEntailment facetID="SE_22a_f2" label="Expressed"/>
      <facetEntailment facetID="SE_22a_f3" label="Assumed"/>
    </studentAnswer>
    <studentAnswer id="SE.22a.503.1" answerText="It the solar water heater has a cover it is going to get hotter." accuracy="correct">
      <facetEntailment facetID="SE_22a_f1" label="Expressed"/>
      <facetEntailment facetID="SE_22a_f2" label="Inferred"/>
      <facetEntailment facetID="SE_22a_f3" label="Expressed"/>
    </studentAnswer>
    <studentAnswer id="SE.22a.506.1" answerText="It gets hot faster with covered because when water starts to get hot no air comes in it starts to get hotter." accuracy="correct">
      <facetEntailment facetID="SE_22a_f1" label="Expressed"/>
      <facetEntailment facetID="SE_22a_f2" label="Expressed"/>
      <facetEntailment facetID="SE_22a_f3" label="Expressed"/>
    </studentAnswer>
    <studentAnswer id="SE.22a.528.1" answerText="It will kept on raising and raising." accuracy="irrelevant">
      <facetEntailment facetID="SE_22a_f1" label="Assumed"/>
      <facetEntailment facetID="SE_22a_f2" label="Unaddressed"/>
      <facetEntailment facetID="SE_22a_f3" label="Assumed"/>
    </studentAnswer>
    <studentAnswer id="SE.22a.533.1" answerText="It tells me if you put a red uncovered it will not heat as much, If you put a red covered it will heat more than the red uncovered." accuracy="correct">
      <facetEntailment facetID="SE_22a_f1" label="Assumed"/>
      <facetEntailment facetID="SE_22a_f2" label="Inferred"/>
      <facetEntailment facetID="SE_22a_f3" label="Expressed"/>
    </studentAnswer>
    <studentAnswer id="SE.22a.539.1" answerText="The graph show that using a cover heats up the water on absorbs heat faster than without a cover because if it has a cover the breeze will not blow away the heat of the surface of the water." accuracy="correct">
      <facetEntailment facetID="SE_22a_f1" label="Expressed"/>
      <facetEntailment facetID="SE_22a_f2" label="Expressed"/>
      <facetEntailment facetID="SE_22a_f3" label="Expressed"/>
    </studentAnswer>
    <studentAnswer id="SE.22a.565.1" answerText="That the blue covered one is the hottest and the red uncovered one is the coldest." accuracy="contradictory">
      <facetEntailment facetID="SE_22a_f1" label="Assumed"/>
      <facetEntailment facetID="SE_22a_f2" label="Unaddressed"/>
      <facetEntailment facetID="SE_22a_f3" label="Self-Contra"/>
    </studentAnswer>
    <studentAnswer id="SE.22a.580.1" answerText="By saying that the covered one get more hotter and the darker it is it is going to end up hot." accuracy="correct">
      <facetEntailment facetID="SE_22a_f1" label="Assumed"/>
      <facetEntailment facetID="SE_22a_f2" label="Inferred"/>
      <facetEntailment facetID="SE_22a_f3" label="Expressed"/>
    </studentAnswer>
    <studentAnswer id="SE.22a.612.1" answerText="The graph tells us that the blue covered will get hotter because with the lid it got much more hotter." accuracy="correct">
      <facetEntailment facetID="SE_22a_f1" label="Assumed"/>
      <facetEntailment facetID="SE_22a_f2" label="Inferred"/>
      <facetEntailment facetID="SE_22a_f3" label="Expressed"/>
    </studentAnswer>
  </studentAnswers>
</question>
