<?xml version="1.0"?>
<question id="ST_54b3" module="ST">
  <questionText>The inside of a pea seed is shown below. Describe the function of each of the parts: embryo.</questionText>
  <referenceAnswers>
    <referenceAnswer id="ST_54b3-a1" text="The embryo contains the tiny leaves and root of the plant.">
      <tokens>
        <token id="ST_54b3_ra1">The</token>
        <token id="ST_54b3_ra2">embryo</token>
        <token id="ST_54b3_ra3">contains</token>
        <token id="ST_54b3_ra4">the</token>
        <token id="ST_54b3_ra5">tiny</token>
        <token id="ST_54b3_ra6">leaves</token>
        <token id="ST_54b3_ra7">and</token>
        <token id="ST_54b3_ra8">root</token>
        <token id="ST_54b3_ra9">of</token>
        <token id="ST_54b3_ra10">the</token>
        <token id="ST_54b3_ra11">plant</token>
        <token id="ST_54b3_ra12">.</token>
      </tokens>
      <facets>
        <facet id="ST_54b3_f1" govNum="ST_54b3_ra3" modNum="ST_54b3_ra2" reltn="Theme" govText="contains" modText="embryo"/>
        <facet id="ST_54b3_f2" govNum="ST_54b3_ra3" modNum="ST_54b3_ra6" reltn="Material" govText="contains" modText="leaves"/>
        <facet id="ST_54b3_f3" govNum="ST_54b3_ra6" modNum="ST_54b3_ra5" reltn="NMod" govText="leaves" modText="tiny"/>
        <facet id="ST_54b3_f4" govNum="ST_54b3_ra6" modNum="ST_54b3_ra11" reltn="NMod_of" govText="leaves" modText="plant"/>
        <facet id="ST_54b3_f5" govNum="ST_54b3_ra3" modNum="ST_54b3_ra8" reltn="Material" govText="contains" modText="root"/>
        <facet id="ST_54b3_f6" govNum="ST_54b3_ra8" modNum="ST_54b3_ra11" reltn="NMod_of" govText="root" modText="plant"/>
      </facets>
    </referenceAnswer>
  </referenceAnswers>
  <studentAnswers>
    <studentAnswer id="ST.54b3.382.1" answerText="The baby plant." accuracy="correct">
      <facetEntailment facetID="ST_54b3_f1" label="Inferred"/>
      <facetEntailment facetID="ST_54b3_f2" label="Inferred"/>
      <facetEntailment facetID="ST_54b3_f3" label="Inferred"/>
      <facetEntailment facetID="ST_54b3_f4" label="Inferred"/>
      <facetEntailment facetID="ST_54b3_f5" label="Inferred"/>
      <facetEntailment facetID="ST_54b3_f6" label="Inferred"/>
    </studentAnswer>
    <studentAnswer id="ST.54b3.386.1" answerText="Grows into plant." accuracy="correct">
      <facetEntailment facetID="ST_54b3_f1" label="Inferred"/>
      <facetEntailment facetID="ST_54b3_f2" label="Inferred"/>
      <facetEntailment facetID="ST_54b3_f3" label="Inferred"/>
      <facetEntailment facetID="ST_54b3_f4" label="Inferred"/>
      <facetEntailment facetID="ST_54b3_f5" label="Inferred"/>
      <facetEntailment facetID="ST_54b3_f6" label="Inferred"/>
    </studentAnswer>
    <studentAnswer id="ST.54b3.388.1" answerText="Germinates." accuracy="irrelevant">
      <facetEntailment facetID="ST_54b3_f1" label="Unaddressed"/>
      <facetEntailment facetID="ST_54b3_f2" label="Unaddressed"/>
      <facetEntailment facetID="ST_54b3_f3" label="Unaddressed"/>
      <facetEntailment facetID="ST_54b3_f4" label="Unaddressed"/>
      <facetEntailment facetID="ST_54b3_f5" label="Unaddressed"/>
      <facetEntailment facetID="ST_54b3_f6" label="Unaddressed"/>
    </studentAnswer>
    <studentAnswer id="ST.54b3.391.1" answerText="The embryo is the root or stem." accuracy="partially_correct_incomplete">
      <facetEntailment facetID="ST_54b3_f1" label="Inferred"/>
      <facetEntailment facetID="ST_54b3_f2" label="Unaddressed"/>
      <facetEntailment facetID="ST_54b3_f3" label="Unaddressed"/>
      <facetEntailment facetID="ST_54b3_f4" label="Unaddressed"/>
      <facetEntailment facetID="ST_54b3_f5" label="Inferred"/>
      <facetEntailment facetID="ST_54b3_f6" label="Inferred"/>
    </studentAnswer>
    <studentAnswer id="ST.54b3.393.1" answerText="Baby plant." accuracy="correct">
      <facetEntailment facetID="ST_54b3_f1" label="Inferred"/>
      <facetEntailment facetID="ST_54b3_f2" label="Inferred"/>
      <facetEntailment facetID="ST_54b3_f3" label="Inferred"/>
      <facetEntailment facetID="ST_54b3_f4" label="Inferred"/>
      <facetEntailment facetID="ST_54b3_f5" label="Inferred"/>
      <facetEntailment facetID="ST_54b3_f6" label="Inferred"/>
    </studentAnswer>
    <studentAnswer id="ST.54b3.397.1" answerText="Baby plant." accuracy="correct">
      <facetEntailment facetID="ST_54b3_f1" label="Inferred"/>
      <facetEntailment facetID="ST_54b3_f2" label="Inferred"/>
      <facetEntailment facetID="ST_54b3_f3" label="Inferred"/>
      <facetEntailment facetID="ST_54b3_f4" label="Inferred"/>
      <facetEntailment facetID="ST_54b3_f5" label="Inferred"/>
      <facetEntailment facetID="ST_54b3_f6" label="Inferred"/>
    </studentAnswer>
    <studentAnswer id="ST.54b3.401.1" answerText="It is the baby plant." accuracy="correct">
      <facetEntailment facetID="ST_54b3_f1" label="Inferred"/>
      <facetEntailment facetID="ST_54b3_f2" label="Inferred"/>
      <facetEntailment facetID="ST_54b3_f3" label="Inferred"/>
      <facetEntailment facetID="ST_54b3_f4" label="Inferred"/>
      <facetEntailment facetID="ST_54b3_f5" label="Inferred"/>
      <facetEntailment facetID="ST_54b3_f6" label="Inferred"/>
    </studentAnswer>
    <studentAnswer id="ST.54b3.402.1" answerText="Baby plant." accuracy="correct">
      <facetEntailment facetID="ST_54b3_f1" label="Inferred"/>
      <facetEntailment facetID="ST_54b3_f2" label="Inferred"/>
      <facetEntailment facetID="ST_54b3_f3" label="Inferred"/>
      <facetEntailment facetID="ST_54b3_f4" label="Inferred"/>
      <facetEntailment facetID="ST_54b3_f5" label="Inferred"/>
      <facetEntailment facetID="ST_54b3_f6" label="Inferred"/>
    </studentAnswer>
    <studentAnswer id="ST.54b3.426.1" answerText="The seed." accuracy="irrelevant">
      <facetEntailment facetID="ST_54b3_f1" label="Unaddressed"/>
      <facetEntailment facetID="ST_54b3_f2" label="Unaddressed"/>
      <facetEntailment facetID="ST_54b3_f3" label="Unaddressed"/>
      <facetEntailment facetID="ST_54b3_f4" label="Unaddressed"/>
      <facetEntailment facetID="ST_54b3_f5" label="Unaddressed"/>
      <facetEntailment facetID="ST_54b3_f6" label="Unaddressed"/>
    </studentAnswer>
    <studentAnswer id="ST.54b3.428.1" answerText="The roots are." accuracy="partially_correct_incomplete">
      <facetEntailment facetID="ST_54b3_f1" label="Unaddressed"/>
      <facetEntailment facetID="ST_54b3_f2" label="Unaddressed"/>
      <facetEntailment facetID="ST_54b3_f3" label="Unaddressed"/>
      <facetEntailment facetID="ST_54b3_f4" label="Unaddressed"/>
      <facetEntailment facetID="ST_54b3_f5" label="Inferred"/>
      <facetEntailment facetID="ST_54b3_f6" label="Inferred"/>
    </studentAnswer>
    <studentAnswer id="ST.54b3.457.1" answerText="Leaves and roots." accuracy="correct">
      <facetEntailment facetID="ST_54b3_f1" label="Inferred"/>
      <facetEntailment facetID="ST_54b3_f2" label="Inferred"/>
      <facetEntailment facetID="ST_54b3_f3" label="Inferred"/>
      <facetEntailment facetID="ST_54b3_f4" label="Inferred"/>
      <facetEntailment facetID="ST_54b3_f5" label="Inferred"/>
      <facetEntailment facetID="ST_54b3_f6" label="Inferred"/>
    </studentAnswer>
    <studentAnswer id="ST.54b3.469.1" answerText="A plant." accuracy="correct">
      <facetEntailment facetID="ST_54b3_f1" label="Inferred"/>
      <facetEntailment facetID="ST_54b3_f2" label="Inferred"/>
      <facetEntailment facetID="ST_54b3_f3" label="Inferred"/>
      <facetEntailment facetID="ST_54b3_f4" label="Inferred"/>
      <facetEntailment facetID="ST_54b3_f5" label="Inferred"/>
      <facetEntailment facetID="ST_54b3_f6" label="Inferred"/>
    </studentAnswer>
    <studentAnswer id="ST.54b3.470.1" answerText="The small leaves and roots." accuracy="correct">
      <facetEntailment facetID="ST_54b3_f1" label="Inferred"/>
      <facetEntailment facetID="ST_54b3_f2" label="Inferred"/>
      <facetEntailment facetID="ST_54b3_f3" label="Expressed"/>
      <facetEntailment facetID="ST_54b3_f4" label="Inferred"/>
      <facetEntailment facetID="ST_54b3_f5" label="Inferred"/>
      <facetEntailment facetID="ST_54b3_f6" label="Inferred"/>
    </studentAnswer>
    <studentAnswer id="ST.54b3.486.1" answerText="It betakes the pea." accuracy="irrelevant">
      <facetEntailment facetID="ST_54b3_f1" label="Unaddressed"/>
      <facetEntailment facetID="ST_54b3_f2" label="Unaddressed"/>
      <facetEntailment facetID="ST_54b3_f3" label="Unaddressed"/>
      <facetEntailment facetID="ST_54b3_f4" label="Unaddressed"/>
      <facetEntailment facetID="ST_54b3_f5" label="Unaddressed"/>
      <facetEntailment facetID="ST_54b3_f6" label="Unaddressed"/>
    </studentAnswer>
    <studentAnswer id="ST.54b3.487.1" answerText="The embryo is the part of the plant that grows." accuracy="correct">
      <facetEntailment facetID="ST_54b3_f1" label="Inferred"/>
      <facetEntailment facetID="ST_54b3_f2" label="Inferred"/>
      <facetEntailment facetID="ST_54b3_f3" label="Inferred"/>
      <facetEntailment facetID="ST_54b3_f4" label="Inferred"/>
      <facetEntailment facetID="ST_54b3_f5" label="Inferred"/>
      <facetEntailment facetID="ST_54b3_f6" label="Inferred"/>
    </studentAnswer>
    <studentAnswer id="ST.54b3.492.1" answerText="It helps the baby to eat food." accuracy="irrelevant">
      <facetEntailment facetID="ST_54b3_f1" label="Unaddressed"/>
      <facetEntailment facetID="ST_54b3_f2" label="Unaddressed"/>
      <facetEntailment facetID="ST_54b3_f3" label="Unaddressed"/>
      <facetEntailment facetID="ST_54b3_f4" label="Unaddressed"/>
      <facetEntailment facetID="ST_54b3_f5" label="Unaddressed"/>
      <facetEntailment facetID="ST_54b3_f6" label="Unaddressed"/>
    </studentAnswer>
    <studentAnswer id="ST.54b3.495.1" answerText="The part that grows into a plant." accuracy="correct">
      <facetEntailment facetID="ST_54b3_f1" label="Inferred"/>
      <facetEntailment facetID="ST_54b3_f2" label="Inferred"/>
      <facetEntailment facetID="ST_54b3_f3" label="Inferred"/>
      <facetEntailment facetID="ST_54b3_f4" label="Inferred"/>
      <facetEntailment facetID="ST_54b3_f5" label="Inferred"/>
      <facetEntailment facetID="ST_54b3_f6" label="Inferred"/>
    </studentAnswer>
    <studentAnswer id="ST.54b3.501.1" answerText="The part that grows a leaf, stem." accuracy="partially_correct_incomplete">
      <facetEntailment facetID="ST_54b3_f1" label="Inferred"/>
      <facetEntailment facetID="ST_54b3_f2" label="Inferred"/>
      <facetEntailment facetID="ST_54b3_f3" label="Inferred"/>
      <facetEntailment facetID="ST_54b3_f4" label="Inferred"/>
      <facetEntailment facetID="ST_54b3_f5" label="Unaddressed"/>
      <facetEntailment facetID="ST_54b3_f6" label="Unaddressed"/>
    </studentAnswer>
    <studentAnswer id="ST.54b3.504.1" answerText="Grows into a plant." accuracy="correct">
      <facetEntailment facetID="ST_54b3_f1" label="Inferred"/>
      <facetEntailment facetID="ST_54b3_f2" label="Inferred"/>
      <facetEntailment facetID="ST_54b3_f3" label="Inferred"/>
      <facetEntailment facetID="ST_54b3_f4" label="Inferred"/>
      <facetEntailment facetID="ST_54b3_f5" label="Inferred"/>
      <facetEntailment facetID="ST_54b3_f6" label="Inferred"/>
    </studentAnswer>
    <studentAnswer id="ST.54b3.522.1" answerText="Embryo grows the leaves." accuracy="partially_correct_incomplete">
      <facetEntailment facetID="ST_54b3_f1" label="Inferred"/>
      <facetEntailment facetID="ST_54b3_f2" label="Inferred"/>
      <facetEntailment facetID="ST_54b3_f3" label="Inferred"/>
      <facetEntailment facetID="ST_54b3_f4" label="Inferred"/>
      <facetEntailment facetID="ST_54b3_f5" label="Unaddressed"/>
      <facetEntailment facetID="ST_54b3_f6" label="Unaddressed"/>
    </studentAnswer>
    <studentAnswer id="ST.54b3.523.1" answerText="Stem and leaf and baby." accuracy="partially_correct_incomplete">
      <facetEntailment facetID="ST_54b3_f1" label="Inferred"/>
      <facetEntailment facetID="ST_54b3_f2" label="Inferred"/>
      <facetEntailment facetID="ST_54b3_f3" label="Inferred"/>
      <facetEntailment facetID="ST_54b3_f4" label="Inferred"/>
      <facetEntailment facetID="ST_54b3_f5" label="Unaddressed"/>
      <facetEntailment facetID="ST_54b3_f6" label="Unaddressed"/>
    </studentAnswer>
    <studentAnswer id="ST.54b3.524.1" answerText="The leave, stem, and spout." accuracy="partially_correct_incomplete">
      <facetEntailment facetID="ST_54b3_f1" label="Inferred"/>
      <facetEntailment facetID="ST_54b3_f2" label="Inferred"/>
      <facetEntailment facetID="ST_54b3_f3" label="Inferred"/>
      <facetEntailment facetID="ST_54b3_f4" label="Inferred"/>
      <facetEntailment facetID="ST_54b3_f5" label="Unaddressed"/>
      <facetEntailment facetID="ST_54b3_f6" label="Unaddressed"/>
    </studentAnswer>
    <studentAnswer id="ST.54b3.533.1" answerText="Stem." accuracy="irrelevant">
      <facetEntailment facetID="ST_54b3_f1" label="Unaddressed"/>
      <facetEntailment facetID="ST_54b3_f2" label="Unaddressed"/>
      <facetEntailment facetID="ST_54b3_f3" label="Unaddressed"/>
      <facetEntailment facetID="ST_54b3_f4" label="Unaddressed"/>
      <facetEntailment facetID="ST_54b3_f5" label="Unaddressed"/>
      <facetEntailment facetID="ST_54b3_f6" label="Unaddressed"/>
    </studentAnswer>
    <studentAnswer id="ST.54b3.535.1" answerText="Helps root, leaves, and stem." accuracy="partially_correct_incomplete">
      <facetEntailment facetID="ST_54b3_f1" label="Unaddressed"/>
      <facetEntailment facetID="ST_54b3_f2" label="Diff-Arg"/>
      <facetEntailment facetID="ST_54b3_f3" label="Inferred"/>
      <facetEntailment facetID="ST_54b3_f4" label="Inferred"/>
      <facetEntailment facetID="ST_54b3_f5" label="Diff-Arg"/>
      <facetEntailment facetID="ST_54b3_f6" label="Inferred"/>
    </studentAnswer>
    <studentAnswer id="ST.54b3.537.1" answerText="Leaves, stem." accuracy="partially_correct_incomplete">
      <facetEntailment facetID="ST_54b3_f1" label="Inferred"/>
      <facetEntailment facetID="ST_54b3_f2" label="Inferred"/>
      <facetEntailment facetID="ST_54b3_f3" label="Inferred"/>
      <facetEntailment facetID="ST_54b3_f4" label="Inferred"/>
      <facetEntailment facetID="ST_54b3_f5" label="Unaddressed"/>
      <facetEntailment facetID="ST_54b3_f6" label="Unaddressed"/>
    </studentAnswer>
    <studentAnswer id="ST.54b3.538.1" answerText="It is the baby seed." accuracy="correct">
      <facetEntailment facetID="ST_54b3_f1" label="Inferred"/>
      <facetEntailment facetID="ST_54b3_f2" label="Inferred"/>
      <facetEntailment facetID="ST_54b3_f3" label="Inferred"/>
      <facetEntailment facetID="ST_54b3_f4" label="Inferred"/>
      <facetEntailment facetID="ST_54b3_f5" label="Inferred"/>
      <facetEntailment facetID="ST_54b3_f6" label="Inferred"/>
    </studentAnswer>
    <studentAnswer id="ST.54b3.540.1" answerText="Baby plant." accuracy="correct">
      <facetEntailment facetID="ST_54b3_f1" label="Inferred"/>
      <facetEntailment facetID="ST_54b3_f2" label="Inferred"/>
      <facetEntailment facetID="ST_54b3_f3" label="Inferred"/>
      <facetEntailment facetID="ST_54b3_f4" label="Inferred"/>
      <facetEntailment facetID="ST_54b3_f5" label="Inferred"/>
      <facetEntailment facetID="ST_54b3_f6" label="Inferred"/>
    </studentAnswer>
    <studentAnswer id="ST.54b3.561.1" answerText="The whale structure includes the root, stem, and leaves." accuracy="correct">
      <facetEntailment facetID="ST_54b3_f1" label="Inferred"/>
      <facetEntailment facetID="ST_54b3_f2" label="Inferred"/>
      <facetEntailment facetID="ST_54b3_f3" label="Inferred"/>
      <facetEntailment facetID="ST_54b3_f4" label="Inferred"/>
      <facetEntailment facetID="ST_54b3_f5" label="Inferred"/>
      <facetEntailment facetID="ST_54b3_f6" label="Inferred"/>
    </studentAnswer>
    <studentAnswer id="ST.54b3.571.1" answerText="The sack of food for the seed." accuracy="irrelevant">
      <facetEntailment facetID="ST_54b3_f1" label="Unaddressed"/>
      <facetEntailment facetID="ST_54b3_f2" label="Unaddressed"/>
      <facetEntailment facetID="ST_54b3_f3" label="Unaddressed"/>
      <facetEntailment facetID="ST_54b3_f4" label="Unaddressed"/>
      <facetEntailment facetID="ST_54b3_f5" label="Unaddressed"/>
      <facetEntailment facetID="ST_54b3_f6" label="Unaddressed"/>
    </studentAnswer>
    <studentAnswer id="ST.54b3.574.1" answerText="The root and stem of a plant." accuracy="partially_correct_incomplete">
      <facetEntailment facetID="ST_54b3_f1" label="Inferred"/>
      <facetEntailment facetID="ST_54b3_f2" label="Inferred"/>
      <facetEntailment facetID="ST_54b3_f3" label="Unaddressed"/>
      <facetEntailment facetID="ST_54b3_f4" label="Unaddressed"/>
      <facetEntailment facetID="ST_54b3_f5" label="Inferred"/>
      <facetEntailment facetID="ST_54b3_f6" label="Inferred"/>
    </studentAnswer>
    <studentAnswer id="ST.54b3.576.1" answerText="Part of a seed that grows into a plant." accuracy="correct">
      <facetEntailment facetID="ST_54b3_f1" label="Inferred"/>
      <facetEntailment facetID="ST_54b3_f2" label="Inferred"/>
      <facetEntailment facetID="ST_54b3_f3" label="Inferred"/>
      <facetEntailment facetID="ST_54b3_f4" label="Inferred"/>
      <facetEntailment facetID="ST_54b3_f5" label="Inferred"/>
      <facetEntailment facetID="ST_54b3_f6" label="Inferred"/>
    </studentAnswer>
    <studentAnswer id="ST.54b3.578.1" answerText="Where leaves, roots or a stem grows." accuracy="correct">
      <facetEntailment facetID="ST_54b3_f1" label="Inferred"/>
      <facetEntailment facetID="ST_54b3_f2" label="Inferred"/>
      <facetEntailment facetID="ST_54b3_f3" label="Inferred"/>
      <facetEntailment facetID="ST_54b3_f4" label="Inferred"/>
      <facetEntailment facetID="ST_54b3_f5" label="Inferred"/>
      <facetEntailment facetID="ST_54b3_f6" label="Inferred"/>
    </studentAnswer>
    <studentAnswer id="ST.54b3.594.1" answerText="The embryo is the part that grows into the roots, stems, and leaves." accuracy="correct">
      <facetEntailment facetID="ST_54b3_f1" label="Inferred"/>
      <facetEntailment facetID="ST_54b3_f2" label="Inferred"/>
      <facetEntailment facetID="ST_54b3_f3" label="Inferred"/>
      <facetEntailment facetID="ST_54b3_f4" label="Inferred"/>
      <facetEntailment facetID="ST_54b3_f5" label="Inferred"/>
      <facetEntailment facetID="ST_54b3_f6" label="Inferred"/>
    </studentAnswer>
    <studentAnswer id="ST.54b3.599.1" answerText="The embryo is the whole structure." accuracy="irrelevant">
      <facetEntailment facetID="ST_54b3_f1" label="Unaddressed"/>
      <facetEntailment facetID="ST_54b3_f2" label="Unaddressed"/>
      <facetEntailment facetID="ST_54b3_f3" label="Unaddressed"/>
      <facetEntailment facetID="ST_54b3_f4" label="Unaddressed"/>
      <facetEntailment facetID="ST_54b3_f5" label="Unaddressed"/>
      <facetEntailment facetID="ST_54b3_f6" label="Unaddressed"/>
    </studentAnswer>
    <studentAnswer id="ST.54b3.639.1" answerText="The young plant." accuracy="correct">
      <facetEntailment facetID="ST_54b3_f1" label="Inferred"/>
      <facetEntailment facetID="ST_54b3_f2" label="Inferred"/>
      <facetEntailment facetID="ST_54b3_f3" label="Inferred"/>
      <facetEntailment facetID="ST_54b3_f4" label="Inferred"/>
      <facetEntailment facetID="ST_54b3_f5" label="Inferred"/>
      <facetEntailment facetID="ST_54b3_f6" label="Inferred"/>
    </studentAnswer>
  </studentAnswers>
</question>
