<?xml version="1.0"?>
<question id="ST_54b2" module="ST">
  <questionText>The inside of a pea seed is shown below. Describe the function of each of the parts: cotyledon.</questionText>
  <referenceAnswers>
    <referenceAnswer id="ST_54b2-a1" text="The cotyledon provides food for the plant to begin growing.">
      <tokens>
        <token id="ST_54b2_ra1">The</token>
        <token id="ST_54b2_ra2">cotyledon</token>
        <token id="ST_54b2_ra3">provides</token>
        <token id="ST_54b2_ra4">food</token>
        <token id="ST_54b2_ra5">for</token>
        <token id="ST_54b2_ra6">the</token>
        <token id="ST_54b2_ra7">plant</token>
        <token id="ST_54b2_ra8">to</token>
        <token id="ST_54b2_ra9">begin</token>
        <token id="ST_54b2_ra10">growing</token>
        <token id="ST_54b2_ra11">.</token>
      </tokens>
      <facets>
        <facet id="ST_54b2_f1" govNum="ST_54b2_ra3" modNum="ST_54b2_ra2" reltn="Means" govText="provides" modText="cotyledon"/>
        <facet id="ST_54b2_f2" govNum="ST_54b2_ra3" modNum="ST_54b2_ra4" reltn="Theme" govText="provides" modText="food"/>
        <facet id="ST_54b2_f3" govNum="ST_54b2_ra10" modNum="ST_54b2_ra7" reltn="Product" govText="growing" modText="plant"/>
        <facet id="ST_54b2_f4" govNum="ST_54b2_ra10" modNum="ST_54b2_ra9" reltn="VMod" govText="growing" modText="begin"/>
        <facet id="ST_54b2_f5" govNum="ST_54b2_ra3" modNum="ST_54b2_ra7" reltn="Recipient_for" govText="provides" modText="plant"/>
        <facet id="ST_54b2_f6" govNum="ST_54b2_ra3" modNum="ST_54b2_ra10" reltn="Cause_for" childProp2Facet2="ST_54b2_f4" childProp1Facet1="ST_54b2_f1" govText="provides" childProp1Facet2="ST_54b2_f2" modText="growing" childProp2Facet1="ST_54b2_f3"/>
      </facets>
    </referenceAnswer>
  </referenceAnswers>
  <studentAnswers>
    <studentAnswer id="ST.54b2.383.1" answerText="Feeds baby plant, embryo." accuracy="partially_correct_incomplete">
      <facetEntailment facetID="ST_54b2_f1" label="Inferred"/>
      <facetEntailment facetID="ST_54b2_f2" label="Expressed"/>
      <facetEntailment facetID="ST_54b2_f3" label="Unaddressed"/>
      <facetEntailment facetID="ST_54b2_f4" label="Unaddressed"/>
      <facetEntailment facetID="ST_54b2_f5" label="Expressed"/>
      <facetEntailment facetID="ST_54b2_f6" label="Unaddressed"/>
    </studentAnswer>
    <studentAnswer id="ST.54b2.385.1" answerText="The cotyledon stores the food." accuracy="partially_correct_incomplete">
      <facetEntailment facetID="ST_54b2_f1" label="Inferred"/>
      <facetEntailment facetID="ST_54b2_f2" label="Inferred"/>
      <facetEntailment facetID="ST_54b2_f3" label="Unaddressed"/>
      <facetEntailment facetID="ST_54b2_f4" label="Unaddressed"/>
      <facetEntailment facetID="ST_54b2_f5" label="Inferred"/>
      <facetEntailment facetID="ST_54b2_f6" label="Unaddressed"/>
    </studentAnswer>
    <studentAnswer id="ST.54b2.386.1" answerText="Feeds the embryo." accuracy="correct">
      <facetEntailment facetID="ST_54b2_f1" label="Inferred"/>
      <facetEntailment facetID="ST_54b2_f2" label="Expressed"/>
      <facetEntailment facetID="ST_54b2_f3" label="Inferred"/>
      <facetEntailment facetID="ST_54b2_f4" label="Inferred"/>
      <facetEntailment facetID="ST_54b2_f5" label="Inferred"/>
      <facetEntailment facetID="ST_54b2_f6" label="Inferred"/>
    </studentAnswer>
    <studentAnswer id="ST.54b2.387.1" answerText="The cotyledon is the baby seed." accuracy="irrelevant">
      <facetEntailment facetID="ST_54b2_f1" label="Unaddressed"/>
      <facetEntailment facetID="ST_54b2_f2" label="Unaddressed"/>
      <facetEntailment facetID="ST_54b2_f3" label="Unaddressed"/>
      <facetEntailment facetID="ST_54b2_f4" label="Unaddressed"/>
      <facetEntailment facetID="ST_54b2_f5" label="Unaddressed"/>
      <facetEntailment facetID="ST_54b2_f6" label="Unaddressed"/>
    </studentAnswer>
    <studentAnswer id="ST.54b2.389.1" answerText="It feeds the baby plant." accuracy="correct">
      <facetEntailment facetID="ST_54b2_f1" label="Inferred"/>
      <facetEntailment facetID="ST_54b2_f2" label="Expressed"/>
      <facetEntailment facetID="ST_54b2_f3" label="Inferred"/>
      <facetEntailment facetID="ST_54b2_f4" label="Inferred"/>
      <facetEntailment facetID="ST_54b2_f5" label="Expressed"/>
      <facetEntailment facetID="ST_54b2_f6" label="Inferred"/>
    </studentAnswer>
    <studentAnswer id="ST.54b2.391.1" answerText="The cotyledon is the inside of the seed." accuracy="irrelevant">
      <facetEntailment facetID="ST_54b2_f1" label="Unaddressed"/>
      <facetEntailment facetID="ST_54b2_f2" label="Unaddressed"/>
      <facetEntailment facetID="ST_54b2_f3" label="Unaddressed"/>
      <facetEntailment facetID="ST_54b2_f4" label="Unaddressed"/>
      <facetEntailment facetID="ST_54b2_f5" label="Unaddressed"/>
      <facetEntailment facetID="ST_54b2_f6" label="Unaddressed"/>
    </studentAnswer>
    <studentAnswer id="ST.54b2.420.1" answerText="Out of it." accuracy="irrelevant">
      <facetEntailment facetID="ST_54b2_f1" label="Unaddressed"/>
      <facetEntailment facetID="ST_54b2_f2" label="Unaddressed"/>
      <facetEntailment facetID="ST_54b2_f3" label="Unaddressed"/>
      <facetEntailment facetID="ST_54b2_f4" label="Unaddressed"/>
      <facetEntailment facetID="ST_54b2_f5" label="Unaddressed"/>
      <facetEntailment facetID="ST_54b2_f6" label="Unaddressed"/>
    </studentAnswer>
    <studentAnswer id="ST.54b2.424.1" answerText="To store all the food." accuracy="partially_correct_incomplete">
      <facetEntailment facetID="ST_54b2_f1" label="Inferred"/>
      <facetEntailment facetID="ST_54b2_f2" label="Inferred"/>
      <facetEntailment facetID="ST_54b2_f3" label="Unaddressed"/>
      <facetEntailment facetID="ST_54b2_f4" label="Unaddressed"/>
      <facetEntailment facetID="ST_54b2_f5" label="Inferred"/>
      <facetEntailment facetID="ST_54b2_f6" label="Unaddressed"/>
    </studentAnswer>
    <studentAnswer id="ST.54b2.427.1" answerText="Then is the cannot of the seed." accuracy="irrelevant">
      <facetEntailment facetID="ST_54b2_f1" label="Unaddressed"/>
      <facetEntailment facetID="ST_54b2_f2" label="Unaddressed"/>
      <facetEntailment facetID="ST_54b2_f3" label="Unaddressed"/>
      <facetEntailment facetID="ST_54b2_f4" label="Unaddressed"/>
      <facetEntailment facetID="ST_54b2_f5" label="Unaddressed"/>
      <facetEntailment facetID="ST_54b2_f6" label="Unaddressed"/>
    </studentAnswer>
    <studentAnswer id="ST.54b2.454.1" answerText="Place that stores food for it." accuracy="partially_correct_incomplete">
      <facetEntailment facetID="ST_54b2_f1" label="Inferred"/>
      <facetEntailment facetID="ST_54b2_f2" label="Expressed"/>
      <facetEntailment facetID="ST_54b2_f3" label="Unaddressed"/>
      <facetEntailment facetID="ST_54b2_f4" label="Unaddressed"/>
      <facetEntailment facetID="ST_54b2_f5" label="Expressed"/>
      <facetEntailment facetID="ST_54b2_f6" label="Unaddressed"/>
    </studentAnswer>
    <studentAnswer id="ST.54b2.455.1" answerText="It stores the food." accuracy="partially_correct_incomplete">
      <facetEntailment facetID="ST_54b2_f1" label="Inferred"/>
      <facetEntailment facetID="ST_54b2_f2" label="Inferred"/>
      <facetEntailment facetID="ST_54b2_f3" label="Unaddressed"/>
      <facetEntailment facetID="ST_54b2_f4" label="Unaddressed"/>
      <facetEntailment facetID="ST_54b2_f5" label="Inferred"/>
      <facetEntailment facetID="ST_54b2_f6" label="Unaddressed"/>
    </studentAnswer>
    <studentAnswer id="ST.54b2.460.1" answerText="Part that stores food." accuracy="partially_correct_incomplete">
      <facetEntailment facetID="ST_54b2_f1" label="Inferred"/>
      <facetEntailment facetID="ST_54b2_f2" label="Expressed"/>
      <facetEntailment facetID="ST_54b2_f3" label="Unaddressed"/>
      <facetEntailment facetID="ST_54b2_f4" label="Unaddressed"/>
      <facetEntailment facetID="ST_54b2_f5" label="Inferred"/>
      <facetEntailment facetID="ST_54b2_f6" label="Unaddressed"/>
    </studentAnswer>
    <studentAnswer id="ST.54b2.465.1" answerText="It is the leaf, stem, and roots." accuracy="irrelevant">
      <facetEntailment facetID="ST_54b2_f1" label="Unaddressed"/>
      <facetEntailment facetID="ST_54b2_f2" label="Unaddressed"/>
      <facetEntailment facetID="ST_54b2_f3" label="Unaddressed"/>
      <facetEntailment facetID="ST_54b2_f4" label="Unaddressed"/>
      <facetEntailment facetID="ST_54b2_f5" label="Unaddressed"/>
      <facetEntailment facetID="ST_54b2_f6" label="Unaddressed"/>
    </studentAnswer>
    <studentAnswer id="ST.54b2.469.1" answerText="A storage." accuracy="partially_correct_incomplete">
      <facetEntailment facetID="ST_54b2_f1" label="Unaddressed"/>
      <facetEntailment facetID="ST_54b2_f2" label="Inferred"/>
      <facetEntailment facetID="ST_54b2_f3" label="Unaddressed"/>
      <facetEntailment facetID="ST_54b2_f4" label="Unaddressed"/>
      <facetEntailment facetID="ST_54b2_f5" label="Unaddressed"/>
      <facetEntailment facetID="ST_54b2_f6" label="Unaddressed"/>
    </studentAnswer>
    <studentAnswer id="ST.54b2.494.1" answerText="Where seeds are." accuracy="irrelevant">
      <facetEntailment facetID="ST_54b2_f1" label="Unaddressed"/>
      <facetEntailment facetID="ST_54b2_f2" label="Unaddressed"/>
      <facetEntailment facetID="ST_54b2_f3" label="Unaddressed"/>
      <facetEntailment facetID="ST_54b2_f4" label="Unaddressed"/>
      <facetEntailment facetID="ST_54b2_f5" label="Unaddressed"/>
      <facetEntailment facetID="ST_54b2_f6" label="Unaddressed"/>
    </studentAnswer>
    <studentAnswer id="ST.54b2.496.1" answerText="The cotyledon is where seeds are store." accuracy="partially_correct_incomplete">
      <facetEntailment facetID="ST_54b2_f1" label="Inferred"/>
      <facetEntailment facetID="ST_54b2_f2" label="Diff-Arg"/>
      <facetEntailment facetID="ST_54b2_f3" label="Unaddressed"/>
      <facetEntailment facetID="ST_54b2_f4" label="Unaddressed"/>
      <facetEntailment facetID="ST_54b2_f5" label="Unaddressed"/>
      <facetEntailment facetID="ST_54b2_f6" label="Unaddressed"/>
    </studentAnswer>
    <studentAnswer id="ST.54b2.528.1" answerText="Grow." accuracy="irrelevant">
      <facetEntailment facetID="ST_54b2_f1" label="Unaddressed"/>
      <facetEntailment facetID="ST_54b2_f2" label="Unaddressed"/>
      <facetEntailment facetID="ST_54b2_f3" label="Unaddressed"/>
      <facetEntailment facetID="ST_54b2_f4" label="Unaddressed"/>
      <facetEntailment facetID="ST_54b2_f5" label="Unaddressed"/>
      <facetEntailment facetID="ST_54b2_f6" label="Unaddressed"/>
    </studentAnswer>
    <studentAnswer id="ST.54b2.530.1" answerText="Food storage." accuracy="partially_correct_incomplete">
      <facetEntailment facetID="ST_54b2_f1" label="Inferred"/>
      <facetEntailment facetID="ST_54b2_f2" label="Inferred"/>
      <facetEntailment facetID="ST_54b2_f3" label="Unaddressed"/>
      <facetEntailment facetID="ST_54b2_f4" label="Unaddressed"/>
      <facetEntailment facetID="ST_54b2_f5" label="Inferred"/>
      <facetEntailment facetID="ST_54b2_f6" label="Unaddressed"/>
    </studentAnswer>
    <studentAnswer id="ST.54b2.532.1" answerText="Cotyledon seed coat, embryo." accuracy="irrelevant">
      <facetEntailment facetID="ST_54b2_f1" label="Unaddressed"/>
      <facetEntailment facetID="ST_54b2_f2" label="Unaddressed"/>
      <facetEntailment facetID="ST_54b2_f3" label="Unaddressed"/>
      <facetEntailment facetID="ST_54b2_f4" label="Unaddressed"/>
      <facetEntailment facetID="ST_54b2_f5" label="Unaddressed"/>
      <facetEntailment facetID="ST_54b2_f6" label="Unaddressed"/>
    </studentAnswer>
    <studentAnswer id="ST.54b2.533.1" answerText="Feed it." accuracy="partially_correct_incomplete">
      <facetEntailment facetID="ST_54b2_f1" label="Inferred"/>
      <facetEntailment facetID="ST_54b2_f2" label="Expressed"/>
      <facetEntailment facetID="ST_54b2_f3" label="Unaddressed"/>
      <facetEntailment facetID="ST_54b2_f4" label="Unaddressed"/>
      <facetEntailment facetID="ST_54b2_f5" label="Expressed"/>
      <facetEntailment facetID="ST_54b2_f6" label="Unaddressed"/>
    </studentAnswer>
    <studentAnswer id="ST.54b2.536.1" answerText="Gives you the fiber you need." accuracy="contradictory">
      <facetEntailment facetID="ST_54b2_f1" label="Inferred"/>
      <facetEntailment facetID="ST_54b2_f2" label="Diff-Arg"/>
      <facetEntailment facetID="ST_54b2_f3" label="Unaddressed"/>
      <facetEntailment facetID="ST_54b2_f4" label="Unaddressed"/>
      <facetEntailment facetID="ST_54b2_f5" label="Diff-Arg"/>
      <facetEntailment facetID="ST_54b2_f6" label="Contra-Expr"/>
    </studentAnswer>
    <studentAnswer id="ST.54b2.540.1" answerText="Food storage." accuracy="partially_correct_incomplete">
      <facetEntailment facetID="ST_54b2_f1" label="Inferred"/>
      <facetEntailment facetID="ST_54b2_f2" label="Inferred"/>
      <facetEntailment facetID="ST_54b2_f3" label="Unaddressed"/>
      <facetEntailment facetID="ST_54b2_f4" label="Unaddressed"/>
      <facetEntailment facetID="ST_54b2_f5" label="Inferred"/>
      <facetEntailment facetID="ST_54b2_f6" label="Unaddressed"/>
    </studentAnswer>
    <studentAnswer id="ST.54b2.558.1" answerText="A cotyledon is the part over the water." accuracy="irrelevant">
      <facetEntailment facetID="ST_54b2_f1" label="Unaddressed"/>
      <facetEntailment facetID="ST_54b2_f2" label="Unaddressed"/>
      <facetEntailment facetID="ST_54b2_f3" label="Unaddressed"/>
      <facetEntailment facetID="ST_54b2_f4" label="Unaddressed"/>
      <facetEntailment facetID="ST_54b2_f5" label="Unaddressed"/>
      <facetEntailment facetID="ST_54b2_f6" label="Unaddressed"/>
    </studentAnswer>
    <studentAnswer id="ST.54b2.565.1" answerText="It stores the food." accuracy="partially_correct_incomplete">
      <facetEntailment facetID="ST_54b2_f1" label="Inferred"/>
      <facetEntailment facetID="ST_54b2_f2" label="Inferred"/>
      <facetEntailment facetID="ST_54b2_f3" label="Unaddressed"/>
      <facetEntailment facetID="ST_54b2_f4" label="Unaddressed"/>
      <facetEntailment facetID="ST_54b2_f5" label="Inferred"/>
      <facetEntailment facetID="ST_54b2_f6" label="Unaddressed"/>
    </studentAnswer>
    <studentAnswer id="ST.54b2.591.1" answerText="Stores supply." accuracy="partially_correct_incomplete">
      <facetEntailment facetID="ST_54b2_f1" label="Inferred"/>
      <facetEntailment facetID="ST_54b2_f2" label="Inferred"/>
      <facetEntailment facetID="ST_54b2_f3" label="Unaddressed"/>
      <facetEntailment facetID="ST_54b2_f4" label="Unaddressed"/>
      <facetEntailment facetID="ST_54b2_f5" label="Inferred"/>
      <facetEntailment facetID="ST_54b2_f6" label="Unaddressed"/>
    </studentAnswer>
    <studentAnswer id="ST.54b2.598.1" answerText="The inner layer of the seed." accuracy="irrelevant">
      <facetEntailment facetID="ST_54b2_f1" label="Unaddressed"/>
      <facetEntailment facetID="ST_54b2_f2" label="Unaddressed"/>
      <facetEntailment facetID="ST_54b2_f3" label="Unaddressed"/>
      <facetEntailment facetID="ST_54b2_f4" label="Unaddressed"/>
      <facetEntailment facetID="ST_54b2_f5" label="Unaddressed"/>
      <facetEntailment facetID="ST_54b2_f6" label="Unaddressed"/>
    </studentAnswer>
    <studentAnswer id="ST.54b2.602.1" answerText="The cotyledon is its food holder." accuracy="partially_correct_incomplete">
      <facetEntailment facetID="ST_54b2_f1" label="Inferred"/>
      <facetEntailment facetID="ST_54b2_f2" label="Inferred"/>
      <facetEntailment facetID="ST_54b2_f3" label="Unaddressed"/>
      <facetEntailment facetID="ST_54b2_f4" label="Unaddressed"/>
      <facetEntailment facetID="ST_54b2_f5" label="Inferred"/>
      <facetEntailment facetID="ST_54b2_f6" label="Unaddressed"/>
    </studentAnswer>
    <studentAnswer id="ST.54b2.604.1" answerText="The food supply." accuracy="partially_correct_incomplete">
      <facetEntailment facetID="ST_54b2_f1" label="Inferred"/>
      <facetEntailment facetID="ST_54b2_f2" label="Inferred"/>
      <facetEntailment facetID="ST_54b2_f3" label="Unaddressed"/>
      <facetEntailment facetID="ST_54b2_f4" label="Unaddressed"/>
      <facetEntailment facetID="ST_54b2_f5" label="Inferred"/>
      <facetEntailment facetID="ST_54b2_f6" label="Unaddressed"/>
    </studentAnswer>
    <studentAnswer id="ST.54b2.606.1" answerText="Store food." accuracy="partially_correct_incomplete">
      <facetEntailment facetID="ST_54b2_f1" label="Inferred"/>
      <facetEntailment facetID="ST_54b2_f2" label="Inferred"/>
      <facetEntailment facetID="ST_54b2_f3" label="Unaddressed"/>
      <facetEntailment facetID="ST_54b2_f4" label="Unaddressed"/>
      <facetEntailment facetID="ST_54b2_f5" label="Inferred"/>
      <facetEntailment facetID="ST_54b2_f6" label="Unaddressed"/>
    </studentAnswer>
    <studentAnswer id="ST.54b2.610.1" answerText="Food supply." accuracy="partially_correct_incomplete">
      <facetEntailment facetID="ST_54b2_f1" label="Inferred"/>
      <facetEntailment facetID="ST_54b2_f2" label="Expressed"/>
      <facetEntailment facetID="ST_54b2_f3" label="Unaddressed"/>
      <facetEntailment facetID="ST_54b2_f4" label="Unaddressed"/>
      <facetEntailment facetID="ST_54b2_f5" label="Inferred"/>
      <facetEntailment facetID="ST_54b2_f6" label="Unaddressed"/>
    </studentAnswer>
    <studentAnswer id="ST.54b2.627.1" answerText="It stores food." accuracy="partially_correct_incomplete">
      <facetEntailment facetID="ST_54b2_f1" label="Inferred"/>
      <facetEntailment facetID="ST_54b2_f2" label="Inferred"/>
      <facetEntailment facetID="ST_54b2_f3" label="Unaddressed"/>
      <facetEntailment facetID="ST_54b2_f4" label="Unaddressed"/>
      <facetEntailment facetID="ST_54b2_f5" label="Inferred"/>
      <facetEntailment facetID="ST_54b2_f6" label="Unaddressed"/>
    </studentAnswer>
    <studentAnswer id="ST.54b2.629.1" answerText="The cotyledon is the food for the baby plant." accuracy="correct">
      <facetEntailment facetID="ST_54b2_f1" label="Expressed"/>
      <facetEntailment facetID="ST_54b2_f2" label="Inferred"/>
      <facetEntailment facetID="ST_54b2_f3" label="Inferred"/>
      <facetEntailment facetID="ST_54b2_f4" label="Inferred"/>
      <facetEntailment facetID="ST_54b2_f5" label="Expressed"/>
      <facetEntailment facetID="ST_54b2_f6" label="Inferred"/>
    </studentAnswer>
    <studentAnswer id="ST.54b2.630.1" answerText="The baby inside the seed." accuracy="irrelevant">
      <facetEntailment facetID="ST_54b2_f1" label="Unaddressed"/>
      <facetEntailment facetID="ST_54b2_f2" label="Unaddressed"/>
      <facetEntailment facetID="ST_54b2_f3" label="Unaddressed"/>
      <facetEntailment facetID="ST_54b2_f4" label="Unaddressed"/>
      <facetEntailment facetID="ST_54b2_f5" label="Unaddressed"/>
      <facetEntailment facetID="ST_54b2_f6" label="Unaddressed"/>
    </studentAnswer>
    <studentAnswer id="ST.54b2.637.1" answerText="Stem." accuracy="irrelevant">
      <facetEntailment facetID="ST_54b2_f1" label="Unaddressed"/>
      <facetEntailment facetID="ST_54b2_f2" label="Unaddressed"/>
      <facetEntailment facetID="ST_54b2_f3" label="Unaddressed"/>
      <facetEntailment facetID="ST_54b2_f4" label="Unaddressed"/>
      <facetEntailment facetID="ST_54b2_f5" label="Unaddressed"/>
      <facetEntailment facetID="ST_54b2_f6" label="Unaddressed"/>
    </studentAnswer>
  </studentAnswers>
</question>
