<?xml version="1.0"?>
<question id="VB_22c" module="VB">
  <questionText>Describe what the graph tells you about the relationship between the number of scoops of fertilizer and the mass of beans harvested?</questionText>
  <referenceAnswers>
    <referenceAnswer id="VB_22c-a1" text="When less than 3 scoops of fertilizer are used, the more fertilizer used, the greater the mass of beans harvested. When more than 3 scoops of fertilizer are used, the more fertilizer used, the less the mass of beans harvested.">
      <tokens>
        <token id="VB_22c_ra1">When</token>
        <token id="VB_22c_ra2">less</token>
        <token id="VB_22c_ra3">than</token>
        <token id="VB_22c_ra4">3</token>
        <token id="VB_22c_ra5">scoops</token>
        <token id="VB_22c_ra6">of</token>
        <token id="VB_22c_ra7">fertilizer</token>
        <token id="VB_22c_ra8">are</token>
        <token id="VB_22c_ra9">used</token>
        <token id="VB_22c_ra10">,</token>
        <token id="VB_22c_ra11">the</token>
        <token id="VB_22c_ra12">more</token>
        <token id="VB_22c_ra13">fertilizer</token>
        <token id="VB_22c_ra14">used</token>
        <token id="VB_22c_ra15">,</token>
        <token id="VB_22c_ra16">the</token>
        <token id="VB_22c_ra17">greater</token>
        <token id="VB_22c_ra18">the</token>
        <token id="VB_22c_ra19">mass</token>
        <token id="VB_22c_ra20">of</token>
        <token id="VB_22c_ra21">beans</token>
        <token id="VB_22c_ra22">harvested</token>
        <token id="VB_22c_ra23">.</token>
        <token id="VB_22c_ra24">When</token>
        <token id="VB_22c_ra25">more</token>
        <token id="VB_22c_ra26">than</token>
        <token id="VB_22c_ra27">3</token>
        <token id="VB_22c_ra28">scoops</token>
        <token id="VB_22c_ra29">of</token>
        <token id="VB_22c_ra30">fertilizer</token>
        <token id="VB_22c_ra31">are</token>
        <token id="VB_22c_ra32">used</token>
        <token id="VB_22c_ra33">,</token>
        <token id="VB_22c_ra34">the</token>
        <token id="VB_22c_ra35">more</token>
        <token id="VB_22c_ra36">fertilizer</token>
        <token id="VB_22c_ra37">used</token>
        <token id="VB_22c_ra38">,</token>
        <token id="VB_22c_ra39">the</token>
        <token id="VB_22c_ra40">less</token>
        <token id="VB_22c_ra41">the</token>
        <token id="VB_22c_ra42">mass</token>
        <token id="VB_22c_ra43">of</token>
        <token id="VB_22c_ra44">beans</token>
        <token id="VB_22c_ra45">harvested</token>
        <token id="VB_22c_ra46">.</token>
      </tokens>
      <facets>
        <facet id="VB_22c_f1" govNum="VB_22c_ra14" modNum="VB_22c_ra13" reltn="Theme" govText="used" isAssumed="true" modText="fertilizer"/>
        <facet id="VB_22c_f2" govNum="VB_22c_ra13" modNum="VB_22c_ra12" reltn="NMod" govText="fertilizer" modText="more"/>
        <facet id="VB_22c_f3" govNum="VB_22c_ra22" modNum="VB_22c_ra19" reltn="Theme" govText="harvested" isAssumed="true" modText="mass"/>
        <facet id="VB_22c_f4" govNum="VB_22c_ra19" modNum="VB_22c_ra21" reltn="NMod_of" govText="mass" isAssumed="true" modText="beans"/>
        <facet id="VB_22c_f5" govNum="VB_22c_ra19" modNum="VB_22c_ra17" reltn="NMod" govText="mass" modText="greater"/>
        <facet id="VB_22c_f6" govNum="VB_22c_ra22" modNum="VB_22c_ra14" reltn="Cause_COMMA" childProp2Facet2="VB_22c_f2" childProp1Facet1="VB_22c_f3" govText="harvested" childProp1Facet2="VB_22c_f4" modText="used" childProp2Facet1="VB_22c_f1"/>
        <facet id="VB_22c_f7" govNum="VB_22c_ra9" modNum="VB_22c_ra5" reltn="Theme" govText="used" isAssumed="true" modText="scoops"/>
        <facet id="VB_22c_f8" govNum="VB_22c_ra5" modNum="VB_22c_ra7" reltn="NMod_of" govText="scoops" isAssumed="true" modText="fertilizer"/>
        <facet id="VB_22c_f9" govNum="VB_22c_ra5" modNum="VB_22c_ra2" reltn="NMod" govText="scoops" modText="less"/>
        <facet id="VB_22c_f10" govNum="VB_22c_ra2" modNum="VB_22c_ra4" reltn="AMod_than" govText="less" modText="3"/>
        <facet id="VB_22c_f11" govNum="VB_22c_ra22" modNum="VB_22c_ra9" reltn="Time_when" childProp2Facet2="VB_22c_f8" childProp1Facet1="VB_22c_f3" govText="harvested" childProp1Facet2="VB_22c_f4" modText="used" childProp2Facet1="VB_22c_f7"/>
        <facet id="VB_22c_f12" govNum="VB_22c_ra37" modNum="VB_22c_ra36" reltn="Theme" govText="used" isAssumed="true" modText="fertilizer"/>
        <facet id="VB_22c_f13" govNum="VB_22c_ra36" modNum="VB_22c_ra35" reltn="NMod" govText="fertilizer" modText="more"/>
        <facet id="VB_22c_f14" govNum="VB_22c_ra45" modNum="VB_22c_ra42" reltn="Theme" govText="harvested" isAssumed="true" modText="mass"/>
        <facet id="VB_22c_f15" govNum="VB_22c_ra42" modNum="VB_22c_ra44" reltn="NMod_of" govText="mass" isAssumed="true" modText="beans"/>
        <facet id="VB_22c_f16" govNum="VB_22c_ra42" modNum="VB_22c_ra40" reltn="NMod" govText="mass" modText="less"/>
        <facet id="VB_22c_f17" govNum="VB_22c_ra45" modNum="VB_22c_ra37" reltn="Cause_COMMA" childProp2Facet2="VB_22c_f13" childProp1Facet1="VB_22c_f14" govText="harvested" childProp1Facet2="VB_22c_f15" modText="used" childProp2Facet1="VB_22c_f12"/>
        <facet id="VB_22c_f18" govNum="VB_22c_ra32" modNum="VB_22c_ra28" reltn="Theme" govText="used" isAssumed="true" modText="scoops"/>
        <facet id="VB_22c_f19" govNum="VB_22c_ra28" modNum="VB_22c_ra30" reltn="NMod_of" govText="scoops" isAssumed="true" modText="fertilizer"/>
        <facet id="VB_22c_f20" govNum="VB_22c_ra28" modNum="VB_22c_ra25" reltn="NMod" govText="scoops" modText="more"/>
        <facet id="VB_22c_f21" govNum="VB_22c_ra25" modNum="VB_22c_ra27" reltn="AMod_than" govText="more" modText="3"/>
        <facet id="VB_22c_f22" govNum="VB_22c_ra45" modNum="VB_22c_ra32" reltn="Time_when" childProp2Facet2="VB_22c_f19" childProp1Facet1="VB_22c_f14" govText="harvested" childProp1Facet2="VB_22c_f15" modText="used" childProp2Facet1="VB_22c_f18"/>
      </facets>
    </referenceAnswer>
  </referenceAnswers>
  <studentAnswers>
    <studentAnswer id="VB.22c.381.1" answerText="When it get up to 3 scoops the mass of beans harvested decreases." accuracy="correct">
      <facetEntailment facetID="VB_22c_f1" label="Assumed"/>
      <facetEntailment facetID="VB_22c_f2" label="Inferred"/>
      <facetEntailment facetID="VB_22c_f3" label="Expressed"/>
      <facetEntailment facetID="VB_22c_f4" label="Expressed"/>
      <facetEntailment facetID="VB_22c_f5" label="Inferred"/>
      <facetEntailment facetID="VB_22c_f6" label="Inferred"/>
      <facetEntailment facetID="VB_22c_f7" label="Expressed"/>
      <facetEntailment facetID="VB_22c_f8" label="Assumed"/>
      <facetEntailment facetID="VB_22c_f9" label="Inferred"/>
      <facetEntailment facetID="VB_22c_f10" label="Inferred"/>
      <facetEntailment facetID="VB_22c_f11" label="Inferred"/>
      <facetEntailment facetID="VB_22c_f12" label="Assumed"/>
      <facetEntailment facetID="VB_22c_f13" label="Inferred"/>
      <facetEntailment facetID="VB_22c_f14" label="Expressed"/>
      <facetEntailment facetID="VB_22c_f15" label="Expressed"/>
      <facetEntailment facetID="VB_22c_f16" label="Expressed"/>
      <facetEntailment facetID="VB_22c_f17" label="Inferred"/>
      <facetEntailment facetID="VB_22c_f18" label="Expressed"/>
      <facetEntailment facetID="VB_22c_f19" label="Assumed"/>
      <facetEntailment facetID="VB_22c_f20" label="Inferred"/>
      <facetEntailment facetID="VB_22c_f21" label="Inferred"/>
      <facetEntailment facetID="VB_22c_f22" label="Expressed"/>
    </studentAnswer>
    <studentAnswer id="VB.22c.384.1" answerText="As the fertilizer increases the beans increase then decrease." accuracy="partially_correct_incomplete">
      <facetEntailment facetID="VB_22c_f1" label="Expressed"/>
      <facetEntailment facetID="VB_22c_f2" label="Expressed"/>
      <facetEntailment facetID="VB_22c_f3" label="Assumed"/>
      <facetEntailment facetID="VB_22c_f4" label="Assumed"/>
      <facetEntailment facetID="VB_22c_f5" label="Inferred"/>
      <facetEntailment facetID="VB_22c_f6" label="Expressed"/>
      <facetEntailment facetID="VB_22c_f7" label="Assumed"/>
      <facetEntailment facetID="VB_22c_f8" label="Assumed"/>
      <facetEntailment facetID="VB_22c_f9" label="Inferred"/>
      <facetEntailment facetID="VB_22c_f10" label="Unaddressed"/>
      <facetEntailment facetID="VB_22c_f11" label="Inferred"/>
      <facetEntailment facetID="VB_22c_f12" label="Expressed"/>
      <facetEntailment facetID="VB_22c_f13" label="Expressed"/>
      <facetEntailment facetID="VB_22c_f14" label="Assumed"/>
      <facetEntailment facetID="VB_22c_f15" label="Assumed"/>
      <facetEntailment facetID="VB_22c_f16" label="Inferred"/>
      <facetEntailment facetID="VB_22c_f17" label="Expressed"/>
      <facetEntailment facetID="VB_22c_f18" label="Assumed"/>
      <facetEntailment facetID="VB_22c_f19" label="Assumed"/>
      <facetEntailment facetID="VB_22c_f20" label="Inferred"/>
      <facetEntailment facetID="VB_22c_f21" label="Unaddressed"/>
      <facetEntailment facetID="VB_22c_f22" label="Inferred"/>
    </studentAnswer>
    <studentAnswer id="VB.22c.394.1" answerText="If you use anything under 3 scoops you will not get your greatest mass. If you use anything over 3 scoops you will also not get your greatest mass." accuracy="correct">
      <facetEntailment facetID="VB_22c_f1" label="Assumed"/>
      <facetEntailment facetID="VB_22c_f2" label="Inferred"/>
      <facetEntailment facetID="VB_22c_f3" label="Expressed"/>
      <facetEntailment facetID="VB_22c_f4" label="Assumed"/>
      <facetEntailment facetID="VB_22c_f5" label="Expressed"/>
      <facetEntailment facetID="VB_22c_f6" label="Inferred"/>
      <facetEntailment facetID="VB_22c_f7" label="Expressed"/>
      <facetEntailment facetID="VB_22c_f8" label="Assumed"/>
      <facetEntailment facetID="VB_22c_f9" label="Expressed"/>
      <facetEntailment facetID="VB_22c_f10" label="Expressed"/>
      <facetEntailment facetID="VB_22c_f11" label="Expressed"/>
      <facetEntailment facetID="VB_22c_f12" label="Assumed"/>
      <facetEntailment facetID="VB_22c_f13" label="Inferred"/>
      <facetEntailment facetID="VB_22c_f14" label="Expressed"/>
      <facetEntailment facetID="VB_22c_f15" label="Assumed"/>
      <facetEntailment facetID="VB_22c_f16" label="Expressed"/>
      <facetEntailment facetID="VB_22c_f17" label="Inferred"/>
      <facetEntailment facetID="VB_22c_f18" label="Expressed"/>
      <facetEntailment facetID="VB_22c_f19" label="Assumed"/>
      <facetEntailment facetID="VB_22c_f20" label="Expressed"/>
      <facetEntailment facetID="VB_22c_f21" label="Expressed"/>
      <facetEntailment facetID="VB_22c_f22" label="Expressed"/>
    </studentAnswer>
    <studentAnswer id="VB.22c.397.1" answerText="The more scoops of fertilizer the bigger they get. The more scoops of fertilizer the smaller they get." accuracy="partially_correct_incomplete">
      <facetEntailment facetID="VB_22c_f1" label="Assumed"/>
      <facetEntailment facetID="VB_22c_f2" label="Expressed"/>
      <facetEntailment facetID="VB_22c_f3" label="Assumed"/>
      <facetEntailment facetID="VB_22c_f4" label="Assumed"/>
      <facetEntailment facetID="VB_22c_f5" label="Inferred"/>
      <facetEntailment facetID="VB_22c_f6" label="Inferred"/>
      <facetEntailment facetID="VB_22c_f7" label="Assumed"/>
      <facetEntailment facetID="VB_22c_f8" label="Expressed"/>
      <facetEntailment facetID="VB_22c_f9" label="Unaddressed"/>
      <facetEntailment facetID="VB_22c_f10" label="Unaddressed"/>
      <facetEntailment facetID="VB_22c_f11" label="Unaddressed"/>
      <facetEntailment facetID="VB_22c_f12" label="Assumed"/>
      <facetEntailment facetID="VB_22c_f13" label="Expressed"/>
      <facetEntailment facetID="VB_22c_f14" label="Assumed"/>
      <facetEntailment facetID="VB_22c_f15" label="Assumed"/>
      <facetEntailment facetID="VB_22c_f16" label="Inferred"/>
      <facetEntailment facetID="VB_22c_f17" label="Inferred"/>
      <facetEntailment facetID="VB_22c_f18" label="Assumed"/>
      <facetEntailment facetID="VB_22c_f19" label="Expressed"/>
      <facetEntailment facetID="VB_22c_f20" label="Unaddressed"/>
      <facetEntailment facetID="VB_22c_f21" label="Unaddressed"/>
      <facetEntailment facetID="VB_22c_f22" label="Unaddressed"/>
    </studentAnswer>
    <studentAnswer id="VB.22c.404.1" answerText="As the scoops increase the mass increases until it gets too much fertilizer." accuracy="partially_correct_incomplete">
      <facetEntailment facetID="VB_22c_f1" label="Assumed"/>
      <facetEntailment facetID="VB_22c_f2" label="Expressed"/>
      <facetEntailment facetID="VB_22c_f3" label="Assumed"/>
      <facetEntailment facetID="VB_22c_f4" label="Assumed"/>
      <facetEntailment facetID="VB_22c_f5" label="Expressed"/>
      <facetEntailment facetID="VB_22c_f6" label="Expressed"/>
      <facetEntailment facetID="VB_22c_f7" label="Assumed"/>
      <facetEntailment facetID="VB_22c_f8" label="Assumed"/>
      <facetEntailment facetID="VB_22c_f9" label="Inferred"/>
      <facetEntailment facetID="VB_22c_f10" label="Unaddressed"/>
      <facetEntailment facetID="VB_22c_f11" label="Inferred"/>
      <facetEntailment facetID="VB_22c_f12" label="Assumed"/>
      <facetEntailment facetID="VB_22c_f13" label="Expressed"/>
      <facetEntailment facetID="VB_22c_f14" label="Assumed"/>
      <facetEntailment facetID="VB_22c_f15" label="Assumed"/>
      <facetEntailment facetID="VB_22c_f16" label="Inferred"/>
      <facetEntailment facetID="VB_22c_f17" label="Inferred"/>
      <facetEntailment facetID="VB_22c_f18" label="Assumed"/>
      <facetEntailment facetID="VB_22c_f19" label="Assumed"/>
      <facetEntailment facetID="VB_22c_f20" label="Inferred"/>
      <facetEntailment facetID="VB_22c_f21" label="Unaddressed"/>
      <facetEntailment facetID="VB_22c_f22" label="Inferred"/>
    </studentAnswer>
    <studentAnswer id="VB.22c.406.1" answerText="Once the third scoop is added you are good to go and not to use over 3 scoops." accuracy="partially_correct_incomplete">
      <facetEntailment facetID="VB_22c_f1" label="Assumed"/>
      <facetEntailment facetID="VB_22c_f2" label="Unaddressed"/>
      <facetEntailment facetID="VB_22c_f3" label="Assumed"/>
      <facetEntailment facetID="VB_22c_f4" label="Assumed"/>
      <facetEntailment facetID="VB_22c_f5" label="Unaddressed"/>
      <facetEntailment facetID="VB_22c_f6" label="Unaddressed"/>
      <facetEntailment facetID="VB_22c_f7" label="Expressed"/>
      <facetEntailment facetID="VB_22c_f8" label="Assumed"/>
      <facetEntailment facetID="VB_22c_f9" label="Inferred"/>
      <facetEntailment facetID="VB_22c_f10" label="Inferred"/>
      <facetEntailment facetID="VB_22c_f11" label="Inferred"/>
      <facetEntailment facetID="VB_22c_f12" label="Assumed"/>
      <facetEntailment facetID="VB_22c_f13" label="Unaddressed"/>
      <facetEntailment facetID="VB_22c_f14" label="Assumed"/>
      <facetEntailment facetID="VB_22c_f15" label="Assumed"/>
      <facetEntailment facetID="VB_22c_f16" label="Unaddressed"/>
      <facetEntailment facetID="VB_22c_f17" label="Unaddressed"/>
      <facetEntailment facetID="VB_22c_f18" label="Expressed"/>
      <facetEntailment facetID="VB_22c_f19" label="Assumed"/>
      <facetEntailment facetID="VB_22c_f20" label="Inferred"/>
      <facetEntailment facetID="VB_22c_f21" label="Inferred"/>
      <facetEntailment facetID="VB_22c_f22" label="Inferred"/>
    </studentAnswer>
    <studentAnswer id="VB.22c.416.1" answerText="It goes up until it gets to 3 it goes down all the way to 6." accuracy="partially_correct_incomplete">
      <facetEntailment facetID="VB_22c_f1" label="Assumed"/>
      <facetEntailment facetID="VB_22c_f2" label="Unaddressed"/>
      <facetEntailment facetID="VB_22c_f3" label="Assumed"/>
      <facetEntailment facetID="VB_22c_f4" label="Assumed"/>
      <facetEntailment facetID="VB_22c_f5" label="Inferred"/>
      <facetEntailment facetID="VB_22c_f6" label="Inferred"/>
      <facetEntailment facetID="VB_22c_f7" label="Assumed"/>
      <facetEntailment facetID="VB_22c_f8" label="Assumed"/>
      <facetEntailment facetID="VB_22c_f9" label="Inferred"/>
      <facetEntailment facetID="VB_22c_f10" label="Expressed"/>
      <facetEntailment facetID="VB_22c_f11" label="Expressed"/>
      <facetEntailment facetID="VB_22c_f12" label="Assumed"/>
      <facetEntailment facetID="VB_22c_f13" label="Unaddressed"/>
      <facetEntailment facetID="VB_22c_f14" label="Assumed"/>
      <facetEntailment facetID="VB_22c_f15" label="Assumed"/>
      <facetEntailment facetID="VB_22c_f16" label="Inferred"/>
      <facetEntailment facetID="VB_22c_f17" label="Inferred"/>
      <facetEntailment facetID="VB_22c_f18" label="Assumed"/>
      <facetEntailment facetID="VB_22c_f19" label="Assumed"/>
      <facetEntailment facetID="VB_22c_f20" label="Inferred"/>
      <facetEntailment facetID="VB_22c_f21" label="Expressed"/>
      <facetEntailment facetID="VB_22c_f22" label="Expressed"/>
    </studentAnswer>
    <studentAnswer id="VB.22c.419.1" answerText="It goes in a pattern like 0 is on 0.2 and like one is on 0.7 and goes from even to odd." accuracy="irrelevant">
      <facetEntailment facetID="VB_22c_f1" label="Assumed"/>
      <facetEntailment facetID="VB_22c_f2" label="Unaddressed"/>
      <facetEntailment facetID="VB_22c_f3" label="Assumed"/>
      <facetEntailment facetID="VB_22c_f4" label="Assumed"/>
      <facetEntailment facetID="VB_22c_f5" label="Unaddressed"/>
      <facetEntailment facetID="VB_22c_f6" label="Unaddressed"/>
      <facetEntailment facetID="VB_22c_f7" label="Assumed"/>
      <facetEntailment facetID="VB_22c_f8" label="Assumed"/>
      <facetEntailment facetID="VB_22c_f9" label="Unaddressed"/>
      <facetEntailment facetID="VB_22c_f10" label="Unaddressed"/>
      <facetEntailment facetID="VB_22c_f11" label="Unaddressed"/>
      <facetEntailment facetID="VB_22c_f12" label="Assumed"/>
      <facetEntailment facetID="VB_22c_f13" label="Unaddressed"/>
      <facetEntailment facetID="VB_22c_f14" label="Assumed"/>
      <facetEntailment facetID="VB_22c_f15" label="Assumed"/>
      <facetEntailment facetID="VB_22c_f16" label="Unaddressed"/>
      <facetEntailment facetID="VB_22c_f17" label="Unaddressed"/>
      <facetEntailment facetID="VB_22c_f18" label="Assumed"/>
      <facetEntailment facetID="VB_22c_f19" label="Assumed"/>
      <facetEntailment facetID="VB_22c_f20" label="Unaddressed"/>
      <facetEntailment facetID="VB_22c_f21" label="Unaddressed"/>
      <facetEntailment facetID="VB_22c_f22" label="Unaddressed"/>
    </studentAnswer>
    <studentAnswer id="VB.22c.423.1" answerText="It tells me that the more water she puts in the plant the heavier it is." accuracy="partially_correct_incomplete">
      <facetEntailment facetID="VB_22c_f1" label="Assumed"/>
      <facetEntailment facetID="VB_22c_f2" label="Diff-Arg"/>
      <facetEntailment facetID="VB_22c_f3" label="Assumed"/>
      <facetEntailment facetID="VB_22c_f4" label="Assumed"/>
      <facetEntailment facetID="VB_22c_f5" label="Inferred"/>
      <facetEntailment facetID="VB_22c_f6" label="Inferred"/>
      <facetEntailment facetID="VB_22c_f7" label="Assumed"/>
      <facetEntailment facetID="VB_22c_f8" label="Assumed"/>
      <facetEntailment facetID="VB_22c_f9" label="Unaddressed"/>
      <facetEntailment facetID="VB_22c_f10" label="Unaddressed"/>
      <facetEntailment facetID="VB_22c_f11" label="Unaddressed"/>
      <facetEntailment facetID="VB_22c_f12" label="Assumed"/>
      <facetEntailment facetID="VB_22c_f13" label="Unaddressed"/>
      <facetEntailment facetID="VB_22c_f14" label="Assumed"/>
      <facetEntailment facetID="VB_22c_f15" label="Assumed"/>
      <facetEntailment facetID="VB_22c_f16" label="Unaddressed"/>
      <facetEntailment facetID="VB_22c_f17" label="Unaddressed"/>
      <facetEntailment facetID="VB_22c_f18" label="Assumed"/>
      <facetEntailment facetID="VB_22c_f19" label="Assumed"/>
      <facetEntailment facetID="VB_22c_f20" label="Unaddressed"/>
      <facetEntailment facetID="VB_22c_f21" label="Unaddressed"/>
      <facetEntailment facetID="VB_22c_f22" label="Unaddressed"/>
    </studentAnswer>
    <studentAnswer id="VB.22c.429.1" answerText="The relationship between the number of scoops and the mass of beans is the heavier the bean the more scoops it needs to a plant. Beyond that point, the more scoops it gets the worse it is going to grow." accuracy="partially_correct_incomplete">
      <facetEntailment facetID="VB_22c_f1" label="Assumed"/>
      <facetEntailment facetID="VB_22c_f2" label="Unaddressed"/>
      <facetEntailment facetID="VB_22c_f3" label="Assumed"/>
      <facetEntailment facetID="VB_22c_f4" label="Expressed"/>
      <facetEntailment facetID="VB_22c_f5" label="Expressed"/>
      <facetEntailment facetID="VB_22c_f6" label="Inferred"/>
      <facetEntailment facetID="VB_22c_f7" label="Expressed"/>
      <facetEntailment facetID="VB_22c_f8" label="Assumed"/>
      <facetEntailment facetID="VB_22c_f9" label="Expressed"/>
      <facetEntailment facetID="VB_22c_f10" label="Diff-Arg"/>
      <facetEntailment facetID="VB_22c_f11" label="Inferred"/>
      <facetEntailment facetID="VB_22c_f12" label="Assumed"/>
      <facetEntailment facetID="VB_22c_f13" label="Unaddressed"/>
      <facetEntailment facetID="VB_22c_f14" label="Assumed"/>
      <facetEntailment facetID="VB_22c_f15" label="Expressed"/>
      <facetEntailment facetID="VB_22c_f16" label="Expressed"/>
      <facetEntailment facetID="VB_22c_f17" label="Inferred"/>
      <facetEntailment facetID="VB_22c_f18" label="Expressed"/>
      <facetEntailment facetID="VB_22c_f19" label="Assumed"/>
      <facetEntailment facetID="VB_22c_f20" label="Expressed"/>
      <facetEntailment facetID="VB_22c_f21" label="Diff-Arg"/>
      <facetEntailment facetID="VB_22c_f22" label="Inferred"/>
    </studentAnswer>
    <studentAnswer id="VB.22c.440.1" answerText="Well 3 is the perfect amount because 4 is too many 2 is not enough." accuracy="correct">
      <facetEntailment facetID="VB_22c_f1" label="Assumed"/>
      <facetEntailment facetID="VB_22c_f2" label="Inferred"/>
      <facetEntailment facetID="VB_22c_f3" label="Assumed"/>
      <facetEntailment facetID="VB_22c_f4" label="Assumed"/>
      <facetEntailment facetID="VB_22c_f5" label="Inferred"/>
      <facetEntailment facetID="VB_22c_f6" label="Inferred"/>
      <facetEntailment facetID="VB_22c_f7" label="Assumed"/>
      <facetEntailment facetID="VB_22c_f8" label="Assumed"/>
      <facetEntailment facetID="VB_22c_f9" label="Inferred"/>
      <facetEntailment facetID="VB_22c_f10" label="Inferred"/>
      <facetEntailment facetID="VB_22c_f11" label="Inferred"/>
      <facetEntailment facetID="VB_22c_f12" label="Assumed"/>
      <facetEntailment facetID="VB_22c_f13" label="Inferred"/>
      <facetEntailment facetID="VB_22c_f14" label="Assumed"/>
      <facetEntailment facetID="VB_22c_f15" label="Assumed"/>
      <facetEntailment facetID="VB_22c_f16" label="Inferred"/>
      <facetEntailment facetID="VB_22c_f17" label="Inferred"/>
      <facetEntailment facetID="VB_22c_f18" label="Assumed"/>
      <facetEntailment facetID="VB_22c_f19" label="Assumed"/>
      <facetEntailment facetID="VB_22c_f20" label="Inferred"/>
      <facetEntailment facetID="VB_22c_f21" label="Inferred"/>
      <facetEntailment facetID="VB_22c_f22" label="Inferred"/>
    </studentAnswer>
    <studentAnswer id="VB.22c.444.1" answerText="2 and 4 are both the same mass of beans harvest, they are both 1.2 mass." accuracy="partially_correct_incomplete">
      <facetEntailment facetID="VB_22c_f1" label="Assumed"/>
      <facetEntailment facetID="VB_22c_f2" label="Unaddressed"/>
      <facetEntailment facetID="VB_22c_f3" label="Expressed"/>
      <facetEntailment facetID="VB_22c_f4" label="Expressed"/>
      <facetEntailment facetID="VB_22c_f5" label="Unaddressed"/>
      <facetEntailment facetID="VB_22c_f6" label="Inferred"/>
      <facetEntailment facetID="VB_22c_f7" label="Assumed"/>
      <facetEntailment facetID="VB_22c_f8" label="Assumed"/>
      <facetEntailment facetID="VB_22c_f9" label="Inferred"/>
      <facetEntailment facetID="VB_22c_f10" label="Inferred"/>
      <facetEntailment facetID="VB_22c_f11" label="Inferred"/>
      <facetEntailment facetID="VB_22c_f12" label="Assumed"/>
      <facetEntailment facetID="VB_22c_f13" label="Unaddressed"/>
      <facetEntailment facetID="VB_22c_f14" label="Expressed"/>
      <facetEntailment facetID="VB_22c_f15" label="Expressed"/>
      <facetEntailment facetID="VB_22c_f16" label="Unaddressed"/>
      <facetEntailment facetID="VB_22c_f17" label="Inferred"/>
      <facetEntailment facetID="VB_22c_f18" label="Assumed"/>
      <facetEntailment facetID="VB_22c_f19" label="Assumed"/>
      <facetEntailment facetID="VB_22c_f20" label="Inferred"/>
      <facetEntailment facetID="VB_22c_f21" label="Inferred"/>
      <facetEntailment facetID="VB_22c_f22" label="Inferred"/>
    </studentAnswer>
    <studentAnswer id="VB.22c.448.1" answerText="Every time she put in scoops it went up until 3 scoops. Then it went down." accuracy="partially_correct_incomplete">
      <facetEntailment facetID="VB_22c_f1" label="Assumed"/>
      <facetEntailment facetID="VB_22c_f2" label="Unaddressed"/>
      <facetEntailment facetID="VB_22c_f3" label="Assumed"/>
      <facetEntailment facetID="VB_22c_f4" label="Assumed"/>
      <facetEntailment facetID="VB_22c_f5" label="Inferred"/>
      <facetEntailment facetID="VB_22c_f6" label="Inferred"/>
      <facetEntailment facetID="VB_22c_f7" label="Expressed"/>
      <facetEntailment facetID="VB_22c_f8" label="Assumed"/>
      <facetEntailment facetID="VB_22c_f9" label="Inferred"/>
      <facetEntailment facetID="VB_22c_f10" label="Inferred"/>
      <facetEntailment facetID="VB_22c_f11" label="Inferred"/>
      <facetEntailment facetID="VB_22c_f12" label="Assumed"/>
      <facetEntailment facetID="VB_22c_f13" label="Unaddressed"/>
      <facetEntailment facetID="VB_22c_f14" label="Assumed"/>
      <facetEntailment facetID="VB_22c_f15" label="Assumed"/>
      <facetEntailment facetID="VB_22c_f16" label="Inferred"/>
      <facetEntailment facetID="VB_22c_f17" label="Inferred"/>
      <facetEntailment facetID="VB_22c_f18" label="Expressed"/>
      <facetEntailment facetID="VB_22c_f19" label="Assumed"/>
      <facetEntailment facetID="VB_22c_f20" label="Expressed"/>
      <facetEntailment facetID="VB_22c_f21" label="Expressed"/>
      <facetEntailment facetID="VB_22c_f22" label="Inferred"/>
    </studentAnswer>
    <studentAnswer id="VB.22c.458.1" answerText="It shows that if you put 0 fertilizer then it is 2.0. If you did one scoop she got 0.7 and if you did 2 you got 1.2 and if you did 3 you get 1.5 and 4 is 1.2 5 is 0.5 6 is 0.0." accuracy="correct">
      <facetEntailment facetID="VB_22c_f1" label="Expressed"/>
      <facetEntailment facetID="VB_22c_f2" label="Expressed"/>
      <facetEntailment facetID="VB_22c_f3" label="Assumed"/>
      <facetEntailment facetID="VB_22c_f4" label="Assumed"/>
      <facetEntailment facetID="VB_22c_f5" label="Expressed"/>
      <facetEntailment facetID="VB_22c_f6" label="Expressed"/>
      <facetEntailment facetID="VB_22c_f7" label="Expressed"/>
      <facetEntailment facetID="VB_22c_f8" label="Expressed"/>
      <facetEntailment facetID="VB_22c_f9" label="Expressed"/>
      <facetEntailment facetID="VB_22c_f10" label="Expressed"/>
      <facetEntailment facetID="VB_22c_f11" label="Expressed"/>
      <facetEntailment facetID="VB_22c_f12" label="Expressed"/>
      <facetEntailment facetID="VB_22c_f13" label="Expressed"/>
      <facetEntailment facetID="VB_22c_f14" label="Assumed"/>
      <facetEntailment facetID="VB_22c_f15" label="Assumed"/>
      <facetEntailment facetID="VB_22c_f16" label="Expressed"/>
      <facetEntailment facetID="VB_22c_f17" label="Expressed"/>
      <facetEntailment facetID="VB_22c_f18" label="Expressed"/>
      <facetEntailment facetID="VB_22c_f19" label="Expressed"/>
      <facetEntailment facetID="VB_22c_f20" label="Expressed"/>
      <facetEntailment facetID="VB_22c_f21" label="Expressed"/>
      <facetEntailment facetID="VB_22c_f22" label="Expressed"/>
    </studentAnswer>
    <studentAnswer id="VB.22c.462.1" answerText="The graph shows you it keep going up until 4. At 4 probably makes the plant weak and then it keeps going down." accuracy="partially_correct_incomplete">
      <facetEntailment facetID="VB_22c_f1" label="Assumed"/>
      <facetEntailment facetID="VB_22c_f2" label="Unaddressed"/>
      <facetEntailment facetID="VB_22c_f3" label="Assumed"/>
      <facetEntailment facetID="VB_22c_f4" label="Assumed"/>
      <facetEntailment facetID="VB_22c_f5" label="Inferred"/>
      <facetEntailment facetID="VB_22c_f6" label="Inferred"/>
      <facetEntailment facetID="VB_22c_f7" label="Assumed"/>
      <facetEntailment facetID="VB_22c_f8" label="Assumed"/>
      <facetEntailment facetID="VB_22c_f9" label="Inferred"/>
      <facetEntailment facetID="VB_22c_f10" label="Diff-Arg"/>
      <facetEntailment facetID="VB_22c_f11" label="Inferred"/>
      <facetEntailment facetID="VB_22c_f12" label="Assumed"/>
      <facetEntailment facetID="VB_22c_f13" label="Unaddressed"/>
      <facetEntailment facetID="VB_22c_f14" label="Assumed"/>
      <facetEntailment facetID="VB_22c_f15" label="Assumed"/>
      <facetEntailment facetID="VB_22c_f16" label="Inferred"/>
      <facetEntailment facetID="VB_22c_f17" label="Inferred"/>
      <facetEntailment facetID="VB_22c_f18" label="Assumed"/>
      <facetEntailment facetID="VB_22c_f19" label="Assumed"/>
      <facetEntailment facetID="VB_22c_f20" label="Inferred"/>
      <facetEntailment facetID="VB_22c_f21" label="Diff-Arg"/>
      <facetEntailment facetID="VB_22c_f22" label="Inferred"/>
    </studentAnswer>
    <studentAnswer id="VB.22c.466.1" answerText="The relationship between the number of scoops of fertilizer and the mass of beans is that 2 scoops of fertilizer and 4 scoops of fertilizer equal 1.2 kilograms of beans." accuracy="partially_correct_incomplete">
      <facetEntailment facetID="VB_22c_f1" label="Expressed"/>
      <facetEntailment facetID="VB_22c_f2" label="Unaddressed"/>
      <facetEntailment facetID="VB_22c_f3" label="Assumed"/>
      <facetEntailment facetID="VB_22c_f4" label="Expressed"/>
      <facetEntailment facetID="VB_22c_f5" label="Unaddressed"/>
      <facetEntailment facetID="VB_22c_f6" label="Inferred"/>
      <facetEntailment facetID="VB_22c_f7" label="Expressed"/>
      <facetEntailment facetID="VB_22c_f8" label="Expressed"/>
      <facetEntailment facetID="VB_22c_f9" label="Expressed"/>
      <facetEntailment facetID="VB_22c_f10" label="Expressed"/>
      <facetEntailment facetID="VB_22c_f11" label="Expressed"/>
      <facetEntailment facetID="VB_22c_f12" label="Expressed"/>
      <facetEntailment facetID="VB_22c_f13" label="Unaddressed"/>
      <facetEntailment facetID="VB_22c_f14" label="Assumed"/>
      <facetEntailment facetID="VB_22c_f15" label="Expressed"/>
      <facetEntailment facetID="VB_22c_f16" label="Unaddressed"/>
      <facetEntailment facetID="VB_22c_f17" label="Inferred"/>
      <facetEntailment facetID="VB_22c_f18" label="Expressed"/>
      <facetEntailment facetID="VB_22c_f19" label="Expressed"/>
      <facetEntailment facetID="VB_22c_f20" label="Expressed"/>
      <facetEntailment facetID="VB_22c_f21" label="Expressed"/>
      <facetEntailment facetID="VB_22c_f22" label="Expressed"/>
    </studentAnswer>
    <studentAnswer id="VB.22c.475.1" answerText="The green tells you that the relationship between the scoops of fertilizer and mass of beans harvest kilograms, is that they each go apart different." accuracy="irrelevant">
      <facetEntailment facetID="VB_22c_f1" label="Assumed"/>
      <facetEntailment facetID="VB_22c_f2" label="Unaddressed"/>
      <facetEntailment facetID="VB_22c_f3" label="Expressed"/>
      <facetEntailment facetID="VB_22c_f4" label="Expressed"/>
      <facetEntailment facetID="VB_22c_f5" label="Unaddressed"/>
      <facetEntailment facetID="VB_22c_f6" label="Unaddressed"/>
      <facetEntailment facetID="VB_22c_f7" label="Expressed"/>
      <facetEntailment facetID="VB_22c_f8" label="Expressed"/>
      <facetEntailment facetID="VB_22c_f9" label="Unaddressed"/>
      <facetEntailment facetID="VB_22c_f10" label="Unaddressed"/>
      <facetEntailment facetID="VB_22c_f11" label="Unaddressed"/>
      <facetEntailment facetID="VB_22c_f12" label="Assumed"/>
      <facetEntailment facetID="VB_22c_f13" label="Unaddressed"/>
      <facetEntailment facetID="VB_22c_f14" label="Expressed"/>
      <facetEntailment facetID="VB_22c_f15" label="Expressed"/>
      <facetEntailment facetID="VB_22c_f16" label="Unaddressed"/>
      <facetEntailment facetID="VB_22c_f17" label="Unaddressed"/>
      <facetEntailment facetID="VB_22c_f18" label="Expressed"/>
      <facetEntailment facetID="VB_22c_f19" label="Expressed"/>
      <facetEntailment facetID="VB_22c_f20" label="Unaddressed"/>
      <facetEntailment facetID="VB_22c_f21" label="Unaddressed"/>
      <facetEntailment facetID="VB_22c_f22" label="Unaddressed"/>
    </studentAnswer>
    <studentAnswer id="VB.22c.481.1" answerText="When Maya put too less fertilizer the beans weighed very little but when she started putting too much fertilizer the beans also started getting very light. They only time the beans were heavy was when she put 3 scoops. P S not too little not too much." accuracy="correct">
      <facetEntailment facetID="VB_22c_f1" label="Expressed"/>
      <facetEntailment facetID="VB_22c_f2" label="Expressed"/>
      <facetEntailment facetID="VB_22c_f3" label="Assumed"/>
      <facetEntailment facetID="VB_22c_f4" label="Expressed"/>
      <facetEntailment facetID="VB_22c_f5" label="Expressed"/>
      <facetEntailment facetID="VB_22c_f6" label="Expressed"/>
      <facetEntailment facetID="VB_22c_f7" label="Expressed"/>
      <facetEntailment facetID="VB_22c_f8" label="Expressed"/>
      <facetEntailment facetID="VB_22c_f9" label="Inferred"/>
      <facetEntailment facetID="VB_22c_f10" label="Inferred"/>
      <facetEntailment facetID="VB_22c_f11" label="Expressed"/>
      <facetEntailment facetID="VB_22c_f12" label="Expressed"/>
      <facetEntailment facetID="VB_22c_f13" label="Expressed"/>
      <facetEntailment facetID="VB_22c_f14" label="Assumed"/>
      <facetEntailment facetID="VB_22c_f15" label="Expressed"/>
      <facetEntailment facetID="VB_22c_f16" label="Expressed"/>
      <facetEntailment facetID="VB_22c_f17" label="Expressed"/>
      <facetEntailment facetID="VB_22c_f18" label="Expressed"/>
      <facetEntailment facetID="VB_22c_f19" label="Expressed"/>
      <facetEntailment facetID="VB_22c_f20" label="Inferred"/>
      <facetEntailment facetID="VB_22c_f21" label="Inferred"/>
      <facetEntailment facetID="VB_22c_f22" label="Expressed"/>
    </studentAnswer>
    <studentAnswer id="VB.22c.495.1" answerText="That the mass of the beans it got higher but the more heavier it got it went down." accuracy="partially_correct_incomplete">
      <facetEntailment facetID="VB_22c_f1" label="Assumed"/>
      <facetEntailment facetID="VB_22c_f2" label="Unaddressed"/>
      <facetEntailment facetID="VB_22c_f3" label="Assumed"/>
      <facetEntailment facetID="VB_22c_f4" label="Expressed"/>
      <facetEntailment facetID="VB_22c_f5" label="Expressed"/>
      <facetEntailment facetID="VB_22c_f6" label="Unaddressed"/>
      <facetEntailment facetID="VB_22c_f7" label="Assumed"/>
      <facetEntailment facetID="VB_22c_f8" label="Assumed"/>
      <facetEntailment facetID="VB_22c_f9" label="Unaddressed"/>
      <facetEntailment facetID="VB_22c_f10" label="Unaddressed"/>
      <facetEntailment facetID="VB_22c_f11" label="Unaddressed"/>
      <facetEntailment facetID="VB_22c_f12" label="Assumed"/>
      <facetEntailment facetID="VB_22c_f13" label="Unaddressed"/>
      <facetEntailment facetID="VB_22c_f14" label="Assumed"/>
      <facetEntailment facetID="VB_22c_f15" label="Expressed"/>
      <facetEntailment facetID="VB_22c_f16" label="Inferred"/>
      <facetEntailment facetID="VB_22c_f17" label="Unaddressed"/>
      <facetEntailment facetID="VB_22c_f18" label="Assumed"/>
      <facetEntailment facetID="VB_22c_f19" label="Assumed"/>
      <facetEntailment facetID="VB_22c_f20" label="Unaddressed"/>
      <facetEntailment facetID="VB_22c_f21" label="Unaddressed"/>
      <facetEntailment facetID="VB_22c_f22" label="Unaddressed"/>
    </studentAnswer>
    <studentAnswer id="VB.22c.497.1" answerText="That it is going up but at one point it stops and it goes low again." accuracy="partially_correct_incomplete">
      <facetEntailment facetID="VB_22c_f1" label="Assumed"/>
      <facetEntailment facetID="VB_22c_f2" label="Unaddressed"/>
      <facetEntailment facetID="VB_22c_f3" label="Assumed"/>
      <facetEntailment facetID="VB_22c_f4" label="Assumed"/>
      <facetEntailment facetID="VB_22c_f5" label="Inferred"/>
      <facetEntailment facetID="VB_22c_f6" label="Inferred"/>
      <facetEntailment facetID="VB_22c_f7" label="Assumed"/>
      <facetEntailment facetID="VB_22c_f8" label="Assumed"/>
      <facetEntailment facetID="VB_22c_f9" label="Unaddressed"/>
      <facetEntailment facetID="VB_22c_f10" label="Unaddressed"/>
      <facetEntailment facetID="VB_22c_f11" label="Inferred"/>
      <facetEntailment facetID="VB_22c_f12" label="Assumed"/>
      <facetEntailment facetID="VB_22c_f13" label="Unaddressed"/>
      <facetEntailment facetID="VB_22c_f14" label="Assumed"/>
      <facetEntailment facetID="VB_22c_f15" label="Assumed"/>
      <facetEntailment facetID="VB_22c_f16" label="Inferred"/>
      <facetEntailment facetID="VB_22c_f17" label="Inferred"/>
      <facetEntailment facetID="VB_22c_f18" label="Assumed"/>
      <facetEntailment facetID="VB_22c_f19" label="Assumed"/>
      <facetEntailment facetID="VB_22c_f20" label="Unaddressed"/>
      <facetEntailment facetID="VB_22c_f21" label="Unaddressed"/>
      <facetEntailment facetID="VB_22c_f22" label="Inferred"/>
    </studentAnswer>
    <studentAnswer id="VB.22c.498.1" answerText="The more scoops until 3 the more after that goes down." accuracy="partially_correct_incomplete">
      <facetEntailment facetID="VB_22c_f1" label="Assumed"/>
      <facetEntailment facetID="VB_22c_f2" label="Unaddressed"/>
      <facetEntailment facetID="VB_22c_f3" label="Assumed"/>
      <facetEntailment facetID="VB_22c_f4" label="Assumed"/>
      <facetEntailment facetID="VB_22c_f5" label="Unaddressed"/>
      <facetEntailment facetID="VB_22c_f6" label="Inferred"/>
      <facetEntailment facetID="VB_22c_f7" label="Expressed"/>
      <facetEntailment facetID="VB_22c_f8" label="Assumed"/>
      <facetEntailment facetID="VB_22c_f9" label="Inferred"/>
      <facetEntailment facetID="VB_22c_f10" label="Inferred"/>
      <facetEntailment facetID="VB_22c_f11" label="Inferred"/>
      <facetEntailment facetID="VB_22c_f12" label="Assumed"/>
      <facetEntailment facetID="VB_22c_f13" label="Unaddressed"/>
      <facetEntailment facetID="VB_22c_f14" label="Assumed"/>
      <facetEntailment facetID="VB_22c_f15" label="Assumed"/>
      <facetEntailment facetID="VB_22c_f16" label="Inferred"/>
      <facetEntailment facetID="VB_22c_f17" label="Inferred"/>
      <facetEntailment facetID="VB_22c_f18" label="Expressed"/>
      <facetEntailment facetID="VB_22c_f19" label="Assumed"/>
      <facetEntailment facetID="VB_22c_f20" label="Expressed"/>
      <facetEntailment facetID="VB_22c_f21" label="Expressed"/>
      <facetEntailment facetID="VB_22c_f22" label="Inferred"/>
    </studentAnswer>
    <studentAnswer id="VB.22c.503.1" answerText="It grows by the scoops get more then stops at a point and go back down." accuracy="partially_correct_incomplete">
      <facetEntailment facetID="VB_22c_f1" label="Assumed"/>
      <facetEntailment facetID="VB_22c_f2" label="Unaddressed"/>
      <facetEntailment facetID="VB_22c_f3" label="Assumed"/>
      <facetEntailment facetID="VB_22c_f4" label="Assumed"/>
      <facetEntailment facetID="VB_22c_f5" label="Inferred"/>
      <facetEntailment facetID="VB_22c_f6" label="Inferred"/>
      <facetEntailment facetID="VB_22c_f7" label="Expressed"/>
      <facetEntailment facetID="VB_22c_f8" label="Assumed"/>
      <facetEntailment facetID="VB_22c_f9" label="Inferred"/>
      <facetEntailment facetID="VB_22c_f10" label="Unaddressed"/>
      <facetEntailment facetID="VB_22c_f11" label="Inferred"/>
      <facetEntailment facetID="VB_22c_f12" label="Assumed"/>
      <facetEntailment facetID="VB_22c_f13" label="Unaddressed"/>
      <facetEntailment facetID="VB_22c_f14" label="Assumed"/>
      <facetEntailment facetID="VB_22c_f15" label="Assumed"/>
      <facetEntailment facetID="VB_22c_f16" label="Inferred"/>
      <facetEntailment facetID="VB_22c_f17" label="Inferred"/>
      <facetEntailment facetID="VB_22c_f18" label="Expressed"/>
      <facetEntailment facetID="VB_22c_f19" label="Assumed"/>
      <facetEntailment facetID="VB_22c_f20" label="Inferred"/>
      <facetEntailment facetID="VB_22c_f21" label="Unaddressed"/>
      <facetEntailment facetID="VB_22c_f22" label="Inferred"/>
    </studentAnswer>
    <studentAnswer id="VB.22c.506.1" answerText="It tells me how much Maya used the fertilizer to produce the greatest mass of bean." accuracy="partially_correct_incomplete">
      <facetEntailment facetID="VB_22c_f1" label="Expressed"/>
      <facetEntailment facetID="VB_22c_f2" label="Unaddressed"/>
      <facetEntailment facetID="VB_22c_f3" label="Assumed"/>
      <facetEntailment facetID="VB_22c_f4" label="Expressed"/>
      <facetEntailment facetID="VB_22c_f5" label="Expressed"/>
      <facetEntailment facetID="VB_22c_f6" label="Unaddressed"/>
      <facetEntailment facetID="VB_22c_f7" label="Assumed"/>
      <facetEntailment facetID="VB_22c_f8" label="Assumed"/>
      <facetEntailment facetID="VB_22c_f9" label="Unaddressed"/>
      <facetEntailment facetID="VB_22c_f10" label="Unaddressed"/>
      <facetEntailment facetID="VB_22c_f11" label="Unaddressed"/>
      <facetEntailment facetID="VB_22c_f12" label="Expressed"/>
      <facetEntailment facetID="VB_22c_f13" label="Unaddressed"/>
      <facetEntailment facetID="VB_22c_f14" label="Assumed"/>
      <facetEntailment facetID="VB_22c_f15" label="Expressed"/>
      <facetEntailment facetID="VB_22c_f16" label="Unaddressed"/>
      <facetEntailment facetID="VB_22c_f17" label="Unaddressed"/>
      <facetEntailment facetID="VB_22c_f18" label="Assumed"/>
      <facetEntailment facetID="VB_22c_f19" label="Assumed"/>
      <facetEntailment facetID="VB_22c_f20" label="Unaddressed"/>
      <facetEntailment facetID="VB_22c_f21" label="Unaddressed"/>
      <facetEntailment facetID="VB_22c_f22" label="Unaddressed"/>
    </studentAnswer>
    <studentAnswer id="VB.22c.521.1" answerText="It is going higher by the minute." accuracy="irrelevant">
      <facetEntailment facetID="VB_22c_f1" label="Assumed"/>
      <facetEntailment facetID="VB_22c_f2" label="Unaddressed"/>
      <facetEntailment facetID="VB_22c_f3" label="Assumed"/>
      <facetEntailment facetID="VB_22c_f4" label="Assumed"/>
      <facetEntailment facetID="VB_22c_f5" label="Unaddressed"/>
      <facetEntailment facetID="VB_22c_f6" label="Unaddressed"/>
      <facetEntailment facetID="VB_22c_f7" label="Assumed"/>
      <facetEntailment facetID="VB_22c_f8" label="Assumed"/>
      <facetEntailment facetID="VB_22c_f9" label="Unaddressed"/>
      <facetEntailment facetID="VB_22c_f10" label="Unaddressed"/>
      <facetEntailment facetID="VB_22c_f11" label="Unaddressed"/>
      <facetEntailment facetID="VB_22c_f12" label="Assumed"/>
      <facetEntailment facetID="VB_22c_f13" label="Unaddressed"/>
      <facetEntailment facetID="VB_22c_f14" label="Assumed"/>
      <facetEntailment facetID="VB_22c_f15" label="Assumed"/>
      <facetEntailment facetID="VB_22c_f16" label="Unaddressed"/>
      <facetEntailment facetID="VB_22c_f17" label="Unaddressed"/>
      <facetEntailment facetID="VB_22c_f18" label="Assumed"/>
      <facetEntailment facetID="VB_22c_f19" label="Assumed"/>
      <facetEntailment facetID="VB_22c_f20" label="Unaddressed"/>
      <facetEntailment facetID="VB_22c_f21" label="Unaddressed"/>
      <facetEntailment facetID="VB_22c_f22" label="Unaddressed"/>
    </studentAnswer>
    <studentAnswer id="VB.22c.523.1" answerText="The graph tells us that she put a different mass of beans. And different scoops of fertilizer." accuracy="irrelevant">
      <facetEntailment facetID="VB_22c_f1" label="Assumed"/>
      <facetEntailment facetID="VB_22c_f2" label="Unaddressed"/>
      <facetEntailment facetID="VB_22c_f3" label="Assumed"/>
      <facetEntailment facetID="VB_22c_f4" label="Expressed"/>
      <facetEntailment facetID="VB_22c_f5" label="Unaddressed"/>
      <facetEntailment facetID="VB_22c_f6" label="Unaddressed"/>
      <facetEntailment facetID="VB_22c_f7" label="Expressed"/>
      <facetEntailment facetID="VB_22c_f8" label="Expressed"/>
      <facetEntailment facetID="VB_22c_f9" label="Unaddressed"/>
      <facetEntailment facetID="VB_22c_f10" label="Unaddressed"/>
      <facetEntailment facetID="VB_22c_f11" label="Unaddressed"/>
      <facetEntailment facetID="VB_22c_f12" label="Assumed"/>
      <facetEntailment facetID="VB_22c_f13" label="Unaddressed"/>
      <facetEntailment facetID="VB_22c_f14" label="Assumed"/>
      <facetEntailment facetID="VB_22c_f15" label="Expressed"/>
      <facetEntailment facetID="VB_22c_f16" label="Unaddressed"/>
      <facetEntailment facetID="VB_22c_f17" label="Unaddressed"/>
      <facetEntailment facetID="VB_22c_f18" label="Expressed"/>
      <facetEntailment facetID="VB_22c_f19" label="Expressed"/>
      <facetEntailment facetID="VB_22c_f20" label="Unaddressed"/>
      <facetEntailment facetID="VB_22c_f21" label="Unaddressed"/>
      <facetEntailment facetID="VB_22c_f22" label="Unaddressed"/>
    </studentAnswer>
    <studentAnswer id="VB.22c.530.1" answerText="If she puts too much scoops it goes down if she puts about 3 she gets more." accuracy="partially_correct_incomplete">
      <facetEntailment facetID="VB_22c_f1" label="Assumed"/>
      <facetEntailment facetID="VB_22c_f2" label="Unaddressed"/>
      <facetEntailment facetID="VB_22c_f3" label="Assumed"/>
      <facetEntailment facetID="VB_22c_f4" label="Assumed"/>
      <facetEntailment facetID="VB_22c_f5" label="Expressed"/>
      <facetEntailment facetID="VB_22c_f6" label="Expressed"/>
      <facetEntailment facetID="VB_22c_f7" label="Expressed"/>
      <facetEntailment facetID="VB_22c_f8" label="Assumed"/>
      <facetEntailment facetID="VB_22c_f9" label="Inferred"/>
      <facetEntailment facetID="VB_22c_f10" label="Inferred"/>
      <facetEntailment facetID="VB_22c_f11" label="Inferred"/>
      <facetEntailment facetID="VB_22c_f12" label="Assumed"/>
      <facetEntailment facetID="VB_22c_f13" label="Unaddressed"/>
      <facetEntailment facetID="VB_22c_f14" label="Assumed"/>
      <facetEntailment facetID="VB_22c_f15" label="Assumed"/>
      <facetEntailment facetID="VB_22c_f16" label="Inferred"/>
      <facetEntailment facetID="VB_22c_f17" label="Inferred"/>
      <facetEntailment facetID="VB_22c_f18" label="Expressed"/>
      <facetEntailment facetID="VB_22c_f19" label="Assumed"/>
      <facetEntailment facetID="VB_22c_f20" label="Expressed"/>
      <facetEntailment facetID="VB_22c_f21" label="Inferred"/>
      <facetEntailment facetID="VB_22c_f22" label="Inferred"/>
    </studentAnswer>
    <studentAnswer id="VB.22c.533.1" answerText="When you put 3 it weighs more. If you put a lot like 6 the beans will be dead." accuracy="partially_correct_incomplete">
      <facetEntailment facetID="VB_22c_f1" label="Assumed"/>
      <facetEntailment facetID="VB_22c_f2" label="Unaddressed"/>
      <facetEntailment facetID="VB_22c_f3" label="Assumed"/>
      <facetEntailment facetID="VB_22c_f4" label="Assumed"/>
      <facetEntailment facetID="VB_22c_f5" label="Inferred"/>
      <facetEntailment facetID="VB_22c_f6" label="Inferred"/>
      <facetEntailment facetID="VB_22c_f7" label="Assumed"/>
      <facetEntailment facetID="VB_22c_f8" label="Assumed"/>
      <facetEntailment facetID="VB_22c_f9" label="Unaddressed"/>
      <facetEntailment facetID="VB_22c_f10" label="Unaddressed"/>
      <facetEntailment facetID="VB_22c_f11" label="Unaddressed"/>
      <facetEntailment facetID="VB_22c_f12" label="Assumed"/>
      <facetEntailment facetID="VB_22c_f13" label="Unaddressed"/>
      <facetEntailment facetID="VB_22c_f14" label="Assumed"/>
      <facetEntailment facetID="VB_22c_f15" label="Assumed"/>
      <facetEntailment facetID="VB_22c_f16" label="Inferred"/>
      <facetEntailment facetID="VB_22c_f17" label="Inferred"/>
      <facetEntailment facetID="VB_22c_f18" label="Assumed"/>
      <facetEntailment facetID="VB_22c_f19" label="Assumed"/>
      <facetEntailment facetID="VB_22c_f20" label="Inferred"/>
      <facetEntailment facetID="VB_22c_f21" label="Expressed"/>
      <facetEntailment facetID="VB_22c_f22" label="Inferred"/>
    </studentAnswer>
    <studentAnswer id="VB.22c.535.1" answerText="If there are the mass of the beans and the fertilizer they will be different." accuracy="irrelevant">
      <facetEntailment facetID="VB_22c_f1" label="Expressed"/>
      <facetEntailment facetID="VB_22c_f2" label="Unaddressed"/>
      <facetEntailment facetID="VB_22c_f3" label="Assumed"/>
      <facetEntailment facetID="VB_22c_f4" label="Expressed"/>
      <facetEntailment facetID="VB_22c_f5" label="Unaddressed"/>
      <facetEntailment facetID="VB_22c_f6" label="Unaddressed"/>
      <facetEntailment facetID="VB_22c_f7" label="Assumed"/>
      <facetEntailment facetID="VB_22c_f8" label="Assumed"/>
      <facetEntailment facetID="VB_22c_f9" label="Unaddressed"/>
      <facetEntailment facetID="VB_22c_f10" label="Unaddressed"/>
      <facetEntailment facetID="VB_22c_f11" label="Unaddressed"/>
      <facetEntailment facetID="VB_22c_f12" label="Expressed"/>
      <facetEntailment facetID="VB_22c_f13" label="Unaddressed"/>
      <facetEntailment facetID="VB_22c_f14" label="Assumed"/>
      <facetEntailment facetID="VB_22c_f15" label="Expressed"/>
      <facetEntailment facetID="VB_22c_f16" label="Unaddressed"/>
      <facetEntailment facetID="VB_22c_f17" label="Unaddressed"/>
      <facetEntailment facetID="VB_22c_f18" label="Assumed"/>
      <facetEntailment facetID="VB_22c_f19" label="Assumed"/>
      <facetEntailment facetID="VB_22c_f20" label="Unaddressed"/>
      <facetEntailment facetID="VB_22c_f21" label="Unaddressed"/>
      <facetEntailment facetID="VB_22c_f22" label="Unaddressed"/>
    </studentAnswer>
    <studentAnswer id="VB.22c.542.1" answerText="The mass of beans harvested is getting bigger and higher." accuracy="contradictory">
      <facetEntailment facetID="VB_22c_f1" label="Assumed"/>
      <facetEntailment facetID="VB_22c_f2" label="Unaddressed"/>
      <facetEntailment facetID="VB_22c_f3" label="Expressed"/>
      <facetEntailment facetID="VB_22c_f4" label="Expressed"/>
      <facetEntailment facetID="VB_22c_f5" label="Expressed"/>
      <facetEntailment facetID="VB_22c_f6" label="Unaddressed"/>
      <facetEntailment facetID="VB_22c_f7" label="Assumed"/>
      <facetEntailment facetID="VB_22c_f8" label="Assumed"/>
      <facetEntailment facetID="VB_22c_f9" label="Unaddressed"/>
      <facetEntailment facetID="VB_22c_f10" label="Unaddressed"/>
      <facetEntailment facetID="VB_22c_f11" label="Inferred"/>
      <facetEntailment facetID="VB_22c_f12" label="Assumed"/>
      <facetEntailment facetID="VB_22c_f13" label="Unaddressed"/>
      <facetEntailment facetID="VB_22c_f14" label="Expressed"/>
      <facetEntailment facetID="VB_22c_f15" label="Expressed"/>
      <facetEntailment facetID="VB_22c_f16" label="Contra-Expr"/>
      <facetEntailment facetID="VB_22c_f17" label="Expressed"/>
      <facetEntailment facetID="VB_22c_f18" label="Assumed"/>
      <facetEntailment facetID="VB_22c_f19" label="Assumed"/>
      <facetEntailment facetID="VB_22c_f20" label="Unaddressed"/>
      <facetEntailment facetID="VB_22c_f21" label="Unaddressed"/>
      <facetEntailment facetID="VB_22c_f22" label="Unaddressed"/>
    </studentAnswer>
    <studentAnswer id="VB.22c.545.1" answerText="The mass of beans harvested is getting bigger and the scoops of fertilizer is getting higher." accuracy="contradictory">
      <facetEntailment facetID="VB_22c_f1" label="Expressed"/>
      <facetEntailment facetID="VB_22c_f2" label="Expressed"/>
      <facetEntailment facetID="VB_22c_f3" label="Expressed"/>
      <facetEntailment facetID="VB_22c_f4" label="Expressed"/>
      <facetEntailment facetID="VB_22c_f5" label="Expressed"/>
      <facetEntailment facetID="VB_22c_f6" label="Inferred"/>
      <facetEntailment facetID="VB_22c_f7" label="Expressed"/>
      <facetEntailment facetID="VB_22c_f8" label="Expressed"/>
      <facetEntailment facetID="VB_22c_f9" label="Unaddressed"/>
      <facetEntailment facetID="VB_22c_f10" label="Unaddressed"/>
      <facetEntailment facetID="VB_22c_f11" label="Unaddressed"/>
      <facetEntailment facetID="VB_22c_f12" label="Expressed"/>
      <facetEntailment facetID="VB_22c_f13" label="Expressed"/>
      <facetEntailment facetID="VB_22c_f14" label="Expressed"/>
      <facetEntailment facetID="VB_22c_f15" label="Expressed"/>
      <facetEntailment facetID="VB_22c_f16" label="Contra-Infr"/>
      <facetEntailment facetID="VB_22c_f17" label="Unaddressed"/>
      <facetEntailment facetID="VB_22c_f18" label="Expressed"/>
      <facetEntailment facetID="VB_22c_f19" label="Expressed"/>
      <facetEntailment facetID="VB_22c_f20" label="Unaddressed"/>
      <facetEntailment facetID="VB_22c_f21" label="Unaddressed"/>
      <facetEntailment facetID="VB_22c_f22" label="Unaddressed"/>
    </studentAnswer>
    <studentAnswer id="VB.22c.628.1" answerText="If you put 0 scoops 0.2 beans will come out. If you put 4 scoops 1.2 beans will come out." accuracy="partially_correct_incomplete">
      <facetEntailment facetID="VB_22c_f1" label="Assumed"/>
      <facetEntailment facetID="VB_22c_f2" label="Unaddressed"/>
      <facetEntailment facetID="VB_22c_f3" label="Assumed"/>
      <facetEntailment facetID="VB_22c_f4" label="Assumed"/>
      <facetEntailment facetID="VB_22c_f5" label="Inferred"/>
      <facetEntailment facetID="VB_22c_f6" label="Unaddressed"/>
      <facetEntailment facetID="VB_22c_f7" label="Expressed"/>
      <facetEntailment facetID="VB_22c_f8" label="Assumed"/>
      <facetEntailment facetID="VB_22c_f9" label="Unaddressed"/>
      <facetEntailment facetID="VB_22c_f10" label="Inferred"/>
      <facetEntailment facetID="VB_22c_f11" label="Unaddressed"/>
      <facetEntailment facetID="VB_22c_f12" label="Assumed"/>
      <facetEntailment facetID="VB_22c_f13" label="Unaddressed"/>
      <facetEntailment facetID="VB_22c_f14" label="Assumed"/>
      <facetEntailment facetID="VB_22c_f15" label="Assumed"/>
      <facetEntailment facetID="VB_22c_f16" label="Unaddressed"/>
      <facetEntailment facetID="VB_22c_f17" label="Unaddressed"/>
      <facetEntailment facetID="VB_22c_f18" label="Expressed"/>
      <facetEntailment facetID="VB_22c_f19" label="Assumed"/>
      <facetEntailment facetID="VB_22c_f20" label="Expressed"/>
      <facetEntailment facetID="VB_22c_f21" label="Expressed"/>
      <facetEntailment facetID="VB_22c_f22" label="Unaddressed"/>
    </studentAnswer>
    <studentAnswer id="VB.22c.632.1" answerText="0 scoops it got 0.2, one scoop got 0.7, 2 scoops it got 1.2, 3 scoops got 1.5, 4 scoops it got 1.2." accuracy="partially_correct_incomplete">
      <facetEntailment facetID="VB_22c_f1" label="Assumed"/>
      <facetEntailment facetID="VB_22c_f2" label="Inferred"/>
      <facetEntailment facetID="VB_22c_f3" label="Assumed"/>
      <facetEntailment facetID="VB_22c_f4" label="Assumed"/>
      <facetEntailment facetID="VB_22c_f5" label="Inferred"/>
      <facetEntailment facetID="VB_22c_f6" label="Inferred"/>
      <facetEntailment facetID="VB_22c_f7" label="Expressed"/>
      <facetEntailment facetID="VB_22c_f8" label="Assumed"/>
      <facetEntailment facetID="VB_22c_f9" label="Expressed"/>
      <facetEntailment facetID="VB_22c_f10" label="Expressed"/>
      <facetEntailment facetID="VB_22c_f11" label="Inferred"/>
      <facetEntailment facetID="VB_22c_f12" label="Assumed"/>
      <facetEntailment facetID="VB_22c_f13" label="Unaddressed"/>
      <facetEntailment facetID="VB_22c_f14" label="Assumed"/>
      <facetEntailment facetID="VB_22c_f15" label="Assumed"/>
      <facetEntailment facetID="VB_22c_f16" label="Inferred"/>
      <facetEntailment facetID="VB_22c_f17" label="Inferred"/>
      <facetEntailment facetID="VB_22c_f18" label="Expressed"/>
      <facetEntailment facetID="VB_22c_f19" label="Assumed"/>
      <facetEntailment facetID="VB_22c_f20" label="Expressed"/>
      <facetEntailment facetID="VB_22c_f21" label="Expressed"/>
      <facetEntailment facetID="VB_22c_f22" label="Inferred"/>
    </studentAnswer>
    <studentAnswer id="VB.22c.634.1" answerText="The lower the higher the higher the lower." accuracy="irrelevant">
      <facetEntailment facetID="VB_22c_f1" label="Assumed"/>
      <facetEntailment facetID="VB_22c_f2" label="Unaddressed"/>
      <facetEntailment facetID="VB_22c_f3" label="Assumed"/>
      <facetEntailment facetID="VB_22c_f4" label="Assumed"/>
      <facetEntailment facetID="VB_22c_f5" label="Unaddressed"/>
      <facetEntailment facetID="VB_22c_f6" label="Unaddressed"/>
      <facetEntailment facetID="VB_22c_f7" label="Assumed"/>
      <facetEntailment facetID="VB_22c_f8" label="Assumed"/>
      <facetEntailment facetID="VB_22c_f9" label="Unaddressed"/>
      <facetEntailment facetID="VB_22c_f10" label="Unaddressed"/>
      <facetEntailment facetID="VB_22c_f11" label="Unaddressed"/>
      <facetEntailment facetID="VB_22c_f12" label="Assumed"/>
      <facetEntailment facetID="VB_22c_f13" label="Unaddressed"/>
      <facetEntailment facetID="VB_22c_f14" label="Assumed"/>
      <facetEntailment facetID="VB_22c_f15" label="Assumed"/>
      <facetEntailment facetID="VB_22c_f16" label="Unaddressed"/>
      <facetEntailment facetID="VB_22c_f17" label="Unaddressed"/>
      <facetEntailment facetID="VB_22c_f18" label="Assumed"/>
      <facetEntailment facetID="VB_22c_f19" label="Assumed"/>
      <facetEntailment facetID="VB_22c_f20" label="Unaddressed"/>
      <facetEntailment facetID="VB_22c_f21" label="Unaddressed"/>
      <facetEntailment facetID="VB_22c_f22" label="Unaddressed"/>
    </studentAnswer>
    <studentAnswer id="VB.22c.636.1" answerText="That if she puts 3 scoops the beans will have more mass and the more fertilizer the less mass it has." accuracy="correct">
      <facetEntailment facetID="VB_22c_f1" label="Expressed"/>
      <facetEntailment facetID="VB_22c_f2" label="Expressed"/>
      <facetEntailment facetID="VB_22c_f3" label="Assumed"/>
      <facetEntailment facetID="VB_22c_f4" label="Expressed"/>
      <facetEntailment facetID="VB_22c_f5" label="Expressed"/>
      <facetEntailment facetID="VB_22c_f6" label="Expressed"/>
      <facetEntailment facetID="VB_22c_f7" label="Expressed"/>
      <facetEntailment facetID="VB_22c_f8" label="Expressed"/>
      <facetEntailment facetID="VB_22c_f9" label="Inferred"/>
      <facetEntailment facetID="VB_22c_f10" label="Inferred"/>
      <facetEntailment facetID="VB_22c_f11" label="Inferred"/>
      <facetEntailment facetID="VB_22c_f12" label="Expressed"/>
      <facetEntailment facetID="VB_22c_f13" label="Expressed"/>
      <facetEntailment facetID="VB_22c_f14" label="Expressed"/>
      <facetEntailment facetID="VB_22c_f15" label="Expressed"/>
      <facetEntailment facetID="VB_22c_f16" label="Expressed"/>
      <facetEntailment facetID="VB_22c_f17" label="Expressed"/>
      <facetEntailment facetID="VB_22c_f18" label="Expressed"/>
      <facetEntailment facetID="VB_22c_f19" label="Expressed"/>
      <facetEntailment facetID="VB_22c_f20" label="Inferred"/>
      <facetEntailment facetID="VB_22c_f21" label="Inferred"/>
      <facetEntailment facetID="VB_22c_f22" label="Inferred"/>
    </studentAnswer>
    <studentAnswer id="VB.22c.638.1" answerText="The higher the scoops the more but just 3 and down." accuracy="partially_correct_incomplete">
      <facetEntailment facetID="VB_22c_f1" label="Assumed"/>
      <facetEntailment facetID="VB_22c_f2" label="Unaddressed"/>
      <facetEntailment facetID="VB_22c_f3" label="Assumed"/>
      <facetEntailment facetID="VB_22c_f4" label="Assumed"/>
      <facetEntailment facetID="VB_22c_f5" label="Expressed"/>
      <facetEntailment facetID="VB_22c_f6" label="Inferred"/>
      <facetEntailment facetID="VB_22c_f7" label="Expressed"/>
      <facetEntailment facetID="VB_22c_f8" label="Assumed"/>
      <facetEntailment facetID="VB_22c_f9" label="Inferred"/>
      <facetEntailment facetID="VB_22c_f10" label="Inferred"/>
      <facetEntailment facetID="VB_22c_f11" label="Inferred"/>
      <facetEntailment facetID="VB_22c_f12" label="Assumed"/>
      <facetEntailment facetID="VB_22c_f13" label="Unaddressed"/>
      <facetEntailment facetID="VB_22c_f14" label="Assumed"/>
      <facetEntailment facetID="VB_22c_f15" label="Assumed"/>
      <facetEntailment facetID="VB_22c_f16" label="Inferred"/>
      <facetEntailment facetID="VB_22c_f17" label="Inferred"/>
      <facetEntailment facetID="VB_22c_f18" label="Expressed"/>
      <facetEntailment facetID="VB_22c_f19" label="Assumed"/>
      <facetEntailment facetID="VB_22c_f20" label="Inferred"/>
      <facetEntailment facetID="VB_22c_f21" label="Inferred"/>
      <facetEntailment facetID="VB_22c_f22" label="Inferred"/>
    </studentAnswer>
    <studentAnswer id="VB.22c.648.1" answerText="At first it gets higher and higher but when it reaches 3 scoops it starts decreasing." accuracy="partially_correct_incomplete">
      <facetEntailment facetID="VB_22c_f1" label="Assumed"/>
      <facetEntailment facetID="VB_22c_f2" label="Unaddressed"/>
      <facetEntailment facetID="VB_22c_f3" label="Assumed"/>
      <facetEntailment facetID="VB_22c_f4" label="Assumed"/>
      <facetEntailment facetID="VB_22c_f5" label="Inferred"/>
      <facetEntailment facetID="VB_22c_f6" label="Inferred"/>
      <facetEntailment facetID="VB_22c_f7" label="Expressed"/>
      <facetEntailment facetID="VB_22c_f8" label="Assumed"/>
      <facetEntailment facetID="VB_22c_f9" label="Expressed"/>
      <facetEntailment facetID="VB_22c_f10" label="Expressed"/>
      <facetEntailment facetID="VB_22c_f11" label="Inferred"/>
      <facetEntailment facetID="VB_22c_f12" label="Assumed"/>
      <facetEntailment facetID="VB_22c_f13" label="Unaddressed"/>
      <facetEntailment facetID="VB_22c_f14" label="Assumed"/>
      <facetEntailment facetID="VB_22c_f15" label="Assumed"/>
      <facetEntailment facetID="VB_22c_f16" label="Inferred"/>
      <facetEntailment facetID="VB_22c_f17" label="Inferred"/>
      <facetEntailment facetID="VB_22c_f18" label="Expressed"/>
      <facetEntailment facetID="VB_22c_f19" label="Assumed"/>
      <facetEntailment facetID="VB_22c_f20" label="Expressed"/>
      <facetEntailment facetID="VB_22c_f21" label="Expressed"/>
      <facetEntailment facetID="VB_22c_f22" label="Inferred"/>
    </studentAnswer>
  </studentAnswers>
</question>
