<?xml version="1.0"?>
<question id="VB_40a" module="VB">
  <questionText>Jack made a lifeboat out of a large paper cup. He decided to measure how far the boat sank when different numbers of marbles were added. His data are shown in the table. Identify the standard for Jack's experiment.</questionText>
  <referenceAnswers>
    <referenceAnswer id="VB_40a-a1" text="The boat with 0 marbles is the standard in this experiment.">
      <tokens>
        <token id="VB_40a_ra1">The</token>
        <token id="VB_40a_ra2">boat</token>
        <token id="VB_40a_ra3">with</token>
        <token id="VB_40a_ra4">0</token>
        <token id="VB_40a_ra5">marbles</token>
        <token id="VB_40a_ra6">is</token>
        <token id="VB_40a_ra7">the</token>
        <token id="VB_40a_ra8">standard</token>
        <token id="VB_40a_ra9">in</token>
        <token id="VB_40a_ra10">this</token>
        <token id="VB_40a_ra11">experiment</token>
        <token id="VB_40a_ra12">.</token>
      </tokens>
      <facets>
        <facet id="VB_40a_f1" govNum="VB_40a_ra2" modNum="VB_40a_ra4" reltn="NMod_with" govText="boat" modText="0"/>
        <facet id="VB_40a_f2" govNum="VB_40a_ra4" modNum="VB_40a_ra5" reltn="NMod" govText="0" modText="marbles"/>
        <facet id="VB_40a_f3" govNum="VB_40a_ra2" modNum="VB_40a_ra8" reltn="Be" govText="boat" modText="standard"/>
        <facet id="VB_40a_f4" govNum="VB_40a_ra8" modNum="VB_40a_ra11" reltn="NMod_in" govText="standard" isAssumed="true" modText="experiment"/>
      </facets>
    </referenceAnswer>
  </referenceAnswers>
  <studentAnswers>
    <studentAnswer id="VB.40a.142.1" answerText="A 2 boat." accuracy="contradictory">
      <facetEntailment facetID="VB_40a_f1" label="Contra-Infr"/>
      <facetEntailment facetID="VB_40a_f2" label="Contra-Infr"/>
      <facetEntailment facetID="VB_40a_f3" label="Unaddressed"/>
      <facetEntailment facetID="VB_40a_f4" label="Assumed"/>
    </studentAnswer>
    <studentAnswer id="VB.40a.146.1" answerText="3." accuracy="contradictory">
      <facetEntailment facetID="VB_40a_f1" label="Unaddressed"/>
      <facetEntailment facetID="VB_40a_f2" label="Contra-Infr"/>
      <facetEntailment facetID="VB_40a_f3" label="Unaddressed"/>
      <facetEntailment facetID="VB_40a_f4" label="Assumed"/>
    </studentAnswer>
    <studentAnswer id="VB.40a.151.1" answerText="To is boat." accuracy="irrelevant">
      <facetEntailment facetID="VB_40a_f1" label="Unaddressed"/>
      <facetEntailment facetID="VB_40a_f2" label="Unaddressed"/>
      <facetEntailment facetID="VB_40a_f3" label="Unaddressed"/>
      <facetEntailment facetID="VB_40a_f4" label="Assumed"/>
    </studentAnswer>
    <studentAnswer id="VB.40a.184.1" answerText="Going up 5 marbles each time he put them in." accuracy="contradictory">
      <facetEntailment facetID="VB_40a_f1" label="Unaddressed"/>
      <facetEntailment facetID="VB_40a_f2" label="Contra-Expr"/>
      <facetEntailment facetID="VB_40a_f3" label="Unaddressed"/>
      <facetEntailment facetID="VB_40a_f4" label="Assumed"/>
    </studentAnswer>
    <studentAnswer id="VB.40a.188.1" answerText="56.1 equals average." accuracy="irrelevant">
      <facetEntailment facetID="VB_40a_f1" label="Unaddressed"/>
      <facetEntailment facetID="VB_40a_f2" label="Unaddressed"/>
      <facetEntailment facetID="VB_40a_f3" label="Unaddressed"/>
      <facetEntailment facetID="VB_40a_f4" label="Assumed"/>
    </studentAnswer>
    <studentAnswer id="VB.40a.208.1" answerText="Large paper cup, marble mass." accuracy="irrelevant">
      <facetEntailment facetID="VB_40a_f1" label="Unaddressed"/>
      <facetEntailment facetID="VB_40a_f2" label="Unaddressed"/>
      <facetEntailment facetID="VB_40a_f3" label="Unaddressed"/>
      <facetEntailment facetID="VB_40a_f4" label="Assumed"/>
    </studentAnswer>
    <studentAnswer id="VB.40a.211.1" answerText="He measured to see how far the boat sank when different numbers of marbles were added." accuracy="contradictory">
      <facetEntailment facetID="VB_40a_f1" label="Unaddressed"/>
      <facetEntailment facetID="VB_40a_f2" label="Contra-Infr"/>
      <facetEntailment facetID="VB_40a_f3" label="Unaddressed"/>
      <facetEntailment facetID="VB_40a_f4" label="Assumed"/>
    </studentAnswer>
    <studentAnswer id="VB.40a.215.1" answerText="The standard was that he used marbles." accuracy="irrelevant">
      <facetEntailment facetID="VB_40a_f1" label="Unaddressed"/>
      <facetEntailment facetID="VB_40a_f2" label="Unaddressed"/>
      <facetEntailment facetID="VB_40a_f3" label="Diff-Arg"/>
      <facetEntailment facetID="VB_40a_f4" label="Assumed"/>
    </studentAnswer>
    <studentAnswer id="VB.40a.241.1" answerText="Jack's standard is using marbles instead of pennies." accuracy="irrelevant">
      <facetEntailment facetID="VB_40a_f1" label="Unaddressed"/>
      <facetEntailment facetID="VB_40a_f2" label="Unaddressed"/>
      <facetEntailment facetID="VB_40a_f3" label="Unaddressed"/>
      <facetEntailment facetID="VB_40a_f4" label="Assumed"/>
    </studentAnswer>
    <studentAnswer id="VB.40a.244.1" answerText="There is no standard." accuracy="contradictory">
      <facetEntailment facetID="VB_40a_f1" label="Unaddressed"/>
      <facetEntailment facetID="VB_40a_f2" label="Unaddressed"/>
      <facetEntailment facetID="VB_40a_f3" label="Contra-Expr"/>
      <facetEntailment facetID="VB_40a_f4" label="Contra-Infr"/>
    </studentAnswer>
    <studentAnswer id="VB.40a.245.1" answerText="The standard is 0 marbles and 0 the boat sank." accuracy="correct">
      <facetEntailment facetID="VB_40a_f1" label="Expressed"/>
      <facetEntailment facetID="VB_40a_f2" label="Expressed"/>
      <facetEntailment facetID="VB_40a_f3" label="Inferred"/>
      <facetEntailment facetID="VB_40a_f4" label="Assumed"/>
    </studentAnswer>
    <studentAnswer id="VB.40a.251.1" answerText="The cup that did not hold anything." accuracy="correct">
      <facetEntailment facetID="VB_40a_f1" label="Inferred"/>
      <facetEntailment facetID="VB_40a_f2" label="Inferred"/>
      <facetEntailment facetID="VB_40a_f3" label="Inferred"/>
      <facetEntailment facetID="VB_40a_f4" label="Assumed"/>
    </studentAnswer>
    <studentAnswer id="VB.40a.258.1" answerText="I think 8.5." accuracy="contradictory">
      <facetEntailment facetID="VB_40a_f1" label="Unaddressed"/>
      <facetEntailment facetID="VB_40a_f2" label="Contra-Infr"/>
      <facetEntailment facetID="VB_40a_f3" label="Unaddressed"/>
      <facetEntailment facetID="VB_40a_f4" label="Assumed"/>
    </studentAnswer>
    <studentAnswer id="VB.40a.261.1" answerText="5 marbles amount it sank 3." accuracy="contradictory">
      <facetEntailment facetID="VB_40a_f1" label="Unaddressed"/>
      <facetEntailment facetID="VB_40a_f2" label="Contra-Expr"/>
      <facetEntailment facetID="VB_40a_f3" label="Unaddressed"/>
      <facetEntailment facetID="VB_40a_f4" label="Assumed"/>
    </studentAnswer>
    <studentAnswer id="VB.40a.277.1" answerText="The standard is the 0 one." accuracy="correct">
      <facetEntailment facetID="VB_40a_f1" label="Expressed"/>
      <facetEntailment facetID="VB_40a_f2" label="Inferred"/>
      <facetEntailment facetID="VB_40a_f3" label="Expressed"/>
      <facetEntailment facetID="VB_40a_f4" label="Assumed"/>
    </studentAnswer>
    <studentAnswer id="VB.40a.286.1" answerText="A large paper cup with labels." accuracy="irrelevant">
      <facetEntailment facetID="VB_40a_f1" label="Unaddressed"/>
      <facetEntailment facetID="VB_40a_f2" label="Unaddressed"/>
      <facetEntailment facetID="VB_40a_f3" label="Unaddressed"/>
      <facetEntailment facetID="VB_40a_f4" label="Assumed"/>
    </studentAnswer>
    <studentAnswer id="VB.40a.289.1" answerText="0 Marbles, amount boat sank." accuracy="partially_correct_incomplete">
      <facetEntailment facetID="VB_40a_f1" label="Inferred"/>
      <facetEntailment facetID="VB_40a_f2" label="Expressed"/>
      <facetEntailment facetID="VB_40a_f3" label="Unaddressed"/>
      <facetEntailment facetID="VB_40a_f4" label="Assumed"/>
    </studentAnswer>
    <studentAnswer id="VB.40a.299.1" answerText="0 marbles." accuracy="partially_correct_incomplete">
      <facetEntailment facetID="VB_40a_f1" label="Inferred"/>
      <facetEntailment facetID="VB_40a_f2" label="Expressed"/>
      <facetEntailment facetID="VB_40a_f3" label="Unaddressed"/>
      <facetEntailment facetID="VB_40a_f4" label="Assumed"/>
    </studentAnswer>
    <studentAnswer id="VB.40a.299a.1" answerText="How many pennies boat sank." accuracy="irrelevant">
      <facetEntailment facetID="VB_40a_f1" label="Unaddressed"/>
      <facetEntailment facetID="VB_40a_f2" label="Unaddressed"/>
      <facetEntailment facetID="VB_40a_f3" label="Unaddressed"/>
      <facetEntailment facetID="VB_40a_f4" label="Assumed"/>
    </studentAnswer>
    <studentAnswer id="VB.40a.323.1" answerText="The amount of marbles." accuracy="irrelevant">
      <facetEntailment facetID="VB_40a_f1" label="Unaddressed"/>
      <facetEntailment facetID="VB_40a_f2" label="Unaddressed"/>
      <facetEntailment facetID="VB_40a_f3" label="Unaddressed"/>
      <facetEntailment facetID="VB_40a_f4" label="Assumed"/>
    </studentAnswer>
    <studentAnswer id="VB.40a.326.1" answerText="He had a standard for 5 marbles 3 boat sank." accuracy="contradictory">
      <facetEntailment facetID="VB_40a_f1" label="Contra-Expr"/>
      <facetEntailment facetID="VB_40a_f2" label="Contra-Expr"/>
      <facetEntailment facetID="VB_40a_f3" label="Unaddressed"/>
      <facetEntailment facetID="VB_40a_f4" label="Assumed"/>
    </studentAnswer>
    <studentAnswer id="VB.40a.353.1" answerText="0 marbles." accuracy="partially_correct_incomplete">
      <facetEntailment facetID="VB_40a_f1" label="Unaddressed"/>
      <facetEntailment facetID="VB_40a_f2" label="Expressed"/>
      <facetEntailment facetID="VB_40a_f3" label="Unaddressed"/>
      <facetEntailment facetID="VB_40a_f4" label="Assumed"/>
    </studentAnswer>
    <studentAnswer id="VB.40a.366.1" answerText="The number of marbles." accuracy="irrelevant">
      <facetEntailment facetID="VB_40a_f1" label="Unaddressed"/>
      <facetEntailment facetID="VB_40a_f2" label="Unaddressed"/>
      <facetEntailment facetID="VB_40a_f3" label="Unaddressed"/>
      <facetEntailment facetID="VB_40a_f4" label="Assumed"/>
    </studentAnswer>
    <studentAnswer id="VB.40a.367.1" answerText="Size of boat." accuracy="irrelevant">
      <facetEntailment facetID="VB_40a_f1" label="Unaddressed"/>
      <facetEntailment facetID="VB_40a_f2" label="Unaddressed"/>
      <facetEntailment facetID="VB_40a_f3" label="Unaddressed"/>
      <facetEntailment facetID="VB_40a_f4" label="Assumed"/>
    </studentAnswer>
    <studentAnswer id="VB.40a.369.1" answerText="0 marbles." accuracy="partially_correct_incomplete">
      <facetEntailment facetID="VB_40a_f1" label="Unaddressed"/>
      <facetEntailment facetID="VB_40a_f2" label="Expressed"/>
      <facetEntailment facetID="VB_40a_f3" label="Unaddressed"/>
      <facetEntailment facetID="VB_40a_f4" label="Assumed"/>
    </studentAnswer>
    <studentAnswer id="VB.40a.391.1" answerText="0 marbles, amount boat sank." accuracy="partially_correct_incomplete">
      <facetEntailment facetID="VB_40a_f1" label="Inferred"/>
      <facetEntailment facetID="VB_40a_f2" label="Expressed"/>
      <facetEntailment facetID="VB_40a_f3" label="Unaddressed"/>
      <facetEntailment facetID="VB_40a_f4" label="Assumed"/>
    </studentAnswer>
    <studentAnswer id="VB.40a.434.1" answerText="He is getting marbles and putting it in a cup." accuracy="irrelevant">
      <facetEntailment facetID="VB_40a_f1" label="Unaddressed"/>
      <facetEntailment facetID="VB_40a_f2" label="Unaddressed"/>
      <facetEntailment facetID="VB_40a_f3" label="Unaddressed"/>
      <facetEntailment facetID="VB_40a_f4" label="Assumed"/>
    </studentAnswer>
    <studentAnswer id="VB.40a.449.1" answerText="It is an a controlled experiment." accuracy="irrelevant">
      <facetEntailment facetID="VB_40a_f1" label="Unaddressed"/>
      <facetEntailment facetID="VB_40a_f2" label="Unaddressed"/>
      <facetEntailment facetID="VB_40a_f3" label="Unaddressed"/>
      <facetEntailment facetID="VB_40a_f4" label="Assumed"/>
    </studentAnswer>
    <studentAnswer id="VB.40a.455.1" answerText="Jack's experiment was to see how many marbles he could fit in the cup before sinking." accuracy="irrelevant">
      <facetEntailment facetID="VB_40a_f1" label="Unaddressed"/>
      <facetEntailment facetID="VB_40a_f2" label="Unaddressed"/>
      <facetEntailment facetID="VB_40a_f3" label="Unaddressed"/>
      <facetEntailment facetID="VB_40a_f4" label="Assumed"/>
    </studentAnswer>
    <studentAnswer id="VB.40a.461.1" answerText="Jack changed the number of marbles." accuracy="irrelevant">
      <facetEntailment facetID="VB_40a_f1" label="Unaddressed"/>
      <facetEntailment facetID="VB_40a_f2" label="Unaddressed"/>
      <facetEntailment facetID="VB_40a_f3" label="Unaddressed"/>
      <facetEntailment facetID="VB_40a_f4" label="Assumed"/>
    </studentAnswer>
    <studentAnswer id="VB.40a.464.1" answerText="The boat with no marbles is the standard." accuracy="correct">
      <facetEntailment facetID="VB_40a_f1" label="Expressed"/>
      <facetEntailment facetID="VB_40a_f2" label="Expressed"/>
      <facetEntailment facetID="VB_40a_f3" label="Expressed"/>
      <facetEntailment facetID="VB_40a_f4" label="Assumed"/>
    </studentAnswer>
    <studentAnswer id="VB.40a.479.1" answerText="Jack changed probably was the amount of water." accuracy="irrelevant">
      <facetEntailment facetID="VB_40a_f1" label="Unaddressed"/>
      <facetEntailment facetID="VB_40a_f2" label="Unaddressed"/>
      <facetEntailment facetID="VB_40a_f3" label="Unaddressed"/>
      <facetEntailment facetID="VB_40a_f4" label="Assumed"/>
    </studentAnswer>
    <studentAnswer id="VB.40a.494.1" answerText="Jack's standard was the lifeboat." accuracy="partially_correct_incomplete">
      <facetEntailment facetID="VB_40a_f1" label="Unaddressed"/>
      <facetEntailment facetID="VB_40a_f2" label="Unaddressed"/>
      <facetEntailment facetID="VB_40a_f3" label="Expressed"/>
      <facetEntailment facetID="VB_40a_f4" label="Assumed"/>
    </studentAnswer>
    <studentAnswer id="VB.40a.502.1" answerText="The standard is the first lifeboat he made." accuracy="partially_correct_incomplete">
      <facetEntailment facetID="VB_40a_f1" label="Unaddressed"/>
      <facetEntailment facetID="VB_40a_f2" label="Unaddressed"/>
      <facetEntailment facetID="VB_40a_f3" label="Expressed"/>
      <facetEntailment facetID="VB_40a_f4" label="Assumed"/>
    </studentAnswer>
    <studentAnswer id="VB.40a.541.1" answerText="He did not complete all the standards." accuracy="irrelevant">
      <facetEntailment facetID="VB_40a_f1" label="Unaddressed"/>
      <facetEntailment facetID="VB_40a_f2" label="Unaddressed"/>
      <facetEntailment facetID="VB_40a_f3" label="Unaddressed"/>
      <facetEntailment facetID="VB_40a_f4" label="Assumed"/>
    </studentAnswer>
  </studentAnswers>
</question>
