<?xml version="1.0"?>
<question id="VB_15c" module="VB">
  <questionText>3 girls wanted to see who could throw a ball the farthest. Each girl brought her favorite ball to the park. Ling brought her basketball, Diana brought her football, and Rachael brought her baseball. They made a line on the playground. They all had to throw the ball from that line. Ling took 2 steps up to the line and threw her basketball. Diana stood at the line and threw her football. Rachael got a running start and threw her baseball when she reached the line. Rachael threw her ball the farthest. Describe what the girls need to do to make the contest a controlled experiment (fair test).</questionText>
  <referenceAnswers>
    <referenceAnswer id="VB_15c-a1" text="All variables except the girl need to be held constant (controlled). The girls all need to throw the same ball and use the same launch technique.">
      <tokens>
        <token id="VB_15c_ra1">All</token>
        <token id="VB_15c_ra2">variables</token>
        <token id="VB_15c_ra3">except</token>
        <token id="VB_15c_ra4">the</token>
        <token id="VB_15c_ra5">girl</token>
        <token id="VB_15c_ra6">need</token>
        <token id="VB_15c_ra7">to</token>
        <token id="VB_15c_ra8">be</token>
        <token id="VB_15c_ra9">held</token>
        <token id="VB_15c_ra10">constant</token>
        <token id="VB_15c_ra11">(</token>
        <token id="VB_15c_ra12">controlled</token>
        <token id="VB_15c_ra13">)</token>
        <token id="VB_15c_ra14">.</token>
        <token id="VB_15c_ra15">The</token>
        <token id="VB_15c_ra16">girls</token>
        <token id="VB_15c_ra17">all</token>
        <token id="VB_15c_ra18">need</token>
        <token id="VB_15c_ra19">to</token>
        <token id="VB_15c_ra20">throw</token>
        <token id="VB_15c_ra21">the</token>
        <token id="VB_15c_ra22">same</token>
        <token id="VB_15c_ra23">ball</token>
        <token id="VB_15c_ra24">and</token>
        <token id="VB_15c_ra25">use</token>
        <token id="VB_15c_ra26">the</token>
        <token id="VB_15c_ra27">same</token>
        <token id="VB_15c_ra28">launch</token>
        <token id="VB_15c_ra29">technique</token>
        <token id="VB_15c_ra30">.</token>
      </tokens>
      <facets>
        <facet id="VB_15c_f1" govNum="VB_15c_ra2" modNum="VB_15c_ra1" reltn="Quantifier" govText="variables" modText="All"/>
        <facet id="VB_15c_f2" govNum="VB_15c_ra1" modNum="VB_15c_ra5" reltn="AMod_neg_except" govText="All" modText="girl"/>
        <facet id="VB_15c_f3" govNum="VB_15c_ra9" modNum="VB_15c_ra2" reltn="Theme" govText="held" modText="variables"/>
        <facet id="VB_15c_f4" govNum="VB_15c_ra9" modNum="VB_15c_ra10" reltn="Manner" govText="held" modText="constant"/>
        <facet id="VB_15c_f5" govNum="VB_15c_ra12" modNum="VB_15c_ra2" reltn="Theme" govText="controlled" modText="variables"/>
        <facet id="VB_15c_f6" govNum="VB_15c_ra16" modNum="VB_15c_ra17" reltn="Quantifier" govText="girls" modText="all"/>
        <facet id="VB_15c_f7" govNum="VB_15c_ra20" modNum="VB_15c_ra16" reltn="Agent" govText="throw" isAssumed="true" modText="girls"/>
        <facet id="VB_15c_f8" govNum="VB_15c_ra20" modNum="VB_15c_ra18" reltn="VMod_to" govText="throw" isAssumed="true" modText="need"/>
        <facet id="VB_15c_f9" govNum="VB_15c_ra20" modNum="VB_15c_ra23" reltn="Theme" govText="throw" isAssumed="true" modText="ball"/>
        <facet id="VB_15c_f10" govNum="VB_15c_ra23" modNum="VB_15c_ra22" reltn="NMod" govText="ball" modText="same"/>
        <facet id="VB_15c_f11" govNum="VB_15c_ra25" modNum="VB_15c_ra16" reltn="Agent" govText="use" isAssumed="true" modText="girls"/>
        <facet id="VB_15c_f12" govNum="VB_15c_ra25" modNum="VB_15c_ra18" reltn="VMod_to" govText="use" isAssumed="true" modText="need"/>
        <facet id="VB_15c_f13" govNum="VB_15c_ra25" modNum="VB_15c_ra29" reltn="Theme" govText="use" modText="technique"/>
        <facet id="VB_15c_f14" govNum="VB_15c_ra29" modNum="VB_15c_ra28" reltn="NMod" govText="technique" modText="launch"/>
        <facet id="VB_15c_f15" govNum="VB_15c_ra29" modNum="VB_15c_ra27" reltn="NMod" govText="technique" modText="same"/>
      </facets>
    </referenceAnswer>
  </referenceAnswers>
  <studentAnswers>
    <studentAnswer id="VB.15c.381.1" answerText="They need to have the same ball and throw the ball at the same place." accuracy="correct">
      <facetEntailment facetID="VB_15c_f1" label="Unaddressed"/>
      <facetEntailment facetID="VB_15c_f2" label="Unaddressed"/>
      <facetEntailment facetID="VB_15c_f3" label="Unaddressed"/>
      <facetEntailment facetID="VB_15c_f4" label="Unaddressed"/>
      <facetEntailment facetID="VB_15c_f5" label="Unaddressed"/>
      <facetEntailment facetID="VB_15c_f6" label="Inferred"/>
      <facetEntailment facetID="VB_15c_f7" label="Assumed"/>
      <facetEntailment facetID="VB_15c_f8" label="Assumed"/>
      <facetEntailment facetID="VB_15c_f9" label="Assumed"/>
      <facetEntailment facetID="VB_15c_f10" label="Expressed"/>
      <facetEntailment facetID="VB_15c_f11" label="Assumed"/>
      <facetEntailment facetID="VB_15c_f12" label="Expressed"/>
      <facetEntailment facetID="VB_15c_f13" label="Expressed"/>
      <facetEntailment facetID="VB_15c_f14" label="Expressed"/>
      <facetEntailment facetID="VB_15c_f15" label="Expressed"/>
    </studentAnswer>
    <studentAnswer id="VB.15c.388.1" answerText="They need to use the same ball and they need to throw the same way." accuracy="correct">
      <facetEntailment facetID="VB_15c_f1" label="Unaddressed"/>
      <facetEntailment facetID="VB_15c_f2" label="Unaddressed"/>
      <facetEntailment facetID="VB_15c_f3" label="Unaddressed"/>
      <facetEntailment facetID="VB_15c_f4" label="Unaddressed"/>
      <facetEntailment facetID="VB_15c_f5" label="Unaddressed"/>
      <facetEntailment facetID="VB_15c_f6" label="Inferred"/>
      <facetEntailment facetID="VB_15c_f7" label="Expressed"/>
      <facetEntailment facetID="VB_15c_f8" label="Expressed"/>
      <facetEntailment facetID="VB_15c_f9" label="Expressed"/>
      <facetEntailment facetID="VB_15c_f10" label="Expressed"/>
      <facetEntailment facetID="VB_15c_f11" label="Expressed"/>
      <facetEntailment facetID="VB_15c_f12" label="Expressed"/>
      <facetEntailment facetID="VB_15c_f13" label="Expressed"/>
      <facetEntailment facetID="VB_15c_f14" label="Expressed"/>
      <facetEntailment facetID="VB_15c_f15" label="Expressed"/>
    </studentAnswer>
    <studentAnswer id="VB.15c.394.1" answerText="They need to use the same ball and throw it from the same spot without running to the line, taking steps to the line, or one person just standing at the line." accuracy="correct">
      <facetEntailment facetID="VB_15c_f1" label="Unaddressed"/>
      <facetEntailment facetID="VB_15c_f2" label="Unaddressed"/>
      <facetEntailment facetID="VB_15c_f3" label="Unaddressed"/>
      <facetEntailment facetID="VB_15c_f4" label="Unaddressed"/>
      <facetEntailment facetID="VB_15c_f5" label="Unaddressed"/>
      <facetEntailment facetID="VB_15c_f6" label="Inferred"/>
      <facetEntailment facetID="VB_15c_f7" label="Expressed"/>
      <facetEntailment facetID="VB_15c_f8" label="Expressed"/>
      <facetEntailment facetID="VB_15c_f9" label="Expressed"/>
      <facetEntailment facetID="VB_15c_f10" label="Expressed"/>
      <facetEntailment facetID="VB_15c_f11" label="Expressed"/>
      <facetEntailment facetID="VB_15c_f12" label="Expressed"/>
      <facetEntailment facetID="VB_15c_f13" label="Inferred"/>
      <facetEntailment facetID="VB_15c_f14" label="Inferred"/>
      <facetEntailment facetID="VB_15c_f15" label="Inferred"/>
    </studentAnswer>
    <studentAnswer id="VB.15c.399.1" answerText="Nobody get a running start and they all use the same ball to make it fair." accuracy="correct">
      <facetEntailment facetID="VB_15c_f1" label="Unaddressed"/>
      <facetEntailment facetID="VB_15c_f2" label="Unaddressed"/>
      <facetEntailment facetID="VB_15c_f3" label="Unaddressed"/>
      <facetEntailment facetID="VB_15c_f4" label="Unaddressed"/>
      <facetEntailment facetID="VB_15c_f5" label="Unaddressed"/>
      <facetEntailment facetID="VB_15c_f6" label="Inferred"/>
      <facetEntailment facetID="VB_15c_f7" label="Assumed"/>
      <facetEntailment facetID="VB_15c_f8" label="Assumed"/>
      <facetEntailment facetID="VB_15c_f9" label="Assumed"/>
      <facetEntailment facetID="VB_15c_f10" label="Expressed"/>
      <facetEntailment facetID="VB_15c_f11" label="Assumed"/>
      <facetEntailment facetID="VB_15c_f12" label="Assumed"/>
      <facetEntailment facetID="VB_15c_f13" label="Inferred"/>
      <facetEntailment facetID="VB_15c_f14" label="Inferred"/>
      <facetEntailment facetID="VB_15c_f15" label="Inferred"/>
    </studentAnswer>
    <studentAnswer id="VB.15c.404.1" answerText="They need to throw the same kind of ball, they need to throw at the same place and they need to get the same speed." accuracy="correct">
      <facetEntailment facetID="VB_15c_f1" label="Unaddressed"/>
      <facetEntailment facetID="VB_15c_f2" label="Unaddressed"/>
      <facetEntailment facetID="VB_15c_f3" label="Unaddressed"/>
      <facetEntailment facetID="VB_15c_f4" label="Unaddressed"/>
      <facetEntailment facetID="VB_15c_f5" label="Unaddressed"/>
      <facetEntailment facetID="VB_15c_f6" label="Inferred"/>
      <facetEntailment facetID="VB_15c_f7" label="Expressed"/>
      <facetEntailment facetID="VB_15c_f8" label="Expressed"/>
      <facetEntailment facetID="VB_15c_f9" label="Expressed"/>
      <facetEntailment facetID="VB_15c_f10" label="Inferred"/>
      <facetEntailment facetID="VB_15c_f11" label="Assumed"/>
      <facetEntailment facetID="VB_15c_f12" label="Assumed"/>
      <facetEntailment facetID="VB_15c_f13" label="Inferred"/>
      <facetEntailment facetID="VB_15c_f14" label="Inferred"/>
      <facetEntailment facetID="VB_15c_f15" label="Inferred"/>
    </studentAnswer>
    <studentAnswer id="VB.15c.407.1" answerText="They need the same kind of ball and with the same weight and to stand still when throwing the ball." accuracy="contradictory">
      <facetEntailment facetID="VB_15c_f1" label="Unaddressed"/>
      <facetEntailment facetID="VB_15c_f2" label="Unaddressed"/>
      <facetEntailment facetID="VB_15c_f3" label="Unaddressed"/>
      <facetEntailment facetID="VB_15c_f4" label="Unaddressed"/>
      <facetEntailment facetID="VB_15c_f5" label="Unaddressed"/>
      <facetEntailment facetID="VB_15c_f6" label="Inferred"/>
      <facetEntailment facetID="VB_15c_f7" label="Assumed"/>
      <facetEntailment facetID="VB_15c_f8" label="Assumed"/>
      <facetEntailment facetID="VB_15c_f9" label="Assumed"/>
      <facetEntailment facetID="VB_15c_f10" label="Contra-Infr"/>
      <facetEntailment facetID="VB_15c_f11" label="Assumed"/>
      <facetEntailment facetID="VB_15c_f12" label="Expressed"/>
      <facetEntailment facetID="VB_15c_f13" label="Inferred"/>
      <facetEntailment facetID="VB_15c_f14" label="Inferred"/>
      <facetEntailment facetID="VB_15c_f15" label="Inferred"/>
    </studentAnswer>
    <studentAnswer id="VB.15c.416.1" answerText="They need to have thrown it at the same place which they did they need one variable changed that could be different balls or the same ball but different size." accuracy="contradictory">
      <facetEntailment facetID="VB_15c_f1" label="Inferred"/>
      <facetEntailment facetID="VB_15c_f2" label="Contra-Infr"/>
      <facetEntailment facetID="VB_15c_f3" label="Inferred"/>
      <facetEntailment facetID="VB_15c_f4" label="Inferred"/>
      <facetEntailment facetID="VB_15c_f5" label="Inferred"/>
      <facetEntailment facetID="VB_15c_f6" label="Inferred"/>
      <facetEntailment facetID="VB_15c_f7" label="Expressed"/>
      <facetEntailment facetID="VB_15c_f8" label="Expressed"/>
      <facetEntailment facetID="VB_15c_f9" label="Expressed"/>
      <facetEntailment facetID="VB_15c_f10" label="Self-Contra"/>
      <facetEntailment facetID="VB_15c_f11" label="Assumed"/>
      <facetEntailment facetID="VB_15c_f12" label="Assumed"/>
      <facetEntailment facetID="VB_15c_f13" label="Inferred"/>
      <facetEntailment facetID="VB_15c_f14" label="Inferred"/>
      <facetEntailment facetID="VB_15c_f15" label="Inferred"/>
    </studentAnswer>
    <studentAnswer id="VB.15c.419.1" answerText="To make the balls the same thing so it is a fair game to play. Like a baseball, basketball or a football to throw." accuracy="partially_correct_incomplete">
      <facetEntailment facetID="VB_15c_f1" label="Unaddressed"/>
      <facetEntailment facetID="VB_15c_f2" label="Unaddressed"/>
      <facetEntailment facetID="VB_15c_f3" label="Unaddressed"/>
      <facetEntailment facetID="VB_15c_f4" label="Unaddressed"/>
      <facetEntailment facetID="VB_15c_f5" label="Unaddressed"/>
      <facetEntailment facetID="VB_15c_f6" label="Inferred"/>
      <facetEntailment facetID="VB_15c_f7" label="Assumed"/>
      <facetEntailment facetID="VB_15c_f8" label="Assumed"/>
      <facetEntailment facetID="VB_15c_f9" label="Expressed"/>
      <facetEntailment facetID="VB_15c_f10" label="Expressed"/>
      <facetEntailment facetID="VB_15c_f11" label="Assumed"/>
      <facetEntailment facetID="VB_15c_f12" label="Assumed"/>
      <facetEntailment facetID="VB_15c_f13" label="Unaddressed"/>
      <facetEntailment facetID="VB_15c_f14" label="Unaddressed"/>
      <facetEntailment facetID="VB_15c_f15" label="Unaddressed"/>
    </studentAnswer>
    <studentAnswer id="VB.15c.423.1" answerText="Ling and Diana should change their experiments to a baseball because the baseball won." accuracy="partially_correct_incomplete">
      <facetEntailment facetID="VB_15c_f1" label="Unaddressed"/>
      <facetEntailment facetID="VB_15c_f2" label="Unaddressed"/>
      <facetEntailment facetID="VB_15c_f3" label="Unaddressed"/>
      <facetEntailment facetID="VB_15c_f4" label="Unaddressed"/>
      <facetEntailment facetID="VB_15c_f5" label="Unaddressed"/>
      <facetEntailment facetID="VB_15c_f6" label="Unaddressed"/>
      <facetEntailment facetID="VB_15c_f7" label="Assumed"/>
      <facetEntailment facetID="VB_15c_f8" label="Assumed"/>
      <facetEntailment facetID="VB_15c_f9" label="Assumed"/>
      <facetEntailment facetID="VB_15c_f10" label="Inferred"/>
      <facetEntailment facetID="VB_15c_f11" label="Assumed"/>
      <facetEntailment facetID="VB_15c_f12" label="Assumed"/>
      <facetEntailment facetID="VB_15c_f13" label="Unaddressed"/>
      <facetEntailment facetID="VB_15c_f14" label="Unaddressed"/>
      <facetEntailment facetID="VB_15c_f15" label="Unaddressed"/>
    </studentAnswer>
    <studentAnswer id="VB.15c.432.1" answerText="To have the same ball and throw the same place. And the weight of the ball. And how hard you throw it." accuracy="partially_correct_incomplete">
      <facetEntailment facetID="VB_15c_f1" label="Unaddressed"/>
      <facetEntailment facetID="VB_15c_f2" label="Unaddressed"/>
      <facetEntailment facetID="VB_15c_f3" label="Unaddressed"/>
      <facetEntailment facetID="VB_15c_f4" label="Unaddressed"/>
      <facetEntailment facetID="VB_15c_f5" label="Unaddressed"/>
      <facetEntailment facetID="VB_15c_f6" label="Unaddressed"/>
      <facetEntailment facetID="VB_15c_f7" label="Expressed"/>
      <facetEntailment facetID="VB_15c_f8" label="Expressed"/>
      <facetEntailment facetID="VB_15c_f9" label="Expressed"/>
      <facetEntailment facetID="VB_15c_f10" label="Expressed"/>
      <facetEntailment facetID="VB_15c_f11" label="Expressed"/>
      <facetEntailment facetID="VB_15c_f12" label="Expressed"/>
      <facetEntailment facetID="VB_15c_f13" label="Expressed"/>
      <facetEntailment facetID="VB_15c_f14" label="Expressed"/>
      <facetEntailment facetID="VB_15c_f15" label="Expressed"/>
    </studentAnswer>
    <studentAnswer id="VB.15c.440.1" answerText="The balls all need to be the same and they all have to stand and throw." accuracy="correct">
      <facetEntailment facetID="VB_15c_f1" label="Unaddressed"/>
      <facetEntailment facetID="VB_15c_f2" label="Unaddressed"/>
      <facetEntailment facetID="VB_15c_f3" label="Unaddressed"/>
      <facetEntailment facetID="VB_15c_f4" label="Unaddressed"/>
      <facetEntailment facetID="VB_15c_f5" label="Unaddressed"/>
      <facetEntailment facetID="VB_15c_f6" label="Inferred"/>
      <facetEntailment facetID="VB_15c_f7" label="Assumed"/>
      <facetEntailment facetID="VB_15c_f8" label="Expressed"/>
      <facetEntailment facetID="VB_15c_f9" label="Expressed"/>
      <facetEntailment facetID="VB_15c_f10" label="Expressed"/>
      <facetEntailment facetID="VB_15c_f11" label="Assumed"/>
      <facetEntailment facetID="VB_15c_f12" label="Expressed"/>
      <facetEntailment facetID="VB_15c_f13" label="Inferred"/>
      <facetEntailment facetID="VB_15c_f14" label="Inferred"/>
      <facetEntailment facetID="VB_15c_f15" label="Inferred"/>
    </studentAnswer>
    <studentAnswer id="VB.15c.448.1" answerText="Make a line that is very straight. All use same ball. All stand at line. Throw at same time. Record data." accuracy="partially_correct_incomplete">
      <facetEntailment facetID="VB_15c_f1" label="Unaddressed"/>
      <facetEntailment facetID="VB_15c_f2" label="Unaddressed"/>
      <facetEntailment facetID="VB_15c_f3" label="Unaddressed"/>
      <facetEntailment facetID="VB_15c_f4" label="Unaddressed"/>
      <facetEntailment facetID="VB_15c_f5" label="Unaddressed"/>
      <facetEntailment facetID="VB_15c_f6" label="Unaddressed"/>
      <facetEntailment facetID="VB_15c_f7" label="Expressed"/>
      <facetEntailment facetID="VB_15c_f8" label="Assumed"/>
      <facetEntailment facetID="VB_15c_f9" label="Expressed"/>
      <facetEntailment facetID="VB_15c_f10" label="Expressed"/>
      <facetEntailment facetID="VB_15c_f11" label="Assumed"/>
      <facetEntailment facetID="VB_15c_f12" label="Assumed"/>
      <facetEntailment facetID="VB_15c_f13" label="Expressed"/>
      <facetEntailment facetID="VB_15c_f14" label="Expressed"/>
      <facetEntailment facetID="VB_15c_f15" label="Expressed"/>
    </studentAnswer>
    <studentAnswer id="VB.15c.452.1" answerText="They need to use the same kind of balls and they need the same procedure of throwing." accuracy="partially_correct_incomplete">
      <facetEntailment facetID="VB_15c_f1" label="Unaddressed"/>
      <facetEntailment facetID="VB_15c_f2" label="Unaddressed"/>
      <facetEntailment facetID="VB_15c_f3" label="Unaddressed"/>
      <facetEntailment facetID="VB_15c_f4" label="Unaddressed"/>
      <facetEntailment facetID="VB_15c_f5" label="Unaddressed"/>
      <facetEntailment facetID="VB_15c_f6" label="Unaddressed"/>
      <facetEntailment facetID="VB_15c_f7" label="Assumed"/>
      <facetEntailment facetID="VB_15c_f8" label="Assumed"/>
      <facetEntailment facetID="VB_15c_f9" label="Assumed"/>
      <facetEntailment facetID="VB_15c_f10" label="Inferred"/>
      <facetEntailment facetID="VB_15c_f11" label="Expressed"/>
      <facetEntailment facetID="VB_15c_f12" label="Expressed"/>
      <facetEntailment facetID="VB_15c_f13" label="Expressed"/>
      <facetEntailment facetID="VB_15c_f14" label="Expressed"/>
      <facetEntailment facetID="VB_15c_f15" label="Expressed"/>
    </studentAnswer>
    <studentAnswer id="VB.15c.462.1" answerText="Where they throw the ball, use the same ball, they all get a running start." accuracy="correct">
      <facetEntailment facetID="VB_15c_f1" label="Unaddressed"/>
      <facetEntailment facetID="VB_15c_f2" label="Unaddressed"/>
      <facetEntailment facetID="VB_15c_f3" label="Unaddressed"/>
      <facetEntailment facetID="VB_15c_f4" label="Unaddressed"/>
      <facetEntailment facetID="VB_15c_f5" label="Unaddressed"/>
      <facetEntailment facetID="VB_15c_f6" label="Inferred"/>
      <facetEntailment facetID="VB_15c_f7" label="Expressed"/>
      <facetEntailment facetID="VB_15c_f8" label="Expressed"/>
      <facetEntailment facetID="VB_15c_f9" label="Expressed"/>
      <facetEntailment facetID="VB_15c_f10" label="Expressed"/>
      <facetEntailment facetID="VB_15c_f11" label="Assumed"/>
      <facetEntailment facetID="VB_15c_f12" label="Assumed"/>
      <facetEntailment facetID="VB_15c_f13" label="Inferred"/>
      <facetEntailment facetID="VB_15c_f14" label="Inferred"/>
      <facetEntailment facetID="VB_15c_f15" label="Inferred"/>
    </studentAnswer>
    <studentAnswer id="VB.15c.466.1" answerText="To make the contest a controlled experiment the girls need to take the same amount of steps." accuracy="partially_correct_incomplete">
      <facetEntailment facetID="VB_15c_f1" label="Unaddressed"/>
      <facetEntailment facetID="VB_15c_f2" label="Unaddressed"/>
      <facetEntailment facetID="VB_15c_f3" label="Unaddressed"/>
      <facetEntailment facetID="VB_15c_f4" label="Unaddressed"/>
      <facetEntailment facetID="VB_15c_f5" label="Unaddressed"/>
      <facetEntailment facetID="VB_15c_f6" label="Unaddressed"/>
      <facetEntailment facetID="VB_15c_f7" label="Assumed"/>
      <facetEntailment facetID="VB_15c_f8" label="Assumed"/>
      <facetEntailment facetID="VB_15c_f9" label="Assumed"/>
      <facetEntailment facetID="VB_15c_f10" label="Unaddressed"/>
      <facetEntailment facetID="VB_15c_f11" label="Assumed"/>
      <facetEntailment facetID="VB_15c_f12" label="Assumed"/>
      <facetEntailment facetID="VB_15c_f13" label="Inferred"/>
      <facetEntailment facetID="VB_15c_f14" label="Inferred"/>
      <facetEntailment facetID="VB_15c_f15" label="Inferred"/>
    </studentAnswer>
    <studentAnswer id="VB.15c.475.1" answerText="The girls needed to change each variable at a time, like starting at the same position, all 3 of them, and the mass of the balls." accuracy="partially_correct_incomplete">
      <facetEntailment facetID="VB_15c_f1" label="Inferred"/>
      <facetEntailment facetID="VB_15c_f2" label="Diff-Arg"/>
      <facetEntailment facetID="VB_15c_f3" label="Inferred"/>
      <facetEntailment facetID="VB_15c_f4" label="Inferred"/>
      <facetEntailment facetID="VB_15c_f5" label="Inferred"/>
      <facetEntailment facetID="VB_15c_f6" label="Unaddressed"/>
      <facetEntailment facetID="VB_15c_f7" label="Assumed"/>
      <facetEntailment facetID="VB_15c_f8" label="Assumed"/>
      <facetEntailment facetID="VB_15c_f9" label="Assumed"/>
      <facetEntailment facetID="VB_15c_f10" label="Inferred"/>
      <facetEntailment facetID="VB_15c_f11" label="Assumed"/>
      <facetEntailment facetID="VB_15c_f12" label="Assumed"/>
      <facetEntailment facetID="VB_15c_f13" label="Inferred"/>
      <facetEntailment facetID="VB_15c_f14" label="Inferred"/>
      <facetEntailment facetID="VB_15c_f15" label="Inferred"/>
    </studentAnswer>
    <studentAnswer id="VB.15c.481.1" answerText="The girls have to have the same type of ball and also take the same amount of steps when they are throwing it." accuracy="correct">
      <facetEntailment facetID="VB_15c_f1" label="Unaddressed"/>
      <facetEntailment facetID="VB_15c_f2" label="Unaddressed"/>
      <facetEntailment facetID="VB_15c_f3" label="Unaddressed"/>
      <facetEntailment facetID="VB_15c_f4" label="Unaddressed"/>
      <facetEntailment facetID="VB_15c_f5" label="Unaddressed"/>
      <facetEntailment facetID="VB_15c_f6" label="Inferred"/>
      <facetEntailment facetID="VB_15c_f7" label="Expressed"/>
      <facetEntailment facetID="VB_15c_f8" label="Expressed"/>
      <facetEntailment facetID="VB_15c_f9" label="Expressed"/>
      <facetEntailment facetID="VB_15c_f10" label="Inferred"/>
      <facetEntailment facetID="VB_15c_f11" label="Expressed"/>
      <facetEntailment facetID="VB_15c_f12" label="Expressed"/>
      <facetEntailment facetID="VB_15c_f13" label="Inferred"/>
      <facetEntailment facetID="VB_15c_f14" label="Inferred"/>
      <facetEntailment facetID="VB_15c_f15" label="Inferred"/>
    </studentAnswer>
    <studentAnswer id="VB.15c.486.1" answerText="They can just throw from the line and not run." accuracy="partially_correct_incomplete">
      <facetEntailment facetID="VB_15c_f1" label="Unaddressed"/>
      <facetEntailment facetID="VB_15c_f2" label="Unaddressed"/>
      <facetEntailment facetID="VB_15c_f3" label="Unaddressed"/>
      <facetEntailment facetID="VB_15c_f4" label="Unaddressed"/>
      <facetEntailment facetID="VB_15c_f5" label="Unaddressed"/>
      <facetEntailment facetID="VB_15c_f6" label="Unaddressed"/>
      <facetEntailment facetID="VB_15c_f7" label="Expressed"/>
      <facetEntailment facetID="VB_15c_f8" label="Assumed"/>
      <facetEntailment facetID="VB_15c_f9" label="Assumed"/>
      <facetEntailment facetID="VB_15c_f10" label="Unaddressed"/>
      <facetEntailment facetID="VB_15c_f11" label="Assumed"/>
      <facetEntailment facetID="VB_15c_f12" label="Assumed"/>
      <facetEntailment facetID="VB_15c_f13" label="Inferred"/>
      <facetEntailment facetID="VB_15c_f14" label="Inferred"/>
      <facetEntailment facetID="VB_15c_f15" label="Inferred"/>
    </studentAnswer>
    <studentAnswer id="VB.15c.495.1" answerText="Use all of the same balls." accuracy="partially_correct_incomplete">
      <facetEntailment facetID="VB_15c_f1" label="Unaddressed"/>
      <facetEntailment facetID="VB_15c_f2" label="Unaddressed"/>
      <facetEntailment facetID="VB_15c_f3" label="Unaddressed"/>
      <facetEntailment facetID="VB_15c_f4" label="Unaddressed"/>
      <facetEntailment facetID="VB_15c_f5" label="Unaddressed"/>
      <facetEntailment facetID="VB_15c_f6" label="Unaddressed"/>
      <facetEntailment facetID="VB_15c_f7" label="Assumed"/>
      <facetEntailment facetID="VB_15c_f8" label="Assumed"/>
      <facetEntailment facetID="VB_15c_f9" label="Assumed"/>
      <facetEntailment facetID="VB_15c_f10" label="Expressed"/>
      <facetEntailment facetID="VB_15c_f11" label="Assumed"/>
      <facetEntailment facetID="VB_15c_f12" label="Assumed"/>
      <facetEntailment facetID="VB_15c_f13" label="Unaddressed"/>
      <facetEntailment facetID="VB_15c_f14" label="Unaddressed"/>
      <facetEntailment facetID="VB_15c_f15" label="Unaddressed"/>
    </studentAnswer>
    <studentAnswer id="VB.15c.497.1" answerText="They have to have the same balls. They have to throw the ball in the same way." accuracy="correct">
      <facetEntailment facetID="VB_15c_f1" label="Unaddressed"/>
      <facetEntailment facetID="VB_15c_f2" label="Unaddressed"/>
      <facetEntailment facetID="VB_15c_f3" label="Unaddressed"/>
      <facetEntailment facetID="VB_15c_f4" label="Unaddressed"/>
      <facetEntailment facetID="VB_15c_f5" label="Unaddressed"/>
      <facetEntailment facetID="VB_15c_f6" label="Inferred"/>
      <facetEntailment facetID="VB_15c_f7" label="Expressed"/>
      <facetEntailment facetID="VB_15c_f8" label="Expressed"/>
      <facetEntailment facetID="VB_15c_f9" label="Expressed"/>
      <facetEntailment facetID="VB_15c_f10" label="Expressed"/>
      <facetEntailment facetID="VB_15c_f11" label="Assumed"/>
      <facetEntailment facetID="VB_15c_f12" label="Expressed"/>
      <facetEntailment facetID="VB_15c_f13" label="Expressed"/>
      <facetEntailment facetID="VB_15c_f14" label="Expressed"/>
      <facetEntailment facetID="VB_15c_f15" label="Expressed"/>
    </studentAnswer>
    <studentAnswer id="VB.15c.503.1" answerText="First they all do the standard way then they throw the same ball and write then they do that again 2 times with the other balls then finally they write it and compare." accuracy="partially_correct_incomplete">
      <facetEntailment facetID="VB_15c_f1" label="Unaddressed"/>
      <facetEntailment facetID="VB_15c_f2" label="Unaddressed"/>
      <facetEntailment facetID="VB_15c_f3" label="Unaddressed"/>
      <facetEntailment facetID="VB_15c_f4" label="Unaddressed"/>
      <facetEntailment facetID="VB_15c_f5" label="Unaddressed"/>
      <facetEntailment facetID="VB_15c_f6" label="Expressed"/>
      <facetEntailment facetID="VB_15c_f7" label="Expressed"/>
      <facetEntailment facetID="VB_15c_f8" label="Expressed"/>
      <facetEntailment facetID="VB_15c_f9" label="Expressed"/>
      <facetEntailment facetID="VB_15c_f10" label="Expressed"/>
      <facetEntailment facetID="VB_15c_f11" label="Assumed"/>
      <facetEntailment facetID="VB_15c_f12" label="Assumed"/>
      <facetEntailment facetID="VB_15c_f13" label="Unaddressed"/>
      <facetEntailment facetID="VB_15c_f14" label="Unaddressed"/>
      <facetEntailment facetID="VB_15c_f15" label="Unaddressed"/>
    </studentAnswer>
    <studentAnswer id="VB.15c.511.1" answerText="They needed to use their position." accuracy="partially_correct_incomplete">
      <facetEntailment facetID="VB_15c_f1" label="Unaddressed"/>
      <facetEntailment facetID="VB_15c_f2" label="Unaddressed"/>
      <facetEntailment facetID="VB_15c_f3" label="Unaddressed"/>
      <facetEntailment facetID="VB_15c_f4" label="Unaddressed"/>
      <facetEntailment facetID="VB_15c_f5" label="Unaddressed"/>
      <facetEntailment facetID="VB_15c_f6" label="Unaddressed"/>
      <facetEntailment facetID="VB_15c_f7" label="Assumed"/>
      <facetEntailment facetID="VB_15c_f8" label="Assumed"/>
      <facetEntailment facetID="VB_15c_f9" label="Assumed"/>
      <facetEntailment facetID="VB_15c_f10" label="Unaddressed"/>
      <facetEntailment facetID="VB_15c_f11" label="Assumed"/>
      <facetEntailment facetID="VB_15c_f12" label="Expressed"/>
      <facetEntailment facetID="VB_15c_f13" label="Inferred"/>
      <facetEntailment facetID="VB_15c_f14" label="Unaddressed"/>
      <facetEntailment facetID="VB_15c_f15" label="Unaddressed"/>
    </studentAnswer>
    <studentAnswer id="VB.15c.523.1" answerText="They all have a ball and they all stand at the same place." accuracy="partially_correct_incomplete">
      <facetEntailment facetID="VB_15c_f1" label="Unaddressed"/>
      <facetEntailment facetID="VB_15c_f2" label="Unaddressed"/>
      <facetEntailment facetID="VB_15c_f3" label="Unaddressed"/>
      <facetEntailment facetID="VB_15c_f4" label="Unaddressed"/>
      <facetEntailment facetID="VB_15c_f5" label="Unaddressed"/>
      <facetEntailment facetID="VB_15c_f6" label="Unaddressed"/>
      <facetEntailment facetID="VB_15c_f7" label="Assumed"/>
      <facetEntailment facetID="VB_15c_f8" label="Assumed"/>
      <facetEntailment facetID="VB_15c_f9" label="Assumed"/>
      <facetEntailment facetID="VB_15c_f10" label="Inferred"/>
      <facetEntailment facetID="VB_15c_f11" label="Assumed"/>
      <facetEntailment facetID="VB_15c_f12" label="Assumed"/>
      <facetEntailment facetID="VB_15c_f13" label="Inferred"/>
      <facetEntailment facetID="VB_15c_f14" label="Inferred"/>
      <facetEntailment facetID="VB_15c_f15" label="Inferred"/>
    </studentAnswer>
    <studentAnswer id="VB.15c.530.1" answerText="They should all stand at the line and throw." accuracy="partially_correct_incomplete">
      <facetEntailment facetID="VB_15c_f1" label="Unaddressed"/>
      <facetEntailment facetID="VB_15c_f2" label="Unaddressed"/>
      <facetEntailment facetID="VB_15c_f3" label="Unaddressed"/>
      <facetEntailment facetID="VB_15c_f4" label="Unaddressed"/>
      <facetEntailment facetID="VB_15c_f5" label="Unaddressed"/>
      <facetEntailment facetID="VB_15c_f6" label="Unaddressed"/>
      <facetEntailment facetID="VB_15c_f7" label="Expressed"/>
      <facetEntailment facetID="VB_15c_f8" label="Expressed"/>
      <facetEntailment facetID="VB_15c_f9" label="Assumed"/>
      <facetEntailment facetID="VB_15c_f10" label="Unaddressed"/>
      <facetEntailment facetID="VB_15c_f11" label="Assumed"/>
      <facetEntailment facetID="VB_15c_f12" label="Assumed"/>
      <facetEntailment facetID="VB_15c_f13" label="Inferred"/>
      <facetEntailment facetID="VB_15c_f14" label="Inferred"/>
      <facetEntailment facetID="VB_15c_f15" label="Inferred"/>
    </studentAnswer>
    <studentAnswer id="VB.15c.533.1" answerText="Same ball and stand on the line." accuracy="partially_correct_incomplete">
      <facetEntailment facetID="VB_15c_f1" label="Unaddressed"/>
      <facetEntailment facetID="VB_15c_f2" label="Unaddressed"/>
      <facetEntailment facetID="VB_15c_f3" label="Unaddressed"/>
      <facetEntailment facetID="VB_15c_f4" label="Unaddressed"/>
      <facetEntailment facetID="VB_15c_f5" label="Unaddressed"/>
      <facetEntailment facetID="VB_15c_f6" label="Unaddressed"/>
      <facetEntailment facetID="VB_15c_f7" label="Assumed"/>
      <facetEntailment facetID="VB_15c_f8" label="Assumed"/>
      <facetEntailment facetID="VB_15c_f9" label="Assumed"/>
      <facetEntailment facetID="VB_15c_f10" label="Expressed"/>
      <facetEntailment facetID="VB_15c_f11" label="Assumed"/>
      <facetEntailment facetID="VB_15c_f12" label="Assumed"/>
      <facetEntailment facetID="VB_15c_f13" label="Unaddressed"/>
      <facetEntailment facetID="VB_15c_f14" label="Inferred"/>
      <facetEntailment facetID="VB_15c_f15" label="Inferred"/>
    </studentAnswer>
    <studentAnswer id="VB.15c.535.1" answerText="The balls and the line that tells them to go." accuracy="irrelevant">
      <facetEntailment facetID="VB_15c_f1" label="Unaddressed"/>
      <facetEntailment facetID="VB_15c_f2" label="Unaddressed"/>
      <facetEntailment facetID="VB_15c_f3" label="Unaddressed"/>
      <facetEntailment facetID="VB_15c_f4" label="Unaddressed"/>
      <facetEntailment facetID="VB_15c_f5" label="Unaddressed"/>
      <facetEntailment facetID="VB_15c_f6" label="Unaddressed"/>
      <facetEntailment facetID="VB_15c_f7" label="Assumed"/>
      <facetEntailment facetID="VB_15c_f8" label="Assumed"/>
      <facetEntailment facetID="VB_15c_f9" label="Assumed"/>
      <facetEntailment facetID="VB_15c_f10" label="Unaddressed"/>
      <facetEntailment facetID="VB_15c_f11" label="Assumed"/>
      <facetEntailment facetID="VB_15c_f12" label="Assumed"/>
      <facetEntailment facetID="VB_15c_f13" label="Unaddressed"/>
      <facetEntailment facetID="VB_15c_f14" label="Unaddressed"/>
      <facetEntailment facetID="VB_15c_f15" label="Unaddressed"/>
    </studentAnswer>
    <studentAnswer id="VB.15c.537.1" answerText="They had to throw their ball first at the same time." accuracy="contradictory">
      <facetEntailment facetID="VB_15c_f1" label="Unaddressed"/>
      <facetEntailment facetID="VB_15c_f2" label="Unaddressed"/>
      <facetEntailment facetID="VB_15c_f3" label="Unaddressed"/>
      <facetEntailment facetID="VB_15c_f4" label="Unaddressed"/>
      <facetEntailment facetID="VB_15c_f5" label="Unaddressed"/>
      <facetEntailment facetID="VB_15c_f6" label="Unaddressed"/>
      <facetEntailment facetID="VB_15c_f7" label="Assumed"/>
      <facetEntailment facetID="VB_15c_f8" label="Assumed"/>
      <facetEntailment facetID="VB_15c_f9" label="Expressed"/>
      <facetEntailment facetID="VB_15c_f10" label="Contra-Infr"/>
      <facetEntailment facetID="VB_15c_f11" label="Expressed"/>
      <facetEntailment facetID="VB_15c_f12" label="Expressed"/>
      <facetEntailment facetID="VB_15c_f13" label="Unaddressed"/>
      <facetEntailment facetID="VB_15c_f14" label="Unaddressed"/>
      <facetEntailment facetID="VB_15c_f15" label="Unaddressed"/>
    </studentAnswer>
    <studentAnswer id="VB.15c.539.1" answerText="They should all start in the line." accuracy="partially_correct_incomplete">
      <facetEntailment facetID="VB_15c_f1" label="Unaddressed"/>
      <facetEntailment facetID="VB_15c_f2" label="Unaddressed"/>
      <facetEntailment facetID="VB_15c_f3" label="Unaddressed"/>
      <facetEntailment facetID="VB_15c_f4" label="Unaddressed"/>
      <facetEntailment facetID="VB_15c_f5" label="Unaddressed"/>
      <facetEntailment facetID="VB_15c_f6" label="Inferred"/>
      <facetEntailment facetID="VB_15c_f7" label="Assumed"/>
      <facetEntailment facetID="VB_15c_f8" label="Assumed"/>
      <facetEntailment facetID="VB_15c_f9" label="Assumed"/>
      <facetEntailment facetID="VB_15c_f10" label="Unaddressed"/>
      <facetEntailment facetID="VB_15c_f11" label="Assumed"/>
      <facetEntailment facetID="VB_15c_f12" label="Assumed"/>
      <facetEntailment facetID="VB_15c_f13" label="Unaddressed"/>
      <facetEntailment facetID="VB_15c_f14" label="Unaddressed"/>
      <facetEntailment facetID="VB_15c_f15" label="Unaddressed"/>
    </studentAnswer>
    <studentAnswer id="VB.15c.542.1" answerText="What the 3 girls need to do is stand straight and same sized ball." accuracy="partially_correct_incomplete">
      <facetEntailment facetID="VB_15c_f1" label="Unaddressed"/>
      <facetEntailment facetID="VB_15c_f2" label="Unaddressed"/>
      <facetEntailment facetID="VB_15c_f3" label="Unaddressed"/>
      <facetEntailment facetID="VB_15c_f4" label="Unaddressed"/>
      <facetEntailment facetID="VB_15c_f5" label="Unaddressed"/>
      <facetEntailment facetID="VB_15c_f6" label="Unaddressed"/>
      <facetEntailment facetID="VB_15c_f7" label="Assumed"/>
      <facetEntailment facetID="VB_15c_f8" label="Assumed"/>
      <facetEntailment facetID="VB_15c_f9" label="Assumed"/>
      <facetEntailment facetID="VB_15c_f10" label="Inferred"/>
      <facetEntailment facetID="VB_15c_f11" label="Assumed"/>
      <facetEntailment facetID="VB_15c_f12" label="Expressed"/>
      <facetEntailment facetID="VB_15c_f13" label="Inferred"/>
      <facetEntailment facetID="VB_15c_f14" label="Inferred"/>
      <facetEntailment facetID="VB_15c_f15" label="Inferred"/>
    </studentAnswer>
    <studentAnswer id="VB.15c.545.1" answerText="Throw the ball at the same time." accuracy="partially_correct_incomplete">
      <facetEntailment facetID="VB_15c_f1" label="Unaddressed"/>
      <facetEntailment facetID="VB_15c_f2" label="Unaddressed"/>
      <facetEntailment facetID="VB_15c_f3" label="Unaddressed"/>
      <facetEntailment facetID="VB_15c_f4" label="Unaddressed"/>
      <facetEntailment facetID="VB_15c_f5" label="Unaddressed"/>
      <facetEntailment facetID="VB_15c_f6" label="Unaddressed"/>
      <facetEntailment facetID="VB_15c_f7" label="Assumed"/>
      <facetEntailment facetID="VB_15c_f8" label="Assumed"/>
      <facetEntailment facetID="VB_15c_f9" label="Expressed"/>
      <facetEntailment facetID="VB_15c_f10" label="Unaddressed"/>
      <facetEntailment facetID="VB_15c_f11" label="Assumed"/>
      <facetEntailment facetID="VB_15c_f12" label="Assumed"/>
      <facetEntailment facetID="VB_15c_f13" label="Inferred"/>
      <facetEntailment facetID="VB_15c_f14" label="Inferred"/>
      <facetEntailment facetID="VB_15c_f15" label="Inferred"/>
    </studentAnswer>
    <studentAnswer id="VB.15c.626.1" answerText="Stay at the line, use one ball, everyone get a 2 step, throw." accuracy="partially_correct_incomplete">
      <facetEntailment facetID="VB_15c_f1" label="Unaddressed"/>
      <facetEntailment facetID="VB_15c_f2" label="Unaddressed"/>
      <facetEntailment facetID="VB_15c_f3" label="Unaddressed"/>
      <facetEntailment facetID="VB_15c_f4" label="Unaddressed"/>
      <facetEntailment facetID="VB_15c_f5" label="Unaddressed"/>
      <facetEntailment facetID="VB_15c_f6" label="Unaddressed"/>
      <facetEntailment facetID="VB_15c_f7" label="Assumed"/>
      <facetEntailment facetID="VB_15c_f8" label="Assumed"/>
      <facetEntailment facetID="VB_15c_f9" label="Expressed"/>
      <facetEntailment facetID="VB_15c_f10" label="Inferred"/>
      <facetEntailment facetID="VB_15c_f11" label="Assumed"/>
      <facetEntailment facetID="VB_15c_f12" label="Assumed"/>
      <facetEntailment facetID="VB_15c_f13" label="Inferred"/>
      <facetEntailment facetID="VB_15c_f14" label="Inferred"/>
      <facetEntailment facetID="VB_15c_f15" label="Inferred"/>
    </studentAnswer>
    <studentAnswer id="VB.15c.634.1" answerText="Same sized balls. Take 2 steps then throw." accuracy="contradictory">
      <facetEntailment facetID="VB_15c_f1" label="Unaddressed"/>
      <facetEntailment facetID="VB_15c_f2" label="Unaddressed"/>
      <facetEntailment facetID="VB_15c_f3" label="Unaddressed"/>
      <facetEntailment facetID="VB_15c_f4" label="Unaddressed"/>
      <facetEntailment facetID="VB_15c_f5" label="Unaddressed"/>
      <facetEntailment facetID="VB_15c_f6" label="Unaddressed"/>
      <facetEntailment facetID="VB_15c_f7" label="Assumed"/>
      <facetEntailment facetID="VB_15c_f8" label="Assumed"/>
      <facetEntailment facetID="VB_15c_f9" label="Assumed"/>
      <facetEntailment facetID="VB_15c_f10" label="Contra-Infr"/>
      <facetEntailment facetID="VB_15c_f11" label="Assumed"/>
      <facetEntailment facetID="VB_15c_f12" label="Assumed"/>
      <facetEntailment facetID="VB_15c_f13" label="Expressed"/>
      <facetEntailment facetID="VB_15c_f14" label="Expressed"/>
      <facetEntailment facetID="VB_15c_f15" label="Expressed"/>
    </studentAnswer>
    <studentAnswer id="VB.15c.636.1" answerText="They all needed to have the same ball." accuracy="partially_correct_incomplete">
      <facetEntailment facetID="VB_15c_f1" label="Unaddressed"/>
      <facetEntailment facetID="VB_15c_f2" label="Unaddressed"/>
      <facetEntailment facetID="VB_15c_f3" label="Unaddressed"/>
      <facetEntailment facetID="VB_15c_f4" label="Unaddressed"/>
      <facetEntailment facetID="VB_15c_f5" label="Unaddressed"/>
      <facetEntailment facetID="VB_15c_f6" label="Expressed"/>
      <facetEntailment facetID="VB_15c_f7" label="Assumed"/>
      <facetEntailment facetID="VB_15c_f8" label="Assumed"/>
      <facetEntailment facetID="VB_15c_f9" label="Assumed"/>
      <facetEntailment facetID="VB_15c_f10" label="Expressed"/>
      <facetEntailment facetID="VB_15c_f11" label="Assumed"/>
      <facetEntailment facetID="VB_15c_f12" label="Assumed"/>
      <facetEntailment facetID="VB_15c_f13" label="Unaddressed"/>
      <facetEntailment facetID="VB_15c_f14" label="Unaddressed"/>
      <facetEntailment facetID="VB_15c_f15" label="Unaddressed"/>
    </studentAnswer>
    <studentAnswer id="VB.15c.638.1" answerText="They should all use the same ball they should all take 2 steps." accuracy="correct">
      <facetEntailment facetID="VB_15c_f1" label="Unaddressed"/>
      <facetEntailment facetID="VB_15c_f2" label="Unaddressed"/>
      <facetEntailment facetID="VB_15c_f3" label="Unaddressed"/>
      <facetEntailment facetID="VB_15c_f4" label="Unaddressed"/>
      <facetEntailment facetID="VB_15c_f5" label="Unaddressed"/>
      <facetEntailment facetID="VB_15c_f6" label="Expressed"/>
      <facetEntailment facetID="VB_15c_f7" label="Assumed"/>
      <facetEntailment facetID="VB_15c_f8" label="Assumed"/>
      <facetEntailment facetID="VB_15c_f9" label="Assumed"/>
      <facetEntailment facetID="VB_15c_f10" label="Expressed"/>
      <facetEntailment facetID="VB_15c_f11" label="Expressed"/>
      <facetEntailment facetID="VB_15c_f12" label="Expressed"/>
      <facetEntailment facetID="VB_15c_f13" label="Inferred"/>
      <facetEntailment facetID="VB_15c_f14" label="Inferred"/>
      <facetEntailment facetID="VB_15c_f15" label="Inferred"/>
    </studentAnswer>
    <studentAnswer id="VB.15c.639.1" answerText="Do not take any steps, have the same kind of ball." accuracy="partially_correct_incomplete">
      <facetEntailment facetID="VB_15c_f1" label="Unaddressed"/>
      <facetEntailment facetID="VB_15c_f2" label="Unaddressed"/>
      <facetEntailment facetID="VB_15c_f3" label="Unaddressed"/>
      <facetEntailment facetID="VB_15c_f4" label="Unaddressed"/>
      <facetEntailment facetID="VB_15c_f5" label="Unaddressed"/>
      <facetEntailment facetID="VB_15c_f6" label="Unaddressed"/>
      <facetEntailment facetID="VB_15c_f7" label="Assumed"/>
      <facetEntailment facetID="VB_15c_f8" label="Assumed"/>
      <facetEntailment facetID="VB_15c_f9" label="Assumed"/>
      <facetEntailment facetID="VB_15c_f10" label="Inferred"/>
      <facetEntailment facetID="VB_15c_f11" label="Assumed"/>
      <facetEntailment facetID="VB_15c_f12" label="Assumed"/>
      <facetEntailment facetID="VB_15c_f13" label="Inferred"/>
      <facetEntailment facetID="VB_15c_f14" label="Inferred"/>
      <facetEntailment facetID="VB_15c_f15" label="Inferred"/>
    </studentAnswer>
    <studentAnswer id="VB.15c.643.1" answerText="Starting in the same place. Using the same kind of ball." accuracy="partially_correct_incomplete">
      <facetEntailment facetID="VB_15c_f1" label="Unaddressed"/>
      <facetEntailment facetID="VB_15c_f2" label="Unaddressed"/>
      <facetEntailment facetID="VB_15c_f3" label="Unaddressed"/>
      <facetEntailment facetID="VB_15c_f4" label="Unaddressed"/>
      <facetEntailment facetID="VB_15c_f5" label="Unaddressed"/>
      <facetEntailment facetID="VB_15c_f6" label="Unaddressed"/>
      <facetEntailment facetID="VB_15c_f7" label="Expressed"/>
      <facetEntailment facetID="VB_15c_f8" label="Expressed"/>
      <facetEntailment facetID="VB_15c_f9" label="Expressed"/>
      <facetEntailment facetID="VB_15c_f10" label="Inferred"/>
      <facetEntailment facetID="VB_15c_f11" label="Assumed"/>
      <facetEntailment facetID="VB_15c_f12" label="Assumed"/>
      <facetEntailment facetID="VB_15c_f13" label="Inferred"/>
      <facetEntailment facetID="VB_15c_f14" label="Inferred"/>
      <facetEntailment facetID="VB_15c_f15" label="Inferred"/>
    </studentAnswer>
  </studentAnswers>
</question>
