<?xml version="1.0"?>
<question qtype="Q_EXPLAIN_GENERIC" id="BURNED_BULB_LOCATE_EXPLAIN_Q" module="FaultFinding" stype="QUESTION">
  <questionText>Why does measuring voltage help you locate a burned out bulb? Try to answer in terms of electrical states, connections and/ or a gap.</questionText>
  <referenceAnswers>
    <referenceAnswer category="BEST" id="answer248" fileID="BURNED_BULB_LOCATE_EXPLAIN_Q_ANS1">Measuring voltage indicates the place where the electrical state changes due to a damaged bulb.</referenceAnswer>
    <referenceAnswer category="BEST" id="answer249" fileID="BURNED_BULB_LOCATE_EXPLAIN_Q_ANS1B">Measuring voltage indicates the place where the electrical state changes due to a gap.</referenceAnswer>
    <referenceAnswer category="GOOD" id="answer250" fileID="BURNED_BULB_LOCATE_EXPLAIN_Q_ANS3">Measuring voltage indicates whether two terminals are connected to each other.</referenceAnswer>
    <referenceAnswer category="GOOD" id="answer251" fileID="BURNED_BULB_LOCATE_EXPLAIN_Q_ANS3B">Measuring voltage indicates whether two terminals are separated by a gap.</referenceAnswer>
    <referenceAnswer category="GOOD" id="answer252" fileID="BURNED_BULB_LOCATE_EXPLAIN_Q_ANS6">A zero voltage means that the terminals are connected.</referenceAnswer>
    <referenceAnswer category="GOOD" id="answer253" fileID="BURNED_BULB_LOCATE_EXPLAIN_Q_ANS6B">A non-zero voltage means that the terminals are not connected.</referenceAnswer>
    <referenceAnswer category="GOOD" id="answer254" fileID="BURNED_BULB_LOCATE_EXPLAIN_Q_ANS6C">A zero voltage means that the terminals are not separated by a gap.</referenceAnswer>
    <referenceAnswer category="GOOD" id="answer255" fileID="BURNED_BULB_LOCATE_EXPLAIN_Q_ANS6D">A non-zero voltage means that the terminals are separated by a gap.</referenceAnswer>
    <referenceAnswer category="MINIMAL" id="answer256" fileID="BURNED_BULB_LOCATE_EXPLAIN_Q_ANS8">A non-zero voltage means that there is a damaged bulb.</referenceAnswer>
    <referenceAnswer category="MINIMAL" id="answer257" fileID="BURNED_BULB_LOCATE_EXPLAIN_Q_ANS8B">A non-zero voltage means that there is a gap</referenceAnswer>
    <referenceAnswer category="MINIMAL" id="answer258" fileID="BURNED_BULB_LOCATE_EXPLAIN_Q_ANS9">A zero voltage means that there is no damaged bulb.</referenceAnswer>
    <referenceAnswer category="MINIMAL" id="answer259" fileID="BURNED_BULB_LOCATE_EXPLAIN_Q_ANS9B">A zero voltage means that there is no gap</referenceAnswer>
    <referenceAnswer category="MINIMAL" id="answer260" fileID="BURNED_BULB_LOCATE_EXPLAIN_Q_ANS10">A non-zero voltage means that the terminals have different electrical states.</referenceAnswer>
    <referenceAnswer category="MINIMAL" id="answer261" fileID="BURNED_BULB_LOCATE_EXPLAIN_Q_ANS10B">A zero voltage means that the terminals have the same electrical state.</referenceAnswer>
  </referenceAnswers>
  <studentAnswers>
    <studentAnswer count="1" answerMatch="answer249" id="FaultFinding-BURNED_BULB_LOCATE_EXPLAIN_Q.sbj3-l1.qa220" accuracy="correct">because if there is a difference in electrial states then there is a gap. That will located the burned out bulb</studentAnswer>
    <studentAnswer count="1" answerMatch="answer253" id="FaultFinding-BURNED_BULB_LOCATE_EXPLAIN_Q.sbj3-l1.qa221" accuracy="partially_correct_incomplete">if there is a difference in electrial states there won"t be a complete connection</studentAnswer>
    <studentAnswer count="1" id="FaultFinding-BURNED_BULB_LOCATE_EXPLAIN_Q.sbj7-l1.qa208" accuracy="contradictory">the voltage will change when you move from a terminal that is connected to the battery and one that is not</studentAnswer>
    <studentAnswer count="3" id="FaultFinding-BURNED_BULB_LOCATE_EXPLAIN_Q.sbj7-l1.qa209" accuracy="non_domain">i do not know</studentAnswer>
    <studentAnswer count="1" answerMatch="answer251" id="FaultFinding-BURNED_BULB_LOCATE_EXPLAIN_Q.sbj8-l1.qa258" accuracy="partially_correct_incomplete">electrical states will determine whether there is a gap or connection in the circuit</studentAnswer>
    <studentAnswer count="1" id="FaultFinding-BURNED_BULB_LOCATE_EXPLAIN_Q.sbj8-l1.qa259" accuracy="non_domain">k</studentAnswer>
    <studentAnswer count="1" answerMatch="answer250" id="FaultFinding-BURNED_BULB_LOCATE_EXPLAIN_Q.sbj9-l1.qa215" accuracy="partially_correct_incomplete">measuring voltage checks for connections and gaps. It measures the electrical states between two terminals.</studentAnswer>
    <studentAnswer count="1" answerMatch="answer250" id="FaultFinding-BURNED_BULB_LOCATE_EXPLAIN_Q.sbj9-l1.qa216" accuracy="partially_correct_incomplete">measuring voltage allows you to find gaps and connections by checking the electrical states between two terminals.</studentAnswer>
    <studentAnswer count="1" answerMatch="answer249" id="FaultFinding-BURNED_BULB_LOCATE_EXPLAIN_Q.sbj9-l1.qa217" accuracy="partially_correct_incomplete">it checks the electrical state between two terminals.</studentAnswer>
    <studentAnswer count="1" answerMatch="answer248" id="FaultFinding-BURNED_BULB_LOCATE_EXPLAIN_Q.sbj9-l1.qa218" accuracy="correct">you can measure voltage to see if there is a gap that the bulb caused.</studentAnswer>
    <studentAnswer count="1" answerMatch="answer249" id="FaultFinding-BURNED_BULB_LOCATE_EXPLAIN_Q.sbj10-l1.qa249" accuracy="contradictory">it allows you to measure electrical states between terminals</studentAnswer>
    <studentAnswer count="1" answerMatch="answer250" id="FaultFinding-BURNED_BULB_LOCATE_EXPLAIN_Q.sbj11-l1.qa236" accuracy="correct">because the voltage measures the difference in electrical states of two terminals, so it can determine where there is a gap, or wehre there is a connection.</studentAnswer>
    <studentAnswer count="1" answerMatch="answer250" id="FaultFinding-BURNED_BULB_LOCATE_EXPLAIN_Q.sbj11-l1.qa237" accuracy="correct">voltage is the difference in electrical states between two terminals, so a gap or a connection in a circuit can be determined by the voltage.</studentAnswer>
    <studentAnswer count="1" answerMatch="answer250" id="FaultFinding-BURNED_BULB_LOCATE_EXPLAIN_Q.sbj11-l1.qa238" accuracy="contradictory">the electrical state between two terminals is the voltage. a gap shows voltage, while a connection results in no voltage.</studentAnswer>
    <studentAnswer count="1" answerMatch="answer256" id="FaultFinding-BURNED_BULB_LOCATE_EXPLAIN_Q.sbj11-l1.qa239" accuracy="correct">a bulb connects the terminals, so there will be a difference in electrical state if there is a fault.</studentAnswer>
    <studentAnswer count="2" answerMatch="answer251" id="FaultFinding-BURNED_BULB_LOCATE_EXPLAIN_Q.sbj12-l1.qa210" accuracy="partially_correct_incomplete">You can find where there is a gap</studentAnswer>
    <studentAnswer count="1" answerMatch="answer249" id="FaultFinding-BURNED_BULB_LOCATE_EXPLAIN_Q.sbj12-l1.qa211" accuracy="partially_correct_incomplete">Find where there are different electrical states</studentAnswer>
    <studentAnswer count="1" answerMatch="answer249" id="FaultFinding-BURNED_BULB_LOCATE_EXPLAIN_Q.sbj12-l1.qa212" accuracy="partially_correct_incomplete">A gap chause different electrical states with different voltages</studentAnswer>
    <studentAnswer count="1" answerMatch="answer251" id="FaultFinding-BURNED_BULB_LOCATE_EXPLAIN_Q.sbj13-l1.qa252" accuracy="contradictory">measuring voltage between the positive battery terminal and the bulb terminal determines the gap in the connection.</studentAnswer>
    <studentAnswer count="1" id="FaultFinding-BURNED_BULB_LOCATE_EXPLAIN_Q.sbj13-l1.qa253" accuracy="contradictory">there will be a gap between the positive battery terminal and the bulb terminal</studentAnswer>
    <studentAnswer count="1" answerMatch="answer251" id="FaultFinding-BURNED_BULB_LOCATE_EXPLAIN_Q.sbj14-l1.qa237" accuracy="partially_correct_incomplete">Because if there is a gap you will be able to determine where the burned out bulb is located.</studentAnswer>
    <studentAnswer count="1" id="FaultFinding-BURNED_BULB_LOCATE_EXPLAIN_Q.sbj15-l1.qa260" accuracy="contradictory">because it measures the difference in electrical states between two gaps</studentAnswer>
    <studentAnswer count="1" id="FaultFinding-BURNED_BULB_LOCATE_EXPLAIN_Q.sbj15-l1.qa261" accuracy="non_domain">i have no idea</studentAnswer>
    <studentAnswer count="1" id="FaultFinding-BURNED_BULB_LOCATE_EXPLAIN_Q.sbj15-l1.qa262" accuracy="non_domain">an electircl aasoidrjf</studentAnswer>
    <studentAnswer count="1" id="FaultFinding-BURNED_BULB_LOCATE_EXPLAIN_Q.sbj15-l1.qa263" accuracy="contradictory">a bulb causes a difference in electrical state</studentAnswer>
    <studentAnswer count="1" answerMatch="answer249" id="FaultFinding-BURNED_BULB_LOCATE_EXPLAIN_Q.sbj18-l1.qa206" accuracy="correct">The gap will cause there to be a difference in electrical states.</studentAnswer>
    <studentAnswer count="1" answerMatch="answer249" id="FaultFinding-BURNED_BULB_LOCATE_EXPLAIN_Q.sbj18-l1.qa207" accuracy="correct">The gap in the connection causes different electrical states.</studentAnswer>
    <studentAnswer count="1" answerMatch="answer249" id="FaultFinding-BURNED_BULB_LOCATE_EXPLAIN_Q.sbj19-l1.qa283" accuracy="partially_correct_incomplete">because you can find the difference in the voltage by measuring the gap</studentAnswer>
    <studentAnswer count="1" id="FaultFinding-BURNED_BULB_LOCATE_EXPLAIN_Q.sbj19-l1.qa285" accuracy="contradictory">1.50v</studentAnswer>
    <studentAnswer count="1" answerMatch="answer249" id="FaultFinding-BURNED_BULB_LOCATE_EXPLAIN_Q.sbj22-l1.qa243" accuracy="partially_correct_incomplete">you can see where the gap is</studentAnswer>
    <studentAnswer count="1" answerMatch="answer249" id="FaultFinding-BURNED_BULB_LOCATE_EXPLAIN_Q.sbj22-l1.qa244" accuracy="partially_correct_incomplete">the electrical state can locate the gap</studentAnswer>
    <studentAnswer count="2" id="FaultFinding-BURNED_BULB_LOCATE_EXPLAIN_Q.sbj22-l1.qa245" accuracy="non_domain">l</studentAnswer>
    <studentAnswer count="1" answerMatch="answer249" id="FaultFinding-BURNED_BULB_LOCATE_EXPLAIN_Q.sbj23-l1.qa210" accuracy="correct">Where there is a difference in electrical state, that is where the gap in the connection is.</studentAnswer>
    <studentAnswer count="1" answerMatch="answer249" id="FaultFinding-BURNED_BULB_LOCATE_EXPLAIN_Q.sbj23-l1.qa212" accuracy="correct">The electrical state difference tells you where the gap is.</studentAnswer>
    <studentAnswer count="1" answerMatch="answer248" id="FaultFinding-BURNED_BULB_LOCATE_EXPLAIN_Q.sbj24-l1.qa259" accuracy="correct">it helps you locate where the damanged bulb is by telling you where there is a difference in electrical states and where there isn"t</studentAnswer>
    <studentAnswer count="1" id="FaultFinding-BURNED_BULB_LOCATE_EXPLAIN_Q.sbj24-l1.qa260" accuracy="irrelevant">a battery uses a chemical reaction to maintain different electrical states between two terminals</studentAnswer>
    <studentAnswer count="1" id="FaultFinding-BURNED_BULB_LOCATE_EXPLAIN_Q.sbj24-l1.qa261" accuracy="non_domain">which i mentioned</studentAnswer>
    <studentAnswer count="1" answerMatch="answer248" id="FaultFinding-BURNED_BULB_LOCATE_EXPLAIN_Q.sbj24-l1.qa262" accuracy="partially_correct_incomplete">a electrical state difference?</studentAnswer>
    <studentAnswer count="1" id="FaultFinding-BURNED_BULB_LOCATE_EXPLAIN_Q.sbj26-l1.qa261" accuracy="contradictory">power</studentAnswer>
    <studentAnswer count="1" answerMatch="answer249" id="FaultFinding-BURNED_BULB_LOCATE_EXPLAIN_Q.sbj26-l1.qa262" accuracy="contradictory">elictrical state of batter and terminal</studentAnswer>
    <studentAnswer count="1" answerMatch="answer249" id="FaultFinding-BURNED_BULB_LOCATE_EXPLAIN_Q.sbj27-l1.qa238" accuracy="partially_correct_incomplete">because if there is a voltage that means there is a gap</studentAnswer>
    <studentAnswer count="1" answerMatch="answer249" id="FaultFinding-BURNED_BULB_LOCATE_EXPLAIN_Q.sbj27-l1.qa240" accuracy="correct">the value of the measurement indicates if there is a gap</studentAnswer>
    <studentAnswer count="1" answerMatch="answer249" id="FaultFinding-BURNED_BULB_LOCATE_EXPLAIN_Q.sbj28-l1.qa238" accuracy="partially_correct_incomplete">there is a gap in the connection</studentAnswer>
    <studentAnswer count="1" answerMatch="answer253" id="FaultFinding-BURNED_BULB_LOCATE_EXPLAIN_Q.sbj28-l1.qa239" accuracy="partially_correct_incomplete">a gap causes a lost connection</studentAnswer>
    <studentAnswer count="1" id="FaultFinding-BURNED_BULB_LOCATE_EXPLAIN_Q.sbj29-l1.qa229" accuracy="contradictory">because no difference in the electrical states of two terminals in a connection is where the gap is.</studentAnswer>
    <studentAnswer count="1" answerMatch="answer249" id="FaultFinding-BURNED_BULB_LOCATE_EXPLAIN_Q.sbj29-l1.qa230" accuracy="correct">because by measuring voltage, you find the gap where there"s a difference in electrical states.</studentAnswer>
    <studentAnswer count="1" answerMatch="answer249" id="FaultFinding-BURNED_BULB_LOCATE_EXPLAIN_Q.sbj29-l1.qa231" accuracy="correct">because a difference in electrical states shows where the gap is</studentAnswer>
    <studentAnswer count="1" answerMatch="answer255" id="FaultFinding-BURNED_BULB_LOCATE_EXPLAIN_Q.sbj30-l1.qa224" accuracy="correct">You can locate the gap because there is a difference in electrical states between the connections</studentAnswer>
    <studentAnswer count="1" answerMatch="answer255" id="FaultFinding-BURNED_BULB_LOCATE_EXPLAIN_Q.sbj30-l1.qa225" accuracy="correct">If there is a difference in voltage it means that is where the gap is</studentAnswer>
    <studentAnswer count="1" answerMatch="answer248" id="FaultFinding-BURNED_BULB_LOCATE_EXPLAIN_Q.sbj31-l1.qa231" accuracy="partially_correct_incomplete">we can find the burnt out bulb by finding voltage between different terminals</studentAnswer>
    <studentAnswer count="1" answerMatch="answer249" id="FaultFinding-BURNED_BULB_LOCATE_EXPLAIN_Q.sbj31-l1.qa232" accuracy="partially_correct_incomplete">the electrical state will be different in the gap</studentAnswer>
    <studentAnswer count="1" answerMatch="answer248" id="FaultFinding-BURNED_BULB_LOCATE_EXPLAIN_Q.sbj31-l1.qa233" accuracy="partially_correct_incomplete">the difference electrical state will show the burnt bulb</studentAnswer>
    <studentAnswer count="1" id="FaultFinding-BURNED_BULB_LOCATE_EXPLAIN_Q.sbj33-l1.qa223" accuracy="non_domain">tell answer</studentAnswer>
    <studentAnswer count="1" answerMatch="answer249" id="FaultFinding-BURNED_BULB_LOCATE_EXPLAIN_Q.sbj34-l1.qa214" accuracy="correct">It shows the difference in electrical states where there are connections and gaps</studentAnswer>
    <studentAnswer count="1" answerMatch="answer249" id="FaultFinding-BURNED_BULB_LOCATE_EXPLAIN_Q.sbj34-l1.qa215" accuracy="correct">The electrical states will be different when there is a gap</studentAnswer>
    <studentAnswer count="1" answerMatch="answer253" id="FaultFinding-BURNED_BULB_LOCATE_EXPLAIN_Q.sbj34-l1.qa217" accuracy="partially_correct_incomplete">The electrical state will be non-zero</studentAnswer>
    <studentAnswer count="1" answerMatch="answer251" id="FaultFinding-BURNED_BULB_LOCATE_EXPLAIN_Q.sbj35-l1.qa237" accuracy="correct">It allows you to measure if there is gap. Gaps indicate a break in the electrical flow.</studentAnswer>
    <studentAnswer count="1" answerMatch="answer251" id="FaultFinding-BURNED_BULB_LOCATE_EXPLAIN_Q.sbj35-l1.qa238" accuracy="correct">It allows you to measure if there is damaged gap.</studentAnswer>
    <studentAnswer count="1" id="FaultFinding-BURNED_BULB_LOCATE_EXPLAIN_Q.sbj35-l1.qa239" accuracy="contradictory">The electrical state is interferred with.</studentAnswer>
    <studentAnswer count="1" id="FaultFinding-BURNED_BULB_LOCATE_EXPLAIN_Q.sbj35-l1.qa240" accuracy="contradictory">The electrical state is broken.</studentAnswer>
    <studentAnswer count="1" answerMatch="answer251" id="FaultFinding-BURNED_BULB_LOCATE_EXPLAIN_Q.sbj36-l1.qa242" accuracy="partially_correct_incomplete">voltage shows where the gap is</studentAnswer>
    <studentAnswer count="1" id="FaultFinding-BURNED_BULB_LOCATE_EXPLAIN_Q.sbj36-l1.qa244" accuracy="contradictory">a gap causes a chemical reaction</studentAnswer>
    <studentAnswer count="1" answerMatch="answer251" id="FaultFinding-BURNED_BULB_LOCATE_EXPLAIN_Q.sbj37-l1.qa211" accuracy="correct">because it can show you where the gap is by measuring different terminals</studentAnswer>
    <studentAnswer count="1" answerMatch="answer251" id="FaultFinding-BURNED_BULB_LOCATE_EXPLAIN_Q.sbj37-l1.qa212" accuracy="correct">by measuring you can find the gap which will show you which bulb is burned out</studentAnswer>
    <studentAnswer count="1" answerMatch="answer251" id="FaultFinding-BURNED_BULB_LOCATE_EXPLAIN_Q.sbj37-l1.qa213" accuracy="correct">by seeing if a terminal has a different electrical state than another you can find the gap in the circuit</studentAnswer>
    <studentAnswer count="1" answerMatch="answer257" id="FaultFinding-BURNED_BULB_LOCATE_EXPLAIN_Q.sbj37-l1.qa214" accuracy="partially_correct_incomplete">if the electrical state is non-zero you can find the gap in the circuit</studentAnswer>
    <studentAnswer count="1" answerMatch="answer249" id="FaultFinding-BURNED_BULB_LOCATE_EXPLAIN_Q.sbj38-l1.qa215" accuracy="correct">The difference in electrical states between terminals will show where there is a gap in the curcuit.</studentAnswer>
    <studentAnswer count="1" answerMatch="answer249" id="FaultFinding-BURNED_BULB_LOCATE_EXPLAIN_Q.sbj38-l1.qa216" accuracy="correct">each terminal has an electrical state and when there is a gap the electrical state changes which shows which bulb is damaged.</studentAnswer>
    <studentAnswer count="1" answerMatch="answer260" id="FaultFinding-BURNED_BULB_LOCATE_EXPLAIN_Q.sbj38-l1.qa217" accuracy="correct">if there is a voltage reading of non-zero it means that there is a change in the electrical states in the terminals.</studentAnswer>
    <studentAnswer count="1" answerMatch="answer260" id="FaultFinding-BURNED_BULB_LOCATE_EXPLAIN_Q.sbj38-l1.qa218" accuracy="correct">if there is a non-zero measurement it indicates there is a change in electrical states of the terminals</studentAnswer>
    <studentAnswer count="1" answerMatch="answer248" id="FaultFinding-BURNED_BULB_LOCATE_EXPLAIN_Q.sbj39-l1.qa258" accuracy="partially_correct_incomplete">You will find out where the difference in electrica states</studentAnswer>
    <studentAnswer count="1" answerMatch="answer248" id="FaultFinding-BURNED_BULB_LOCATE_EXPLAIN_Q.sbj39-l1.qa259" accuracy="partially_correct_incomplete">You will find out wehere the difference in electrical staates</studentAnswer>
    <studentAnswer count="1" id="FaultFinding-BURNED_BULB_LOCATE_EXPLAIN_Q.sbj39-l1.qa261" accuracy="non_domain">?</studentAnswer>
    <studentAnswer count="1" id="FaultFinding-BURNED_BULB_LOCATE_EXPLAIN_Q.sbj40-l1.qa253" accuracy="contradictory">Burnt bulbs have no voltage at one of there terminals.</studentAnswer>
    <studentAnswer count="1" id="FaultFinding-BURNED_BULB_LOCATE_EXPLAIN_Q.sbj40-l1.qa255" accuracy="contradictory">burnt out bulbs have no voltage to effect there eletrical state.</studentAnswer>
    <studentAnswer count="1" id="FaultFinding-BURNED_BULB_LOCATE_EXPLAIN_Q.sbj40-l1.qa256" accuracy="non_domain">i dont know.</studentAnswer>
    <studentAnswer count="1" answerMatch="answer251" id="FaultFinding-BURNED_BULB_LOCATE_EXPLAIN_Q.sbj42-l1.qa246" accuracy="correct">The measurement of voltage will determine if there is a gap in the connection of electrical states.</studentAnswer>
    <studentAnswer count="1" answerMatch="answer251" id="FaultFinding-BURNED_BULB_LOCATE_EXPLAIN_Q.sbj42-l1.qa247" accuracy="correct">The measure of voltage will determine if there is a gap</studentAnswer>
    <studentAnswer count="1" answerMatch="answer249" id="FaultFinding-BURNED_BULB_LOCATE_EXPLAIN_Q.sbj42-l1.qa248" accuracy="correct">The measure of voltage will determine an electrical state.</studentAnswer>
    <studentAnswer count="1" id="FaultFinding-BURNED_BULB_LOCATE_EXPLAIN_Q.sbj42-l1.qa249" accuracy="contradictory">A bulb causes an electrical state.</studentAnswer>
    <studentAnswer count="1" answerMatch="answer251" id="FaultFinding-BURNED_BULB_LOCATE_EXPLAIN_Q.sbj43-l1.qa227" accuracy="correct">you can locate the gap in a connection</studentAnswer>
    <studentAnswer count="1" answerMatch="answer251" id="FaultFinding-BURNED_BULB_LOCATE_EXPLAIN_Q.sbj43-l1.qa228" accuracy="correct">you are able to identify the gap</studentAnswer>
    <studentAnswer count="1" answerMatch="answer249" id="FaultFinding-BURNED_BULB_LOCATE_EXPLAIN_Q.sbj43-l1.qa229" accuracy="contradictory">you are able to find where the voltage begins. this helps you locate the gap.</studentAnswer>
    <studentAnswer count="1" answerMatch="answer251" id="FaultFinding-BURNED_BULB_LOCATE_EXPLAIN_Q.sbj45-l1.qa221" accuracy="partially_correct_incomplete">it helps because you find the gap where the terminals are disconnected</studentAnswer>
    <studentAnswer count="1" id="FaultFinding-BURNED_BULB_LOCATE_EXPLAIN_Q.sbj45-l1.qa222" accuracy="non_domain">i dont know</studentAnswer>
    <studentAnswer count="1" answerMatch="answer249" id="FaultFinding-BURNED_BULB_LOCATE_EXPLAIN_Q.sbj45-l1.qa223" accuracy="partially_correct_incomplete">the bulb causes a gap</studentAnswer>
    <studentAnswer count="1" answerMatch="answer248" id="FaultFinding-BURNED_BULB_LOCATE_EXPLAIN_Q.sbj46-l1.qa240" accuracy="contradictory">you can determine is broken bulb is before a gap or after</studentAnswer>
    <studentAnswer count="1" id="FaultFinding-BURNED_BULB_LOCATE_EXPLAIN_Q.sbj46-l1.qa241" accuracy="contradictory">electrical state is not connected to volts</studentAnswer>
    <studentAnswer count="1" id="FaultFinding-BURNED_BULB_LOCATE_EXPLAIN_Q.sbj47-l1.qa253" accuracy="contradictory">because if the voltage is 0 that means the bulb is burned out</studentAnswer>
    <studentAnswer count="1" id="FaultFinding-BURNED_BULB_LOCATE_EXPLAIN_Q.sbj47-l1.qa254" accuracy="contradictory">if the bulb is non- zero that means it is not burned out</studentAnswer>
    <studentAnswer count="1" answerMatch="answer248" id="FaultFinding-BURNED_BULB_LOCATE_EXPLAIN_Q.sbj47-l1.qa255" accuracy="partially_correct_incomplete">the value of measurement indicates if the bulb is burned out</studentAnswer>
    <studentAnswer count="1" answerMatch="answer252" id="FaultFinding-BURNED_BULB_LOCATE_EXPLAIN_Q.sbj48-l1.qa213" accuracy="correct">Because when you measure the difference in electrical states of two terminals, if they are connected the reading will be 0.  If they are separated by a gap, the reading will be 1.5 V.</studentAnswer>
    <studentAnswer count="1" answerMatch="answer248" id="FaultFinding-BURNED_BULB_LOCATE_EXPLAIN_Q.sbjb1-l1.qa187" accuracy="contradictory">The electrical states of two terminals when connected will determine the gaps and help to locate a burned out bulb.</studentAnswer>
    <studentAnswer count="1" answerMatch="answer251" id="FaultFinding-BURNED_BULB_LOCATE_EXPLAIN_Q.sbjb2-l1.qa191" accuracy="partially_correct_incomplete">It will help find where the gap in the circuit is.</studentAnswer>
    <studentAnswer count="1" answerMatch="answer251" id="FaultFinding-BURNED_BULB_LOCATE_EXPLAIN_Q.sbjb3-l1.qa203" accuracy="contradictory">If there is a gap there will be  voltage but if connected then it wont read the voltage</studentAnswer>
    <studentAnswer count="1" answerMatch="answer251" id="FaultFinding-BURNED_BULB_LOCATE_EXPLAIN_Q.sbjb4-l1.qa182" accuracy="contradictory">there will be voltage where there is a gap, and the gap is where the bulb is burnt out</studentAnswer>
    <studentAnswer count="1" answerMatch="answer248" id="FaultFinding-BURNED_BULB_LOCATE_EXPLAIN_Q.sbjb5-l1.qa190" accuracy="correct">the change in voltage will locate the burned out bulb</studentAnswer>
    <studentAnswer count="1" id="FaultFinding-BURNED_BULB_LOCATE_EXPLAIN_Q.sbjb7-l1.qa180" accuracy="contradictory">If the terminals at both ends of the bulb are the same, then it"s damaged.</studentAnswer>
    <studentAnswer count="1" answerMatch="answer249" id="FaultFinding-BURNED_BULB_LOCATE_EXPLAIN_Q.sbjb10-l1.qa180" accuracy="contradictory">becuase you can test the light bulbs until you find where there is a gap between 0 volts and 1.5 volts, just like in the exercise i just did</studentAnswer>
    <studentAnswer count="1" answerMatch="answer255" id="FaultFinding-BURNED_BULB_LOCATE_EXPLAIN_Q.sbjb12-l1.qa186" accuracy="partially_correct_incomplete">If the electrical states of the two terminals are different, then that means there is a break in the connection</studentAnswer>
    <studentAnswer count="1" answerMatch="answer257" id="FaultFinding-BURNED_BULB_LOCATE_EXPLAIN_Q.sbjb13-l1.qa182" accuracy="contradictory">Because when the voltage goes from 1.5 to 0.0 you can locate the gap.</studentAnswer>
    <studentAnswer count="1" answerMatch="answer248" id="FaultFinding-BURNED_BULB_LOCATE_EXPLAIN_Q.sbjb15-l1.qa182" accuracy="contradictory">the voltage is nearest the burnt out bulb</studentAnswer>
    <studentAnswer count="1" id="FaultFinding-BURNED_BULB_LOCATE_EXPLAIN_Q.sbjb16-l1.qa182" accuracy="contradictory">it allows you to see which terminal is different than the rest</studentAnswer>
    <studentAnswer count="1" answerMatch="answer249" id="FaultFinding-BURNED_BULB_LOCATE_EXPLAIN_Q.sbjb17-l1.qa184" accuracy="partially_correct_incomplete">Registering a voltage at a location tells you there is a gap somewhere in between the measured terminals</studentAnswer>
    <studentAnswer count="1" id="FaultFinding-BURNED_BULB_LOCATE_EXPLAIN_Q.sbjb18-l1.qa193" accuracy="irrelevant">if there is a gap in the circuit there the bulb will not light up.</studentAnswer>
    <studentAnswer count="1" answerMatch="answer250" id="FaultFinding-BURNED_BULB_LOCATE_EXPLAIN_Q.sbjb19-l1.qa185" accuracy="partially_correct_incomplete">because it shows you what terminals are connected</studentAnswer>
    <studentAnswer count="1" id="FaultFinding-BURNED_BULB_LOCATE_EXPLAIN_Q.sbjb20-l1.qa193" accuracy="contradictory">Where there is a 0.0 volts. It finds the gap in the path.</studentAnswer>
    <studentAnswer count="1" answerMatch="answer248" id="FaultFinding-BURNED_BULB_LOCATE_EXPLAIN_Q.sbjb21-l1.qa181" accuracy="partially_correct_incomplete">you can find which bulb is burned out</studentAnswer>
    <studentAnswer count="1" answerMatch="answer249" id="FaultFinding-BURNED_BULB_LOCATE_EXPLAIN_Q.sbjb22-l1.qa191" accuracy="contradictory">Voltage finds the connection between positive and negative terminals from a battery to the bulb, thus finding teh gap between positive and negative terminals</studentAnswer>
    <studentAnswer count="1" answerMatch="answer251" id="FaultFinding-BURNED_BULB_LOCATE_EXPLAIN_Q.sbjb24-l1.qa188" accuracy="partially_correct_incomplete">allows you to identify any gaps</studentAnswer>
    <studentAnswer count="1" answerMatch="answer251" id="FaultFinding-BURNED_BULB_LOCATE_EXPLAIN_Q.sbjb25-l1.qa185" accuracy="partially_correct_incomplete">It shows you where the gaps are.</studentAnswer>
    <studentAnswer count="1" answerMatch="answer249" id="FaultFinding-BURNED_BULB_LOCATE_EXPLAIN_Q.sbjb26-l1.qa181" accuracy="partially_correct_incomplete">Electrical states between connected terminals will differ than those that are separated by a gap.</studentAnswer>
    <studentAnswer count="1" answerMatch="answer248" id="FaultFinding-BURNED_BULB_LOCATE_EXPLAIN_Q.sbjb27-l1.qa180" accuracy="partially_correct_incomplete">where the voltage jumps from 0 volts to some number of volts represents the burned out bulb because it identifies where the circuit is only connnected to the negative battery terminal or the positive battery terminal.</studentAnswer>
    <studentAnswer count="1" answerMatch="answer257" id="FaultFinding-BURNED_BULB_LOCATE_EXPLAIN_Q.sbjb28-l1.qa185" accuracy="partially_correct_incomplete">The electrical state for the bulb terminal and the battery terminal will have a charge of 0 if connected so if the charge is anything that isn"t 0 V, there is a gap at that bulb</studentAnswer>
    <studentAnswer count="1" answerMatch="answer248" id="FaultFinding-BURNED_BULB_LOCATE_EXPLAIN_Q.sbjb29-l1.qa184" accuracy="partially_correct_incomplete">because if there is a gap, a burned out bulb, there would be a different voltage at the connections around it</studentAnswer>
    <studentAnswer count="1" answerMatch="answer251" id="FaultFinding-BURNED_BULB_LOCATE_EXPLAIN_Q.sbjb30-l1.qa187" accuracy="partially_correct_incomplete">if there is a gap between the terminals, the voltage will be different.</studentAnswer>
    <studentAnswer count="1" answerMatch="answer257" id="FaultFinding-BURNED_BULB_LOCATE_EXPLAIN_Q.sbjb31-l1.qa180" accuracy="partially_correct_incomplete">because a difference in voltage is due to a gap.</studentAnswer>
    <studentAnswer count="1" id="FaultFinding-BURNED_BULB_LOCATE_EXPLAIN_Q.sbjb32-l1.qa184" accuracy="partially_correct_incomplete">It will locate the gap.</studentAnswer>
    <studentAnswer count="1" answerMatch="answer251" id="FaultFinding-BURNED_BULB_LOCATE_EXPLAIN_Q.sbjb34-l1.qa180" accuracy="partially_correct_incomplete">By finding out which terminals are the same or different in electrical states then any gap in the circuit can be found.</studentAnswer>
    <studentAnswer count="1" answerMatch="answer249" id="FaultFinding-BURNED_BULB_LOCATE_EXPLAIN_Q.sbjb35-l1.qa182" accuracy="partially_correct_incomplete">Measureing the difference in electrical states of the connections lets you pin point where the gap is happening in the system.</studentAnswer>
    <studentAnswer count="1" answerMatch="answer249" id="FaultFinding-BURNED_BULB_LOCATE_EXPLAIN_Q.sbjb36-l1.qa180" accuracy="contradictory">by measuring voltage you can find where the gap is by checking the electrical states of each bulb and its voltage. If it is connected it will have volts if it is not then it will have none.</studentAnswer>
    <studentAnswer count="1" answerMatch="answer260" id="FaultFinding-BURNED_BULB_LOCATE_EXPLAIN_Q.sbjb37-l1.qa180" accuracy="partially_correct_incomplete">Because it determines the different electrical states between the terminals</studentAnswer>
    <studentAnswer count="1" answerMatch="answer249" id="FaultFinding-BURNED_BULB_LOCATE_EXPLAIN_Q.sbjb38-l1.qa181" accuracy="partially_correct_incomplete">A burned out bulb indicates a gap in the connection between opposite ends of the battery terminals</studentAnswer>
    <studentAnswer count="1" answerMatch="answer251" id="FaultFinding-BURNED_BULB_LOCATE_EXPLAIN_Q.sbjb39-l1.qa183" accuracy="correct">Measuring voltage shows what terminals are connected and where there is a gap so you can determins which bulb is out.</studentAnswer>
    <studentAnswer count="1" answerMatch="answer255" id="FaultFinding-BURNED_BULB_LOCATE_EXPLAIN_Q.sbjb40-l1.qa181" accuracy="partially_correct_incomplete">There will be a gap at one point in time and there will be a voltage decrease so you know.</studentAnswer>
    <studentAnswer count="1" answerMatch="answer248" id="FaultFinding-BURNED_BULB_LOCATE_EXPLAIN_Q.sbjb41-l1.qa183" accuracy="contradictory">Measuring voltages helps to locate burned out bulbs because if there is a gap or something isn"t connected, it will show up as a numerical electrical state.</studentAnswer>
    <studentAnswer count="1" answerMatch="answer248" id="FaultFinding-BURNED_BULB_LOCATE_EXPLAIN_Q.sbjb42-l1.qa183" accuracy="correct">If a bulb is burned out, the voltage to one side of it will be zero and o the other side will be greater than zero. the burned out bulb leaves one terminal connected to the positive terminal of the battery and the other terminal connected to the negative terminal of the battery, giving each terminal a different electrical state.</studentAnswer>
  </studentAnswers>
</question>
