<?xml version="1.0"?>
<question qtype="Q_EXPLAIN_SPECIFIC" id="OPT2_EXPLAIN_Q" module="SwitchesBulbsParallel" stype="EVALUATE">
  <questionText>Describe the paths in this diagram and explain how those paths account for the results.</questionText>
  <referenceAnswers>
    <referenceAnswer category="BEST" id="answer412" fileID="OPT2_EXPLAIN_ANS1">Bulb A is in a path which does not contain B and C, so bulbs B and C don't affect it. Bulbs B and C are in the same path. They affect each other, but Bulb A doesn't affect them.</referenceAnswer>
    <referenceAnswer category="GOOD" id="answer413" fileID="OPT2_EXPLAIN_ANS2">Bulb A is in a path which does not contain B and C and isn't affected by B or C. B and C are in the same path and affect each other.</referenceAnswer>
    <referenceAnswer category="MINIMAL" id="answer414" fileID="OPT2_EXPLAIN_ANS3">there is a path containing A and a different path containing B and C</referenceAnswer>
  </referenceAnswers>
  <studentAnswers>
    <studentAnswer count="1" answerMatch="answer412" id="SwitchesBulbsParallel-OPT2_EXPLAIN_Q.sbj3-l2.qa118" accuracy="correct">there is one path though bulb a and a second path through bulb b and c. The two paths are independent from one another. If one bulb goes out in one of the path it only affect the bulbs within that same path</studentAnswer>
    <studentAnswer count="1" answerMatch="answer413" id="SwitchesBulbsParallel-OPT2_EXPLAIN_Q.sbj3-l2.qa119" accuracy="partially_correct_incomplete">there are two independent paths.only the components within the same path effect each other</studentAnswer>
    <studentAnswer count="1" answerMatch="answer413" id="SwitchesBulbsParallel-OPT2_EXPLAIN_Q.sbj3-l2.qa120" accuracy="partially_correct_incomplete">only the components within the same path effect on another</studentAnswer>
    <studentAnswer count="1" answerMatch="answer412" id="SwitchesBulbsParallel-OPT2_EXPLAIN_Q.sbj3-l2.qa121" accuracy="partially_correct_incomplete">bulb a doesn"t affect bulb b or c</studentAnswer>
    <studentAnswer count="1" answerMatch="answer413" id="SwitchesBulbsParallel-OPT2_EXPLAIN_Q.sbj7-l2.qa122" accuracy="contradictory">bulb a is contained within a complete path with the battery, but bulb b and c are on the same path so if one is burned out the other will burn out too</studentAnswer>
    <studentAnswer count="2" id="SwitchesBulbsParallel-OPT2_EXPLAIN_Q.sbj7-l2.qa123" accuracy="non_domain">i don"t know</studentAnswer>
    <studentAnswer count="1" answerMatch="answer412" id="SwitchesBulbsParallel-OPT2_EXPLAIN_Q.sbj7-l2.qa125" accuracy="correct">bulb a does not affect the path of bulb b and c</studentAnswer>
    <studentAnswer count="1" answerMatch="answer412" id="SwitchesBulbsParallel-OPT2_EXPLAIN_Q.sbj8-l2.qa132" accuracy="correct">bulb b and bulb c are in the same path so if one burns out the other will nott work. bulb a is contained within a different path and will not burn out if bulb b or c is damaged because it is still contained in a closed path with the battery</studentAnswer>
    <studentAnswer count="1" id="SwitchesBulbsParallel-OPT2_EXPLAIN_Q.sbj8-l2.qa133" accuracy="non_domain">no</studentAnswer>
    <studentAnswer count="1" id="SwitchesBulbsParallel-OPT2_EXPLAIN_Q.sbj8-l2.qa134" accuracy="non_domain">i gave you an answer</studentAnswer>
    <studentAnswer count="1" id="SwitchesBulbsParallel-OPT2_EXPLAIN_Q.sbj8-l2.qa135" accuracy="non_domain">next question please</studentAnswer>
    <studentAnswer count="1" answerMatch="answer414" id="SwitchesBulbsParallel-OPT2_EXPLAIN_Q.sbj9-l2.qa125" accuracy="correct">bulbs b and c are paired together in one closed path with the battery. bulb a is by itself in a closed path with the battery.</studentAnswer>
    <studentAnswer count="1" answerMatch="answer413" id="SwitchesBulbsParallel-OPT2_EXPLAIN_Q.sbj9-l2.qa126" accuracy="correct">bulb a is in parallel with bulbs b and c. bulbs b and c are in a series and they depend on each other to close the path.</studentAnswer>
    <studentAnswer count="1" answerMatch="answer412" id="SwitchesBulbsParallel-OPT2_EXPLAIN_Q.sbj9-l2.qa127" accuracy="correct">bulb a does not affect bulb b and bulb c. bulb b and bulb c are on their own path with the battery.</studentAnswer>
    <studentAnswer count="1" answerMatch="answer413" id="SwitchesBulbsParallel-OPT2_EXPLAIN_Q.sbj10-l2.qa130" accuracy="partially_correct_incomplete">bulb a is on a closed path with the battery. if bulb b or c is damaged, it creates and open path for bulbs b and c</studentAnswer>
    <studentAnswer count="1" answerMatch="answer414" id="SwitchesBulbsParallel-OPT2_EXPLAIN_Q.sbj10-l2.qa131" accuracy="partially_correct_incomplete">bulb a is on a closed path with the battery</studentAnswer>
    <studentAnswer count="1" answerMatch="answer412" id="SwitchesBulbsParallel-OPT2_EXPLAIN_Q.sbj11-l2.qa127" accuracy="correct">bulb a is in a path that is not affected by the other two bulbs. bulbs b and c are in a path that is affected if either of the bulbs burns out. bulbs b and c are not affected by bulb a.</studentAnswer>
    <studentAnswer count="1" answerMatch="answer413" id="SwitchesBulbsParallel-OPT2_EXPLAIN_Q.sbj11-l2.qa128" accuracy="partially_correct_incomplete">bulb a does not affect bulb b and bulb c. bulbs b and c, do not affect bulb a. bulb b affects bulb c, and bulb c affects bulb b.</studentAnswer>
    <studentAnswer count="1" answerMatch="answer414" id="SwitchesBulbsParallel-OPT2_EXPLAIN_Q.sbj11-l2.qa129" accuracy="correct">bulb a is contained in a path with the battery and bulbs b and c are contained in a separate path with the battery.</studentAnswer>
    <studentAnswer count="1" answerMatch="answer413" id="SwitchesBulbsParallel-OPT2_EXPLAIN_Q.sbj12-l2.qa134" accuracy="partially_correct_incomplete">bulbs b and c will react the same, bulb a is seperate and can react differently</studentAnswer>
    <studentAnswer count="1" answerMatch="answer413" id="SwitchesBulbsParallel-OPT2_EXPLAIN_Q.sbj12-l2.qa135" accuracy="partially_correct_incomplete">bulbs b and c are on the same path and react the same</studentAnswer>
    <studentAnswer count="1" answerMatch="answer413" id="SwitchesBulbsParallel-OPT2_EXPLAIN_Q.sbj12-l2.qa136" accuracy="correct">bulbs b and c are on the path and react</studentAnswer>
    <studentAnswer count="1" answerMatch="answer412" id="SwitchesBulbsParallel-OPT2_EXPLAIN_Q.sbj13-l2.qa142" accuracy="correct">bulb a is not in the same path of bulb b and c.  if bulb a is damaged, bulbs b and c are still lit.</studentAnswer>
    <studentAnswer count="1" answerMatch="answer412" id="SwitchesBulbsParallel-OPT2_EXPLAIN_Q.sbj13-l2.qa143" accuracy="correct">bulb a id not in the path of bulb b and c.  if bulb a is damage, bulbs b and c are still lit.</studentAnswer>
    <studentAnswer count="1" answerMatch="answer412" id="SwitchesBulbsParallel-OPT2_EXPLAIN_Q.sbj13-l2.qa144" accuracy="correct">bulb a is not in the path of bulbs b and c.  if bulb a is damaged, bulbs b and c are still lit.</studentAnswer>
    <studentAnswer count="1" answerMatch="answer413" id="SwitchesBulbsParallel-OPT2_EXPLAIN_Q.sbj14-l2.qa132" accuracy="correct">Bulb A is on a seperate path than bulb B and bulb C. Bulb A will not affect bulb B and bulb C. Bulb B and bulb C will affect each other.</studentAnswer>
    <studentAnswer count="1" answerMatch="answer414" id="SwitchesBulbsParallel-OPT2_EXPLAIN_Q.sbj14-l2.qa133" accuracy="partially_correct_incomplete">Bulb A is not on the same path that Bulb B and bulb C are.</studentAnswer>
    <studentAnswer count="1" id="SwitchesBulbsParallel-OPT2_EXPLAIN_Q.sbj15-l2.qa155" accuracy="contradictory">the paths aree on different terminals</studentAnswer>
    <studentAnswer count="1" id="SwitchesBulbsParallel-OPT2_EXPLAIN_Q.sbj15-l2.qa156" accuracy="contradictory">path and bulb on the battery terminal</studentAnswer>
    <studentAnswer count="1" answerMatch="answer414" id="SwitchesBulbsParallel-OPT2_EXPLAIN_Q.sbj15-l2.qa157" accuracy="partially_correct_incomplete">the bulb is on a different path</studentAnswer>
    <studentAnswer count="1" answerMatch="answer412" id="SwitchesBulbsParallel-OPT2_EXPLAIN_Q.sbj15-l2.qa158" accuracy="partially_correct_incomplete">the bulb does not affect another bulb if they are on different paths</studentAnswer>
    <studentAnswer count="1" id="SwitchesBulbsParallel-OPT2_EXPLAIN_Q.sbj19-l2.qa153" accuracy="irrelevant">if two bulbs are contained in the same path the damaged bulb affects the other bulb</studentAnswer>
    <studentAnswer count="1" answerMatch="answer413" id="SwitchesBulbsParallel-OPT2_EXPLAIN_Q.sbj19-l2.qa154" accuracy="partially_correct_incomplete">the are in the same path</studentAnswer>
    <studentAnswer count="1" answerMatch="answer413" id="SwitchesBulbsParallel-OPT2_EXPLAIN_Q.sbj19-l2.qa155" accuracy="partially_correct_incomplete">the bulb contained in the same path go out</studentAnswer>
    <studentAnswer count="1" answerMatch="answer413" id="SwitchesBulbsParallel-OPT2_EXPLAIN_Q.sbj19-l2.qa156" accuracy="contradictory">bulb a is contained in a closed circuit</studentAnswer>
    <studentAnswer count="4" id="SwitchesBulbsParallel-OPT2_EXPLAIN_Q.sbj22-l2.qa137" accuracy="non_domain">l</studentAnswer>
    <studentAnswer count="1" answerMatch="answer414" id="SwitchesBulbsParallel-OPT2_EXPLAIN_Q.sbj23-l2.qa130" accuracy="partially_correct_incomplete">Bulb B and Bulb C are contained in a closed path.</studentAnswer>
    <studentAnswer count="1" id="SwitchesBulbsParallel-OPT2_EXPLAIN_Q.sbj24-l2.qa126" accuracy="non_domain">sigh, some things never change. this da 21st centuary, u woudl think they could have programmed you smarter</studentAnswer>
    <studentAnswer count="1" id="SwitchesBulbsParallel-OPT2_EXPLAIN_Q.sbj26-l2.qa144" accuracy="non_domain">i do not understand</studentAnswer>
    <studentAnswer count="1" answerMatch="answer413" id="SwitchesBulbsParallel-OPT2_EXPLAIN_Q.sbj26-l2.qa145" accuracy="partially_correct_incomplete">whichever bulb is in the same closed path effects eachother</studentAnswer>
    <studentAnswer count="1" id="SwitchesBulbsParallel-OPT2_EXPLAIN_Q.sbj26-l2.qa146" accuracy="non_domain">no fuck you</studentAnswer>
    <studentAnswer count="1" answerMatch="answer412" id="SwitchesBulbsParallel-OPT2_EXPLAIN_Q.sbj27-l2.qa137" accuracy="correct">bulb a is contained in it"s own closed path, so no other bulbs affect it. bulbs b and c are contained in a closed path with the battery, so if one is burnt out it creates a gap in the path and it is not a complete circuit.</studentAnswer>
    <studentAnswer count="1" id="SwitchesBulbsParallel-OPT2_EXPLAIN_Q.sbj27-l2.qa138" accuracy="non_domain">no, i"m right!</studentAnswer>
    <studentAnswer count="1" answerMatch="answer413" id="SwitchesBulbsParallel-OPT2_EXPLAIN_Q.sbj27-l2.qa139" accuracy="partially_correct_incomplete">if the bulb is contained in a closed path with another bulb, it will affect it</studentAnswer>
    <studentAnswer count="1" answerMatch="answer412" id="SwitchesBulbsParallel-OPT2_EXPLAIN_Q.sbj27-l2.qa140" accuracy="partially_correct_incomplete">bulb a does not affect the other bulbs</studentAnswer>
    <studentAnswer count="1" answerMatch="answer414" id="SwitchesBulbsParallel-OPT2_EXPLAIN_Q.sbj28-l2.qa130" accuracy="partially_correct_incomplete">separate paths</studentAnswer>
    <studentAnswer count="1" id="SwitchesBulbsParallel-OPT2_EXPLAIN_Q.sbj28-l2.qa131" accuracy="contradictory">gaps</studentAnswer>
    <studentAnswer count="1" answerMatch="answer413" id="SwitchesBulbsParallel-OPT2_EXPLAIN_Q.sbj29-l2.qa135" accuracy="partially_correct_incomplete">bulb a is in a closed path with the battery, bulbs b and c are in a closed path with the battery, bulbs b and c effect each other</studentAnswer>
    <studentAnswer count="1" id="SwitchesBulbsParallel-OPT2_EXPLAIN_Q.sbj29-l2.qa136" accuracy="non_domain">dont know</studentAnswer>
    <studentAnswer count="1" answerMatch="answer414" id="SwitchesBulbsParallel-OPT2_EXPLAIN_Q.sbj29-l2.qa137" accuracy="partially_correct_incomplete">bulb a is in a closed path with the battery</studentAnswer>
    <studentAnswer count="1" answerMatch="answer412" id="SwitchesBulbsParallel-OPT2_EXPLAIN_Q.sbj30-l2.qa133" accuracy="correct">If Bulb A is out it does not affect the other bulbs because it is on a different path.  If either B or C is out both B and C will be out but A will not be because Bulb A is not on the same path with Bulb B or C</studentAnswer>
    <studentAnswer count="1" answerMatch="answer412" id="SwitchesBulbsParallel-OPT2_EXPLAIN_Q.sbj30-l2.qa135" accuracy="correct">Bulb A is on a different path than Bulb B and C so A is not affected with B and C go out and B and C are not affected with A goes out.</studentAnswer>
    <studentAnswer count="1" id="SwitchesBulbsParallel-OPT2_EXPLAIN_Q.sbj31-l2.qa137" accuracy="irrelevant">the bulb will be on if it is still on a closed path</studentAnswer>
    <studentAnswer count="1" id="SwitchesBulbsParallel-OPT2_EXPLAIN_Q.sbj33-l2.qa132" accuracy="non_domain">tell answer</studentAnswer>
    <studentAnswer count="1" answerMatch="answer414" id="SwitchesBulbsParallel-OPT2_EXPLAIN_Q.sbj34-l2.qa135" accuracy="partially_correct_incomplete">Bulb A is contained in a closed path with the battery.  Bulbs B and C are contained in a closed path with the battery.</studentAnswer>
    <studentAnswer count="1" answerMatch="answer414" id="SwitchesBulbsParallel-OPT2_EXPLAIN_Q.sbj35-l2.qa138" accuracy="correct">when bulb A burned out, bulb b and c were still contained in a closed path with the battery. When bulb b burned out, only bulb A was still contained in a closed path with the battery. When bulb c burned out, only bulb a was still contained in a closed path with the battery</studentAnswer>
    <studentAnswer count="1" answerMatch="answer413" id="SwitchesBulbsParallel-OPT2_EXPLAIN_Q.sbj36-l2.qa127" accuracy="partially_correct_incomplete">if a a bulb is out on the some path as another bulb than the bulb is also out</studentAnswer>
    <studentAnswer count="1" answerMatch="answer413" id="SwitchesBulbsParallel-OPT2_EXPLAIN_Q.sbj36-l2.qa128" accuracy="partially_correct_incomplete">if two bulbs are on the same path and one of them is out then both of them are out</studentAnswer>
    <studentAnswer count="1" answerMatch="answer413" id="SwitchesBulbsParallel-OPT2_EXPLAIN_Q.sbj36-l2.qa129" accuracy="partially_correct_incomplete">if two bulbs are on the same path and one of them s out then both bulbs are out</studentAnswer>
    <studentAnswer count="1" answerMatch="answer412" id="SwitchesBulbsParallel-OPT2_EXPLAIN_Q.sbj36-l2.qa130" accuracy="partially_correct_incomplete">bulb does not affect a different path</studentAnswer>
    <studentAnswer count="1" answerMatch="answer412" id="SwitchesBulbsParallel-OPT2_EXPLAIN_Q.sbj37-l2.qa124" accuracy="correct">when bulb a is out, bulb b and bulb c are still in a closed path with the battery. when bulb b is out, bulb a is still in a closed path with the battery and bulb c is not in a closed path with the battery. when bulb c is out, bulb a is still in a closed path with the battery and bulb b is not in a closed path with the battery.</studentAnswer>
    <studentAnswer count="1" answerMatch="answer414" id="SwitchesBulbsParallel-OPT2_EXPLAIN_Q.sbj37-l2.qa125" accuracy="partially_correct_incomplete">bulb a is in a closed path with the battery. bulb b and bulb c are in a closed path with the battery.</studentAnswer>
    <studentAnswer count="1" answerMatch="answer412" id="SwitchesBulbsParallel-OPT2_EXPLAIN_Q.sbj38-l2.qa125" accuracy="correct">bulb A is in a closed path with the battery. Bulb B and bulb C are in series in a closed path with the battery. Bulb A is in parallel with bulb B and bulb C.</studentAnswer>
    <studentAnswer count="1" answerMatch="answer414" id="SwitchesBulbsParallel-OPT2_EXPLAIN_Q.sbj39-l2.qa146" accuracy="partially_correct_incomplete">There are 2 paths in this diagram</studentAnswer>
    <studentAnswer count="1" answerMatch="answer414" id="SwitchesBulbsParallel-OPT2_EXPLAIN_Q.sbj39-l2.qa147" accuracy="partially_correct_incomplete">There are 2 different paths in this diagram</studentAnswer>
    <studentAnswer count="1" answerMatch="answer414" id="SwitchesBulbsParallel-OPT2_EXPLAIN_Q.sbj40-l2.qa136" accuracy="partially_correct_incomplete">they are closed pathes with the battery.</studentAnswer>
    <studentAnswer count="1" id="SwitchesBulbsParallel-OPT2_EXPLAIN_Q.sbj40-l2.qa137" accuracy="non_domain">i give up.</studentAnswer>
    <studentAnswer count="1" answerMatch="answer413" id="SwitchesBulbsParallel-OPT2_EXPLAIN_Q.sbj42-l2.qa127" accuracy="correct">There is a closed path that contains the battery and bulb a and bulbs b and c. if a is burned out, it only accounts for bulb a. if b is burned out, then there is a gap in the path that contains the battery and bulb b and bulb c. if c ib burned out, then there is a gap in the path that contains the battery and bulb b and bulb c.</studentAnswer>
    <studentAnswer count="1" answerMatch="answer413" id="SwitchesBulbsParallel-OPT2_EXPLAIN_Q.sbj42-l2.qa128" accuracy="partially_correct_incomplete">there is a closed path only when the bulbs are not damaged</studentAnswer>
    <studentAnswer count="1" answerMatch="answer414" id="SwitchesBulbsParallel-OPT2_EXPLAIN_Q.sbj42-l2.qa129" accuracy="partially_correct_incomplete">there is a closed path that contains the battery and bulb a. there is a closed path that contains the battery and bulb b and bulb c</studentAnswer>
    <studentAnswer count="1" answerMatch="answer414" id="SwitchesBulbsParallel-OPT2_EXPLAIN_Q.sbj43-l2.qa137" accuracy="partially_correct_incomplete">the path containing a is seperate from the path containing b and c</studentAnswer>
    <studentAnswer count="1" id="SwitchesBulbsParallel-OPT2_EXPLAIN_Q.sbj45-l2.qa125" accuracy="non_domain">.</studentAnswer>
    <studentAnswer count="1" answerMatch="answer414" id="SwitchesBulbsParallel-OPT2_EXPLAIN_Q.sbj46-l2.qa142" accuracy="partially_correct_incomplete">bulb a has its own closed path with the battery, bulbs b and c do not</studentAnswer>
    <studentAnswer count="1" answerMatch="answer414" id="SwitchesBulbsParallel-OPT2_EXPLAIN_Q.sbj46-l2.qa143" accuracy="partially_correct_incomplete">bulb b and bulb c share a closed path with the battery, bulb a has its own closed path with the battery</studentAnswer>
    <studentAnswer count="1" id="SwitchesBulbsParallel-OPT2_EXPLAIN_Q.sbj46-l2.qa144" accuracy="irrelevant">a bulb and a battery must share a path</studentAnswer>
    <studentAnswer count="1" answerMatch="answer412" id="SwitchesBulbsParallel-OPT2_EXPLAIN_Q.sbj47-l2.qa137" accuracy="correct">when bulb A is burned out B and C will stay on because they are still contained in the same path as the battery. When bulb B is burned out then C will be affect and A will not because B and C are contained within the same path as the battery. When bulb C is burned out then B will be off and A will be on becasue A is still contained within the same path as the battery</studentAnswer>
    <studentAnswer count="1" answerMatch="answer412" id="SwitchesBulbsParallel-OPT2_EXPLAIN_Q.sbj47-l2.qa138" accuracy="correct">A is on a different path from B and C. When B is out it will affect C not A and when A is out if will not affect B or C because it is on a different path which still is contained in the same path as the battery</studentAnswer>
    <studentAnswer count="1" answerMatch="answer414" id="SwitchesBulbsParallel-OPT2_EXPLAIN_Q.sbj47-l2.qa139" accuracy="partially_correct_incomplete">bulb A will not affect bulbs B and C because B and C are still contained within the same path as the battery.</studentAnswer>
    <studentAnswer count="1" answerMatch="answer414" id="SwitchesBulbsParallel-OPT2_EXPLAIN_Q.sbj47-l2.qa140" accuracy="partially_correct_incomplete">Bulb A will not affect bulbs B and C because B and C are still contained within the same path with the battery</studentAnswer>
    <studentAnswer count="1" answerMatch="answer414" id="SwitchesBulbsParallel-OPT2_EXPLAIN_Q.sbj48-l2.qa127" accuracy="correct">In this diagram, there are two separate closed paths. One path is bulb a and the battery. The other path is bulb b, bulb c and the battery. One path does not affect the other.</studentAnswer>
    <studentAnswer count="1" answerMatch="answer413" id="SwitchesBulbsParallel-OPT2_EXPLAIN_Q.sbj48-l2.qa128" accuracy="correct">Bulb a is in a path with the battery. Bulbs b and c are in a path with the battery. Bulbs that are located in different paths will not affect each other</studentAnswer>
    <studentAnswer count="1" answerMatch="answer413" id="SwitchesBulbsParallel-OPT2_EXPLAIN_Q.sbj48-l2.qa129" accuracy="contradictory">There are two complete paths in this diagram. Bulb a is in a complete path with the battery, and does not affect bulbs b and c. Bulbs b and c are in a complete path with the battery, and do not affect bulb a.</studentAnswer>
    <studentAnswer count="1" answerMatch="answer414" id="SwitchesBulbsParallel-OPT2_EXPLAIN_Q.sbjb1-l2.qa113" accuracy="partially_correct_incomplete">Bulb A is on a separate path than Bulbs B and C. Bulb B and C share the same path to the battery.</studentAnswer>
    <studentAnswer count="1" answerMatch="answer412" id="SwitchesBulbsParallel-OPT2_EXPLAIN_Q.sbjb2-l2.qa115" accuracy="partially_correct_incomplete">When one bulb is out the others can still work because of the additional connections in the circuit path.</studentAnswer>
    <studentAnswer count="1" id="SwitchesBulbsParallel-OPT2_EXPLAIN_Q.sbjb3-l2.qa118" accuracy="non_domain">im not sure how to</studentAnswer>
    <studentAnswer count="1" answerMatch="answer412" id="SwitchesBulbsParallel-OPT2_EXPLAIN_Q.sbjb5-l2.qa112" accuracy="partially_correct_incomplete">bulb A is on a closed path with the battery. Bulb A is not affected by bulbs B or C. Bulbs B and C are on the same path. They affect one another. Bulbs B and C are not affected by bulb A.</studentAnswer>
    <studentAnswer count="1" answerMatch="answer413" id="SwitchesBulbsParallel-OPT2_EXPLAIN_Q.sbjb6-l2.qa113" accuracy="partially_correct_incomplete">When B or C is out, the other bulb on that pathway will be out. Only A will remain unaffected, because it is on it"s own pathway connected to the battery</studentAnswer>
    <studentAnswer count="1" answerMatch="answer414" id="SwitchesBulbsParallel-OPT2_EXPLAIN_Q.sbjb7-l2.qa113" accuracy="partially_correct_incomplete">Bulb A is not on the same path as bulbs B and C, but bulbs B and C are on the same path</studentAnswer>
    <studentAnswer count="1" answerMatch="answer413" id="SwitchesBulbsParallel-OPT2_EXPLAIN_Q.sbjb9-l2.qa113" accuracy="partially_correct_incomplete">Bulb A has a closed path directly to the battery, so the state of B/C doesn"t affect it. Bulbs B and C are on the same closed path to the battery, so if one goes out, it interrupts the other"s path to the battery.</studentAnswer>
    <studentAnswer count="1" answerMatch="answer412" id="SwitchesBulbsParallel-OPT2_EXPLAIN_Q.sbjb10-l2.qa112" accuracy="correct">b and c are in series so one affects the other and a is in parallel so it doesn"t affect the others</studentAnswer>
    <studentAnswer count="1" answerMatch="answer413" id="SwitchesBulbsParallel-OPT2_EXPLAIN_Q.sbjb11-l2.qa112" accuracy="partially_correct_incomplete">Bulb A is in a separate path from bulbs B and C. So bulbs B and C affect each other because they are contained within the same path.</studentAnswer>
    <studentAnswer count="1" answerMatch="answer412" id="SwitchesBulbsParallel-OPT2_EXPLAIN_Q.sbjb12-l2.qa112" accuracy="partially_correct_incomplete">bulb a is on a closed path with the battery that does not affect bulb b or bulb c.  bulb b and bulb c are on the same path and affect one another when bulb b or bulb c is out</studentAnswer>
    <studentAnswer count="1" answerMatch="answer412" id="SwitchesBulbsParallel-OPT2_EXPLAIN_Q.sbjb13-l2.qa112" accuracy="partially_correct_incomplete">If bulb A is damaged, there is still a closed path with bulb B, bulb C and the battery. If bulb B is damaged, bulb C will be off because they are in the same path. The same goes for bulb C being damaged and not bulb B. Meanwhile, bulb B and C do not affect bulb A.</studentAnswer>
    <studentAnswer count="1" answerMatch="answer413" id="SwitchesBulbsParallel-OPT2_EXPLAIN_Q.sbjb15-l2.qa113" accuracy="partially_correct_incomplete">If A is out B and C not affected because they are still connected to the battery. If B is out C is also out because they are both contained in the same path. Same goes for C if C is out B is out because they are in the same path.</studentAnswer>
    <studentAnswer count="1" answerMatch="answer414" id="SwitchesBulbsParallel-OPT2_EXPLAIN_Q.sbjb17-l2.qa114" accuracy="partially_correct_incomplete">Bulb A is within its own closed path and independent of B and C</studentAnswer>
    <studentAnswer count="1" answerMatch="answer413" id="SwitchesBulbsParallel-OPT2_EXPLAIN_Q.sbjb18-l2.qa112" accuracy="partially_correct_incomplete">since b and c are in the same path, if one burns out then it will affect the other</studentAnswer>
    <studentAnswer count="1" answerMatch="answer412" id="SwitchesBulbsParallel-OPT2_EXPLAIN_Q.sbjb19-l2.qa112" accuracy="correct">bulb b is in the same path as bulb c but bulb a is only in its own path. if either bulb b or c goes out then both b and c will go out. however, if bulb a goes out this will have no effect on bulb b or c</studentAnswer>
    <studentAnswer count="1" answerMatch="answer414" id="SwitchesBulbsParallel-OPT2_EXPLAIN_Q.sbjb20-l2.qa112" accuracy="partially_correct_incomplete">Bulb A has its own path. Bulb B and Bulb C are in a path together.</studentAnswer>
    <studentAnswer count="1" answerMatch="answer414" id="SwitchesBulbsParallel-OPT2_EXPLAIN_Q.sbjb21-l2.qa112" accuracy="partially_correct_incomplete">bulbs b anc c are on the same closed path with the battery but seperate from bulb a</studentAnswer>
    <studentAnswer count="1" id="SwitchesBulbsParallel-OPT2_EXPLAIN_Q.sbjb22-l2.qa112" accuracy="contradictory">they either are or are not contained inteh same closed path as teh battery</studentAnswer>
    <studentAnswer count="1" answerMatch="answer414" id="SwitchesBulbsParallel-OPT2_EXPLAIN_Q.sbjb24-l2.qa116" accuracy="partially_correct_incomplete">A IS ON ITS ON PATH B AND C SHARE A PATH</studentAnswer>
    <studentAnswer count="1" answerMatch="answer414" id="SwitchesBulbsParallel-OPT2_EXPLAIN_Q.sbjb25-l2.qa113" accuracy="partially_correct_incomplete">A is in it"s own path with the battery. B and C are also in their own path. However, the path</studentAnswer>
    <studentAnswer count="1" answerMatch="answer413" id="SwitchesBulbsParallel-OPT2_EXPLAIN_Q.sbjb26-l2.qa112" accuracy="correct">There are 2 paths.  Bulb A is on its own path, and thus will never affect bulbs B and C.  Meanwhile,  bulbs B and C share the same path and are thus dependent on each other.</studentAnswer>
    <studentAnswer count="1" answerMatch="answer413" id="SwitchesBulbsParallel-OPT2_EXPLAIN_Q.sbjb27-l2.qa112" accuracy="contradictory">bulb A is contained entirely in it"s own closed circuit. bulbs B and C are contained in the same closed circuit, therefore, affecting each other when burned out.</studentAnswer>
    <studentAnswer count="1" answerMatch="answer414" id="SwitchesBulbsParallel-OPT2_EXPLAIN_Q.sbjb28-l2.qa112" accuracy="partially_correct_incomplete">Bulb A is on its own closed path and bulbs B and C are on the same closed path</studentAnswer>
    <studentAnswer count="1" answerMatch="answer413" id="SwitchesBulbsParallel-OPT2_EXPLAIN_Q.sbjb29-l2.qa113" accuracy="contradictory">A is on its own complete circuit, but B and C are on their own same complete circuit. so if bulb B or C is damaged it would upset the other since they are on the same closed circuit</studentAnswer>
    <studentAnswer count="1" answerMatch="answer412" id="SwitchesBulbsParallel-OPT2_EXPLAIN_Q.sbjb31-l2.qa112" accuracy="correct">bulb a is in a closed path with the battery, so it is not affected by other bulbs. bulb c and b are in a closed path with each other, so they depend on the other to be lit.</studentAnswer>
    <studentAnswer count="1" id="SwitchesBulbsParallel-OPT2_EXPLAIN_Q.sbjb32-l2.qa112" accuracy="correct">Bulb A has its own path so no bulb will affect it.  But Bulb B and Bulb C are on the same path so if one goes out the other will too.</studentAnswer>
    <studentAnswer count="1" answerMatch="answer414" id="SwitchesBulbsParallel-OPT2_EXPLAIN_Q.sbjb34-l2.qa113" accuracy="partially_correct_incomplete">Bulb A is in its own closed path with the battery. Bulb B and bulb C are in their own closed path with the battery.</studentAnswer>
    <studentAnswer count="1" answerMatch="answer413" id="SwitchesBulbsParallel-OPT2_EXPLAIN_Q.sbjb35-l2.qa114" accuracy="partially_correct_incomplete">Bulb A is on it"s own path with the battery. Bulb B and C are contained on the same path with the battery, so if one goes out then both go out.</studentAnswer>
    <studentAnswer count="1" answerMatch="answer412" id="SwitchesBulbsParallel-OPT2_EXPLAIN_Q.sbjb36-l2.qa112" accuracy="correct">for the path that only contains bulb A it doesnt matter if the other 2 are on or off. for the second path both B and C share a path so if one goes out so does the other, but bulb A does not effect them.</studentAnswer>
    <studentAnswer count="1" answerMatch="answer413" id="SwitchesBulbsParallel-OPT2_EXPLAIN_Q.sbjb37-l2.qa113" accuracy="correct">B and C are on the same path so each one affects the other. A is own its own path so it will not affect the others</studentAnswer>
    <studentAnswer count="1" answerMatch="answer413" id="SwitchesBulbsParallel-OPT2_EXPLAIN_Q.sbjb38-l2.qa112" accuracy="correct">There are two series involved in this diagram, therefore two different paths for the current to take. Bulbs B and C are contained in the same path and affect each other when one is burned out, but Bulb A is on its own path and only affects itself.</studentAnswer>
    <studentAnswer count="1" answerMatch="answer412" id="SwitchesBulbsParallel-OPT2_EXPLAIN_Q.sbjb39-l2.qa112" accuracy="correct">The path to bulb A is not in the same path as bulbs B and C.  Bulbs B and C are in the same path, so if one of the bulbs is out, so is the other.  Bulb A does not affect the other bulbs, nor is it affected by the other bulbs.</studentAnswer>
    <studentAnswer count="1" answerMatch="answer413" id="SwitchesBulbsParallel-OPT2_EXPLAIN_Q.sbjb40-l2.qa112" accuracy="contradictory">When bulb a is burnt out then b and c still have a contained path. when bulb b is burnt out then c does not have a direct path yet a does. when bulb c is burnt out then b does not have a contained paht but a does</studentAnswer>
    <studentAnswer count="1" answerMatch="answer413" id="SwitchesBulbsParallel-OPT2_EXPLAIN_Q.sbjb41-l2.qa113" accuracy="contradictory">Bulb A is a direct closed pathway to the battery, and if it is burned out or damaged, so is every other bulb. If bulb B is damaged, only bulb C is affected because it is on the same pathway as bulb B and vise versa.</studentAnswer>
    <studentAnswer count="1" answerMatch="answer412" id="SwitchesBulbsParallel-OPT2_EXPLAIN_Q.sbjb42-l2.qa112" accuracy="correct">Bulbs B and C are contained in the same path, so the status of these bulbs will affect each other and have no affect on bulb A. Bulb A is on its own path, so it will not have an affect on bulbs B and C.</studentAnswer>
  </studentAnswers>
</question>
