<?xml version="1.0"?>
<question qtype="Q_EXPLAIN_SPECIFIC" id="BURNED_BULB_PARALLEL_WHY_Q" module="SwitchesBulbsParallel" stype="EVALUATE">
  <questionText>Why didn^t bulbs A and C go out after bulb B burned out?</questionText>
  <referenceAnswers>
    <referenceAnswer category="BEST" id="answer366" fileID="BURNED_BULB_PARALLEL_WHY_Q_ANS1">Bulbs A and C are still contained in closed paths with the battery</referenceAnswer>
    <referenceAnswer category="GOOD" id="answer367" fileID="BURNED_BULB_PARALLEL_WHY_Q_ANS2">Bulbs A and C are still in closed paths</referenceAnswer>
    <referenceAnswer category="GOOD" id="answer368" fileID="BURNED_BULB_PARALLEL_WHY_Q_ANS3">B is not in their paths</referenceAnswer>
    <referenceAnswer category="MINIMAL" id="answer369" fileID="BURNED_BULB_PARALLEL_WHY_Q_ANS4">A, B and C are in different paths</referenceAnswer>
  </referenceAnswers>
  <studentAnswers>
    <studentAnswer count="1" answerMatch="answer366" id="SwitchesBulbsParallel-BURNED_BULB_PARALLEL_WHY_Q.sbj3-l2.qa93" accuracy="correct">because bulb a and c were still contained within a closed path with the battery</studentAnswer>
    <studentAnswer count="1" answerMatch="answer366" id="SwitchesBulbsParallel-BURNED_BULB_PARALLEL_WHY_Q.sbj7-l2.qa96" accuracy="correct">there is still a closed path that contains the battery, bulb a, and bulb c</studentAnswer>
    <studentAnswer count="1" answerMatch="answer369" id="SwitchesBulbsParallel-BURNED_BULB_PARALLEL_WHY_Q.sbj8-l2.qa102" accuracy="correct">because they are within different paths</studentAnswer>
    <studentAnswer count="1" answerMatch="answer369" id="SwitchesBulbsParallel-BURNED_BULB_PARALLEL_WHY_Q.sbj9-l2.qa96" accuracy="correct">because bulb a had a seperate closed path from b. bulb c had a seperate closed path from bulb b.</studentAnswer>
    <studentAnswer count="1" answerMatch="answer367" id="SwitchesBulbsParallel-BURNED_BULB_PARALLEL_WHY_Q.sbj9-l2.qa97" accuracy="correct">because bulb a is in a closed path, and bulb c is in a closed path.</studentAnswer>
    <studentAnswer count="1" answerMatch="answer366" id="SwitchesBulbsParallel-BURNED_BULB_PARALLEL_WHY_Q.sbj10-l2.qa101" accuracy="correct">because bulbs a and c are on a closed path with the battery</studentAnswer>
    <studentAnswer count="1" id="SwitchesBulbsParallel-BURNED_BULB_PARALLEL_WHY_Q.sbj11-l2.qa96" accuracy="contradictory">because bulb b did not create a gaop.</studentAnswer>
    <studentAnswer count="1" answerMatch="answer366" id="SwitchesBulbsParallel-BURNED_BULB_PARALLEL_WHY_Q.sbj11-l2.qa97" accuracy="correct">because bulb a and c were still in a closed path with the battery.</studentAnswer>
    <studentAnswer count="1" answerMatch="answer366" id="SwitchesBulbsParallel-BURNED_BULB_PARALLEL_WHY_Q.sbj12-l2.qa102" accuracy="correct">Bulbs A and C were still on closed paths with the battery</studentAnswer>
    <studentAnswer count="1" answerMatch="answer368" id="SwitchesBulbsParallel-BURNED_BULB_PARALLEL_WHY_Q.sbj13-l2.qa107" accuracy="correct">bulbs a and c are not in the same path of bulb b</studentAnswer>
    <studentAnswer count="1" answerMatch="answer367" id="SwitchesBulbsParallel-BURNED_BULB_PARALLEL_WHY_Q.sbj14-l2.qa102" accuracy="correct">Because they were contained in closed paths.</studentAnswer>
    <studentAnswer count="1" answerMatch="answer366" id="SwitchesBulbsParallel-BURNED_BULB_PARALLEL_WHY_Q.sbj15-l2.qa118" accuracy="contradictory">because the paths were still in a closed circuit with the battery terminal</studentAnswer>
    <studentAnswer count="2" answerMatch="answer369" id="SwitchesBulbsParallel-BURNED_BULB_PARALLEL_WHY_Q.sbj18-l2.qa95" accuracy="correct">Bulbs a and c are in separate paths.</studentAnswer>
    <studentAnswer count="1" answerMatch="answer367" id="SwitchesBulbsParallel-BURNED_BULB_PARALLEL_WHY_Q.sbj19-l2.qa120" accuracy="correct">because bulb A and C are in a closed path</studentAnswer>
    <studentAnswer count="1" answerMatch="answer367" id="SwitchesBulbsParallel-BURNED_BULB_PARALLEL_WHY_Q.sbj22-l2.qa100" accuracy="correct">each bulb contains its own closed path</studentAnswer>
    <studentAnswer count="1" answerMatch="answer369" id="SwitchesBulbsParallel-BURNED_BULB_PARALLEL_WHY_Q.sbj22-l2.qa101" accuracy="correct">there are 3 separate closed pat for the 3 bulbs</studentAnswer>
    <studentAnswer count="1" answerMatch="answer366" id="SwitchesBulbsParallel-BURNED_BULB_PARALLEL_WHY_Q.sbj23-l2.qa100" accuracy="correct">Bulb A and C are still in a closed path with the battery.</studentAnswer>
    <studentAnswer count="1" answerMatch="answer369" id="SwitchesBulbsParallel-BURNED_BULB_PARALLEL_WHY_Q.sbj24-l2.qa96" accuracy="partially_correct_incomplete">They are in independent paths</studentAnswer>
    <studentAnswer count="1" answerMatch="answer367" id="SwitchesBulbsParallel-BURNED_BULB_PARALLEL_WHY_Q.sbj24-l2.qa97" accuracy="partially_correct_incomplete">still a closed path to the other bulbs</studentAnswer>
    <studentAnswer count="1" answerMatch="answer367" id="SwitchesBulbsParallel-BURNED_BULB_PARALLEL_WHY_Q.sbj24-l2.qa98" accuracy="partially_correct_incomplete">the path is closed</studentAnswer>
    <studentAnswer count="1" answerMatch="answer369" id="SwitchesBulbsParallel-BURNED_BULB_PARALLEL_WHY_Q.sbj26-l2.qa104" accuracy="correct">because the bulbs are on seperate paths</studentAnswer>
    <studentAnswer count="1" answerMatch="answer369" id="SwitchesBulbsParallel-BURNED_BULB_PARALLEL_WHY_Q.sbj26-l2.qa105" accuracy="contradictory">bulbs a and c are seperate from bulb a</studentAnswer>
    <studentAnswer count="1" id="SwitchesBulbsParallel-BURNED_BULB_PARALLEL_WHY_Q.sbj26-l2.qa106" accuracy="non_domain">exactly</studentAnswer>
    <studentAnswer count="1" answerMatch="answer367" id="SwitchesBulbsParallel-BURNED_BULB_PARALLEL_WHY_Q.sbj27-l2.qa102" accuracy="correct">they each have their own closed paths</studentAnswer>
    <studentAnswer count="1" answerMatch="answer367" id="SwitchesBulbsParallel-BURNED_BULB_PARALLEL_WHY_Q.sbj27-l2.qa103" accuracy="correct">bulbs a and c have their own closed paths</studentAnswer>
    <studentAnswer count="1" answerMatch="answer369" id="SwitchesBulbsParallel-BURNED_BULB_PARALLEL_WHY_Q.sbj27-l2.qa104" accuracy="correct">because of the seperate closed paths, one bulb being burned out doesn"t affect the others.</studentAnswer>
    <studentAnswer count="1" answerMatch="answer367" id="SwitchesBulbsParallel-BURNED_BULB_PARALLEL_WHY_Q.sbj27-l2.qa105" accuracy="correct">bulbs a and c are contained in closed paths</studentAnswer>
    <studentAnswer count="1" answerMatch="answer369" id="SwitchesBulbsParallel-BURNED_BULB_PARALLEL_WHY_Q.sbj28-l2.qa101" accuracy="correct">they are on separate paths</studentAnswer>
    <studentAnswer count="1" answerMatch="answer366" id="SwitchesBulbsParallel-BURNED_BULB_PARALLEL_WHY_Q.sbj30-l2.qa106" accuracy="correct">they were on closed paths containing the battery</studentAnswer>
    <studentAnswer count="1" answerMatch="answer368" id="SwitchesBulbsParallel-BURNED_BULB_PARALLEL_WHY_Q.sbj33-l2.qa104" accuracy="correct">bulbs A and C are in different paths that do not contain bulb B</studentAnswer>
    <studentAnswer count="1" answerMatch="answer366" id="SwitchesBulbsParallel-BURNED_BULB_PARALLEL_WHY_Q.sbj34-l2.qa107" accuracy="correct">They were still contained in a closed path with the batter</studentAnswer>
    <studentAnswer count="1" answerMatch="answer366" id="SwitchesBulbsParallel-BURNED_BULB_PARALLEL_WHY_Q.sbj34-l2.qa108" accuracy="correct">They were still contained in a closed path with the battery</studentAnswer>
    <studentAnswer count="1" answerMatch="answer367" id="SwitchesBulbsParallel-BURNED_BULB_PARALLEL_WHY_Q.sbj35-l2.qa105" accuracy="partially_correct_incomplete">bulb b did not create a gap for bulb a and c</studentAnswer>
    <studentAnswer count="1" answerMatch="answer367" id="SwitchesBulbsParallel-BURNED_BULB_PARALLEL_WHY_Q.sbj35-l2.qa106" accuracy="partially_correct_incomplete">bulb b did not create a gap in the path for bulb b or c</studentAnswer>
    <studentAnswer count="1" answerMatch="answer367" id="SwitchesBulbsParallel-BURNED_BULB_PARALLEL_WHY_Q.sbj35-l2.qa107" accuracy="partially_correct_incomplete">bulb b did not create a gap in the path for bulb a and c</studentAnswer>
    <studentAnswer count="1" answerMatch="answer367" id="SwitchesBulbsParallel-BURNED_BULB_PARALLEL_WHY_Q.sbj36-l2.qa97" accuracy="correct">both bulbs a and c still have a closed path</studentAnswer>
    <studentAnswer count="2" answerMatch="answer366" id="SwitchesBulbsParallel-BURNED_BULB_PARALLEL_WHY_Q.sbj36-l2.qa98" accuracy="partially_correct_incomplete">there is a closed path to the battery</studentAnswer>
    <studentAnswer count="1" answerMatch="answer367" id="SwitchesBulbsParallel-BURNED_BULB_PARALLEL_WHY_Q.sbj36-l2.qa99" accuracy="correct">the bulbs are contained in a closed path</studentAnswer>
    <studentAnswer count="1" answerMatch="answer366" id="SwitchesBulbsParallel-BURNED_BULB_PARALLEL_WHY_Q.sbj37-l2.qa96" accuracy="correct">because they were still in a closed path with the battery</studentAnswer>
    <studentAnswer count="1" answerMatch="answer369" id="SwitchesBulbsParallel-BURNED_BULB_PARALLEL_WHY_Q.sbj38-l2.qa97" accuracy="correct">bulb a and bulb c are not on the same path as bulb B</studentAnswer>
    <studentAnswer count="1" answerMatch="answer368" id="SwitchesBulbsParallel-BURNED_BULB_PARALLEL_WHY_Q.sbj38-l2.qa98" accuracy="correct">bulb a and bulb c are not on the same path with bulb b</studentAnswer>
    <studentAnswer count="1" answerMatch="answer366" id="SwitchesBulbsParallel-BURNED_BULB_PARALLEL_WHY_Q.sbj39-l2.qa113" accuracy="correct">Because bulbs A and C are on different closed paths with the battery</studentAnswer>
    <studentAnswer count="1" answerMatch="answer366" id="SwitchesBulbsParallel-BURNED_BULB_PARALLEL_WHY_Q.sbj40-l2.qa108" accuracy="correct">bulb a and bulb c were still contained in a closed path with the battery.</studentAnswer>
    <studentAnswer count="1" answerMatch="answer366" id="SwitchesBulbsParallel-BURNED_BULB_PARALLEL_WHY_Q.sbj42-l2.qa100" accuracy="correct">there is still a closed path that contains the battery and bulb a and bulb c</studentAnswer>
    <studentAnswer count="1" answerMatch="answer366" id="SwitchesBulbsParallel-BURNED_BULB_PARALLEL_WHY_Q.sbj43-l2.qa99" accuracy="contradictory">bulb a and bulb c still had a complete path to the battery</studentAnswer>
    <studentAnswer count="1" answerMatch="answer368" id="SwitchesBulbsParallel-BURNED_BULB_PARALLEL_WHY_Q.sbj43-l2.qa100" accuracy="partially_correct_incomplete">bulb b did not create a gap in the path</studentAnswer>
    <studentAnswer count="1" answerMatch="answer367" id="SwitchesBulbsParallel-BURNED_BULB_PARALLEL_WHY_Q.sbj43-l2.qa101" accuracy="contradictory">there is still a complete path to bulb a and bulb c</studentAnswer>
    <studentAnswer count="1" answerMatch="answer369" id="SwitchesBulbsParallel-BURNED_BULB_PARALLEL_WHY_Q.sbj45-l2.qa96" accuracy="correct">because the bulbs are on separate paths</studentAnswer>
    <studentAnswer count="1" answerMatch="answer369" id="SwitchesBulbsParallel-BURNED_BULB_PARALLEL_WHY_Q.sbj45-l2.qa97" accuracy="correct">bulbs A and C are on separate paths from bulb B</studentAnswer>
    <studentAnswer count="1" answerMatch="answer366" id="SwitchesBulbsParallel-BURNED_BULB_PARALLEL_WHY_Q.sbj46-l2.qa111" accuracy="contradictory">bulbs a and c are connected to the battery on the same path</studentAnswer>
    <studentAnswer count="1" answerMatch="answer366" id="SwitchesBulbsParallel-BURNED_BULB_PARALLEL_WHY_Q.sbj46-l2.qa112" accuracy="contradictory">the battery is contained on a path with bulb a and b</studentAnswer>
    <studentAnswer count="1" id="SwitchesBulbsParallel-BURNED_BULB_PARALLEL_WHY_Q.sbj46-l2.qa113" accuracy="contradictory">the battery is contained on a closed path with bulb a and b</studentAnswer>
    <studentAnswer count="1" answerMatch="answer366" id="SwitchesBulbsParallel-BURNED_BULB_PARALLEL_WHY_Q.sbj46-l2.qa114" accuracy="contradictory">the battery contains bulb a and b on a closed path</studentAnswer>
    <studentAnswer count="1" answerMatch="answer369" id="SwitchesBulbsParallel-BURNED_BULB_PARALLEL_WHY_Q.sbj47-l2.qa105" accuracy="correct">because the bulbs are in separate paths</studentAnswer>
    <studentAnswer count="1" answerMatch="answer366" id="SwitchesBulbsParallel-BURNED_BULB_PARALLEL_WHY_Q.sbj48-l2.qa98" accuracy="correct">Because they were still contained in a closed path with the battery</studentAnswer>
    <studentAnswer count="1" answerMatch="answer366" id="SwitchesBulbsParallel-BURNED_BULB_PARALLEL_WHY_Q.sbjb2-l2.qa89" accuracy="correct">They were still on path with the battery.</studentAnswer>
    <studentAnswer count="1" id="SwitchesBulbsParallel-BURNED_BULB_PARALLEL_WHY_Q.sbjb3-l2.qa91" accuracy="contradictory">they do not run on the same current</studentAnswer>
    <studentAnswer count="1" answerMatch="answer366" id="SwitchesBulbsParallel-BURNED_BULB_PARALLEL_WHY_Q.sbjb4-l2.qa87" accuracy="correct">they are on their own closed paths with the battery</studentAnswer>
    <studentAnswer count="1" answerMatch="answer366" id="SwitchesBulbsParallel-BURNED_BULB_PARALLEL_WHY_Q.sbjb5-l2.qa87" accuracy="correct">Bulbs A and C were still contained on closed paths with the batery</studentAnswer>
    <studentAnswer count="1" answerMatch="answer367" id="SwitchesBulbsParallel-BURNED_BULB_PARALLEL_WHY_Q.sbjb6-l2.qa87" accuracy="contradictory">Because they are on a pathway that is a closed circuit</studentAnswer>
    <studentAnswer count="1" answerMatch="answer367" id="SwitchesBulbsParallel-BURNED_BULB_PARALLEL_WHY_Q.sbjb7-l2.qa88" accuracy="correct">They had their own closed paths</studentAnswer>
    <studentAnswer count="1" answerMatch="answer366" id="SwitchesBulbsParallel-BURNED_BULB_PARALLEL_WHY_Q.sbjb9-l2.qa88" accuracy="correct">Because they were still contained in a closed path to battery</studentAnswer>
    <studentAnswer count="1" answerMatch="answer369" id="SwitchesBulbsParallel-BURNED_BULB_PARALLEL_WHY_Q.sbjb10-l2.qa87" accuracy="correct">because they all have different paths</studentAnswer>
    <studentAnswer count="1" answerMatch="answer367" id="SwitchesBulbsParallel-BURNED_BULB_PARALLEL_WHY_Q.sbjb11-l2.qa87" accuracy="contradictory">Because bulbs A and C were in a separate closed path</studentAnswer>
    <studentAnswer count="1" answerMatch="answer366" id="SwitchesBulbsParallel-BURNED_BULB_PARALLEL_WHY_Q.sbjb12-l2.qa87" accuracy="correct">bulb a and bulb c were still in a closed path with the battery</studentAnswer>
    <studentAnswer count="1" answerMatch="answer366" id="SwitchesBulbsParallel-BURNED_BULB_PARALLEL_WHY_Q.sbjb13-l2.qa87" accuracy="contradictory">Bulb A and C still had a closed path with the battery.</studentAnswer>
    <studentAnswer count="1" answerMatch="answer366" id="SwitchesBulbsParallel-BURNED_BULB_PARALLEL_WHY_Q.sbjb15-l2.qa88" accuracy="partially_correct_incomplete">they still have connection to the battery</studentAnswer>
    <studentAnswer count="1" answerMatch="answer367" id="SwitchesBulbsParallel-BURNED_BULB_PARALLEL_WHY_Q.sbjb17-l2.qa89" accuracy="correct">There is still a closed path for bulb A and C</studentAnswer>
    <studentAnswer count="1" answerMatch="answer366" id="SwitchesBulbsParallel-BURNED_BULB_PARALLEL_WHY_Q.sbjb18-l2.qa87" accuracy="correct">They were still in a closed pathway with the battery.</studentAnswer>
    <studentAnswer count="1" answerMatch="answer367" id="SwitchesBulbsParallel-BURNED_BULB_PARALLEL_WHY_Q.sbjb20-l2.qa87" accuracy="contradictory">The path was still closed.</studentAnswer>
    <studentAnswer count="1" id="SwitchesBulbsParallel-BURNED_BULB_PARALLEL_WHY_Q.sbjb21-l2.qa87" accuracy="contradictory">they are on seperate circuits</studentAnswer>
    <studentAnswer count="1" answerMatch="answer369" id="SwitchesBulbsParallel-BURNED_BULB_PARALLEL_WHY_Q.sbjb22-l2.qa87" accuracy="partially_correct_incomplete">Different path</studentAnswer>
    <studentAnswer count="1" answerMatch="answer369" id="SwitchesBulbsParallel-BURNED_BULB_PARALLEL_WHY_Q.sbjb24-l2.qa91" accuracy="partially_correct_incomplete">SEPARATE PATHS</studentAnswer>
    <studentAnswer count="1" answerMatch="answer368" id="SwitchesBulbsParallel-BURNED_BULB_PARALLEL_WHY_Q.sbjb25-l2.qa88" accuracy="correct">They were not in the same path as bulb B.</studentAnswer>
    <studentAnswer count="1" answerMatch="answer367" id="SwitchesBulbsParallel-BURNED_BULB_PARALLEL_WHY_Q.sbjb26-l2.qa87" accuracy="correct">Bulbs A and C were still on their own completed circuts.</studentAnswer>
    <studentAnswer count="1" answerMatch="answer366" id="SwitchesBulbsParallel-BURNED_BULB_PARALLEL_WHY_Q.sbjb27-l2.qa87" accuracy="contradictory">they were still contained in closed circuits with the battery</studentAnswer>
    <studentAnswer count="1" answerMatch="answer367" id="SwitchesBulbsParallel-BURNED_BULB_PARALLEL_WHY_Q.sbjb28-l2.qa87" accuracy="correct">they were on another closed path</studentAnswer>
    <studentAnswer count="1" answerMatch="answer369" id="SwitchesBulbsParallel-BURNED_BULB_PARALLEL_WHY_Q.sbjb29-l2.qa88" accuracy="correct">because each bulb has its own path</studentAnswer>
    <studentAnswer count="1" answerMatch="answer366" id="SwitchesBulbsParallel-BURNED_BULB_PARALLEL_WHY_Q.sbjb30-l2.qa87" accuracy="contradictory">bulbs a and c are still contained in a complete path with the battery.</studentAnswer>
    <studentAnswer count="1" answerMatch="answer366" id="SwitchesBulbsParallel-BURNED_BULB_PARALLEL_WHY_Q.sbjb31-l2.qa87" accuracy="contradictory">because they were still in a closed circuit with the battery</studentAnswer>
    <studentAnswer count="1" id="SwitchesBulbsParallel-BURNED_BULB_PARALLEL_WHY_Q.sbjb32-l2.qa87" accuracy="correct">They are on separate paths.</studentAnswer>
    <studentAnswer count="1" answerMatch="answer366" id="SwitchesBulbsParallel-BURNED_BULB_PARALLEL_WHY_Q.sbjb34-l2.qa88" accuracy="correct">Bulb A and bulb C are on closed paths containing the battery.</studentAnswer>
    <studentAnswer count="1" answerMatch="answer367" id="SwitchesBulbsParallel-BURNED_BULB_PARALLEL_WHY_Q.sbjb35-l2.qa89" accuracy="correct">Becuase they had their own pathways to work on.</studentAnswer>
    <studentAnswer count="1" answerMatch="answer367" id="SwitchesBulbsParallel-BURNED_BULB_PARALLEL_WHY_Q.sbjb36-l2.qa87" accuracy="correct">because they both still had closed paths</studentAnswer>
    <studentAnswer count="1" answerMatch="answer366" id="SwitchesBulbsParallel-BURNED_BULB_PARALLEL_WHY_Q.sbjb37-l2.qa88" accuracy="correct">They all have their own paths connected to the battery</studentAnswer>
    <studentAnswer count="1" answerMatch="answer369" id="SwitchesBulbsParallel-BURNED_BULB_PARALLEL_WHY_Q.sbjb38-l2.qa87" accuracy="correct">Because they are not on the same closed path.</studentAnswer>
    <studentAnswer count="1" answerMatch="answer369" id="SwitchesBulbsParallel-BURNED_BULB_PARALLEL_WHY_Q.sbjb39-l2.qa87" accuracy="correct">because they are not in the same pathway as bulb b.</studentAnswer>
    <studentAnswer count="1" answerMatch="answer366" id="SwitchesBulbsParallel-BURNED_BULB_PARALLEL_WHY_Q.sbjb41-l2.qa88" accuracy="correct">Because bulbs A and C are still contained in a closed path to the battery.</studentAnswer>
    <studentAnswer count="1" answerMatch="answer368" id="SwitchesBulbsParallel-BURNED_BULB_PARALLEL_WHY_Q.sbjb42-l2.qa87" accuracy="correct">because they are on separate paths than B is</studentAnswer>
  </studentAnswers>
</question>
